,CD_003_V3,CD_005_V1,CD_005_V3,CD_007_V1,CD_007_V3,CD_012_V1,CD_012_V3,CD_013_V1,CD_013_V3,CD_015_V1,CD_015_V3,CD_016_V1,CD_016_V3,CD_017_V1,CD_017_V3,CD_019_V1,CD_019_V3,CD_020_V1,CD_020_V3,CD_021_V3,CD_023_V1,CD_024_V1,CD_024_V3,CD_025_V1,CD_025_V3,CD_026_V1,CD_026_V3,CD_027_V1,CD_027_V3,CD_028_V1,CD_028_V3,CD_029_V1,CD_029_V3,CD_030_V1,CD_030_V3,CD_032_V1,CD_032_V3,CD_033_V1,CD_033_V3,CD_035_V1,CD_035_V3,CD_036_V1,CD_036_V3,CD_037_V1,CD_037_V3,CD_038_V1,CD_038_V3,CD_040_V1,CD_040_V3,CD_041_V1,CD_041_V3,CD_042_V3,CD_043_V1,CD_043_V3,CD_044_V1,CD_044_V3,CD_046_V1,CD_046_V3,CD_047_V1,CD_047_V3,CD_048_V3,CD_049_V3,CD_050_V1,CD_050_V3,CD_051_V1,CD_051_V3,CD_053_V1,CD_054_V1,CD_054_V3,CD_055_V1,CD_055_V3,CD_056_V1,CD_056_V3,CD_057_V1,CD_060_V1,CD_060_V3,CD_061_V1,CD_061_V3,CD_062_V1,CD_062_V3,CD_063_V1,CD_063_V3,CD_064_V1,CD_064_V3,CD_065_V1,CD_065_V3,CD_066_V1,CD_066_V3,CD_067_V1,CD_073_V1,CD_073_V3,CD_074_V1,CD_074_V3,CD_075_V1,CD_075_V3,CD_076_V1,CD_076_V3,CD_078_V1,CD_078_V3,CD_079_V1,CD_079_V3,CD_080_V1,CD_080_V3,CD_082_V1,CD_082_V3,CD_083_V1,CD_084_V1,CD_084_V3,CD_085_V1,CD_085_V3,CD_087_V1,CD_087_V3,CD_088_V1,CD_089_V1,CD_089_V3,CD_090_V1,CD_090_V3,CD_092_V1,CD_092_V3,CD_093_V1,CD_093_V3,CD_094_V1,CD_094_V3,CD_095_V1,CD_095_V3,CD_096_V1,CD_097_V1,CD_097_V3,CD_098_V1,CD_098_V3,CD_100_V1,CD_100_V3,CD_101_V1,CD_101_V3,CD_102_V1,CD_102_V3,CD_103_V1,CD_103_V3,CD_104_V1,CD_104_V3,CD_106_V1,CD_106_V3,CD_107_V1,CD_107_V3,CD_108_V1,CD_109_V1,CD_109_V3,CD_111_V1,CD_111_V3,CD_112_V1,CD_112_V3,CD_113_V1,CD_113_V3,CD_114_V1,CD_114_V3,CD_116_V1,CD_116_V3,CD_117_V1,CD_117_V3,CD_118_V1,CD_118_V3,CD_119_V1,CD_120_V1,CD_120_V3,CD_121_V1,CD_121_V3,CD_122_V1,CD_122_V3,CD_123_V3,CD_123_V1,CD_125_V3,CD_125_V1,CD_127_V1,CD_127_V3,CD_130_V1,CD_131_V1,CD_131_V3,CD_132_V1,CD_132_V3,CD_133_V1,CD_133_V3,CD_135_V1,CD_135_V3,CD_139_V1,CD_139_V3,CD_143_V1,CD_143_V3,CD_147_V1,CD_147_V3,CD_150_V1,CD_150_V3,CD_161_V1,CD_161_V3,CD_164_V1,CD_164_V3,CD_165_V1,CD_165_V3,CD_169_V1,CD_169_V3,CD_172_V1,CD_172_V3,CD_176_V1,CD_176_V3,CD_181_V1,CD_181_V3,CD_182_V1,CD_182_V3,CD_186_V1,CD_186_V3,CD_190_V1,CD_190_V3,CD_198_V1,CD_198_V3,CD_200_V1,CD_200_V3,CD_202_V1,CD_202_V3,CD_204_V1,CD_204_V3,CD_205_V1,CD_205_V3,CD_206_V1,CD_206_V3,CD_207_V1,CD_207_V3,CD_209_V1,CD_209_V3,CD_215_V1,CD_215_V3,CD_229_V1,CD_229_V3,CD_230_V1,CD_230_V3,CD_237_V1,CD_237_V3,CD_239_V1,CD_239_V3,CD_241_V1,CD_241_V3,CD_247_V1,CD_247_V3,CD_249_V1,CD_249_V3,CD_251_V1,CD_251_V3,CD_256_V1,CD_273_V1,CD_278_V1,CD_278_V3,CD_280_V1,CD_280_V3,CD_293_V1,CD_293_V3,CD_295_V1,CD_295_V3,CD_324_V1,CD_324_V3,CD_336_V1,CD_336_V3,CD_342_V1,CD_347_V1,CD_347_V3,CD_353_V1,CD_353_V3,CD_359_V1,CD_359_V3,CD_363_V1,CD_363_V3,CD_365_V1,CD_365_V3,CD_368_V1,CD_368_V3,CD_371_V1,CD_371_V3,CD_375_V1,CD_375_V3,CD_377_V1,CD_377_V3,CD_379_V1,CD_379_V3,CD_380_V1,CD_380_V3,CD_404_V1,CD_404_V3,Control_extraction,Mock,CD_003_V1,,
CD_003_V1,1.078214357,1.812857518,1.855800547,1.109196514,1.29529884,1.923083736,1.933492376,1.523183023,1.667182549,1.248292978,1.174132686,1.770632767,1.795219397,1.864459447,1.909968549,1.749997015,1.775403314,1.667725424,1.733505181,1.702425957,1.894554571,1.94017194,1.785981744,1.794057066,1.875298139,1.784794403,1.814861315,1.972276582,1.976699848,1.898266209,1.900623027,1.943308805,1.961568476,1.506285292,1.546898934,1.815701742,1.38293141,1.915755,1.837462828,1.956302291,1.958056128,1.502686499,1.882889712,1.915203983,1.894323794,1.085346031,1.081520582,1.96492619,1.940115613,1.850816111,1.869071146,1.902098159,1.960330807,1.952595264,1.657634936,1.859003292,1.892440103,1.849294154,1.990677632,1.956323797,1.711571143,1.970027929,1.643541439,1.556230708,1.852804138,1.854870798,1.793635729,1.746545451,1.91870563,1.928538106,1.909444449,1.942013333,1.955081963,1.952251532,1.73623599,1.954398369,1.887953894,1.94813836,1.648110986,1.49436746,1.791566569,1.868114432,1.997249133,1.943629986,1.952986574,1.965364904,1.900135492,1.91799194,1.953143644,1.828311104,1.863921707,1.875167931,1.930405031,1.946353531,1.99095467,1.878116961,1.837560925,1.957733261,1.952516854,1.619061248,1.763769138,1.69321914,1.778957997,1.67434301,1.894008963,1.832291801,1.899501663,1.952438216,1.673171038,1.407463299,1.83717298,1.899835069,1.806415919,1.824152111,1.810532337,1.655988227,1.664787769,1.862375854,1.785739297,1.755941017,1.815917778,1.924381379,1.927843251,1.694179203,1.697990123,1.900177399,1.563894942,1.394542356,1.894980145,1.925628947,1.735558012,1.823790012,1.123741252,1.773212048,1.896728339,1.975623226,1.360191706,1.78512345,1.73371143,1.68407654,1.969155684,1.968066082,1.929005095,1.842732377,1.509697344,1.824184287,1.822200119,1.889364106,1.92768758,1.936986226,1.954699467,1.729529195,1.878955292,1.879667169,1.845041138,1.782372491,1.785538767,1.501682899,1.714765065,1.767339809,1.678794873,1.834241258,1.95549411,1.839234775,1.957533729,1.966365238,1.952742905,1.874370201,1.948752662,1.94921267,1.94521391,1.925427529,1.823121905,1.815445354,1.80971993,1.762087841,1.88242601,1.925815093,1.770744115,1.865934998,1.836508465,1.841780853,1.84190863,1.599621487,1.813598457,1.927392722,1.830902271,1.978582358,1.963131823,1.760634782,1.720918825,1.682859468,1.832724847,1.900450001,1.922840795,1.897871839,1.910479335,1.900922482,1.820747404,1.924817106,1.858114288,1.753189703,1.70949684,1.747173945,1.739835222,1.815027398,1.726582078,1.887339813,1.894396666,1.951277009,1.970744159,1.940620514,1.929500031,1.935487792,1.914883204,1.831913367,1.795166022,1.928027009,1.944002474,1.633257106,1.822168745,1.884269835,1.847492744,1.788437482,1.860876833,1.967858097,1.928383483,1.997249133,1.772633769,1.946299822,1.94312175,1.760399172,1.717859006,1.812205367,1.827088377,1.713493696,1.83214097,1.896766218,1.753398812,1.961653584,1.979318125,1.749642673,1.862152646,1.942067057,1.936127782,1.943081498,1.879827596,1.765100179,1.86846381,1.97211697,1.941370869,1.932863237,1.892360671,1.906525561,1.885462429,1.510241621,1.546475807,1.905963034,1.971475122,1.933252406,1.930938367,1.755140825,1.966347277,1.959270284,1.931157278,1.955630852,1.671744626,1.826370747,1.935598892,1.923482909,1.835100782,1.867530084,1.86600217,1.786819637,1.889021704,1.939337214,1.696987936,1.834379727,1.94235147,1.909703729,1.952307312,1.965761853,1.729642208,1.722417659,1.997249133,1.99791469,0,,Description of the Dataset
CD_003_V3,0,1.686595881,1.773151869,1.148612495,1.296385632,1.889546522,1.909760186,1.481741099,1.625175729,1.127534445,1.064958035,1.445060222,1.51383888,1.8403239,1.870302545,1.696685558,1.728762455,1.608259744,1.646682702,1.653798307,1.487607454,1.852684127,1.790780032,1.611979803,1.829179352,1.74349433,1.77864576,1.963933427,1.967084625,1.886505288,1.87671811,1.941815222,1.956050237,1.458053325,1.514946154,1.788366736,1.335731654,1.921198613,1.823925319,1.855542935,1.914065743,1.493499779,1.828812212,1.486941778,1.482045651,1.092199529,1.130957199,1.563590427,1.544280135,1.773539142,1.820554261,1.823148987,1.7307583,1.583791794,1.572869071,1.773575982,1.513855991,1.480937006,1.990306331,1.942001812,1.402726127,1.828670598,1.595231016,1.518768259,1.787965103,1.818647904,1.457233681,1.690581194,1.859171927,1.907354894,1.889931636,1.937259789,1.944752757,1.514106186,1.689985856,1.912041219,1.604305992,1.797223627,1.554721087,1.430001801,1.752068262,1.858104315,1.734827212,1.929537282,1.570215516,1.617423777,1.844069392,1.908151929,1.755171584,1.779401351,1.83948836,1.583689349,1.506166434,1.936452816,1.989455804,1.857750004,1.788392734,1.823711288,1.810704199,1.407847531,1.486507596,1.621638105,1.720112895,1.649558127,1.850449913,1.560068013,1.880266492,1.882047253,1.618880238,1.349223396,1.799672821,1.877289168,1.616430233,1.71689379,1.768709924,1.620396165,1.620893768,1.82384221,1.746438807,1.421303906,1.605114817,1.874507937,1.849327905,1.630442288,1.644241302,1.543938637,1.545769868,1.379170191,1.823392159,1.901591303,1.48377767,1.676263447,1.103693748,1.469825548,1.869907653,1.967288169,1.305257244,1.752633919,1.42860666,1.430322552,1.689860598,1.844785499,1.833081862,1.791493706,1.447258599,1.786966973,1.777211939,1.513841529,1.482780753,1.799584827,1.757812903,1.661468978,1.838231115,1.824367797,1.801704967,1.753420825,1.708460265,1.462045386,1.652084234,1.694309843,1.578880697,1.509401824,1.940961065,1.810340635,1.706261075,1.617466224,1.896879936,1.797436721,1.886756991,1.891744241,1.719547132,1.549032755,1.8045751,1.793510235,1.769420685,1.53229145,1.541943199,1.893833817,1.709315477,1.819158234,1.800075786,1.815843862,1.785383945,1.545634194,1.816651847,1.83212812,1.813537794,1.590777273,1.540799224,1.420357861,1.412801292,1.353142506,1.466683827,1.873819871,1.873108676,1.871700106,1.876868587,1.668993279,1.482483391,1.915941735,1.821884205,1.69650787,1.650908605,1.403496669,1.404533608,1.408545453,1.635916568,1.474253069,1.472314974,1.596257118,1.658853993,1.848475022,1.780261456,1.528309694,1.528886376,1.467911549,1.441585296,1.509290638,1.627637387,1.396254741,1.638710462,1.86551075,1.813328841,1.443335274,1.481551821,1.619352334,1.677447248,1.734827212,1.711814622,1.591968827,1.572870716,1.680079131,1.653601459,1.766160946,1.769780712,1.60014378,1.73161874,1.754259052,1.631193999,1.7227867,1.843548918,1.726270082,1.830288242,1.641932942,1.521163795,1.918671667,1.601753798,1.432982953,1.449639571,1.586360472,1.572656902,1.645016351,1.667832059,1.573776695,1.561993914,1.252212202,1.274235771,1.510544198,1.749301532,1.718348886,1.543614031,1.501752461,1.91757282,1.668521957,1.637706812,1.772319741,1.402425307,1.418269174,1.582966152,1.577665958,1.53569272,1.65540765,1.553638555,1.461447648,1.533218502,1.557499975,1.492058157,1.485346749,1.512201285,1.494070219,1.705725965,1.602715256,1.425997705,1.51440678,1.734827212,1.764536378,1.078214357,,
CD_005_V1,1.686595881,0,1.090329602,1.636262955,1.531489912,1.738849761,1.801411142,1.567240552,1.542050387,1.634657889,1.757795991,1.817483428,1.754074664,1.608523203,1.626316595,1.648136157,1.575727718,1.495325178,1.570478434,1.477887322,1.87744507,1.73066674,1.820669502,1.396438552,1.707463981,1.841436637,1.820555627,1.849591603,1.829010599,1.62509256,1.513914664,1.913668707,1.929035963,1.584561786,1.504343297,1.785361201,1.624970731,1.603814312,1.485654775,1.702824874,1.875438281,1.827164972,1.554027272,1.868458773,1.870674316,1.698140141,1.710511178,1.913051433,1.963933398,1.420365443,1.449416605,1.705762335,1.847554843,1.92239025,1.484298538,1.462891,1.95574979,1.884150365,1.972563888,1.787982702,1.680050458,1.975678042,1.409781683,1.375333184,1.555031987,1.612245554,1.761531983,1.76962761,1.629796773,1.763697587,1.763602725,1.922113323,1.953100727,1.953615744,1.807642675,1.590126732,1.884886495,1.960521814,1.645374354,1.737615455,1.497048656,1.546339615,2,1.73179152,1.986584465,1.992993285,1.564521049,1.580646936,1.909382197,1.497308652,1.594366708,1.488111233,1.776080438,1.878230497,1.974856925,1.752550617,1.684984679,1.987201282,1.989519338,1.76387877,1.66322567,1.452351633,1.464445566,1.47551826,1.573730663,1.843241674,1.8982007,1.657486546,1.723735731,1.428259434,1.55973755,1.615757873,1.944826591,1.624258384,1.663052474,1.595953453,1.584832782,1.449013539,1.445373839,1.749689882,1.939968932,1.5278681,1.637068961,1.53588799,1.472988462,1.864142075,1.550496058,1.635296936,1.790433023,1.897373905,1.771487128,1.770963894,1.703890374,1.911321452,1.798669853,1.95099619,1.469755212,1.540338504,1.79714074,1.774328343,1.959888436,1.97444041,1.590597756,1.592487118,1.651245108,1.666656797,1.559332035,1.669000201,1.8306821,1.738000047,1.723018219,1.482254687,1.456012797,1.366334336,1.419530762,1.536363649,1.349289164,1.595103866,1.580060101,1.593895645,1.504315214,1.67958547,1.885426629,1.658374452,1.940465535,1.895257547,1.764001428,1.682983034,1.644701846,1.666075496,1.979738911,1.968231631,1.663388646,1.652876874,1.642730083,1.510388619,1.745570099,1.674330181,1.635152423,1.749410125,1.779771029,1.370774482,1.433557764,1.515166578,1.847090331,1.591186292,1.666012978,1.921854164,1.931658945,1.789345459,1.823788844,1.755790588,1.750372018,1.803791341,1.70784394,1.62526844,1.689092151,1.883042104,1.735686274,1.856221479,1.707043783,1.674585126,1.522355822,1.814145699,1.881300663,1.782653987,1.926146424,1.889353859,1.90195452,1.916731957,1.93600894,1.590131803,1.544597685,1.697432145,1.686681859,1.788403044,1.787970755,1.859427081,1.927803891,1.929220488,1.96236973,1.710119961,1.800695767,1.786747847,1.834730159,1.897065012,1.857545111,2,1.669703419,1.942712945,1.929592791,1.615485436,1.538569117,1.597834991,1.746316102,1.4993895,1.570098696,1.859214276,1.535731445,1.871973721,1.970180753,1.858019686,1.752551247,1.816295625,1.746799914,1.707873656,1.949313847,1.811407572,1.785842152,1.952586073,1.882403144,1.724015852,1.697656668,1.851531559,1.808930308,1.634790671,1.550906176,1.922476899,1.953016726,1.846670919,1.857120921,1.553492954,1.97645896,1.963786515,1.926217903,1.988047363,1.588217109,1.702054035,1.829889845,1.863094587,1.578722732,1.823733269,1.904657312,1.779457033,1.907833891,1.88369705,1.678294058,1.750027516,1.882628539,1.736267354,1.70457369,1.834827651,1.747176238,1.70568506,2,2,1.812857518,,"This dataset represents pairwise beta diversity values generated using the hillR::hill_taxa_parti_pairwise() function with q = 2. Beta diversity measures differences in microbial composition between samples, helping to assess how microbial communities change over time or between conditions."
CD_005_V3,1.773151869,1.090329602,0,1.665868426,1.566328371,1.741431503,1.804270453,1.563118383,1.571289177,1.652710613,1.787553295,1.801241923,1.739579253,1.608680724,1.663646303,1.714951952,1.618999494,1.504059233,1.572029149,1.478516531,1.894782822,1.743384042,1.798848835,1.530704861,1.719085276,1.834348668,1.827520748,1.855374098,1.852374074,1.600338717,1.486000774,1.890168188,1.919842033,1.620580058,1.536978164,1.819770507,1.650511403,1.517917492,1.431835937,1.690479643,1.871396749,1.793636574,1.566974283,1.852014071,1.868849597,1.746379784,1.742561843,1.889470891,1.958204613,1.419747141,1.471787702,1.600617761,1.804807376,1.8991911,1.488283546,1.537199829,1.941002209,1.867729434,1.961302285,1.783399173,1.641347753,1.973839074,1.519912787,1.448687474,1.539523847,1.588989646,1.735051027,1.785457835,1.628097785,1.760578255,1.749184184,1.905456963,1.944378776,1.940856005,1.783710296,1.641898593,1.841720611,1.945914841,1.662027498,1.741085997,1.472049365,1.524882906,2,1.724222817,1.985710308,1.992998105,1.597445457,1.645791798,1.887654182,1.473475756,1.576665699,1.44802669,1.739400068,1.891555856,1.973828574,1.746300291,1.714061627,1.984217071,1.987298884,1.803997588,1.684928511,1.42418903,1.398911666,1.44072004,1.549832844,1.825727445,1.889228889,1.69946663,1.737261606,1.44498164,1.582361432,1.607150283,1.921566473,1.702402392,1.720830514,1.539472983,1.575208432,1.502634386,1.535761397,1.719535638,1.948017856,1.469146583,1.668863717,1.50842632,1.378442944,1.838400265,1.520326352,1.669776157,1.780909941,1.882321915,1.743697476,1.736927373,1.758501646,1.93261136,1.804936348,1.953904595,1.525895006,1.474689806,1.750887608,1.730196784,1.955278842,1.966930052,1.651492155,1.562483433,1.69239277,1.718553454,1.6113029,1.653328923,1.80152457,1.660853351,1.643491681,1.488449524,1.430454034,1.362704927,1.427998479,1.459074378,1.314699368,1.557711993,1.539228817,1.581032957,1.504042254,1.608378047,1.883709717,1.666992568,1.939686779,1.896901907,1.669277561,1.632066774,1.605836125,1.657387944,1.980024333,1.968353186,1.691480901,1.690309417,1.582212358,1.447302362,1.698177064,1.613606857,1.606198699,1.717113954,1.776815066,1.413628076,1.497268748,1.494019486,1.827138752,1.652410705,1.656349471,1.952863208,1.939098114,1.774641351,1.810240094,1.773856171,1.772649938,1.801367498,1.703234335,1.613727053,1.684074961,1.858651729,1.698395231,1.88089118,1.721535982,1.660808533,1.528573985,1.84084647,1.897378466,1.813813461,1.922926174,1.891444894,1.897793236,1.912140334,1.936362884,1.562737951,1.562241026,1.647003665,1.634675797,1.770911108,1.760782166,1.868695317,1.924739352,1.925055442,1.958000771,1.690941174,1.800367193,1.791464488,1.838080662,1.89653123,1.846865709,2,1.648045893,1.933573689,1.922558894,1.611475712,1.523924102,1.676222815,1.768489969,1.512442473,1.511293838,1.845610479,1.500201453,1.849791411,1.961644054,1.846216446,1.772868061,1.779086792,1.728617115,1.73763522,1.946728516,1.795115168,1.813502173,1.951859971,1.878955945,1.66425804,1.664538586,1.810122404,1.785625265,1.611650472,1.523158901,1.888583776,1.942009057,1.863918702,1.814526227,1.501520505,1.974523692,1.960754752,1.91108013,1.988628563,1.567250929,1.747766613,1.789198977,1.808304177,1.548930545,1.814127987,1.887377851,1.733442929,1.907909727,1.881638441,1.654282871,1.755910021,1.879036313,1.731603099,1.620905907,1.795129481,1.682722089,1.630314743,2,2,1.855800547,,
CD_007_V1,1.148612495,1.636262955,1.665868426,0,1.112715427,1.872217925,1.898857918,1.391081657,1.519234566,1.179990414,1.175341618,1.770478447,1.744518626,1.778285689,1.878213596,1.619619241,1.59728651,1.685043222,1.77196402,1.552967174,1.936304969,1.889671706,1.944142471,1.764623412,1.854120763,1.808432156,1.810120288,1.926541413,1.931077661,1.684268136,1.672454152,1.943393067,1.965576365,1.415360173,1.38553435,1.771505733,1.381167653,1.813161255,1.681173594,1.860241291,1.935925409,1.771425388,1.771571628,1.908742841,1.913853072,1.077696519,1.062060636,1.988978919,1.9764049,1.710139478,1.692194419,1.971787717,1.988587671,1.984515928,1.503992869,1.653617078,1.961782223,1.934051856,1.962909563,1.888835713,1.659852962,1.975305859,1.497496187,1.36658179,1.759397667,1.708938058,1.838818145,1.681087193,1.832206096,1.892486869,1.912112338,1.955841068,1.958287686,1.965748453,1.675205704,1.86793449,1.889573956,1.935154518,1.654218836,1.54199048,1.734543988,1.72839107,2,1.862128587,1.989503449,1.994499312,1.727984455,1.79174787,1.939028254,1.620431706,1.663825225,1.698339207,1.873027719,1.930473043,1.978442378,1.799868311,1.743530866,1.984963065,1.980409555,1.851535769,1.780807078,1.729018235,1.790833574,1.70895994,1.765474556,1.816465446,1.926226078,1.898293478,1.588442547,1.278553017,1.822006736,1.815625468,1.965618673,1.756366734,1.837433207,1.594847485,1.579011106,1.845281376,1.811618606,1.759763487,1.812354754,1.83955167,1.819270383,1.665018114,1.658540848,1.90791395,1.573986943,1.472918135,1.849540469,1.901823013,1.793452463,1.808512572,1.102510079,1.795866796,1.822830862,1.932042423,1.311390302,1.690923755,1.860213343,1.878704897,1.972498633,1.978874672,1.806919539,1.77443812,1.477401755,1.826127557,1.746867932,1.796558509,1.922070556,1.990585083,1.968830868,1.729125945,1.733973812,1.643275556,1.674045062,1.698702187,1.579785766,1.547029897,1.714252389,1.761827771,1.649819555,1.841282049,1.88110942,1.837997818,1.978621624,1.955889165,1.898560712,1.893870745,1.851442426,1.89317603,1.976632615,1.947291636,1.786195028,1.78957771,1.758428896,1.632355268,1.735740355,1.851369268,1.687908965,1.82777196,1.781385411,1.614096276,1.754275401,1.629322743,1.879692084,1.805509523,1.763660018,1.971845534,1.963942079,1.830305362,1.918280893,1.646730108,1.761608868,1.88387952,1.898382693,1.746737097,1.74847157,1.875621928,1.773300089,1.921971381,1.847462831,1.649090548,1.662117622,1.714815965,1.713678818,1.784739501,1.889043363,1.881499525,1.895135125,1.97084156,1.972614462,1.766556349,1.768759616,1.84334271,1.854620125,1.772619812,1.778190191,1.881269554,1.930197703,1.688060065,1.856878526,1.845248956,1.914865542,1.87316609,1.866007905,1.971618229,1.948046384,2,1.773394206,1.96679525,1.968869289,1.83604268,1.790497403,1.766717141,1.815793461,1.620331767,1.665924857,1.863546031,1.666948531,1.908810754,1.982005246,1.889600365,1.849556569,1.935495304,1.863845522,1.893075233,1.955334363,1.877665398,1.877596135,1.971140527,1.924107122,1.897885462,1.890432585,1.871493007,1.855483447,1.584609689,1.503433503,1.867805253,1.945073999,1.93022892,1.950976771,1.717283545,1.96654484,1.958134539,1.897300112,1.984172882,1.735177543,1.844926974,1.902396177,1.80058962,1.754868335,1.886096485,1.870402923,1.728857858,1.908129588,1.912508776,1.734883422,1.842905064,1.872025805,1.82961534,1.931479331,1.945624885,1.905594159,1.937730561,2,2,1.109196514,,Understanding the Data Structure
CD_007_V3,1.296385632,1.531489912,1.566328371,1.112715427,0,1.829774936,1.865266352,1.409292448,1.401392951,1.258743868,1.274398812,1.700830504,1.723877879,1.679301581,1.790040849,1.544202082,1.586498877,1.523744555,1.714307714,1.54874889,1.888142184,1.84658577,1.905361741,1.623646743,1.725751374,1.827108453,1.808261744,1.885586739,1.878417419,1.513774669,1.534573848,1.928906294,1.942438307,1.338505152,1.416378745,1.735333615,1.430358842,1.814697412,1.674289737,1.795117447,1.904025501,1.814983341,1.693382547,1.87479493,1.902471405,1.246226975,1.244968733,1.980505727,1.965938089,1.636550691,1.553130425,1.951551981,1.987054915,1.98244431,1.437350098,1.579897253,1.946951171,1.915991488,1.934399859,1.844778854,1.704615743,1.965120656,1.334619568,1.273890261,1.631914999,1.534209225,1.816186771,1.700953045,1.78398145,1.832748633,1.855253988,1.956822765,1.934535434,1.958918288,1.634099644,1.654673559,1.866876688,1.926979353,1.540241602,1.546115356,1.592861353,1.687201096,2,1.822535421,1.988031118,1.993225796,1.616574976,1.717823161,1.936182124,1.406371936,1.434503876,1.69309806,1.843932636,1.8655362,1.984013049,1.67611127,1.565728676,1.977326361,1.964592983,1.773936488,1.708282814,1.608881555,1.72264721,1.509084195,1.645067425,1.756031112,1.896887838,1.718672287,1.500357276,1.314029286,1.66973965,1.741166451,1.962399711,1.665350355,1.688934288,1.525836131,1.434053339,1.71126091,1.622139854,1.684550367,1.857369471,1.833141058,1.705651527,1.48663917,1.497408232,1.919222674,1.584060038,1.424155314,1.821629849,1.856548917,1.818029968,1.83279812,1.250312049,1.789223207,1.811110356,1.958429171,1.269061931,1.651186083,1.736954064,1.798561495,1.974783189,1.981577713,1.636156198,1.729920527,1.431307392,1.713872409,1.531404115,1.788727393,1.916706033,1.980665437,1.961643354,1.55031351,1.598418875,1.572548147,1.602233453,1.618718912,1.491146374,1.507039649,1.559603917,1.694865343,1.61502152,1.743305274,1.865725569,1.673179632,1.973351982,1.945876545,1.832148268,1.814488191,1.716511337,1.821838383,1.968488854,1.949470841,1.614217194,1.676298745,1.765858059,1.528260436,1.606327352,1.744306802,1.66275039,1.707366633,1.637662835,1.354545795,1.494042305,1.550154578,1.850305258,1.633820651,1.648433216,1.952882952,1.955350523,1.751428867,1.916559592,1.694330192,1.755590976,1.821414765,1.762221888,1.725503879,1.598683856,1.859782322,1.737879855,1.885083551,1.799693973,1.576386132,1.552437297,1.67689552,1.751234801,1.781667646,1.892004489,1.878492404,1.895628179,1.957552121,1.953948001,1.593053228,1.50775478,1.843388182,1.833713457,1.772419948,1.764968444,1.75682375,1.883247152,1.763290586,1.891425751,1.750922541,1.876225156,1.803212468,1.818564496,1.950273386,1.943566838,2,1.648090812,1.960523844,1.966480508,1.712246455,1.683078844,1.632199168,1.733079755,1.595932108,1.589329392,1.856502124,1.601171983,1.908300263,1.981752394,1.840841271,1.726141397,1.935930227,1.867412389,1.786625499,1.930714363,1.878391494,1.843498923,1.951762707,1.879482549,1.926882766,1.919212498,1.806491697,1.859898529,1.627176932,1.561587887,1.763138404,1.911894893,1.934003927,1.892081907,1.652260295,1.943728124,1.945585645,1.866357503,1.984939177,1.627880592,1.798703064,1.833543934,1.63792074,1.685900712,1.878020825,1.828985315,1.725219169,1.859259814,1.912136374,1.561369748,1.749732979,1.832092935,1.816498848,1.924235657,1.930052279,1.872923827,1.88211428,2,1.999974512,1.29529884,,
CD_012_V1,1.889546522,1.738849761,1.741431503,1.872217925,1.829774936,0,1.112598893,1.715615879,1.733602527,1.919097869,1.906130835,1.877883628,1.890529509,1.62116005,1.785847517,1.704471616,1.715561441,1.569522778,1.613679076,1.692289801,1.939071892,1.653082703,1.869890027,1.754173334,1.818680604,1.846932487,1.804591744,1.520295569,1.435782561,1.732219157,1.672342934,1.345471741,1.390278503,1.763544197,1.824455105,1.914798503,1.714468134,1.867305501,1.811140333,1.806325624,1.703795252,1.79185779,1.75732201,1.902347906,1.926286126,1.935610726,1.954264058,1.759695964,1.794600474,1.766796928,1.765887002,1.863988466,1.587283305,1.763336973,1.740635611,1.727954985,1.935664077,1.894287836,1.505588666,1.736947513,1.694247526,1.55108108,1.831722542,1.870285696,1.623294841,1.679003401,1.893800807,1.365791472,1.695786388,1.451122606,1.330529939,1.416688774,1.441218409,1.913881548,1.726089064,1.857189084,1.8914897,1.944442542,1.780123315,1.769746194,1.646449785,1.809047477,2,1.253344408,1.747011202,1.676138541,1.740654548,1.832672678,1.478180676,1.731026324,1.788996984,1.890670707,1.909192298,1.418762426,1.709096906,1.804015381,1.757391627,1.532453162,1.543359142,1.82264174,1.866665384,1.685764312,1.725632108,1.634397014,1.788514851,1.441373477,1.340851665,1.661045823,1.712916623,1.767843329,1.775703439,1.855856795,1.481563557,1.715304088,1.706181735,1.59080942,1.523789919,1.561029484,1.573601416,1.843505174,1.977844764,1.702772711,1.325478102,1.710825523,1.654316347,1.7543845,1.777589139,1.76130321,1.768722897,1.338393594,1.906532195,1.938095022,1.915422715,1.933054979,1.318629051,1.805936622,1.635555219,1.755060439,1.820575102,1.777687131,1.978347114,1.556835517,1.641341174,1.737335183,1.73263946,1.761839494,1.64585835,1.669163083,1.843425909,1.920686744,1.906131254,1.693335466,1.77079496,1.789800388,1.822928444,1.744138111,1.753602148,1.650933177,1.666031974,1.638365108,1.592272889,1.853279787,1.380813029,1.368270254,1.508031536,1.549991919,1.858350292,1.802490079,1.390383456,1.347301894,1.594005866,1.939905625,1.317828618,1.351042509,1.697724928,1.800538015,1.873617906,1.789372137,1.72211313,1.340147344,1.291947182,1.832456421,1.768213294,1.320759185,1.329340616,1.641518103,1.734330068,1.854398154,1.761695872,1.842369442,1.854607082,1.925392471,1.937642186,1.829576344,1.776789163,1.786275741,1.713296977,1.478207655,1.56318334,1.84841812,1.621404238,1.835874905,1.712818786,1.881763253,1.935227349,1.895546621,1.938679916,1.95212058,1.94810587,1.663260319,1.671912024,1.712215857,1.681750704,1.851622317,1.889312032,1.849987362,1.862729994,1.79070797,1.445921827,1.615103671,1.510899501,1.219064697,1.609284555,1.853342184,1.931949129,1.686837572,1.619762023,2,1.760325519,1.972301327,1.962410872,1.63972913,1.573449819,1.643769791,1.525855981,1.705238689,1.569380003,1.881570055,1.643421958,1.439713687,1.557853931,1.697559625,1.72381254,1.934079925,1.95400082,1.342120534,1.553105278,1.899637925,1.898328785,1.940037641,1.915789144,1.878213699,1.893227934,1.901639231,1.912705845,1.819687279,1.823937483,1.825485982,1.504313201,1.429348075,1.912996807,1.843372049,1.505142369,1.485423207,1.834456061,1.885669994,1.708628257,1.861009745,1.913274479,1.928615833,1.746850691,1.916634348,1.518225984,1.801829479,1.549169611,1.861809731,1.76126019,1.83942197,1.904602282,1.892071557,1.863190884,1.945483032,1.847257046,1.842260186,2,1.996787364,1.923083736,,"Each row and column in the table corresponds to a specific sample, labeled with a unique identifier (e.g., CD_003visit1_metaphlan, CD_015visit3_metaphlan)."
CD_012_V3,1.909760186,1.801411142,1.804270453,1.898857918,1.865266352,1.112598893,0,1.859439806,1.808828712,1.930205753,1.917837645,1.911724828,1.931071587,1.794487983,1.859944074,1.785450973,1.832419719,1.68228943,1.737588277,1.771619765,1.943551087,1.691865477,1.896614106,1.805458824,1.855666509,1.907386398,1.868351413,1.584640873,1.4146131,1.815926639,1.789712139,1.198850212,1.340974012,1.787752704,1.836802624,1.93645045,1.771878069,1.925869902,1.87460975,1.774661841,1.624567152,1.834167957,1.817957856,1.944670661,1.945576231,1.937134648,1.947705666,1.632182569,1.683002847,1.835840903,1.840540171,1.93398221,1.418996019,1.641578202,1.818660913,1.843471183,1.951632777,1.92446939,1.245614794,1.797384288,1.617546568,1.300246182,1.862090623,1.8899734,1.757427095,1.7909283,1.905584675,1.293101658,1.811121537,1.422451814,1.291158709,1.177937662,1.21439584,1.9442624,1.81470815,1.901890187,1.901425488,1.944039008,1.782423832,1.832705544,1.740086748,1.872020995,2,1.120775006,1.605004802,1.486705385,1.782482809,1.881189335,1.228887512,1.791761617,1.837358067,1.923513779,1.920283885,1.380850833,1.643694358,1.834736721,1.801767646,1.284778521,1.294006855,1.860007564,1.893572653,1.785358451,1.838751358,1.75772264,1.865266196,1.249761599,1.106465116,1.726653908,1.815697275,1.85589395,1.851119867,1.905223515,1.276383928,1.772862155,1.759338091,1.678034895,1.648820081,1.719183789,1.722145693,1.890522034,1.983130382,1.798319108,1.27537567,1.801015786,1.763702867,1.734177326,1.837209983,1.801283032,1.835493323,1.10730382,1.927767424,1.951068565,1.920833243,1.92639079,1.246247688,1.784672242,1.727190324,1.807862134,1.862696397,1.833776294,1.98093482,1.30487706,1.839048999,1.837946866,1.797693905,1.820725668,1.751912001,1.571325842,1.851258994,1.971736512,1.962233615,1.730957126,1.778036563,1.858985609,1.885625716,1.794373547,1.798440682,1.740225332,1.754822,1.767566683,1.766257509,1.911424465,1.323955528,1.404403595,1.263524687,1.336818811,1.856405409,1.843102439,1.27791203,1.199302415,1.397684176,1.923107536,1.257218045,1.330101398,1.783746937,1.866744325,1.920409974,1.85117828,1.818945361,1.257018563,1.186792482,1.857692051,1.809390311,1.242259439,1.11469269,1.839504339,1.833468945,1.858091519,1.691326622,1.882251037,1.887239035,1.937902393,1.950197838,1.894939639,1.836894341,1.855605276,1.803967777,1.247822016,1.425107804,1.863876324,1.742176669,1.875881122,1.792638606,1.899677366,1.944941128,1.89552728,1.945249139,1.959397458,1.951452591,1.561548015,1.58369138,1.811090618,1.812966737,1.924561129,1.943827848,1.903377486,1.90601976,1.769263687,1.249500881,1.422115398,1.260127204,1.103038462,1.698127784,1.899561913,1.946437283,1.547919657,1.547571301,2,1.822753593,1.977082897,1.968454437,1.776763604,1.752001609,1.719163161,1.516297232,1.801313333,1.739306624,1.898422282,1.739866495,1.198291205,1.307510377,1.784981541,1.811666057,1.969127914,1.973094327,1.306874831,1.34385141,1.920767632,1.918965481,1.954514712,1.932226804,1.947959012,1.947638609,1.919711463,1.937322567,1.85420234,1.856265131,1.764847684,1.254325338,1.192108866,1.957738858,1.907259842,1.246157989,1.246841451,1.872127054,1.911682207,1.794329789,1.891349754,1.936225678,1.940405306,1.849766515,1.94301627,1.319507377,1.778628904,1.403735546,1.845605981,1.826353275,1.876773054,1.930462963,1.920981139,1.914996945,1.968760681,1.894191771,1.900900459,2,1.999752609,1.933492376,,"These identifiers represent different visits or time points for individuals, indicating how their gut microbiome composition shifts over time."
CD_013_V1,1.481741099,1.567240552,1.563118383,1.391081657,1.409292448,1.715615879,1.859439806,0,1.219489927,1.47984737,1.503069259,1.768133371,1.750752926,1.423832203,1.642524046,1.485894875,1.333421202,1.543681543,1.596176403,1.423479681,1.920219741,1.641597168,1.920237241,1.731279546,1.846964012,1.713783698,1.751361631,1.837060296,1.792063435,1.50984458,1.523696521,1.906095871,1.9050831,1.485079117,1.500664567,1.819418911,1.422133175,1.873589456,1.704394333,1.754048741,1.912434492,1.819497486,1.61535081,1.826738216,1.83845897,1.446517984,1.459471893,1.96077717,1.921187222,1.570315182,1.51349348,1.94617318,1.988750104,1.977394954,1.376872935,1.342834589,1.838171988,1.840646151,1.970163308,1.718795482,1.752257966,1.989808419,1.426547761,1.398717088,1.459772929,1.504681585,1.843374087,1.54205314,1.546832086,1.706260727,1.66379192,1.969163441,1.969404213,1.949788463,1.57308324,1.678994751,1.83658511,1.928366829,1.554063914,1.496573902,1.625514658,1.744634024,2,1.808101565,1.976036181,1.985667231,1.475789483,1.532592209,1.944754663,1.544833027,1.540735884,1.750151373,1.905500784,1.817328831,1.957412908,1.795244642,1.696441737,1.982841407,1.988517094,1.771081702,1.614828076,1.627420716,1.680266088,1.643666822,1.456423714,1.873557655,1.889568227,1.780509679,1.541721579,1.350409367,1.725313686,1.657029617,1.959013462,1.576588259,1.710763344,1.450555349,1.477803507,1.741295657,1.65877945,1.746026758,1.790263355,1.829346257,1.627049354,1.5213593,1.510333584,1.720695499,1.6445488,1.527870636,1.762611442,1.917873211,1.782445288,1.854143763,1.451671723,1.825865631,1.709801498,1.766375751,1.327480701,1.60054304,1.803488487,1.730967729,1.92855434,1.976781555,1.436878739,1.525644813,1.462039507,1.702700072,1.533645478,1.789459038,1.905051522,1.987765042,1.973858158,1.590962256,1.673974781,1.503978708,1.578156213,1.599483056,1.48490182,1.469520823,1.447224978,1.384401281,1.35458857,1.847785939,1.799818443,1.568382885,1.964198444,1.94300869,1.728376205,1.544539179,1.641719841,1.684628659,1.982008916,1.951695525,1.667035915,1.697567696,1.560181752,1.689117896,1.804470598,1.66313216,1.534254397,1.730038332,1.752890361,1.597864577,1.561887619,1.452760118,1.785755601,1.438593886,1.689659907,1.849115748,1.898916212,1.864742268,1.92920541,1.741849127,1.714942959,1.796268792,1.719531399,1.59757562,1.531497404,1.926829835,1.760909658,1.854526651,1.485541813,1.511836143,1.499925927,1.680602873,1.757890551,1.823527048,1.961452309,1.83869934,1.879221708,1.958260619,1.965962203,1.550935606,1.461530837,1.718542255,1.816707301,1.664512382,1.7129919,1.889621158,1.848383418,1.78164562,1.902428984,1.832735213,1.812404124,1.866024922,1.895230386,1.957239794,1.949924292,2,1.697737579,1.934016009,1.884895738,1.696283371,1.673728253,1.644733435,1.687476246,1.440560819,1.400858274,1.815776697,1.392775767,1.891849573,1.987149954,1.757467828,1.69773397,1.845777671,1.847301901,1.772797022,1.966013491,1.894785251,1.853855678,1.924645892,1.872298979,1.967877948,1.976522519,1.825107325,1.807490991,1.697361113,1.622731344,1.86151839,1.942541823,1.942432868,1.891520328,1.717597008,1.972176834,1.966927832,1.86278354,1.99063042,1.740957769,1.798802682,1.903495218,1.89465747,1.780747579,1.816339178,1.869963557,1.76698475,1.880364284,1.879897214,1.833262758,1.868666322,1.821480856,1.789547415,1.92089536,1.960148425,1.899825624,1.923488131,2,2,1.523183023,,"The values in the table indicate the beta diversity between pairs of samples, providing insight into the degree of microbial composition change between visits."
CD_013_V3,1.625175729,1.542050387,1.571289177,1.519234566,1.401392951,1.733602527,1.808828712,1.219489927,0,1.618531663,1.619958565,1.731794897,1.78424123,1.524341926,1.61107135,1.366101816,1.441024385,1.504306728,1.619918967,1.548166749,1.90463226,1.467934824,1.880031436,1.66675015,1.767406663,1.772314544,1.710480703,1.778545253,1.731218236,1.41462587,1.443266491,1.864037505,1.880156076,1.497638927,1.619596259,1.781870272,1.420644115,1.879377748,1.724815671,1.805245237,1.887059238,1.7730023,1.59620297,1.85531911,1.872028947,1.620474249,1.626039403,1.966153647,1.938028371,1.471723831,1.38185928,1.936757789,1.979527291,1.97713731,1.41474356,1.418741747,1.736597725,1.820324498,1.941149331,1.673717885,1.82014833,1.981792535,1.312760977,1.366527004,1.433909225,1.427855427,1.822842566,1.642436628,1.621656021,1.694623438,1.72215617,1.965826895,1.966890631,1.942978854,1.57648798,1.352974992,1.799723862,1.902039217,1.581423127,1.499386216,1.436921385,1.713105651,2,1.775360424,1.966389298,1.97809897,1.265436716,1.330478017,1.936785264,1.280123094,1.265854872,1.836697407,1.894506982,1.726770821,1.956736611,1.647187813,1.530382527,1.98068568,1.975797362,1.695589428,1.647355977,1.582719771,1.662619471,1.401929795,1.37934332,1.886186327,1.885730561,1.517528992,1.508701126,1.544221529,1.644495748,1.72479083,1.941366673,1.475990105,1.459390081,1.467679213,1.341648146,1.540767001,1.39495278,1.720044532,1.886405585,1.789774002,1.443256656,1.391050604,1.42653546,1.841819934,1.695994553,1.439318552,1.756123956,1.892329725,1.801295188,1.89892702,1.632407098,1.807285139,1.594278523,1.805919876,1.237276809,1.619425944,1.696731146,1.669767105,1.900151989,1.972489342,1.425825839,1.629076814,1.422365098,1.494267226,1.249721109,1.846031871,1.927196283,1.992445038,1.982635747,1.615639463,1.713328456,1.584133399,1.593174254,1.672980199,1.622905597,1.370031955,1.259629604,1.531194018,1.583253389,1.786978247,1.731591165,1.363576045,1.967118638,1.930651022,1.569725565,1.5080487,1.543432749,1.63811278,1.969480246,1.948303845,1.391409449,1.475876086,1.51316517,1.663858074,1.717198902,1.444038615,1.451665569,1.59204095,1.591300795,1.320773175,1.267299509,1.566582684,1.836178121,1.426561285,1.61477829,1.908937785,1.922528013,1.792014348,1.896586095,1.779856661,1.73418135,1.658654505,1.558902065,1.695493027,1.502836247,1.921170521,1.760164458,1.843105717,1.553014359,1.389042783,1.370371256,1.781474998,1.849823195,1.839945552,1.954792088,1.78810909,1.831018674,1.935863984,1.949307913,1.542054132,1.32213547,1.837769388,1.853760325,1.809139333,1.778417907,1.806968589,1.819488488,1.826786932,1.927378094,1.778686907,1.739834995,1.847589043,1.874684112,1.938259865,1.905747641,2,1.577971865,1.920945695,1.887712845,1.641622261,1.616833952,1.420504994,1.72755661,1.546224604,1.441097752,1.856608277,1.459658052,1.9236478,1.983781309,1.593417944,1.481261135,1.931464693,1.920330081,1.60929879,1.950687397,1.904504478,1.86760369,1.92479601,1.867299643,1.953333859,1.971045953,1.788619837,1.828800628,1.719358965,1.691782496,1.820611742,1.934971892,1.946987662,1.89620017,1.720255036,1.961045655,1.958095279,1.864843484,1.992299941,1.710140793,1.817213072,1.883451893,1.810032896,1.832963271,1.912256937,1.857051628,1.799198674,1.821724765,1.908352286,1.681859129,1.797817179,1.807679935,1.831358822,1.900704872,1.961074827,1.848570088,1.877376523,2,2,1.667182549,,
CD_015_V1,1.127534445,1.634657889,1.652710613,1.179990414,1.258743868,1.919097869,1.930205753,1.47984737,1.618531663,0,1.035717375,1.260866757,1.322894574,1.76882223,1.848136524,1.643489866,1.625114623,1.65867669,1.682717503,1.511638308,1.306536341,1.829983601,1.91442554,1.774244523,1.837232841,1.758721116,1.789709713,1.9525881,1.964350425,1.691553044,1.690293858,1.95487555,1.961900086,1.334904799,1.32804018,1.817367765,1.388736215,1.805771054,1.659794798,1.743167123,1.871886133,1.684324932,1.708088277,1.275686293,1.28047678,1.13184985,1.178771239,1.371206191,1.357424912,1.617774178,1.629406403,1.784812156,1.602638719,1.400970611,1.473211353,1.581876487,1.335749187,1.318479719,1.97810537,1.925615761,1.229617029,1.738469782,1.560659366,1.407814514,1.756616497,1.717885625,1.271221714,1.736531224,1.757834893,1.915193207,1.911071001,1.9649173,1.971339973,1.269958131,1.729516304,1.929126794,1.467684675,1.718122863,1.644134692,1.547983201,1.745181808,1.674133856,1.590363057,1.877831733,1.385943153,1.443572035,1.791815634,1.780900332,1.635582313,1.5680675,1.667052642,1.285316251,1.269825164,1.934826649,1.993935887,1.810873417,1.756920394,1.747337392,1.72562035,1.377459393,1.331048996,1.642153416,1.693187997,1.621158042,1.711662647,1.42242046,1.890836508,1.847611099,1.634764679,1.296353121,1.782255117,1.746076773,1.553022422,1.711551034,1.826083528,1.666189504,1.693912657,1.88808955,1.869187531,1.24863903,1.486719788,1.83818215,1.814766843,1.64774972,1.658098424,1.34309015,1.595508372,1.469794807,1.774998052,1.87793438,1.350510762,1.545225267,1.120912254,1.327792433,1.85808146,1.956544607,1.363791969,1.679772416,1.305048078,1.41119481,1.53413165,1.776057993,1.753841679,1.709380647,1.498187836,1.802613328,1.747160344,1.251415463,1.271176256,1.779887538,1.688529202,1.706343182,1.774987034,1.511771967,1.519841765,1.713116388,1.508028617,1.583549755,1.763382592,1.690237981,1.552415917,1.368301658,1.943040815,1.886806266,1.566402995,1.427681091,1.886022977,1.83099842,1.855583835,1.852342849,1.587904677,1.3612675,1.838101617,1.820043017,1.754157589,1.250128366,1.249018142,1.86490881,1.698001191,1.848455863,1.793080235,1.616604874,1.725008765,1.634755252,1.893564441,1.752710821,1.714025615,1.391459402,1.335541141,1.242359816,1.301245013,1.137826123,1.222421158,1.871015066,1.859722748,1.745280652,1.758961603,1.517671188,1.303233547,1.931497286,1.842580543,1.647310586,1.648985987,1.227637179,1.222031545,1.221945997,1.63574845,1.376222113,1.298812843,1.420275694,1.493789501,1.690116033,1.707666883,1.284306963,1.305457261,1.257784921,1.250527591,1.290008322,1.448000157,1.294378539,1.546480165,1.860348458,1.899605157,1.288782351,1.289614483,1.44179344,1.55134185,1.590363057,1.709465356,1.404892179,1.384603872,1.70915257,1.679202981,1.791948948,1.813720304,1.592052959,1.681652391,1.584420868,1.580260921,1.58049628,1.758751261,1.823832441,1.832744901,1.461465547,1.252080192,1.952917081,1.472273211,1.272104178,1.250826292,1.383760057,1.35825569,1.459573836,1.497065737,1.370745474,1.35883273,1.193598973,1.166396572,1.290790262,1.604702464,1.624711794,1.362818787,1.302413517,1.86940885,1.507923428,1.457138121,1.663253045,1.313553528,1.233954379,1.389762168,1.306291011,1.300383736,1.463078037,1.377208918,1.312029009,1.349942155,1.345843208,1.34160068,1.262872251,1.270489565,1.237853156,1.530942088,1.410610609,1.285621789,1.422188002,1.590363057,1.630802919,1.248292978,,Key Features of the Data:
CD_015_V3,1.064958035,1.757795991,1.787553295,1.175341618,1.274398812,1.906130835,1.917837645,1.503069259,1.619958565,1.035717375,0,1.257674727,1.344793116,1.827469614,1.879879489,1.677335641,1.707442955,1.668749477,1.71975948,1.641987183,1.275228222,1.861572166,1.88292219,1.77995136,1.859389637,1.770279221,1.791977028,1.954227274,1.961634839,1.784426632,1.803844357,1.950295616,1.957751581,1.463694896,1.519503159,1.802751321,1.405624288,1.881283516,1.772036458,1.81554831,1.891001033,1.654189836,1.806496018,1.256120638,1.2576769,1.10645849,1.16080106,1.337246408,1.32197771,1.741071063,1.754938321,1.763442505,1.571666753,1.363637891,1.56033711,1.744352466,1.302119969,1.29209263,1.976965971,1.940727652,1.223051301,1.724633042,1.608878887,1.505838973,1.771694525,1.746963458,1.262534778,1.715783222,1.838818943,1.913923156,1.907954539,1.950928201,1.960731924,1.283711207,1.717404846,1.922114588,1.444658718,1.695574657,1.650820236,1.525265523,1.782477272,1.83310483,1.561766601,1.921576178,1.351252619,1.410407266,1.832597541,1.844115577,1.625089894,1.681059596,1.736462641,1.367475761,1.270977969,1.934616374,1.992461971,1.832287324,1.776712485,1.726491013,1.704184647,1.343574697,1.362162384,1.711527398,1.756186284,1.695626268,1.795317532,1.392628834,1.890987857,1.863711136,1.634999811,1.371653573,1.840773992,1.843679211,1.522094199,1.749164629,1.829961654,1.669191829,1.667781149,1.879090907,1.843056969,1.231565493,1.461473252,1.867053296,1.841577775,1.676462977,1.679304983,1.340744368,1.581086654,1.466403676,1.813688629,1.887810768,1.346696385,1.562848601,1.093529288,1.286610896,1.87280456,1.96280466,1.361903502,1.768238369,1.273937507,1.370979768,1.517271038,1.761391082,1.804838502,1.782861075,1.481243942,1.811743483,1.760383061,1.291568909,1.261039122,1.763408138,1.662789638,1.736060231,1.833051158,1.744598022,1.746059217,1.745659519,1.67260294,1.583862392,1.746944868,1.737594531,1.607410152,1.340811719,1.937009256,1.865249035,1.542301598,1.40214531,1.894618173,1.836592023,1.877582498,1.882708344,1.567403552,1.332404763,1.831573272,1.815579957,1.77924782,1.336996377,1.275828802,1.880870811,1.712979731,1.84959236,1.795043791,1.720742803,1.753974851,1.649034771,1.875393819,1.803407359,1.784789666,1.371649052,1.315930435,1.234930136,1.269863271,1.174006836,1.264376598,1.868852897,1.861636904,1.819631414,1.792503249,1.499154891,1.290466712,1.930857674,1.848262052,1.695198716,1.686269507,1.221518178,1.215633071,1.2074421,1.600149529,1.338365589,1.275419021,1.387664844,1.46452439,1.766459449,1.747367372,1.312950462,1.320050706,1.255596509,1.245090579,1.266381807,1.425707462,1.250224518,1.513807243,1.858372923,1.875068956,1.268358749,1.26506722,1.411022404,1.52708551,1.561766601,1.742341853,1.38043713,1.360130059,1.736420019,1.718979065,1.800647344,1.81613569,1.632142476,1.716420917,1.712538898,1.649394483,1.575861912,1.742647892,1.81155264,1.845852311,1.458824165,1.306455798,1.939314905,1.438510741,1.266471699,1.254248766,1.359523823,1.349791945,1.488593461,1.554393251,1.368262429,1.369166004,1.180233491,1.176430108,1.268432508,1.586291926,1.623077716,1.326334669,1.342654917,1.869535874,1.48836059,1.434814859,1.63489601,1.299610733,1.252405098,1.368762062,1.307510112,1.39311298,1.530137276,1.351199268,1.288480086,1.325288341,1.332045928,1.371525125,1.300983662,1.260222722,1.260378767,1.518356911,1.384512669,1.28024164,1.37606266,1.561766601,1.606235323,1.174132686,,
CD_016_V1,1.445060222,1.817483428,1.801241923,1.770478447,1.700830504,1.877883628,1.911724828,1.768133371,1.731794897,1.260866757,1.257674727,0,1.041301923,1.725915166,1.836642314,1.687967481,1.743410156,1.613709806,1.614524461,1.712782663,1.136438253,1.819950229,1.816488341,1.769045887,1.828073204,1.699593633,1.697018655,1.932533873,1.936693434,1.712290679,1.719002618,1.922519531,1.941073568,1.651542607,1.731588668,1.956479298,1.679903144,1.777940837,1.732679578,1.820669145,1.888136431,1.607188852,1.802448293,1.100899486,1.107185006,1.528250897,1.683105358,1.175987573,1.156368325,1.764260611,1.734496428,1.5931154,1.453794682,1.206805379,1.739501677,1.763823936,1.130786332,1.146845598,1.97153425,1.909265452,1.159275088,1.630545711,1.794299584,1.762362081,1.728536793,1.708111441,1.090275009,1.839758825,1.822932731,1.911867022,1.897884776,1.945184075,1.956813674,1.158177105,1.853443633,1.932403466,1.30444573,1.591183644,1.764708926,1.714102894,1.675666881,1.770949608,1.420104008,1.920389219,1.184305414,1.250013973,1.810581507,1.814821455,1.509839208,1.620948739,1.660551966,1.230219696,1.124529317,1.904780782,1.984734405,1.811703055,1.743725401,1.630336112,1.60255662,1.210293391,1.230610005,1.600884532,1.644876219,1.56695105,1.739075883,1.294844009,1.864257855,1.839393557,1.808694614,1.722500004,1.774044659,1.815200458,1.365289191,1.820316826,1.815546288,1.731246466,1.741251006,1.84501999,1.801132375,1.099667352,1.405448632,1.796979428,1.799336118,1.644304902,1.653161312,1.178947488,1.703554545,1.559067449,1.769607548,1.852090278,1.240144526,1.503839812,1.437012561,1.178189819,1.762401299,1.921859442,1.652108336,1.693541257,1.103758087,1.203617386,1.407937274,1.674909558,1.749655229,1.702303642,1.727087042,1.784582015,1.702560867,1.188353114,1.136264596,1.604383974,1.485263624,1.677682415,1.787260488,1.700046091,1.687289842,1.860986183,1.76332573,1.626513834,1.715108023,1.704219249,1.699694214,1.177992782,1.913461262,1.796265462,1.407112596,1.254707479,1.879410553,1.737104591,1.852419337,1.85914339,1.438704197,1.171172875,1.740651588,1.745553606,1.714820293,1.224680653,1.140975945,1.78683649,1.752608346,1.839881425,1.766406822,1.693877764,1.738451219,1.685082509,1.853342035,1.750884138,1.697192153,1.22834549,1.176421828,1.094985925,1.108622873,1.115473986,1.125933191,1.823832088,1.78192265,1.799244602,1.769572072,1.39301256,1.167954775,1.91762349,1.806523916,1.725259901,1.678002969,1.135815725,1.139481284,1.107050759,1.554962451,1.231742573,1.13005674,1.235245884,1.3198579,1.756201616,1.720247167,1.207388554,1.178669678,1.120222956,1.095603821,1.117071575,1.282196681,1.188876813,1.435710855,1.86563962,1.831030542,1.108428958,1.119080844,1.260761855,1.39281701,1.420104008,1.685926058,1.218785884,1.197765835,1.707264502,1.665981986,1.795820067,1.820282479,1.757414573,1.783592156,1.868725367,1.726834299,1.463645695,1.647061722,1.726894251,1.808533606,1.32025331,1.206899021,1.917471216,1.285725259,1.103463074,1.102876866,1.205880544,1.200147125,1.378041168,1.548547486,1.217293228,1.216982506,1.131450299,1.1790525,1.101476465,1.462098971,1.520398292,1.137719873,1.158393384,1.8170347,1.350795365,1.298953156,1.532458975,1.182109938,1.109036673,1.207582854,1.168395582,1.335485105,1.484904839,1.212229363,1.201431984,1.165577655,1.178093897,1.210097078,1.157696692,1.100404537,1.131457321,1.340563281,1.230617352,1.118248064,1.247041774,1.420104008,1.482706737,1.770632767,,"1. Hill Numbers (q = 2): The analysis was performed using Hill numbers, with q = 2 emphasizing dominant species in the community. This means that rare species have less influence on the calculated beta diversity."
CD_016_V3,1.51383888,1.754074664,1.739579253,1.744518626,1.723877879,1.890529509,1.931071587,1.750752926,1.78424123,1.322894574,1.344793116,1.041301923,0,1.743516965,1.831651062,1.743908989,1.735038675,1.671878476,1.643492907,1.667492718,1.255733661,1.803767852,1.865857584,1.789963134,1.851690692,1.634357014,1.62865752,1.942217142,1.937940566,1.745936375,1.716944234,1.952762755,1.95698364,1.660753355,1.673309686,1.956916737,1.726472532,1.72175385,1.677915805,1.753870031,1.86637294,1.703034382,1.769015589,1.220815548,1.229083485,1.563973814,1.680929062,1.306412961,1.288243465,1.676274732,1.696108385,1.60970893,1.558916685,1.338153147,1.69029651,1.702498138,1.263165888,1.266697603,1.983376772,1.882848311,1.242279082,1.702850897,1.780520166,1.702861116,1.741861706,1.745578247,1.219309333,1.826680673,1.770687558,1.919611565,1.907285487,1.937460428,1.955779055,1.271682841,1.85425637,1.924095839,1.419308403,1.676763539,1.817951723,1.771086093,1.722864234,1.7417147,1.532577339,1.911651531,1.31846893,1.380315022,1.814278894,1.781621764,1.583352121,1.67927159,1.741570653,1.278166136,1.230339638,1.931653722,1.987349248,1.869661629,1.810721779,1.71101416,1.690869927,1.335641449,1.321059492,1.624405559,1.613361294,1.64571471,1.699564387,1.396456081,1.864254282,1.774454821,1.81703482,1.643802487,1.797995223,1.797928157,1.490423321,1.805203529,1.851195165,1.779285111,1.788259761,1.826509963,1.843071625,1.212646522,1.451674733,1.744264519,1.812449226,1.682220612,1.683485325,1.293369625,1.682416508,1.682728056,1.65746863,1.823710066,1.334687823,1.542597951,1.490225183,1.311760585,1.757217645,1.90781568,1.701981913,1.682897628,1.237389788,1.328751231,1.491327481,1.740502552,1.75452962,1.697297996,1.756064868,1.820229008,1.781809341,1.261709407,1.229785463,1.634326522,1.535544675,1.715334312,1.761849583,1.628023649,1.604605639,1.823654328,1.678042877,1.728401977,1.816754961,1.71957494,1.666049702,1.283980364,1.933604881,1.849107388,1.514560671,1.374026268,1.887081033,1.813488955,1.824824359,1.820580794,1.542540371,1.304066566,1.838870398,1.819581301,1.705573103,1.301361085,1.257956882,1.808726462,1.756727682,1.863229775,1.832039049,1.72319088,1.74499603,1.718251895,1.88218731,1.755591328,1.749544426,1.334550884,1.280029871,1.220199989,1.238902392,1.211529138,1.225739811,1.830405472,1.791962062,1.776307176,1.805176652,1.489608627,1.274157395,1.927263169,1.820798189,1.728745121,1.709533977,1.254499142,1.251983007,1.211583377,1.615460693,1.348329557,1.252465773,1.357990218,1.438299129,1.726566488,1.721243832,1.276139481,1.260575118,1.213945392,1.176211015,1.24858736,1.390321696,1.321342253,1.540986717,1.899928485,1.881461128,1.237831678,1.244762281,1.385201554,1.496725005,1.532577339,1.727798518,1.331977999,1.309005288,1.727433609,1.692751291,1.825948576,1.852176173,1.729334545,1.734648566,1.856579684,1.723540155,1.537941347,1.716013438,1.806635556,1.856474238,1.360011051,1.259873504,1.944871353,1.417585878,1.225504401,1.221787472,1.3263613,1.318871162,1.441520521,1.572866597,1.328863694,1.313356827,1.233130664,1.248645629,1.237946984,1.562518374,1.58734784,1.256984485,1.243689464,1.85804924,1.456310816,1.416913413,1.626686901,1.289262577,1.221256996,1.322403072,1.303234156,1.363005728,1.482901138,1.339647941,1.307901803,1.292711076,1.283863441,1.341470349,1.269732329,1.204673071,1.209350876,1.411193413,1.335708539,1.229427436,1.343770698,1.532577339,1.583955546,1.795219397,,2. Beta Diversity Interpretation:
CD_017_V1,1.8403239,1.608523203,1.608680724,1.778285689,1.679301581,1.62116005,1.794487983,1.423832203,1.524341926,1.76882223,1.827469614,1.725915166,1.743516965,0,1.440208426,1.413184506,1.325408894,1.416310817,1.420193832,1.467232586,1.904332155,1.625967639,1.829347204,1.680454896,1.808544933,1.642228201,1.67493861,1.668775476,1.687694289,1.62206492,1.575141571,1.888615724,1.82588987,1.502405804,1.613374057,1.965744467,1.565822256,1.794349783,1.61994593,1.663529271,1.844408929,1.653034,1.569633016,1.826060441,1.820756185,1.845435545,1.883721632,1.949274525,1.920633542,1.632201458,1.606433912,1.832914404,1.981167453,1.973991752,1.527726312,1.600981897,1.91060428,1.881694522,1.972512941,1.759235305,1.741355638,1.979055706,1.594070937,1.588972545,1.3954632,1.470018024,1.790849568,1.500207753,1.501049872,1.665394473,1.641371781,1.955308334,1.966149762,1.897714201,1.696500716,1.581405463,1.832037305,1.931383227,1.686548732,1.616542241,1.509937902,1.699739726,2,1.809311304,1.970282084,1.982487606,1.559774228,1.642693188,1.940556652,1.440418851,1.552631747,1.740609907,1.852360056,1.802235211,1.957150096,1.647923934,1.549604471,1.972302793,1.974735847,1.711403623,1.720475941,1.50277944,1.542721707,1.501427909,1.547817146,1.86987747,1.87733962,1.659108493,1.598954976,1.582357464,1.537219424,1.629244944,1.915183806,1.662224324,1.650654643,1.492300255,1.402140074,1.700596002,1.677499415,1.758893403,1.950008682,1.687511977,1.507081623,1.429109592,1.409569938,1.686987501,1.690047995,1.557327448,1.682668257,1.882735967,1.835239468,1.892684382,1.855237071,1.837882418,1.621855346,1.898834348,1.535683624,1.534435419,1.724310734,1.658216785,1.951562249,1.977021077,1.369028787,1.469994202,1.629292726,1.711959902,1.536071077,1.762434206,1.843941999,1.910425003,1.898222195,1.510616044,1.671696481,1.58378728,1.595252995,1.745448728,1.648330964,1.566007755,1.569994668,1.462773891,1.36145686,1.791810137,1.73577479,1.430104167,1.925783,1.864927656,1.725931341,1.653265913,1.655964106,1.641880032,1.961353745,1.940034717,1.545462102,1.499686393,1.428438619,1.610601537,1.698910589,1.594971074,1.56425169,1.611285947,1.618591026,1.570694841,1.575627122,1.479381462,1.775782999,1.369138796,1.220139497,1.883947241,1.912448752,1.781876993,1.825712308,1.794392336,1.749770535,1.722718944,1.620188025,1.506064702,1.516647897,1.931353093,1.788070958,1.823811589,1.4888479,1.516266367,1.421562593,1.767085716,1.858766584,1.883195933,1.965586864,1.801201743,1.818536158,1.93704051,1.952741563,1.517743494,1.333823881,1.700607675,1.770157146,1.707120152,1.720840897,1.83661403,1.84151341,1.900181695,1.95368791,1.79341791,1.663406628,1.81837138,1.872431301,1.917496576,1.83056012,2,1.46176245,1.938783053,1.921500397,1.535343225,1.439622959,1.459277538,1.623675797,1.552116186,1.461061253,1.794655357,1.436709095,1.936729299,1.981618165,1.717799395,1.691635168,1.904504753,1.892301398,1.611673783,1.936957782,1.848182307,1.837967423,1.790240605,1.73378882,1.890498499,1.897599093,1.671225249,1.637473518,1.720229541,1.70230344,1.813583221,1.956584277,1.930099159,1.844501986,1.6834715,1.963416105,1.947652602,1.930120266,1.995442657,1.637264786,1.768591056,1.867797291,1.857360269,1.726100118,1.894457954,1.874562482,1.774929232,1.815479094,1.895681584,1.648480325,1.771804973,1.792774083,1.771145106,1.830563328,1.870768032,1.771817392,1.778476772,2,2,1.864459447,,Higher values indicate greater differences in microbial composition between the two samples.
CD_017_V3,1.870302545,1.626316595,1.663646303,1.878213596,1.790040849,1.785847517,1.859944074,1.642524046,1.61107135,1.848136524,1.879879489,1.836642314,1.831651062,1.440208426,0,1.58053984,1.554602311,1.627791976,1.562136597,1.604138961,1.909403515,1.626159121,1.82168474,1.791061465,1.862837553,1.723969641,1.731656802,1.646826716,1.654885121,1.784948704,1.740406428,1.927797508,1.754662638,1.682611552,1.755730778,1.931143784,1.667530576,1.914475206,1.817620573,1.638215527,1.818585522,1.62810403,1.561450277,1.905221913,1.894428478,1.903461744,1.925930703,1.940105948,1.946413408,1.683763697,1.673081562,1.91351282,1.987698683,1.979371606,1.663373159,1.659662183,1.930326961,1.892560125,1.980504152,1.743539454,1.835535749,1.982982948,1.594274457,1.63162646,1.554055095,1.59605021,1.860000729,1.645014084,1.526071975,1.652756009,1.746265666,1.914851134,1.957263465,1.927808125,1.647264826,1.493545321,1.890128631,1.965123615,1.76481704,1.680103932,1.687196801,1.807721668,2,1.913736234,1.969725402,1.984589814,1.653727113,1.620064308,1.955415982,1.575562832,1.651683985,1.852644391,1.914976397,1.834073303,1.971707503,1.679701817,1.588163892,1.985081652,1.985836297,1.785148955,1.782135653,1.571414704,1.620914352,1.627255707,1.629376024,1.910249146,1.901592237,1.662725914,1.665936436,1.655995269,1.614376059,1.699064889,1.929366369,1.647392576,1.654048758,1.628578162,1.540992238,1.72262287,1.66005404,1.814340276,1.873488753,1.734262283,1.551562503,1.553813981,1.579617996,1.863898785,1.795985702,1.666507582,1.605222528,1.891049215,1.849542263,1.912171394,1.921499601,1.922511078,1.663266097,1.897057621,1.610291225,1.711846499,1.800510332,1.72362384,1.937009844,1.981959686,1.632178707,1.675305751,1.675724004,1.768319313,1.63117707,1.772056804,1.859757302,1.970668298,1.965076662,1.673892651,1.786130367,1.637235355,1.603551403,1.842184878,1.758515433,1.608793341,1.583402613,1.646180079,1.605896374,1.866219788,1.822110736,1.529562213,1.933356309,1.884326754,1.600364941,1.566124343,1.626945636,1.603644258,1.960438003,1.942483042,1.618383353,1.518512852,1.650165805,1.773813281,1.86292693,1.632443502,1.649603086,1.698555929,1.725264341,1.649017841,1.630456609,1.632790337,1.870549403,1.632653344,1.528281414,1.898407267,1.88546858,1.843165805,1.86973755,1.844676483,1.816571071,1.814942605,1.766157583,1.55481725,1.564281107,1.96425414,1.871711674,1.896988597,1.71363663,1.61049154,1.501936605,1.856018587,1.895115906,1.872464441,1.963521401,1.88800075,1.902065791,1.940317303,1.960808749,1.647630591,1.54830651,1.838751823,1.872200108,1.84653621,1.832616583,1.866926451,1.878876871,1.919239562,1.962531241,1.865567708,1.653896983,1.867529066,1.925699448,1.917923184,1.839037466,2,1.538444683,1.942925446,1.911583972,1.639094414,1.638877948,1.48391583,1.701069186,1.639870152,1.556614026,1.867350087,1.624297648,1.935562464,1.98894058,1.768193837,1.756304536,1.859466983,1.850509216,1.620796571,1.945574775,1.885124524,1.884484125,1.881082059,1.788304942,1.960882026,1.953366206,1.708763822,1.700970521,1.770906762,1.766295025,1.930440583,1.979834729,1.934584973,1.916597907,1.791289607,1.977220621,1.942456135,1.94533564,1.99719498,1.731474465,1.834092811,1.884883205,1.905865754,1.772521206,1.83946138,1.910619595,1.838999467,1.86719736,1.893085831,1.777123477,1.819941477,1.834737825,1.787830593,1.909741434,1.880387762,1.825507932,1.877041462,2,1.999999389,1.909968549,,Lower values suggest more similar microbiomes between the two time points or individuals.
CD_019_V1,1.696685558,1.648136157,1.714951952,1.619619241,1.544202082,1.704471616,1.785450973,1.485894875,1.366101816,1.643489866,1.677335641,1.687967481,1.743908989,1.413184506,1.58053984,0,1.129520018,1.404526977,1.472098505,1.379603334,1.872001887,1.650734218,1.771734353,1.693120807,1.803449228,1.523603087,1.631302175,1.666217215,1.759606596,1.496999809,1.490786609,1.812719193,1.84074257,1.406962611,1.569304598,1.771670302,1.385419097,1.816954943,1.639801174,1.554636866,1.792250899,1.629379089,1.607090244,1.822238453,1.814706427,1.706847349,1.703903426,1.953911478,1.925783122,1.702129458,1.620657639,1.902576766,1.97682329,1.962561586,1.430048057,1.454501819,1.865377763,1.858498029,1.963547578,1.781310749,1.803843903,1.968468482,1.534858935,1.542101888,1.363457053,1.369877403,1.768466912,1.456235385,1.571283544,1.587291008,1.690358934,1.949495476,1.960037793,1.9142013,1.610453546,1.695878522,1.730946963,1.874458654,1.629290406,1.463124546,1.482666182,1.71805872,2,1.79574091,1.963796823,1.976716715,1.467250514,1.625953933,1.922287291,1.311219005,1.437128412,1.77983904,1.861362154,1.72394108,1.937862308,1.496460183,1.435749121,1.970860857,1.968077064,1.644168937,1.68715712,1.476651501,1.606809448,1.444745047,1.545934152,1.871724,1.825066113,1.785043465,1.612850568,1.600732391,1.580766034,1.660356778,1.894491414,1.587490697,1.663174074,1.448782037,1.409159204,1.64733193,1.554218821,1.668180951,1.915854455,1.687329122,1.522240112,1.369223104,1.33881098,1.74289346,1.643059602,1.43206976,1.709681836,1.854659242,1.817917271,1.904004479,1.736596996,1.789190184,1.611233538,1.892424859,1.369050046,1.459434767,1.628557744,1.545618514,1.937623142,1.968393317,1.507151046,1.484706757,1.450568996,1.595521779,1.372797955,1.767945656,1.854283512,1.979460128,1.973084663,1.509592439,1.673719331,1.58986607,1.607221637,1.790944712,1.699890337,1.451372898,1.499313449,1.507542998,1.466796755,1.72976426,1.777305941,1.499739193,1.933889225,1.872380825,1.636433474,1.550339594,1.682213527,1.686136969,1.924900418,1.908176048,1.537864092,1.44585408,1.434898695,1.539195025,1.583898997,1.629159171,1.524871118,1.605430091,1.553023118,1.562778747,1.581808477,1.566750819,1.843217491,1.510691783,1.494894719,1.883107152,1.863514145,1.72814078,1.809992509,1.749744437,1.692345966,1.681430152,1.588465578,1.641824738,1.52375175,1.918022722,1.714153219,1.82528497,1.498081297,1.43137722,1.392774008,1.794557115,1.858164758,1.831820092,1.945428749,1.697380439,1.727072623,1.923337998,1.934165409,1.513257452,1.495452514,1.71105313,1.756708088,1.745573161,1.708676517,1.763088273,1.83144781,1.845829519,1.9316414,1.744102802,1.643575172,1.786437056,1.833176008,1.923666471,1.835638865,2,1.566984766,1.927584284,1.91960557,1.437618444,1.423754021,1.647306799,1.612046424,1.484786591,1.452912324,1.779436559,1.417040339,1.936121665,1.978671839,1.627399346,1.651881373,1.93291894,1.885966577,1.661892911,1.922511147,1.846735934,1.827292102,1.914170465,1.848847137,1.932563587,1.944578478,1.703149701,1.690705066,1.655789632,1.634656427,1.769204743,1.930291148,1.905177533,1.887956961,1.68434782,1.946729384,1.927975615,1.888659861,1.993860225,1.611045159,1.751202867,1.792423216,1.722522471,1.76336939,1.899552527,1.835740516,1.737654972,1.793521857,1.902836673,1.547639703,1.706431707,1.81846115,1.775115827,1.885310682,1.942943503,1.756980256,1.795312637,2,1.99999304,1.749997015,,"3. Pairwise Comparisons: Each value in the table represents the beta diversity between two samples, meaning that:"
CD_019_V3,1.728762455,1.575727718,1.618999494,1.59728651,1.586498877,1.715561441,1.832419719,1.333421202,1.441024385,1.625114623,1.707442955,1.743410156,1.735038675,1.325408894,1.554602311,1.129520018,0,1.52452182,1.477375746,1.343399671,1.914781667,1.678313972,1.885901061,1.743067073,1.854376742,1.463885468,1.593150538,1.706100375,1.723569919,1.600243268,1.556818459,1.865100914,1.84019028,1.484135271,1.507967034,1.857202267,1.480061452,1.811773942,1.627305424,1.506069973,1.789163393,1.776334353,1.532758572,1.841580773,1.843082653,1.677684864,1.670582141,1.951675898,1.93394017,1.640044155,1.616707294,1.927270171,1.984036081,1.973324209,1.407517404,1.379382579,1.915137397,1.879844241,1.977571645,1.748120055,1.771804086,1.983521275,1.469826315,1.422239376,1.345749978,1.437672863,1.81864749,1.434787979,1.428373953,1.562066305,1.629136834,1.966199184,1.97076765,1.899682565,1.574213311,1.63767058,1.799590832,1.909789905,1.657201077,1.565276117,1.602710208,1.695473971,2,1.800232755,1.979386545,1.988842931,1.502391078,1.610646612,1.936338186,1.43735087,1.566421663,1.70103483,1.889191494,1.78495474,1.940724022,1.709052297,1.63133934,1.980335388,1.985835923,1.749547224,1.677052191,1.557229935,1.619582453,1.595617214,1.47453083,1.886133176,1.890308606,1.728316318,1.645722789,1.456794398,1.661244262,1.621326889,1.947373057,1.576573794,1.672130879,1.534001685,1.508148735,1.707330407,1.664802718,1.742961549,1.910917631,1.748903539,1.583116275,1.48457828,1.483935648,1.642426634,1.712525407,1.584062393,1.696687545,1.911630458,1.838879841,1.885514914,1.687819103,1.852032255,1.644907542,1.839432615,1.434987841,1.51389047,1.785257428,1.683966869,1.944745788,1.977738001,1.430669411,1.429973889,1.522327652,1.698410776,1.543780604,1.730603253,1.848119331,1.978334007,1.972019085,1.600915984,1.679566797,1.486668421,1.50745694,1.727292055,1.558711048,1.561260736,1.583051448,1.455595348,1.381431507,1.850450763,1.811620915,1.577268765,1.948422408,1.896559105,1.552098605,1.561992592,1.704619585,1.698366606,1.950107607,1.921046539,1.675827786,1.580636995,1.510036264,1.587684199,1.703055972,1.492199019,1.464926372,1.616161459,1.665397357,1.588268788,1.609305798,1.548872343,1.839180373,1.43409866,1.542706835,1.838942246,1.860466865,1.845042035,1.894601208,1.734436733,1.622870571,1.713490376,1.589013508,1.610396913,1.618648032,1.936376019,1.752479076,1.826791989,1.448371835,1.3692054,1.433855914,1.796874806,1.839390016,1.839607024,1.957112121,1.804684877,1.798183395,1.944793145,1.955585093,1.512190919,1.428848266,1.676189439,1.774000678,1.71047903,1.742532591,1.853720378,1.859123698,1.878133616,1.946556845,1.810891287,1.653619225,1.842556421,1.870793835,1.948042025,1.854853522,2,1.680209355,1.95128816,1.940386337,1.594768892,1.571924892,1.541651059,1.640320284,1.488367307,1.428118242,1.777725093,1.426042562,1.927578201,1.981479459,1.770007696,1.753703308,1.920264011,1.854618909,1.680472143,1.961929032,1.873348362,1.847562294,1.926239588,1.87467968,1.947121148,1.946166913,1.761351734,1.667367432,1.719799693,1.639795713,1.836791523,1.959532726,1.922744815,1.866695542,1.690242025,1.969299516,1.932885657,1.918535142,1.994774903,1.720424833,1.783221493,1.881650708,1.873390243,1.731902905,1.904757987,1.880568341,1.763551311,1.866763546,1.88657701,1.754599297,1.805745539,1.825302118,1.737234009,1.878842961,1.953596017,1.838180805,1.879435559,2,2,1.775403314,,"The diagonal values (e.g., comparing a sample to itself) are always zero since there is no difference."
CD_020_V1,1.608259744,1.495325178,1.504059233,1.685043222,1.523744555,1.569522778,1.68228943,1.543681543,1.504306728,1.65867669,1.668749477,1.613709806,1.671878476,1.416310817,1.627791976,1.404526977,1.52452182,0,1.142382041,1.405825263,1.785492189,1.610159123,1.593406287,1.361490436,1.572741997,1.696805621,1.723934208,1.7941247,1.809636759,1.414764284,1.324109771,1.833607169,1.859809517,1.266833399,1.392183401,1.881127593,1.330172562,1.595485898,1.404308197,1.669768263,1.817363926,1.427734404,1.560087804,1.767863784,1.771321426,1.709284785,1.799876939,1.936854939,1.909059063,1.451017731,1.479369029,1.614413027,1.941695001,1.937139282,1.385733933,1.54545624,1.822646998,1.724364771,1.950563112,1.765403308,1.708605839,1.953114148,1.600776838,1.625320475,1.338082832,1.408941815,1.581040807,1.608884174,1.616543451,1.727964166,1.742746689,1.88061834,1.894597486,1.886012492,1.750279642,1.849714177,1.668991429,1.843470999,1.281399592,1.416122272,1.179161225,1.510771498,2,1.749737238,1.94136998,1.963240398,1.461679097,1.68171915,1.860912861,1.282692222,1.402839498,1.54518853,1.667995913,1.732981603,1.941553787,1.601925783,1.405945912,1.942360386,1.942251001,1.463924115,1.57006242,1.202201732,1.334323057,1.242955483,1.46068815,1.732851779,1.741388062,1.788452808,1.505480945,1.497821743,1.499362702,1.625411196,1.774454706,1.544034995,1.649507984,1.241683367,1.24223653,1.567107735,1.500112682,1.603965348,1.95738405,1.406323598,1.462780739,1.290659476,1.218280675,1.760406802,1.381698438,1.285669551,1.730281221,1.783892215,1.656490552,1.769771815,1.701399791,1.674657435,1.574671422,1.882998598,1.276565286,1.338812631,1.471092341,1.37582443,1.906146028,1.940475084,1.565056815,1.47343973,1.382568148,1.5403756,1.394094571,1.668663773,1.750447174,1.756532361,1.712221759,1.111727635,1.300026226,1.485799868,1.545533115,1.566746607,1.37713316,1.241530829,1.304323537,1.368327243,1.305323719,1.586930495,1.675893901,1.450871501,1.935004927,1.923817995,1.736313207,1.562078546,1.56444578,1.651720997,1.933414522,1.897856704,1.471086419,1.435427177,1.286567356,1.437091666,1.626647838,1.636672413,1.593295336,1.474326328,1.417891249,1.455280202,1.453478593,1.258816536,1.682038953,1.565697646,1.456696671,1.900639265,1.865349278,1.535123769,1.580783933,1.727812575,1.762360858,1.642491898,1.573763431,1.595674473,1.521525791,1.867863117,1.708959493,1.785424953,1.441225606,1.537017282,1.399804309,1.59729954,1.780900358,1.735028192,1.886832177,1.766497529,1.798976318,1.874147374,1.910402457,1.499291926,1.512492045,1.643065051,1.653544906,1.686601064,1.593636698,1.667662367,1.809025404,1.816364826,1.890298792,1.640734254,1.585162882,1.59695714,1.733211799,1.897590264,1.779526997,2,1.391174217,1.899998562,1.879882477,1.255549914,1.151395454,1.612675315,1.477755375,1.350565004,1.382685273,1.698898659,1.247403937,1.87568174,1.952324094,1.489923953,1.610469979,1.825908087,1.811223675,1.592844525,1.845461588,1.666057568,1.709448464,1.913909576,1.820528483,1.750049161,1.752966369,1.70373727,1.749464107,1.431444614,1.459078142,1.774513264,1.902730321,1.845226147,1.768403099,1.467829937,1.9462201,1.933514746,1.882604708,1.974615604,1.290702919,1.602322551,1.70694957,1.744239514,1.550853225,1.778404144,1.766697239,1.679915605,1.730329367,1.846882325,1.34375875,1.559517372,1.772032334,1.719260097,1.666003357,1.835804559,1.510998675,1.500237704,2,1.999956244,1.667725424,,"Off-diagonal values show how much two samples differ, allowing for the identification of patterns such as progressive microbiome shifts over time."
CD_020_V3,1.646682702,1.570478434,1.572029149,1.77196402,1.714307714,1.613679076,1.737588277,1.596176403,1.619918967,1.682717503,1.71975948,1.614524461,1.643492907,1.420193832,1.562136597,1.472098505,1.477375746,1.142382041,0,1.444536451,1.826233895,1.517064604,1.672630003,1.489356455,1.674411338,1.589301986,1.630089986,1.833680783,1.815708303,1.587542028,1.478426661,1.874319702,1.859400414,1.398427056,1.489127506,1.937014853,1.390588907,1.704015794,1.536852644,1.579695507,1.795462287,1.400375975,1.569013828,1.797411128,1.801572485,1.790054667,1.850022663,1.948188943,1.924351707,1.45207222,1.517784847,1.714957353,1.963515402,1.954783031,1.48026788,1.507177515,1.821901319,1.738015744,1.978677341,1.757597535,1.725830757,1.960711192,1.649795743,1.634953157,1.342579105,1.484978646,1.65952834,1.587256192,1.508330538,1.729026214,1.732906204,1.923215518,1.93059545,1.83063726,1.716441446,1.831218244,1.753289125,1.901839861,1.431909337,1.30020178,1.345794632,1.594571599,2,1.815982718,1.951679636,1.967184854,1.593423145,1.717952417,1.888754302,1.422585176,1.575566797,1.65244639,1.751225687,1.79902478,1.960435263,1.695535261,1.52507872,1.958771644,1.960037993,1.525471676,1.584850168,1.253698958,1.359350577,1.357214353,1.480986538,1.801451975,1.775333712,1.671062844,1.587289732,1.493985913,1.540456393,1.645848605,1.787222919,1.538626195,1.599168593,1.352513433,1.367432207,1.644037195,1.59618557,1.663033854,1.859316105,1.494363411,1.448587584,1.334220067,1.351830489,1.702229301,1.517368762,1.376410371,1.630246077,1.82484588,1.662914311,1.77034505,1.799505799,1.833090929,1.546055359,1.846833624,1.371028133,1.464558143,1.546220054,1.431285182,1.887143524,1.949249997,1.547427197,1.455458216,1.459502375,1.623917788,1.543762834,1.587491996,1.687238997,1.837193437,1.809077154,1.275076227,1.44423766,1.481742397,1.489734989,1.668521196,1.477037701,1.344993371,1.448684731,1.373047664,1.319042049,1.678429048,1.736706139,1.491331546,1.938729119,1.935762405,1.751052295,1.568122023,1.64437384,1.661907499,1.93339057,1.912973681,1.537991106,1.488442697,1.387478808,1.520334025,1.740599099,1.518132161,1.469389954,1.583015658,1.536634432,1.558827612,1.528738748,1.35822595,1.748172258,1.549354808,1.517637239,1.868087417,1.834126801,1.585257554,1.623313966,1.699472825,1.655740481,1.68368811,1.534235063,1.643203804,1.641754632,1.908094641,1.744718606,1.851273541,1.535456459,1.444757789,1.388058636,1.726571644,1.827786156,1.756267393,1.877406855,1.769105205,1.75064226,1.907532244,1.941452911,1.547986274,1.507847536,1.637280403,1.68912681,1.716208437,1.651525672,1.781835933,1.853335227,1.854721342,1.922742967,1.744998472,1.508582144,1.686199517,1.824959434,1.936278366,1.814933725,2,1.457229668,1.912112816,1.882989412,1.335901805,1.206771415,1.505856814,1.426799091,1.365830591,1.41401689,1.66935444,1.235746312,1.888008578,1.967435431,1.514497914,1.659834298,1.778850134,1.728611387,1.649109445,1.872530897,1.690765814,1.75530945,1.911654277,1.827889815,1.813386658,1.815866348,1.745156325,1.697980176,1.44067672,1.472164077,1.792303859,1.947838563,1.861464121,1.792848504,1.536726012,1.957455938,1.925020139,1.926601239,1.988360551,1.38433705,1.65520853,1.797054896,1.850346297,1.574773048,1.735382843,1.839124673,1.738147189,1.786952713,1.798020128,1.450608601,1.625087286,1.808303531,1.706079345,1.752098861,1.88401736,1.552202442,1.632864213,2,2,1.733505181,,
CD_021_V3,1.653798307,1.477887322,1.478516531,1.552967174,1.54874889,1.692289801,1.771619765,1.423479681,1.548166749,1.511638308,1.641987183,1.712782663,1.667492718,1.467232586,1.604138961,1.379603334,1.343399671,1.405825263,1.444536451,0,1.863552021,1.663601947,1.78178797,1.640039312,1.770627217,1.70619107,1.769407619,1.762762301,1.80706501,1.434850399,1.488315805,1.87822258,1.892028912,1.39061066,1.35919672,1.904978206,1.504820978,1.744523162,1.577027907,1.641519824,1.839716946,1.50685204,1.369684099,1.82702036,1.818648542,1.608940621,1.62748325,1.938492568,1.848843493,1.496998505,1.478612512,1.84334053,1.97470863,1.964099688,1.342597312,1.284961009,1.83519628,1.757036172,1.98237927,1.816973785,1.675024385,1.960988168,1.565904952,1.434547141,1.550679071,1.530533139,1.703534312,1.595694665,1.56215008,1.729302194,1.743580605,1.930079101,1.921985399,1.878916677,1.45861766,1.660991318,1.768006726,1.904040375,1.607187713,1.563057461,1.539869203,1.596460594,2,1.773287911,1.962814402,1.978839654,1.557504324,1.604208041,1.901701299,1.449234296,1.603945581,1.507980265,1.744092592,1.776151863,1.951753261,1.359177377,1.325901967,1.967768175,1.974545024,1.633489437,1.442448382,1.416088319,1.50466043,1.556948804,1.578591879,1.801121608,1.781602275,1.701726571,1.453504278,1.252361845,1.646303097,1.464889354,1.891739595,1.611782721,1.750320991,1.291002051,1.432282252,1.662017494,1.707561759,1.719542915,1.933450848,1.60024408,1.618187112,1.4530321,1.447827118,1.605046384,1.56569088,1.522129287,1.713616344,1.846253773,1.729273292,1.781447993,1.608988246,1.810439947,1.553226294,1.607471748,1.379147938,1.423723316,1.630030588,1.549067757,1.88878301,1.966520695,1.623937838,1.502399165,1.474941122,1.715839127,1.653733264,1.622602796,1.79173909,1.940576032,1.926415828,1.41613655,1.466120364,1.368454661,1.443286239,1.56534282,1.400823947,1.511400172,1.6275532,1.299025526,1.32139451,1.772012909,1.840236124,1.67398803,1.940954243,1.901798077,1.781289734,1.688116346,1.71836388,1.680309727,1.946371137,1.916964575,1.725621785,1.664009438,1.513688208,1.477023731,1.686247392,1.754128601,1.656443337,1.652574914,1.713470063,1.542360389,1.589997946,1.501115731,1.82668574,1.625703942,1.470625267,1.903586971,1.881481846,1.71881346,1.760222916,1.670697339,1.682371266,1.788274239,1.786943244,1.30784111,1.34876226,1.916056561,1.759019408,1.828622302,1.470923433,1.564554011,1.529223799,1.761054948,1.807343832,1.750646847,1.869903821,1.647746873,1.737039719,1.916823871,1.940369659,1.538774889,1.559438391,1.618736733,1.678946098,1.649293385,1.678804195,1.742325607,1.793258998,1.848050373,1.934101869,1.825187516,1.767644835,1.776549099,1.831351206,1.956706618,1.879091482,2,1.427046946,1.931616788,1.867162798,1.562804913,1.464987195,1.614783842,1.619450966,1.356088767,1.451969329,1.730526181,1.368956235,1.858609316,1.966985018,1.699937189,1.738842215,1.855845824,1.753767688,1.733800952,1.922803225,1.747032676,1.748498622,1.906710234,1.701072927,1.912684071,1.891658191,1.519733245,1.474976966,1.524709076,1.440030475,1.87603913,1.944147071,1.847708022,1.875615346,1.544252269,1.924198226,1.888311194,1.897539082,1.991170948,1.523285848,1.654850432,1.85659085,1.81186795,1.590157339,1.840604202,1.83293628,1.678893548,1.777702872,1.809163014,1.631441686,1.695525876,1.743936832,1.608200947,1.753649929,1.765817007,1.684021265,1.793569696,2,2,1.702425957,,
CD_023_V1,1.487607454,1.87744507,1.894782822,1.936304969,1.888142184,1.939071892,1.943551087,1.920219741,1.90463226,1.306536341,1.275228222,1.136438253,1.255733661,1.904332155,1.909403515,1.872001887,1.914781667,1.785492189,1.826233895,1.863552021,0,1.899940182,1.828469379,1.87814265,1.908905902,1.916191637,1.922711817,1.963990892,1.96690018,1.903137023,1.893091984,1.975005257,1.980880412,1.799300035,1.849757897,1.893409558,1.827260898,1.909929085,1.874084105,1.875855647,1.918095512,1.840680609,1.911765596,1.03550951,1.036230161,1.564520323,1.732042186,1.098669493,1.06852953,1.877000535,1.901091282,1.625038718,1.368183015,1.09731359,1.852021165,1.882131867,1.088622032,1.116225359,1.989841665,1.963018611,1.145839217,1.553722346,1.877917557,1.884734315,1.887416674,1.877028601,1.067087228,1.923927159,1.910354752,1.95010177,1.957430407,1.933840472,1.929121688,1.085549902,1.937499925,1.946031031,1.290006024,1.536023289,1.852159386,1.874774414,1.861782062,1.920037986,1.256299678,1.956141829,1.085868996,1.14193772,1.909398723,1.928527975,1.444177487,1.848048617,1.882532533,1.24321264,1.081156884,1.962282681,1.990199166,1.921796359,1.884105754,1.561706867,1.529253407,1.235488784,1.262535247,1.781086309,1.804701177,1.832721555,1.896073365,1.258473317,1.923511775,1.911386553,1.906903497,1.882698086,1.90776598,1.915975299,1.336926441,1.894951322,1.930312166,1.873145606,1.859732804,1.908816092,1.869313132,1.109466737,1.339100762,1.842214725,1.892811943,1.834522347,1.793512923,1.187833377,1.840325453,1.860732461,1.916592348,1.919708847,1.242811767,1.490105351,1.433577585,1.078169064,1.935646663,1.977413106,1.855066016,1.83075259,1.14217513,1.262599779,1.339466033,1.599287419,1.906925298,1.890501282,1.8664962,1.908104903,1.890295398,1.19326445,1.08793163,1.579971474,1.45021745,1.799493103,1.874756116,1.912179888,1.919952171,1.893988535,1.854441086,1.841233825,1.8659278,1.883207644,1.839351167,1.185335774,1.952503606,1.905459778,1.329606257,1.190664363,1.916813532,1.887830168,1.893762744,1.896063531,1.375944681,1.085006266,1.911125261,1.896256854,1.823461981,1.328818175,1.181127871,1.93629834,1.913677312,1.875880822,1.889141871,1.886495034,1.874778511,1.854192116,1.930219941,1.907138269,1.915462349,1.180902345,1.123497043,1.108748474,1.083509565,1.094087622,1.130793663,1.895026986,1.907687865,1.901165892,1.898335669,1.335063025,1.178506054,1.940913537,1.896761222,1.889136475,1.871059579,1.087283984,1.083288699,1.063846313,1.490682479,1.238516792,1.120446388,1.177892599,1.25910317,1.873645873,1.875578481,1.207353439,1.1536159,1.138824734,1.14368028,1.085567338,1.255545268,1.130076773,1.357216265,1.933208883,1.925807615,1.087413719,1.056212686,1.204213281,1.399885818,1.256299678,1.86356782,1.153398714,1.141136173,1.798382603,1.806091982,1.93499873,1.909188497,1.847630719,1.857397343,1.874784563,1.840046229,1.40493831,1.564037784,1.881790383,1.92434419,1.271203619,1.141039731,1.94557272,1.212761981,1.056846386,1.048373331,1.14279243,1.174012998,1.347002944,1.515094899,1.241600557,1.243533993,1.177722993,1.221825525,1.098482552,1.393246201,1.461530896,1.088355341,1.211503193,1.808638834,1.286408506,1.252116571,1.419325265,1.248116472,1.085095127,1.143091264,1.149893742,1.381399133,1.456567887,1.183720563,1.2140754,1.158136895,1.118420769,1.343526135,1.168605055,1.080717543,1.126133471,1.309271472,1.148540271,1.113252523,1.241950407,1.256299678,1.386517658,1.894554571,,
CD_024_V1,1.852684127,1.73066674,1.743384042,1.889671706,1.84658577,1.653082703,1.691865477,1.641597168,1.467934824,1.829983601,1.861572166,1.819950229,1.803767852,1.625967639,1.626159121,1.650734218,1.678313972,1.610159123,1.517064604,1.663601947,1.899940182,0,1.87781639,1.680639825,1.75809154,1.713355329,1.720587503,1.63443959,1.57404055,1.64409682,1.560247919,1.878068362,1.769855113,1.699690288,1.75065001,1.956310782,1.627552963,1.869051978,1.783528333,1.502976712,1.73276962,1.710890553,1.548114419,1.883162359,1.9037694,1.944853633,1.959422661,1.874242905,1.892476234,1.445244774,1.467478671,1.874209565,1.953675775,1.963369488,1.582529786,1.567297964,1.796444059,1.849170188,1.927363561,1.367456765,1.825869876,1.930670243,1.661472836,1.67832065,1.460446783,1.56788646,1.893181569,1.606011857,1.422733313,1.652010558,1.698840776,1.883113784,1.899910003,1.907882754,1.684103185,1.61166646,1.888977841,1.961393307,1.74363801,1.754127698,1.559973419,1.726107631,2,1.816316522,1.956635237,1.956635865,1.483898733,1.413135111,1.87654851,1.590479106,1.630475008,1.858285331,1.846839376,1.711170523,1.958340538,1.716547694,1.635885602,1.939623727,1.942067982,1.808580882,1.817426383,1.572717488,1.567317326,1.629861118,1.494204579,1.853128172,1.780696414,1.446364273,1.67479225,1.682934108,1.739522561,1.795397924,1.899324583,1.482744576,1.527021997,1.680376461,1.592185726,1.641531259,1.682045472,1.824883198,1.954467834,1.707473263,1.192457662,1.584115081,1.645647292,1.879018478,1.812859016,1.732061172,1.555302856,1.800609715,1.790806701,1.86465333,1.946333489,1.954561568,1.43554256,1.763091572,1.573818666,1.715358812,1.778588957,1.720763463,1.886437985,1.92920301,1.614045941,1.632309067,1.593828082,1.630032765,1.548646447,1.770913309,1.781755567,1.930912392,1.917253644,1.679139265,1.759707775,1.64953954,1.68154223,1.841454564,1.744700824,1.684310957,1.666153257,1.657286815,1.594086419,1.852600344,1.747550114,1.514311891,1.906842954,1.885973503,1.680125979,1.596029544,1.62972909,1.589709917,1.927418627,1.963974325,1.548280664,1.56685395,1.578315079,1.790497823,1.853669453,1.615849248,1.536125169,1.711880423,1.693819318,1.677474813,1.434116727,1.647812961,1.83340233,1.615198032,1.703624781,1.880796907,1.834676221,1.782148233,1.855416988,1.83028113,1.830734097,1.753129281,1.63065511,1.725632832,1.626518565,1.900225655,1.780932553,1.914607252,1.660307445,1.58120142,1.503292446,1.857764085,1.791764857,1.814529168,1.933227486,1.850397524,1.857109132,1.929413241,1.952320326,1.551151108,1.491712909,1.755350714,1.837048571,1.86051544,1.822843875,1.879683164,1.733766467,1.914677947,1.911034851,1.756763812,1.520281014,1.896888686,1.947804066,1.916575433,1.793116634,2,1.639470988,1.939356113,1.908834248,1.609085749,1.629259917,1.446435278,1.570859862,1.560757339,1.529020813,1.812640215,1.469723939,1.871523486,1.942382879,1.612215833,1.613109801,1.880174984,1.824526252,1.581230981,1.919056242,1.876284812,1.877668474,1.762041047,1.739508463,1.902475749,1.901606073,1.861383517,1.869601307,1.732320878,1.713312919,1.862721865,1.906394477,1.858093071,1.907294008,1.79308915,1.920181326,1.878826582,1.93805784,1.997763168,1.699234616,1.825206309,1.888679863,1.907292767,1.706941777,1.863390323,1.88157124,1.858849499,1.868532237,1.912521519,1.76974411,1.802608859,1.847598404,1.797622711,1.891038028,1.938884664,1.793561929,1.85327562,2,1.9993852,1.94017194,,
CD_024_V3,1.790780032,1.820669502,1.798848835,1.944142471,1.905361741,1.869890027,1.896614106,1.920237241,1.880031436,1.91442554,1.88292219,1.816488341,1.865857584,1.829347204,1.82168474,1.771734353,1.885901061,1.593406287,1.672630003,1.78178797,1.828469379,1.87781639,0,1.733209288,1.812620357,1.883519543,1.919061268,1.955267248,1.972243308,1.814270734,1.764876161,1.931788304,1.955475458,1.767064532,1.847869245,1.961014411,1.707103595,1.707223948,1.712232983,1.928284912,1.789627494,1.44721144,1.684588882,1.902769598,1.900707419,1.889936131,1.941798632,1.968446292,1.950318346,1.715707565,1.704435867,1.673093839,1.978366091,1.952883049,1.833618173,1.917585429,1.876666157,1.853689707,1.98036346,1.93545002,1.855769478,1.971595131,1.901116808,1.929094602,1.705167604,1.505177863,1.767490054,1.891983706,1.902546696,1.926166599,1.911379175,1.574158703,1.420947573,1.958873361,1.893972573,1.887475339,1.881934497,1.945846374,1.672487315,1.661721487,1.640390112,1.786194828,2,1.910411794,1.945061712,1.969357744,1.862560911,1.886377314,1.926020918,1.770506764,1.805938596,1.793478203,1.847261957,1.92859552,1.985640777,1.767072034,1.708549343,1.965714046,1.96251147,1.674620083,1.828044407,1.444200783,1.544953169,1.572252176,1.825489194,1.88666851,1.848776079,1.946034898,1.815092331,1.794916229,1.64814849,1.717180339,1.787464741,1.860501477,1.815384136,1.576600247,1.63381274,1.751584447,1.748204564,1.805220705,1.989634576,1.330231756,1.844736498,1.698084714,1.664075373,1.857063686,1.630716216,1.588593121,1.900923729,1.737691576,1.809187607,1.881508463,1.923748354,1.908014415,1.878926861,1.975194404,1.6755029,1.707377944,1.662660307,1.445973523,1.980596176,1.963147177,1.877203602,1.794293314,1.748692483,1.783776358,1.76583813,1.893202038,1.891944537,1.748655284,1.735367539,1.621137357,1.722899143,1.817437876,1.836678445,1.748242252,1.792837281,1.604719664,1.693481422,1.739664207,1.734719055,1.709971568,1.927729588,1.810519912,1.964145207,1.979382363,1.880415879,1.78468441,1.850161104,1.844198404,1.944094432,1.945669276,1.739496564,1.702084041,1.73806445,1.740193406,1.851771572,1.823410849,1.811735471,1.711210417,1.61442907,1.804799789,1.787580213,1.665432107,1.823396505,1.877406548,1.774826813,1.979696105,1.966712353,1.745418788,1.687724735,1.9174563,1.941181138,1.864560787,1.859049754,1.604359004,1.629990778,1.688132924,1.835245789,1.870366419,1.75255261,1.885502325,1.786579911,1.887120232,1.948379309,1.900029727,1.951969022,1.930508178,1.926212032,1.944658244,1.964634346,1.76203509,1.774624839,1.876370522,1.818564754,1.85859691,1.822948566,1.86945381,1.911750901,1.89796389,1.942390809,1.889319831,1.814330534,1.78737938,1.892694158,1.96580504,1.904480106,2,1.670967345,1.950107661,1.941836782,1.401475748,1.518220327,1.824839032,1.783096051,1.780529201,1.83863857,1.907245596,1.708850578,1.951001883,1.969844791,1.653129294,1.824135781,1.898436872,1.929525319,1.900613006,1.821733432,1.763897324,1.86876261,1.969733244,1.881554178,1.801248881,1.818582735,1.796362635,1.824791938,1.676240798,1.762931462,1.915776425,1.966697227,1.719609961,1.848069999,1.675342171,1.971330825,1.977026955,1.963965107,1.992804399,1.64803177,1.824974105,1.427943699,1.629613954,1.841345959,1.89544091,1.89505555,1.865408724,1.881518791,1.94903898,1.629787365,1.800282964,1.89395689,1.896605962,1.762032987,1.829732828,1.666659766,1.683791989,2,2,1.785981744,,
CD_025_V1,1.611979803,1.396438552,1.530704861,1.764623412,1.623646743,1.754173334,1.805458824,1.731279546,1.66675015,1.774244523,1.77995136,1.769045887,1.789963134,1.680454896,1.791061465,1.693120807,1.743067073,1.361490436,1.489356455,1.640039312,1.87814265,1.680639825,1.733209288,0,1.253940439,1.811172506,1.840788125,1.914473793,1.906323277,1.476231343,1.350693349,1.924754553,1.942629862,1.541795667,1.631703414,1.935235047,1.656496602,1.532768284,1.434732976,1.800304519,1.886368121,1.686820487,1.668679446,1.860635995,1.871517133,1.793157383,1.830057892,1.970169796,1.95490915,1.337374499,1.450574877,1.570690241,1.982704362,1.975560997,1.565096117,1.752778431,1.882523759,1.778373094,1.968337215,1.852771231,1.71785481,1.966480459,1.6289531,1.625556563,1.47551721,1.545013454,1.730292987,1.717026561,1.695981833,1.823051648,1.834397913,1.861254405,1.902651573,1.928269081,1.774227959,1.715125042,1.842339019,1.931606934,1.514675672,1.682624525,1.270054088,1.351543566,2,1.74140595,1.974556278,1.98344558,1.586047285,1.601790402,1.875165253,1.48742938,1.601060463,1.598008691,1.738523381,1.870217359,1.974452954,1.753023487,1.622542663,1.970961118,1.972531434,1.732401689,1.773043388,1.424530161,1.423382727,1.396417709,1.556335358,1.768820893,1.83353908,1.758654275,1.666075269,1.601641844,1.607521939,1.729760109,1.88420728,1.542247857,1.684264291,1.473886956,1.487015891,1.553129052,1.601755991,1.702351818,1.967999047,1.488167851,1.590866655,1.523155724,1.46317536,1.842719443,1.478827179,1.521373673,1.74628317,1.81412089,1.750911688,1.77428726,1.766304652,1.826730454,1.816297897,1.958168806,1.49145422,1.522572947,1.647634486,1.629198674,1.954036021,1.96276253,1.538061241,1.58371116,1.54009236,1.464251957,1.451705745,1.763561178,1.799713353,1.674512804,1.637614737,1.346051677,1.379597611,1.527612257,1.512893285,1.574800582,1.501142985,1.557970991,1.572888571,1.506938012,1.456995284,1.619402474,1.837988834,1.673427928,1.956286591,1.938754838,1.871212616,1.732342279,1.712557351,1.726744737,1.969721977,1.953479625,1.655769253,1.698483373,1.55938826,1.572069769,1.701673156,1.5397422,1.552260651,1.742444231,1.706782584,1.526443229,1.519847981,1.509349621,1.78820715,1.53885923,1.697782689,1.955822025,1.936467342,1.738426822,1.748582732,1.863759331,1.884720483,1.695270725,1.635888025,1.592653809,1.564335077,1.875748595,1.773497661,1.811749514,1.645216077,1.716405633,1.662084683,1.733579972,1.849884825,1.758027464,1.88188058,1.870842834,1.888726063,1.935089837,1.955600577,1.393070825,1.55991424,1.729117991,1.690120339,1.798509399,1.720399906,1.781368692,1.878514214,1.901618449,1.940605453,1.795534639,1.774757171,1.758393366,1.837674978,1.958097989,1.882207252,2,1.484988634,1.936793064,1.931055192,1.491401645,1.428076689,1.645857622,1.653345554,1.434191616,1.605133117,1.792222751,1.454297504,1.909768147,1.956916576,1.712619977,1.719226728,1.814572748,1.849781435,1.772460777,1.92324823,1.787486223,1.73253448,1.956060292,1.888668905,1.675438355,1.600824019,1.800230388,1.829319657,1.604333276,1.572103249,1.872808905,1.93546813,1.774794796,1.788379036,1.57887377,1.966879409,1.956912362,1.946168522,1.991694516,1.48391127,1.612652151,1.759204037,1.814824071,1.630499418,1.825094782,1.84905029,1.745772671,1.859530964,1.90802647,1.526615116,1.706840363,1.870188311,1.813886708,1.603701296,1.713445262,1.658585712,1.596262472,2,1.99990751,1.794057066,,
CD_025_V3,1.829179352,1.707463981,1.719085276,1.854120763,1.725751374,1.818680604,1.855666509,1.846964012,1.767406663,1.837232841,1.859389637,1.828073204,1.851690692,1.808544933,1.862837553,1.803449228,1.854376742,1.572741997,1.674411338,1.770627217,1.908905902,1.75809154,1.812620357,1.253940439,0,1.874421606,1.88604567,1.937733134,1.931163735,1.528531878,1.415028146,1.94572525,1.958352074,1.642063672,1.706238659,1.948541287,1.773335852,1.676332077,1.645973854,1.861986373,1.918181777,1.768278754,1.814826595,1.903092458,1.91245613,1.883728476,1.902554628,1.978825389,1.966361567,1.378234803,1.506634862,1.683346764,1.987087281,1.981875939,1.721436812,1.830332102,1.923924732,1.873185787,1.975655937,1.895730059,1.81408659,1.971939816,1.745542528,1.769556523,1.664518809,1.699172432,1.811403107,1.790027398,1.752018295,1.898521432,1.900056854,1.888375533,1.932862687,1.94450488,1.86843382,1.809546876,1.895467679,1.953689102,1.69680449,1.798399003,1.337386464,1.265097217,2,1.792199654,1.980841212,1.987091089,1.705703702,1.649133418,1.910553888,1.601959819,1.690577946,1.735286056,1.817970603,1.916263221,1.984342586,1.81883614,1.739444088,1.977491059,1.97760838,1.794838141,1.821144451,1.616791266,1.614071531,1.53212377,1.717068421,1.848868823,1.869912214,1.807702482,1.778914453,1.766086786,1.711047993,1.817545337,1.908969881,1.784187603,1.787159158,1.63350498,1.634105781,1.678452604,1.689539401,1.78933173,1.977588359,1.644157192,1.672525482,1.663843913,1.651985438,1.89774913,1.664309037,1.670637891,1.773696246,1.825228762,1.819946548,1.830349637,1.880418192,1.90289774,1.867935638,1.96585027,1.629971272,1.707206859,1.73469672,1.736282116,1.959546972,1.971932817,1.765785877,1.74376922,1.614708144,1.350046612,1.414784593,1.846415137,1.848282352,1.763878349,1.740884909,1.552864767,1.557120719,1.618601011,1.553769405,1.750672952,1.689992202,1.687310331,1.693880018,1.688543529,1.653980789,1.716873423,1.901288775,1.782605372,1.940591641,1.91693257,1.890102821,1.772931658,1.802538925,1.81469599,1.974047419,1.965883617,1.743477587,1.788179257,1.740877722,1.715481906,1.790467327,1.508912944,1.579934312,1.799344324,1.779748184,1.64236778,1.651421395,1.685636431,1.851577833,1.765896827,1.808784936,1.961455845,1.9460961,1.804212826,1.814429174,1.896793957,1.892914906,1.81073376,1.775608199,1.611613802,1.578592633,1.911735415,1.861034782,1.884571122,1.779263842,1.8419454,1.771223101,1.815420067,1.886744929,1.860845279,1.91027385,1.926086161,1.92777543,1.955540327,1.96869453,1.40822707,1.666501116,1.824047886,1.790011958,1.863300252,1.812478309,1.840790412,1.911657279,1.934209611,1.960817763,1.854720678,1.847784921,1.834489613,1.89089446,1.971613411,1.923966617,2,1.367722972,1.952023235,1.946380514,1.64207002,1.622849726,1.708091282,1.741826923,1.508316052,1.733760856,1.810010768,1.585651515,1.934122363,1.968289952,1.779172346,1.804076572,1.871237082,1.888529954,1.849541633,1.941204263,1.836274047,1.854459594,1.967559752,1.916065512,1.778841636,1.772939634,1.858471413,1.879622789,1.707391288,1.696742317,1.902236316,1.956480795,1.901593944,1.848704172,1.708183671,1.970497689,1.962335548,1.959128281,1.994583843,1.633122199,1.802728916,1.827721507,1.849157486,1.746461993,1.845477379,1.89081675,1.824488605,1.90238634,1.940072117,1.623473592,1.7447175,1.914859578,1.879707659,1.721503897,1.513281997,1.733476643,1.710741828,2,1.999992409,1.875298139,,
CD_026_V1,1.74349433,1.841436637,1.834348668,1.808432156,1.827108453,1.846932487,1.907386398,1.713783698,1.772314544,1.758721116,1.770279221,1.699593633,1.634357014,1.642228201,1.723969641,1.523603087,1.463885468,1.696805621,1.589301986,1.70619107,1.916191637,1.713355329,1.883519543,1.811172506,1.874421606,0,1.110607673,1.873540363,1.859157672,1.861017663,1.818307305,1.880734392,1.867735202,1.709996469,1.77500716,1.962241897,1.66816864,1.858598738,1.788435596,1.718432104,1.839773374,1.666190176,1.77243727,1.891671661,1.895592008,1.796929142,1.812974766,1.957942011,1.952269098,1.721398089,1.724124123,1.873550409,1.992175958,1.983761256,1.714255317,1.765462768,1.913354967,1.885282016,1.991409762,1.848939939,1.831094053,1.978544407,1.731195832,1.713694386,1.461718012,1.692306264,1.864628256,1.734650283,1.634154207,1.598081759,1.734240862,1.969849718,1.977947788,1.869313884,1.655007269,1.78579298,1.895593979,1.956884973,1.794475499,1.697714759,1.763471129,1.850641762,2,1.920239648,1.971438898,1.983377327,1.802310679,1.779212124,1.940927806,1.726981826,1.821233602,1.848935314,1.878940992,1.847027135,1.968572965,1.87765207,1.816366312,1.98321021,1.984364177,1.792763055,1.816067831,1.651025161,1.656599,1.677371482,1.654990418,1.912906438,1.888465834,1.701736261,1.756110661,1.678933291,1.771290474,1.841608222,1.911973138,1.623640659,1.718195193,1.751073357,1.733006486,1.829306281,1.81929518,1.824835916,1.938400015,1.817586589,1.738700783,1.651585143,1.699909461,1.762169169,1.750363028,1.653592332,1.602533722,1.871801894,1.390950435,1.369760019,1.84250311,1.946384615,1.684202737,1.893560874,1.66182723,1.711742005,1.776599867,1.710022558,1.915305815,1.97781904,1.672761307,1.600964489,1.72130117,1.81113124,1.772571611,1.818482337,1.816240626,1.938642776,1.92776981,1.726337101,1.80402979,1.738394329,1.639177943,1.878176979,1.814308183,1.695789116,1.772313927,1.658199521,1.595850834,1.851069004,1.910239558,1.745358241,1.960034613,1.937840315,1.715928191,1.708746135,1.799377688,1.778088316,1.518605682,1.686967559,1.768349723,1.710981838,1.711724701,1.787591897,1.86825645,1.598209089,1.647850785,1.797587956,1.812638225,1.807353961,1.742095541,1.6910196,1.866856566,1.67433135,1.710098278,1.864739832,1.818536404,1.81581116,1.832785536,1.821520953,1.731962694,1.796753645,1.650966194,1.810495371,1.836889796,1.954525648,1.842253546,1.862188216,1.747833786,1.65208131,1.671041821,1.88155338,1.892774584,1.855653085,1.927174095,1.884505845,1.866428139,1.959446495,1.974567639,1.716018294,1.644082351,1.796579205,1.848718243,1.807399864,1.773006261,1.916324991,1.906450061,1.914213041,1.955781782,1.90575105,1.76451671,1.860425849,1.936099725,1.939763845,1.871528773,2,1.708979076,1.632049927,1.553666997,1.711288808,1.706584493,1.710414901,1.714653071,1.701466455,1.698632388,1.856245145,1.661504655,1.949922779,1.986556683,1.773593394,1.831566253,1.907625424,1.860536457,1.860515774,1.950058926,1.857430983,1.893560682,1.923912877,1.895713162,1.923190698,1.902786906,1.863403001,1.802633732,1.70192906,1.705003743,1.895855934,1.977631952,1.934435014,1.79755654,1.752065048,1.972289349,1.934646361,1.961913506,1.997316996,1.713856957,1.847275125,1.925358433,1.932151708,1.779274041,1.888570196,1.790216053,1.587653536,1.902180801,1.931140633,1.758630803,1.824733421,1.862272985,1.817028195,1.897706222,1.94596409,1.781918175,1.854951106,2,1.99917677,1.784794403,,
CD_026_V3,1.77864576,1.820555627,1.827520748,1.810120288,1.808261744,1.804591744,1.868351413,1.751361631,1.710480703,1.789709713,1.791977028,1.697018655,1.62865752,1.67493861,1.731656802,1.631302175,1.593150538,1.723934208,1.630089986,1.769407619,1.922711817,1.720587503,1.919061268,1.840788125,1.88604567,1.110607673,0,1.83393776,1.871206604,1.821639764,1.81945398,1.930604327,1.885731002,1.721755146,1.80255399,1.920979266,1.671171907,1.899906707,1.837832254,1.740675222,1.852744545,1.775761652,1.757563977,1.913735985,1.914386891,1.823691829,1.829450272,1.962948113,1.960669743,1.788029432,1.795065617,1.90433992,1.992277764,1.989179594,1.713548076,1.754473375,1.940246532,1.888798214,1.986487458,1.76266877,1.858782766,1.984171384,1.755056677,1.752240763,1.587962509,1.678837131,1.891660462,1.708874813,1.648738882,1.737440275,1.819991307,1.97162406,1.975944536,1.860138749,1.591244117,1.709738094,1.921060186,1.958932099,1.830662746,1.69739737,1.793996141,1.887935397,2,1.912060583,1.980795162,1.990572393,1.790948786,1.827941568,1.954695392,1.714237954,1.76257245,1.890786413,1.902676758,1.882618308,1.983383466,1.872863804,1.835926149,1.989864103,1.990845204,1.840888784,1.830612701,1.730916451,1.743325272,1.7258507,1.606126057,1.919068878,1.914921836,1.64715628,1.779682845,1.748881193,1.807924808,1.813463244,1.952778159,1.735804871,1.7395406,1.72442605,1.6907368,1.801786069,1.771336046,1.851819569,1.91923924,1.83354371,1.728245099,1.680088927,1.651604518,1.759119764,1.809118711,1.752241186,1.601308335,1.889474512,1.323530572,1.281748162,1.84504543,1.9151975,1.627559892,1.831628696,1.682888725,1.748934423,1.843781013,1.812576917,1.938825062,1.982587626,1.703767231,1.725867297,1.756693383,1.839280298,1.752036263,1.814875099,1.823183701,1.951652815,1.939919523,1.754421321,1.831641933,1.767821885,1.667050266,1.867435847,1.849179339,1.714246806,1.701019695,1.703151549,1.68651268,1.874137861,1.901789197,1.745924878,1.966091482,1.929439305,1.629846808,1.637202694,1.785035247,1.799861534,1.451424008,1.634839735,1.759945119,1.682171407,1.72946753,1.848356475,1.898421854,1.524711626,1.520134185,1.726613882,1.780037048,1.852867153,1.766849151,1.752140641,1.914368494,1.705105576,1.750684993,1.91229013,1.897163502,1.877770449,1.89332346,1.824154896,1.683062278,1.824164799,1.720626348,1.842086866,1.817127737,1.963262948,1.893524368,1.92844431,1.805742751,1.590015294,1.648241042,1.886384265,1.911371543,1.881118679,1.941078847,1.883979006,1.865503749,1.972103849,1.983239642,1.771643386,1.688708224,1.862331662,1.877595141,1.856236233,1.809113995,1.921215928,1.936026581,1.914568952,1.965767132,1.886253951,1.744135618,1.899658355,1.945134126,1.922982322,1.843533266,2,1.749403904,1.56615668,1.474139662,1.727743975,1.725794779,1.664485564,1.77724044,1.746047793,1.678476449,1.877864784,1.708926644,1.95572779,1.988930751,1.827494282,1.834801615,1.922691488,1.879345931,1.814873822,1.972269546,1.908521994,1.903379656,1.921663316,1.897466754,1.9341806,1.925301496,1.86676971,1.786394114,1.78081301,1.763785598,1.898339735,1.982043414,1.946012782,1.869743182,1.852145432,1.975210654,1.933506732,1.973895118,1.99754106,1.777527211,1.860640562,1.936555148,1.949187328,1.782955429,1.902899233,1.762238801,1.527475997,1.927204992,1.929690162,1.838251112,1.86161114,1.888440983,1.857135889,1.908293686,1.950300961,1.843341693,1.875560785,2,1.999681565,1.814861315,,
CD_027_V1,1.963933427,1.849591603,1.855374098,1.926541413,1.885586739,1.520295569,1.584640873,1.837060296,1.778545253,1.9525881,1.954227274,1.932533873,1.942217142,1.668775476,1.646826716,1.666217215,1.706100375,1.7941247,1.833680783,1.762762301,1.963990892,1.63443959,1.955267248,1.914473793,1.937733134,1.873540363,1.83393776,0,1.167693773,1.843103875,1.834046337,1.574987861,1.367451411,1.834833949,1.905389231,1.978261022,1.859257007,1.980392499,1.931446618,1.675175095,1.546199877,1.940751372,1.897826256,1.956460602,1.95599823,1.981402725,1.987081676,1.84570947,1.858675255,1.894935581,1.861003573,1.974007351,1.862470293,1.923530067,1.831679789,1.861232532,1.973769266,1.967007452,1.858385798,1.760260974,1.887968859,1.887420448,1.856242387,1.887300841,1.738070055,1.728926234,1.955714021,1.5595773,1.624889238,1.471023088,1.574721917,1.814096404,1.799829574,1.967231975,1.822777964,1.82126818,1.94843675,1.978861421,1.918623526,1.890507184,1.821863652,1.919920199,2,1.742634078,1.905482804,1.901061526,1.79954635,1.830147436,1.860064824,1.758235756,1.807714089,1.978881767,1.969517573,1.38746041,1.728913163,1.869475429,1.83261541,1.877878511,1.883514987,1.921770372,1.927894695,1.847036796,1.892934677,1.835318743,1.844457051,1.823618673,1.785328567,1.803001304,1.878363992,1.942742588,1.816548997,1.846361885,1.844225099,1.842017939,1.860572911,1.806775308,1.7312879,1.845091511,1.835530406,1.927673149,1.987822581,1.913144659,1.560310405,1.801346915,1.763804064,1.860466787,1.936894023,1.869264931,1.800624485,1.779860543,1.955572499,1.977525957,1.972717334,1.961629393,1.608099934,1.911510118,1.830529722,1.864477823,1.917220476,1.91868839,1.98204421,1.891463625,1.804322334,1.869965493,1.885499988,1.862085692,1.745639704,1.889746464,1.952418939,1.998591122,1.996968443,1.849443011,1.927131536,1.93212024,1.879309007,1.913907132,1.929714102,1.823408005,1.806104952,1.831349734,1.796519985,1.9565237,1.656824657,1.484792967,1.855995956,1.839440259,1.828994601,1.852102995,1.658993157,1.645588422,1.869945202,1.960859398,1.672041257,1.64366679,1.834148063,1.894900951,1.859711338,1.818807351,1.802656957,1.65132097,1.658032783,1.861858191,1.854828573,1.72449869,1.748206722,1.804362665,1.789926027,1.839209458,1.834085692,1.93640983,1.959173353,1.95208661,1.93791271,1.920339876,1.902122618,1.907647281,1.848327427,1.851144578,1.805979443,1.903407652,1.768982677,1.820318059,1.799473216,1.928938381,1.956433255,1.942679414,1.990363799,1.926489281,1.96215166,1.84771885,1.828508612,1.838939254,1.751839534,1.907681468,1.939766598,1.937870122,1.934428921,1.887978132,1.815371771,1.88737373,1.870132411,1.667200536,1.73143277,1.959054399,1.971778675,1.809902385,1.561262777,2,1.824547095,1.97894255,1.97256577,1.825162575,1.794806487,1.619491976,1.747216599,1.86144444,1.760308658,1.925578513,1.808372157,1.837525632,1.893345195,1.815516869,1.773844296,1.988356162,1.991150161,1.372613506,1.872974516,1.97370559,1.951538619,1.812845331,1.809357511,1.985451097,1.993334477,1.899251731,1.891166691,1.948844204,1.942279419,1.88674862,1.861870655,1.850580819,1.964330993,1.936984187,1.860599866,1.832673221,1.848837397,1.92619166,1.874103699,1.928894973,1.967386495,1.941152656,1.93920103,1.979536089,1.846094812,1.871661033,1.798005735,1.933204536,1.882099523,1.921882251,1.923696789,1.906249004,1.978531516,1.991109211,1.956489792,1.950515081,2,1.999972687,1.972276582,,
CD_027_V3,1.967084625,1.829010599,1.852374074,1.931077661,1.878417419,1.435782561,1.4146131,1.792063435,1.731218236,1.964350425,1.961634839,1.936693434,1.937940566,1.687694289,1.654885121,1.759606596,1.723569919,1.809636759,1.815708303,1.80706501,1.96690018,1.57404055,1.972243308,1.906323277,1.931163735,1.859157672,1.871206604,1.167693773,0,1.849590144,1.834755866,1.450155745,1.282906345,1.87634505,1.918657391,1.982890237,1.889350715,1.979706519,1.938826814,1.606781412,1.450472877,1.949165117,1.899775077,1.957977474,1.962522989,1.982929619,1.98801715,1.764034379,1.800165766,1.844524195,1.816175964,1.970163823,1.748327537,1.85891202,1.851640351,1.864838966,1.974462421,1.958313906,1.693483131,1.751126881,1.832121442,1.742361262,1.779075843,1.828658784,1.717385216,1.746981086,1.965442705,1.450901646,1.635125117,1.33237776,1.384155526,1.628129392,1.633383187,1.9658168,1.868428728,1.736648832,1.94971079,1.980033251,1.92134859,1.91748465,1.808715188,1.91216481,2,1.571271948,1.833409625,1.801751148,1.756228924,1.78437455,1.691781696,1.758329411,1.80306556,1.978227737,1.96728824,1.302354547,1.631107201,1.874764055,1.835339362,1.724203421,1.735261904,1.93509698,1.921012828,1.849266148,1.86000405,1.810827202,1.810477631,1.661024256,1.582642608,1.756395243,1.866163353,1.937050018,1.818644114,1.884784614,1.697987227,1.789483826,1.789264163,1.848140794,1.731105778,1.817959174,1.788908724,1.927746349,1.990326524,1.920312356,1.403410184,1.79641481,1.838138877,1.83250841,1.951493873,1.86576633,1.803384586,1.57352884,1.959411063,1.979365414,1.970662988,1.965716994,1.474613497,1.88144371,1.800608359,1.886608309,1.934621617,1.923884927,1.975361283,1.747137426,1.738905472,1.852748944,1.863391944,1.852615615,1.753066909,1.813721622,1.938070608,1.996885621,1.994915163,1.871752186,1.92257751,1.904206673,1.865833357,1.951053037,1.953399736,1.840621149,1.792588454,1.802183265,1.766142322,1.970984491,1.555850288,1.451421953,1.691766559,1.709145936,1.816074847,1.861271792,1.5390087,1.475483142,1.755017109,1.962596885,1.504003131,1.518711811,1.839979602,1.922374235,1.90846875,1.805416718,1.807752052,1.539230376,1.507724993,1.754425753,1.760141796,1.564115258,1.556442531,1.738670094,1.809613691,1.841700925,1.798665118,1.945383588,1.968650299,1.954473564,1.933886421,1.904061257,1.863272544,1.882282913,1.851464739,1.69107699,1.685107707,1.789070549,1.673364543,1.835653245,1.819073749,1.920723214,1.945087967,1.929151693,1.985747954,1.92937879,1.956149995,1.766535929,1.757750924,1.805125339,1.660242772,1.928196512,1.96371798,1.925368759,1.928127044,1.878637668,1.65322381,1.772211394,1.710001171,1.492937066,1.750430144,1.963824143,1.975287358,1.728800318,1.490220619,2,1.827124419,1.982092927,1.975538154,1.852444701,1.844714097,1.524331734,1.666733895,1.854877523,1.77223041,1.940405988,1.829948755,1.657416922,1.74865957,1.853890612,1.750006059,1.980407506,1.988754517,1.325999312,1.743438548,1.979678245,1.964394045,1.770987073,1.77410338,1.989021852,1.994155512,1.917779509,1.913041522,1.960005094,1.950504279,1.849189793,1.701253502,1.667551621,1.955300296,1.936108484,1.70499779,1.672104613,1.837676159,1.916063191,1.898843167,1.951493819,1.972795799,1.958684158,1.928219594,1.980956404,1.706977378,1.872938673,1.688955815,1.919966065,1.924608304,1.941629232,1.916897185,1.90228218,1.978186346,1.993076517,1.95984234,1.957260626,2,1.999930921,1.976699848,,
CD_028_V1,1.886505288,1.62509256,1.600338717,1.684268136,1.513774669,1.732219157,1.815926639,1.50984458,1.41462587,1.691553044,1.784426632,1.712290679,1.745936375,1.62206492,1.784948704,1.496999809,1.600243268,1.414764284,1.587542028,1.434850399,1.903137023,1.64409682,1.814270734,1.476231343,1.528531878,1.861017663,1.821639764,1.843103875,1.849590144,0,1.069016304,1.832421614,1.894523845,1.449210005,1.532521801,1.931805602,1.646636386,1.481401803,1.405562766,1.776000583,1.85988018,1.80931899,1.549653532,1.829551207,1.868167872,1.833280742,1.817447031,1.949222952,1.814925324,1.393310424,1.290454276,1.558568505,1.983196287,1.976864144,1.399469377,1.317267158,1.74613472,1.670179471,1.947769748,1.825041649,1.715988566,1.965330491,1.69283298,1.66857545,1.497875221,1.374633818,1.757698322,1.727301272,1.683555176,1.799519207,1.841753598,1.891129504,1.931916611,1.870350022,1.496576277,1.867471924,1.791019676,1.893314697,1.665246433,1.78337564,1.265998029,1.346698231,2,1.735639047,1.96745119,1.979204749,1.411822017,1.47445502,1.863853063,1.344420525,1.42864263,1.565063144,1.748617909,1.730772955,1.962048121,1.700044572,1.576283382,1.977566253,1.969923462,1.743601146,1.468361622,1.541074238,1.477581377,1.382280792,1.455681782,1.787250754,1.843868122,1.837094979,1.536772872,1.557271359,1.643691272,1.389539787,1.945268415,1.641167113,1.827552261,1.334431501,1.489433494,1.592178691,1.688247833,1.632087201,1.962994945,1.463804647,1.550191696,1.496051958,1.451044945,1.554307395,1.519643795,1.622347205,1.740086179,1.804181306,1.782593106,1.792964531,1.781378245,1.824787965,1.449841594,1.380192614,1.48904503,1.448124217,1.517676706,1.558769995,1.926684943,1.961523623,1.607470429,1.592857313,1.510923942,1.502241013,1.389361826,1.743036416,1.814723917,1.663755056,1.632883007,1.518923095,1.536199141,1.457736888,1.516835867,1.503643187,1.490440067,1.6339301,1.630683588,1.224476294,1.376250466,1.610496682,1.796361039,1.710266008,1.959228683,1.906730642,1.847140195,1.719206632,1.709177838,1.748650271,1.967202127,1.95076857,1.551908257,1.563392269,1.451612459,1.433274327,1.520874867,1.580036948,1.572205188,1.717348103,1.607436844,1.476041201,1.528987533,1.588070828,1.845923142,1.60907584,1.598837303,1.935231369,1.92444612,1.7125248,1.836194967,1.822532329,1.784968219,1.691706143,1.634163908,1.41768604,1.263785201,1.839988988,1.716693878,1.886427165,1.542774373,1.634899783,1.54981676,1.738676432,1.84216097,1.818458414,1.932044258,1.659950467,1.827553654,1.932673923,1.945758464,1.39080173,1.525872065,1.684240233,1.609357365,1.766937825,1.711444078,1.738549108,1.808253622,1.868438434,1.957945174,1.748285867,1.825746254,1.787465611,1.804904441,1.936430879,1.882104866,2,1.595755796,1.922137345,1.815805306,1.533311998,1.483770727,1.799968912,1.741880474,1.288514799,1.427394424,1.850183515,1.49854097,1.864789276,1.956761344,1.729693113,1.708455017,1.804562155,1.839241731,1.816497566,1.950360547,1.848326963,1.827603713,1.933764674,1.853193658,1.651747953,1.694641272,1.694110552,1.764220476,1.739451235,1.679080185,1.777973212,1.905734452,1.848645228,1.734324103,1.498294916,1.908488811,1.93885976,1.853241444,1.992557383,1.606681428,1.768947152,1.728686186,1.63192374,1.633491051,1.802918188,1.766795871,1.641926986,1.720272999,1.825414435,1.485570976,1.665138303,1.801440741,1.771639987,1.616120905,1.821218272,1.705245552,1.601013493,2,2,1.898266209,,
CD_028_V3,1.87671811,1.513914664,1.486000774,1.672454152,1.534573848,1.672342934,1.789712139,1.523696521,1.443266491,1.690293858,1.803844357,1.719002618,1.716944234,1.575141571,1.740406428,1.490786609,1.556818459,1.324109771,1.478426661,1.488315805,1.893091984,1.560247919,1.764876161,1.350693349,1.415028146,1.818307305,1.81945398,1.834046337,1.834755866,1.069016304,0,1.863901261,1.895579194,1.420675971,1.458969228,1.922301547,1.615620695,1.342680136,1.250399947,1.719915329,1.839800796,1.804652154,1.504790953,1.821539176,1.870361804,1.807288794,1.790459571,1.958810987,1.899333046,1.222813714,1.248328751,1.422251398,1.979540391,1.973684765,1.331608207,1.385077716,1.79137744,1.727059038,1.953744009,1.785691522,1.620205067,1.965708805,1.663389191,1.610198547,1.383427991,1.376113869,1.721806218,1.649815111,1.564937221,1.741794957,1.803882265,1.853962399,1.916596663,1.898551529,1.657861726,1.838119871,1.769651524,1.889343986,1.578835777,1.744435097,1.131895947,1.193444165,2,1.656693023,1.964488811,1.978083983,1.334289212,1.356132592,1.833418878,1.308556458,1.438368993,1.455853966,1.686372233,1.765939168,1.9555009,1.701150959,1.557790407,1.976511372,1.974798937,1.752142176,1.612399896,1.415513425,1.316031861,1.293679623,1.344788257,1.727301105,1.813116559,1.819844509,1.56508776,1.503642164,1.544709839,1.463058382,1.932358346,1.580305438,1.805438573,1.389774038,1.431785757,1.461361283,1.624038207,1.590261452,1.964682718,1.307488478,1.470289397,1.447169828,1.356748399,1.670800992,1.404166883,1.620512563,1.659861813,1.774791971,1.723094363,1.72355041,1.762387252,1.844121108,1.54804062,1.657164494,1.474606331,1.34857097,1.555194363,1.566468578,1.923884541,1.955075608,1.579818118,1.475807206,1.476713478,1.406433616,1.333834193,1.681876545,1.761610467,1.546136893,1.506815248,1.429284288,1.416584037,1.347617007,1.392624219,1.468475292,1.386245081,1.602364454,1.618360003,1.336121976,1.331587003,1.527576106,1.752319492,1.674408981,1.961506204,1.914927819,1.842106797,1.71850062,1.645671898,1.676143166,1.970876077,1.947449892,1.527765847,1.533960637,1.357210072,1.363884726,1.503979535,1.466823081,1.455649119,1.674356668,1.594391341,1.450304287,1.451674881,1.490665805,1.806018943,1.582393825,1.577326402,1.936897773,1.919424211,1.693785397,1.790620465,1.806079895,1.775290072,1.630019657,1.540628142,1.394875232,1.302039054,1.814728199,1.702141105,1.868288967,1.547098008,1.59369938,1.495326859,1.71942266,1.819665833,1.776478724,1.914739401,1.742535595,1.821981886,1.91886639,1.94283305,1.252838448,1.469012576,1.608978632,1.553321114,1.733244351,1.674193605,1.739950772,1.799422584,1.909900618,1.953210622,1.729252031,1.802989133,1.747233149,1.788213343,1.942609524,1.851333827,2,1.559467952,1.916743365,1.868370203,1.429620339,1.367450604,1.739797902,1.660768171,1.2560955,1.376903763,1.804106121,1.354642219,1.867345644,1.943720299,1.694723892,1.692483199,1.734647489,1.782281387,1.769105379,1.94978483,1.812808151,1.80954004,1.931698166,1.857119703,1.537848041,1.582278256,1.673352013,1.719513732,1.670266939,1.580424347,1.805090784,1.908084497,1.842202151,1.69607795,1.419573796,1.93670584,1.937765234,1.890264626,1.992505212,1.509962137,1.745296128,1.681831999,1.691328371,1.539657013,1.753316454,1.790920597,1.617292347,1.772434379,1.843061519,1.476845504,1.637057107,1.782717237,1.717049474,1.492282845,1.754451699,1.623696699,1.488673706,2,1.99996725,1.900623027,,
CD_029_V1,1.941815222,1.913668707,1.890168188,1.943393067,1.928906294,1.345471741,1.198850212,1.906095871,1.864037505,1.95487555,1.950295616,1.922519531,1.952762755,1.888615724,1.927797508,1.812719193,1.865100914,1.833607169,1.874319702,1.87822258,1.975005257,1.878068362,1.931788304,1.924754553,1.94572525,1.880734392,1.930604327,1.574987861,1.450155745,1.832421614,1.863901261,0,1.138364265,1.883447197,1.936185202,1.98411404,1.866066683,1.964517766,1.926209383,1.860466676,1.712053845,1.855184597,1.939634786,1.965508449,1.962978176,1.960203838,1.964300854,1.685435776,1.741192029,1.959223766,1.914162443,1.973851074,1.273458457,1.581327086,1.907324167,1.904967382,1.950125062,1.939820953,1.356899353,1.924807568,1.739806643,1.413892396,1.942233019,1.948800398,1.871185544,1.869976163,1.933572189,1.47260087,1.923344881,1.527729017,1.347873962,1.318477424,1.35426838,1.984394604,1.902616274,1.958155602,1.934688621,1.965672694,1.888877847,1.877226098,1.855617074,1.933770396,2,1.294950308,1.65770693,1.565327146,1.867039846,1.935180713,1.356616571,1.847668566,1.861283492,1.982248977,1.972923594,1.235256432,1.427677734,1.91203267,1.884027008,1.376973166,1.394427372,1.893375945,1.904634918,1.864432401,1.915987272,1.842675342,1.936269213,1.403370255,1.257735823,1.964951153,1.89976185,1.93934019,1.90857994,1.908007483,1.265026223,1.931994543,1.920069524,1.840238502,1.857248078,1.948753758,1.907348945,1.932787573,1.995121716,1.940924484,1.4916816,1.850571138,1.861382118,1.764895548,1.921998522,1.826234172,1.93654898,1.258658824,1.956003839,1.989451832,1.96234103,1.957545295,1.434744281,1.834155696,1.859371604,1.889913103,1.874989869,1.855581341,1.9900848,1.416519549,1.915838214,1.893300111,1.895122589,1.903002896,1.843999555,1.698130297,1.928328337,1.997931298,1.995749381,1.866563599,1.930113246,1.957051136,1.960277193,1.953697272,1.963742398,1.81283425,1.83694382,1.836449249,1.887203966,1.949112635,1.172989576,1.41515092,1.375467936,1.454908181,1.881082545,1.894220586,1.462278467,1.382358753,1.41505817,1.932557679,1.440737063,1.51441225,1.881497547,1.90707211,1.911613954,1.923749424,1.931925385,1.430785603,1.355205462,1.908615328,1.924587184,1.390739207,1.197779728,1.916513138,1.878495493,1.884381508,1.68369661,1.922303037,1.930326044,1.964853574,1.966618581,1.923748336,1.911838205,1.923155679,1.886174801,1.380252377,1.551709393,1.953384405,1.884444905,1.903934027,1.873421284,1.960894057,1.977115991,1.948463908,1.990052532,1.928109034,1.952745242,1.453307835,1.389334205,1.922951378,1.921622737,1.955776913,1.957748812,1.955322138,1.944657397,1.831093059,1.391551943,1.52411838,1.381863252,1.163712304,1.817430845,1.942601226,1.96405116,1.563069723,1.568518289,2,1.885439331,1.982141828,1.969811612,1.884979163,1.87158546,1.823308714,1.652418887,1.887491965,1.8768793,1.955965632,1.88340668,1.335433823,1.420403904,1.632192865,1.617339685,1.994404184,1.99670288,1.366325159,1.405784804,1.948206803,1.965631975,1.984771027,1.968222827,1.994431124,1.996370811,1.930725713,1.945614699,1.913411361,1.941392025,1.808228306,1.374615505,1.329397327,1.973663679,1.921167691,1.361834893,1.376188801,1.447393248,1.506667891,1.861435648,1.951540122,1.966048713,1.937750529,1.961105175,1.983398006,1.442554661,1.830569763,1.515725697,1.893810525,1.867938711,1.93011221,1.966184506,1.970338063,1.985398443,1.996365839,1.924268976,1.946221568,2,2,1.943308805,,
CD_029_V3,1.956050237,1.929035963,1.919842033,1.965576365,1.942438307,1.390278503,1.340974012,1.9050831,1.880156076,1.961900086,1.957751581,1.941073568,1.95698364,1.82588987,1.754662638,1.84074257,1.84019028,1.859809517,1.859400414,1.892028912,1.980880412,1.769855113,1.955475458,1.942629862,1.958352074,1.867735202,1.885731002,1.367451411,1.282906345,1.894523845,1.895579194,1.138364265,0,1.9182814,1.963358324,1.983362451,1.878737231,1.987663668,1.964619871,1.731584764,1.381032958,1.894117454,1.917359508,1.974394856,1.977289722,1.980434219,1.988696164,1.784880371,1.815458791,1.949790539,1.908030987,1.981425277,1.5477299,1.765128494,1.917211319,1.93821723,1.966899577,1.959348753,1.625002223,1.840264151,1.833283592,1.675710353,1.941228795,1.953258371,1.822621833,1.839598619,1.964160041,1.558888911,1.804855604,1.418416182,1.434282525,1.548422802,1.553058666,1.983033295,1.879099518,1.912693514,1.964112907,1.982955631,1.905416946,1.901754351,1.887552306,1.944799722,2,1.521277676,1.789637848,1.744283212,1.843308844,1.912523706,1.625714904,1.873355277,1.885777338,1.99107983,1.983732038,1.17198286,1.476015776,1.941326785,1.905964953,1.651734768,1.663785918,1.927402576,1.940491668,1.888861517,1.921932471,1.882311056,1.882196326,1.616272274,1.518952123,1.924134121,1.915809176,1.945519024,1.907684309,1.933488258,1.537569535,1.896377245,1.905138922,1.898847462,1.884011088,1.9448138,1.920448321,1.95039127,1.992662831,1.955776787,1.539062061,1.86939244,1.888454362,1.828205609,1.9506902,1.88742421,1.89774927,1.516915173,1.966070045,1.989566612,1.979558607,1.982199656,1.515235275,1.876646927,1.885664407,1.943230107,1.922207499,1.90980425,1.986677962,1.680243625,1.91163372,1.918405003,1.919892736,1.918736776,1.853798126,1.805392343,1.941235299,1.997836652,1.995628806,1.89123083,1.952476255,1.948111347,1.933190339,1.971378508,1.966875245,1.845064992,1.850987786,1.877195431,1.875588527,1.965863614,1.33761696,1.413893717,1.625232446,1.652923621,1.77878277,1.835009647,1.579836757,1.515777943,1.646298285,1.956363929,1.549299651,1.558487868,1.932034503,1.931622822,1.92370202,1.859003123,1.894884272,1.542588953,1.498615514,1.930009441,1.931965064,1.50591639,1.412280418,1.911849666,1.829622767,1.910559566,1.795353558,1.946583867,1.95767231,1.976032172,1.940814265,1.95152158,1.916010449,1.931932808,1.901765835,1.627479021,1.706094242,1.968618965,1.885557545,1.862575958,1.842129933,1.955760584,1.974031391,1.958932255,1.992713755,1.934664256,1.960701048,1.637567107,1.577906558,1.922368144,1.888290776,1.956710013,1.970671243,1.963483363,1.959535807,1.895668028,1.611545137,1.724974619,1.642098655,1.365332223,1.780873978,1.965171073,1.981622389,1.65910692,1.421891977,2,1.878293439,1.985528568,1.981110894,1.902548378,1.890556701,1.772516088,1.712574743,1.914073588,1.85868225,1.956687673,1.892101584,1.595573217,1.682012992,1.721413146,1.702984164,1.988621812,1.993827988,1.41104659,1.653845459,1.965763003,1.974431701,1.903097601,1.892556184,1.995959229,1.996131719,1.929869311,1.924522884,1.94393062,1.961533159,1.869735701,1.63588677,1.596214448,1.970945071,1.943838545,1.633918927,1.612036663,1.6386722,1.704736456,1.865032029,1.963724266,1.980125275,1.962410463,1.976679418,1.987434585,1.655412541,1.880161734,1.66985231,1.925487666,1.901322981,1.944382113,1.957852846,1.951373175,1.9947813,1.997332246,1.953887733,1.965541346,2,2,1.961568476,,
CD_030_V1,1.458053325,1.584561786,1.620580058,1.415360173,1.338505152,1.763544197,1.787752704,1.485079117,1.497638927,1.334904799,1.463694896,1.651542607,1.660753355,1.502405804,1.682611552,1.406962611,1.484135271,1.266833399,1.398427056,1.39061066,1.799300035,1.699690288,1.767064532,1.541795667,1.642063672,1.709996469,1.721755146,1.834833949,1.87634505,1.449210005,1.420675971,1.883447197,1.9182814,0,1.074011254,1.891019891,1.331709473,1.791380115,1.559770618,1.647753798,1.820155173,1.576757358,1.618212822,1.793664597,1.783904833,1.427253429,1.443492085,1.954375503,1.934877718,1.5510168,1.580731158,1.890273033,1.971524439,1.961895842,1.292577053,1.437018968,1.889712041,1.842240249,1.965689373,1.857901999,1.732734512,1.958496274,1.512209462,1.439816931,1.546648034,1.547626332,1.684284642,1.663929173,1.683855079,1.791583149,1.808022894,1.94796409,1.929257845,1.829819727,1.72281264,1.904397933,1.732868431,1.870319334,1.48578442,1.477657326,1.411300005,1.506655972,2,1.797815925,1.962810024,1.975709814,1.55054367,1.703615939,1.881686785,1.273595321,1.441839428,1.613050076,1.736745689,1.80808741,1.962157062,1.699459305,1.54696943,1.966980312,1.96296305,1.577086046,1.616425229,1.400155778,1.560472328,1.333559862,1.551683519,1.783222388,1.819489962,1.782623237,1.521580487,1.385546998,1.645274211,1.668428795,1.869490682,1.524885043,1.707803343,1.380058017,1.358079063,1.816762717,1.720053327,1.668835692,1.90270889,1.678330665,1.615730111,1.398019357,1.321330233,1.835783115,1.563473485,1.380762493,1.747194151,1.845485224,1.708647936,1.783362457,1.476451842,1.665727533,1.716973569,1.926511258,1.299472983,1.408899856,1.612106106,1.542062991,1.912931431,1.951759161,1.59870369,1.602209625,1.434237212,1.636317628,1.516710668,1.638868839,1.752106524,1.981666648,1.962547765,1.278707824,1.453576655,1.402554803,1.371899662,1.640184173,1.398102167,1.383391081,1.488571858,1.481869499,1.362325194,1.759428258,1.80533538,1.622407187,1.948121013,1.926194677,1.79203191,1.681465531,1.691429134,1.718885345,1.942702827,1.920471932,1.630298195,1.564698523,1.40530306,1.501097404,1.673972764,1.758031778,1.623789528,1.587587904,1.573168406,1.5517623,1.603448178,1.446729819,1.779220464,1.598651865,1.552021632,1.899804118,1.862501369,1.670690019,1.737195278,1.536253937,1.556088062,1.687678556,1.713557654,1.642328331,1.591894128,1.888282325,1.706202739,1.838233665,1.608835321,1.496562961,1.428665574,1.516391721,1.621545777,1.730642306,1.919374989,1.776984781,1.78548939,1.922701439,1.936750721,1.533947051,1.562584927,1.736403479,1.762997177,1.708184274,1.658081446,1.711715837,1.816583474,1.778494847,1.900607228,1.744945686,1.776383479,1.713251085,1.779600118,1.921980439,1.870842423,2,1.541935036,1.90666948,1.903493603,1.393674007,1.355814006,1.712008736,1.645330826,1.475087367,1.5011835,1.684985965,1.384549357,1.898277982,1.974381306,1.642565074,1.679734797,1.888694255,1.756009966,1.745169252,1.892914733,1.691110747,1.634077325,1.890879018,1.789646887,1.929311436,1.906884025,1.715961446,1.725235779,1.47901127,1.458833446,1.819332695,1.937459245,1.886459163,1.890537031,1.5916555,1.941993744,1.924759396,1.897834715,1.98984575,1.489480025,1.506011988,1.801164808,1.745320078,1.538077006,1.629123799,1.830263444,1.756906352,1.789320371,1.855849466,1.384706654,1.427321718,1.781450812,1.656147404,1.902188112,1.923690936,1.617090555,1.737323484,2,2,1.506285292,,
CD_030_V3,1.514946154,1.504343297,1.536978164,1.38553435,1.416378745,1.824455105,1.836802624,1.500664567,1.619596259,1.32804018,1.519503159,1.731588668,1.673309686,1.613374057,1.755730778,1.569304598,1.507967034,1.392183401,1.489127506,1.35919672,1.849757897,1.75065001,1.847869245,1.631703414,1.706238659,1.77500716,1.80255399,1.905389231,1.918657391,1.532521801,1.458969228,1.936185202,1.963358324,1.074011254,0,1.875317272,1.434437627,1.771518406,1.572103518,1.691439459,1.852705793,1.729845718,1.631675178,1.833680736,1.825883073,1.363834448,1.377125936,1.971058893,1.964083928,1.530068596,1.586044647,1.933659134,1.97837507,1.975385143,1.317436769,1.376376259,1.9287265,1.883142532,1.983613663,1.866587018,1.700314155,1.969701465,1.533515837,1.394942002,1.672133294,1.705652979,1.707874977,1.739200916,1.690903341,1.845992397,1.869192976,1.950911629,1.938797345,1.886795104,1.775892454,1.926539665,1.798717502,1.900446092,1.593954542,1.612893351,1.491227018,1.438464392,2,1.810776706,1.973377245,1.987753069,1.60339438,1.722827185,1.887778349,1.371292802,1.57144283,1.459438652,1.701586775,1.877121578,1.965997603,1.803847866,1.683919998,1.975462143,1.980966822,1.689493808,1.626020121,1.473258624,1.5898357,1.45613067,1.597748464,1.828718388,1.858480436,1.818021536,1.629473447,1.327648573,1.681053015,1.631938059,1.922594976,1.58244539,1.78353036,1.483572155,1.52035309,1.830283547,1.785963777,1.754544267,1.903114777,1.672923089,1.706638566,1.548634632,1.496906316,1.85626669,1.595837037,1.513414146,1.773430975,1.886530991,1.727702009,1.765197832,1.450647235,1.76823089,1.763485046,1.92238667,1.416218878,1.457965846,1.776842857,1.698365976,1.922200797,1.959794484,1.721256056,1.639721791,1.557920254,1.73262723,1.709587451,1.613916591,1.780375962,1.985575767,1.970285129,1.38780864,1.446096931,1.310981052,1.297102597,1.607004483,1.321960104,1.508793739,1.644442621,1.54600582,1.416360934,1.838535412,1.832122714,1.775525271,1.965137937,1.951732167,1.855357046,1.788675398,1.769717002,1.777616421,1.963564336,1.934961583,1.776253889,1.731086125,1.49539245,1.538779291,1.788818511,1.806067335,1.681979333,1.69892223,1.71378554,1.576450443,1.660540086,1.550905304,1.84858492,1.721634285,1.626106788,1.925870292,1.884507523,1.753150533,1.789702318,1.529574592,1.524671884,1.803466522,1.824170282,1.642403368,1.722681887,1.911006622,1.786249382,1.866492225,1.664585068,1.577000116,1.545170136,1.562928158,1.621217443,1.739212599,1.929822614,1.788935259,1.82707935,1.942635011,1.957431531,1.643365568,1.684891033,1.7208267,1.767891025,1.70312458,1.697584133,1.802845932,1.868462373,1.822904224,1.901874773,1.838821784,1.864023857,1.744689503,1.800769457,1.953749213,1.912588085,2,1.626186046,1.923992908,1.908912744,1.575011704,1.511045753,1.743618556,1.689335608,1.495416221,1.564845423,1.760884441,1.466563633,1.879397235,1.975712019,1.776526511,1.805194717,1.869967463,1.717392745,1.81207577,1.938707996,1.696416928,1.643276948,1.925104437,1.824152678,1.966995112,1.951960965,1.769223442,1.718096727,1.537105395,1.464501116,1.896736681,1.953886523,1.87656432,1.93685222,1.589630972,1.966706137,1.940782079,1.923517549,1.988554408,1.574126275,1.529486446,1.867545888,1.904354831,1.465881407,1.593153476,1.871011335,1.776968889,1.850820325,1.843239719,1.520181615,1.453491769,1.788469701,1.62425666,1.884778388,1.911823572,1.688437083,1.846543238,2,2,1.546898934,,
CD_032_V1,1.788366736,1.785361201,1.819770507,1.771505733,1.735333615,1.914798503,1.93645045,1.819418911,1.781870272,1.817367765,1.802751321,1.956479298,1.956916737,1.965744467,1.931143784,1.771670302,1.857202267,1.881127593,1.937014853,1.904978206,1.893409558,1.956310782,1.961014411,1.935235047,1.948541287,1.962241897,1.920979266,1.978261022,1.982890237,1.931805602,1.922301547,1.98411404,1.983362451,1.891019891,1.875317272,0,1.595411334,1.955528015,1.923583291,1.954179095,1.979010124,1.958048114,1.92320805,1.908221298,1.923678104,1.750729705,1.670817627,1.994797485,1.99282557,1.900990625,1.891490972,1.99015189,1.989892219,1.996843542,1.83699372,1.842968672,1.966551496,1.941511575,1.986773658,1.953588146,1.943993084,1.994780784,1.71171956,1.707561165,1.94187007,1.942551449,1.959089345,1.932971898,1.91809179,1.972233483,1.979035098,1.98711976,1.988038528,1.937846762,1.828555435,1.746320883,1.948873938,1.948633942,1.840961121,1.803220538,1.91794575,1.920491663,2,1.914974001,1.998048969,1.99868423,1.912452306,1.953599089,1.984618566,1.918064324,1.900233941,1.908596334,1.951309669,1.973370039,1.995861393,1.914931815,1.915361425,1.99561755,1.993586537,1.873898838,1.835996201,1.870741589,1.892499303,1.792913081,1.925818037,1.965558258,1.973401798,1.955990061,1.926425214,1.856965393,1.894949433,1.885915532,1.975911126,1.919505706,1.925358074,1.904620073,1.891502956,1.797085972,1.58260525,1.844338844,1.875031757,1.91954476,1.946957896,1.844473661,1.752616658,1.95599466,1.921902691,1.905912615,1.952726388,1.978209066,1.913889128,1.94108864,1.800971133,1.853362198,1.957744133,1.97525436,1.83060349,1.886019309,1.887406648,1.866256904,1.987235512,1.987266995,1.947597065,1.945177426,1.898812498,1.933807347,1.897808099,1.945773732,1.969702393,1.98979698,1.98247727,1.901582648,1.873820867,1.892661993,1.908555874,1.903008846,1.875477605,1.830306777,1.832918133,1.934233588,1.90852867,1.703009363,1.953720632,1.919484342,1.994605335,1.992405215,1.847252966,1.898227752,1.924944738,1.961515826,1.987624017,1.978628929,1.943119211,1.945509115,1.923118825,1.887900737,1.937210338,1.912625929,1.876970643,1.948629457,1.9459739,1.807937364,1.836293635,1.900332995,1.96938261,1.948404306,1.969047866,1.979375512,1.988818196,1.940776652,1.953109091,1.855436024,1.833946392,1.982489033,1.95388957,1.93539424,1.917611642,1.977410729,1.968489738,1.978594315,1.943406299,1.914991312,1.90812743,1.90418108,1.934907817,1.926463417,1.980192423,1.969375611,1.975864105,1.989151933,1.992509933,1.934653239,1.933973979,1.89215974,1.827412423,1.955269605,1.942825768,1.961609628,1.987532407,1.904972776,1.957563597,1.927839501,1.926347993,1.927872937,1.946184452,1.970458543,1.957900553,2,1.954417493,1.981887617,1.978259705,1.920902023,1.903991768,1.952013875,1.946416314,1.732167671,1.766318494,1.874097984,1.880841456,1.979637472,1.994660902,1.954446989,1.962003988,1.962856915,1.84496848,1.954653592,1.982087832,1.956608265,1.91003746,1.952012838,1.958155087,1.934913051,1.906006222,1.966244838,1.962504472,1.893359702,1.890923564,1.980898272,1.991523374,1.979266812,1.922480273,1.891740029,1.996154992,1.987099519,1.981424344,1.997129029,1.880810446,1.894179465,1.969165035,1.966529616,1.899565008,1.943457902,1.972881257,1.957093669,1.986807887,1.979448381,1.951646061,1.935224884,1.962676794,1.958686776,1.983924015,1.90133454,1.941228664,1.943990061,2,2,1.815701742,,
CD_032_V3,1.335731654,1.624970731,1.650511403,1.381167653,1.430358842,1.714468134,1.771878069,1.422133175,1.420644115,1.388736215,1.405624288,1.679903144,1.726472532,1.565822256,1.667530576,1.385419097,1.480061452,1.330172562,1.390588907,1.504820978,1.827260898,1.627552963,1.707103595,1.656496602,1.773335852,1.66816864,1.671171907,1.859257007,1.889350715,1.646636386,1.615620695,1.866066683,1.878737231,1.331709473,1.434437627,1.595411334,0,1.847079277,1.643800837,1.7169108,1.8523476,1.383634978,1.612700851,1.807850629,1.790325403,1.381030949,1.40842566,1.948209224,1.935528619,1.548463558,1.507071181,1.896711318,1.972299978,1.961396046,1.429807382,1.52054221,1.789550924,1.767329835,1.981361992,1.8101687,1.768452588,1.974185787,1.443306963,1.421493936,1.591458354,1.638658622,1.674915798,1.634453946,1.634513659,1.822600505,1.806967135,1.958146856,1.959454455,1.776795417,1.596537774,1.694368441,1.761094993,1.880853178,1.413105202,1.316520742,1.454578857,1.654447013,2,1.760462481,1.947942496,1.963427861,1.554815077,1.667937977,1.929177449,1.565879827,1.590797214,1.743951677,1.83721704,1.758294652,1.96635001,1.687272678,1.589972715,1.963848301,1.959981469,1.488936347,1.569992278,1.366014917,1.549478692,1.394393633,1.55563367,1.835249869,1.843677863,1.835614469,1.539776071,1.378984331,1.59245694,1.665439381,1.777801105,1.540116554,1.489483926,1.416577441,1.372810124,1.693164513,1.472916017,1.66983153,1.861149403,1.715896718,1.600360107,1.380770475,1.310402414,1.745553437,1.523846537,1.258141364,1.749905925,1.897760093,1.671342906,1.859087435,1.451062864,1.713171358,1.640787613,1.887851183,1.259494134,1.44637756,1.57259697,1.440350017,1.937780595,1.955287551,1.689605857,1.57555097,1.420781522,1.632523736,1.523156728,1.729574091,1.87734611,1.992161372,1.98366634,1.40838116,1.65263763,1.592791447,1.601246829,1.711685231,1.629190435,1.290478114,1.417795166,1.514029284,1.468737805,1.683391998,1.734115052,1.490885962,1.952063238,1.95596217,1.668029348,1.572620588,1.760352515,1.796412876,1.939760515,1.897329285,1.575967601,1.505494811,1.381691249,1.496136584,1.728726681,1.664334077,1.570568666,1.616265569,1.593325491,1.623430609,1.597685329,1.407044492,1.759735319,1.689259047,1.599923237,1.933818671,1.926868675,1.642270757,1.656070145,1.569519527,1.678315758,1.750825505,1.671627865,1.727436504,1.681823548,1.921312645,1.750817106,1.866614932,1.602566548,1.522407345,1.354466587,1.721690611,1.78510588,1.809053881,1.946601461,1.810694651,1.804539881,1.925712621,1.950867791,1.690826457,1.673161999,1.738829014,1.750945842,1.758844272,1.700008784,1.856998887,1.879434983,1.724127343,1.864778444,1.725470966,1.553759304,1.674148528,1.814795771,1.923404187,1.808420029,2,1.55237559,1.926083446,1.913694621,1.398713182,1.324428516,1.653606773,1.656110766,1.423448032,1.468200609,1.533705218,1.342677313,1.941100583,1.982215581,1.500900312,1.634153059,1.927704103,1.752652841,1.723777204,1.863566129,1.722595698,1.751282938,1.916389208,1.861287857,1.782121593,1.708855532,1.787214651,1.791515454,1.463572827,1.529177518,1.869238556,1.958777366,1.920523174,1.86606596,1.5798978,1.968584392,1.959235732,1.894045913,1.991669227,1.501726211,1.656427458,1.879303608,1.889319657,1.619036564,1.795708028,1.837428481,1.773998709,1.81245542,1.894312189,1.556053326,1.730574782,1.837051491,1.79492533,1.94064824,1.924697114,1.645887431,1.764950508,2,2,1.38293141,,
CD_033_V1,1.921198613,1.603814312,1.517917492,1.813161255,1.814697412,1.867305501,1.925869902,1.873589456,1.879377748,1.805771054,1.881283516,1.777940837,1.72175385,1.794349783,1.914475206,1.816954943,1.811773942,1.595485898,1.704015794,1.744523162,1.909929085,1.869051978,1.707223948,1.532768284,1.676332077,1.858598738,1.899906707,1.980392499,1.979706519,1.481401803,1.342680136,1.964517766,1.987663668,1.791380115,1.771518406,1.955528015,1.847079277,0,1.106248014,1.836606169,1.891342095,1.801877119,1.687182154,1.798745175,1.856220187,1.859231284,1.827988032,1.991014527,1.977305307,1.434357437,1.50726536,1.049217819,1.990585043,1.982654815,1.610935052,1.786806026,1.867389467,1.768886932,1.980343661,1.913190859,1.508356951,1.952156381,1.842839489,1.765249173,1.603057533,1.642794907,1.644662331,1.836427212,1.774195946,1.901356089,1.926129541,1.781643311,1.897993685,1.844000757,1.919573654,1.913799548,1.860745001,1.92184641,1.851334974,1.904240409,1.416525032,1.451772018,2,1.71662613,1.985809464,1.991705092,1.701869069,1.661488069,1.732378509,1.588619085,1.714619983,1.294442859,1.593419188,1.966533926,1.980333329,1.862051657,1.847949736,1.977061425,1.985357996,1.88392133,1.862572439,1.516629345,1.2654452,1.354058154,1.477720443,1.682628439,1.857466928,1.89190447,1.843197676,1.632416938,1.679450568,1.649719831,1.889346026,1.872481933,1.937166812,1.679886495,1.731243553,1.464346092,1.718876327,1.552022833,1.965234139,1.226561514,1.858471872,1.633730365,1.472618854,1.727507905,1.336005747,1.776022733,1.856779252,1.826919846,1.64690253,1.542621092,1.854160583,1.918967972,1.899629151,1.962534478,1.848240366,1.372299062,1.60016723,1.637914458,1.921504922,1.928392174,1.748611691,1.507892138,1.885095229,1.742707553,1.773265993,1.665405482,1.670243162,1.132562526,1.122508968,1.610370956,1.415323207,1.505217082,1.564446786,1.561563144,1.535750953,1.859274004,1.913890861,1.61589085,1.502741114,1.352814708,1.921854388,1.918236239,1.965377335,1.939881383,1.926447309,1.904330711,1.828905843,1.787880931,1.983579562,1.963068047,1.881971927,1.871047962,1.479585357,1.341053665,1.511321835,1.790844703,1.708552102,1.919214485,1.896838363,1.591555344,1.610704384,1.620400966,1.781308784,1.751111876,1.781314314,1.965341039,1.9438414,1.725829075,1.693018776,1.863184385,1.881915011,1.655509548,1.659633669,1.615991139,1.739680727,1.723873604,1.730811147,1.883997695,1.797341195,1.868605557,1.795198932,1.916045219,1.932174109,1.780788562,1.819051073,1.887833435,1.855796307,1.934430692,1.97438485,1.529579142,1.669210572,1.538245693,1.395260122,1.751595755,1.653466988,1.838454273,1.861338633,1.958773154,1.957407669,1.919550424,1.954062331,1.705098772,1.750028034,1.986157122,1.858091553,2,1.724691242,1.900074005,1.903711492,1.570681047,1.457438756,1.895937997,1.894254338,1.646673932,1.683289499,1.848138046,1.69229175,1.846158647,1.871660873,1.903267946,1.91706702,1.555773306,1.640011424,1.973821478,1.968695092,1.749207684,1.840363046,1.961194635,1.909111462,1.235558971,1.287847416,1.72831709,1.738891569,1.628757154,1.531068165,1.872632186,1.898733491,1.764158432,1.544974127,1.308933849,1.943175655,1.941879839,1.961710617,1.992167147,1.507112953,1.808578315,1.565335642,1.733436132,1.478570977,1.6973049,1.816961626,1.617670059,1.883151857,1.86354205,1.577043364,1.748516814,1.865884823,1.772975966,1.164436094,1.536957848,1.458031862,1.242269473,2,1.999815851,1.915755,,
CD_033_V3,1.823925319,1.485654775,1.431835937,1.681173594,1.674289737,1.811140333,1.87460975,1.704394333,1.724815671,1.659794798,1.772036458,1.732679578,1.677915805,1.61994593,1.817620573,1.639801174,1.627305424,1.404308197,1.536852644,1.577027907,1.874084105,1.783528333,1.712232983,1.434732976,1.645973854,1.788435596,1.837832254,1.931446618,1.938826814,1.405562766,1.250399947,1.926209383,1.964619871,1.559770618,1.572103518,1.923583291,1.643800837,1.106248014,0,1.757910496,1.875071303,1.771357656,1.574866006,1.791181446,1.820158652,1.763748581,1.756299492,1.984375756,1.967169105,1.340541357,1.417320611,1.216709988,1.982293078,1.973723402,1.415938234,1.61836396,1.880399777,1.74900323,1.965051576,1.837940886,1.51983602,1.961882649,1.631383491,1.495271615,1.479773777,1.522335233,1.632900801,1.75721626,1.674309342,1.810881039,1.871441681,1.810885569,1.900927423,1.813428782,1.841955914,1.857158304,1.831470816,1.918559584,1.65790664,1.748665477,1.335362306,1.404641314,2,1.593143983,1.985865735,1.991891861,1.523981706,1.526450805,1.794159764,1.444754725,1.582246396,1.3029243,1.617487346,1.912939019,1.96486648,1.77628369,1.703287967,1.976728755,1.981454957,1.750500143,1.725063381,1.392090801,1.225594985,1.310110183,1.42590353,1.694573955,1.823535567,1.864490142,1.728543836,1.485680402,1.600172863,1.590307253,1.886388016,1.796984139,1.883729481,1.555690158,1.596350881,1.433330652,1.647175439,1.555427228,1.958697229,1.252548331,1.74496658,1.497386187,1.328163197,1.716966789,1.30621413,1.594963681,1.787369486,1.814597598,1.650465914,1.60033284,1.747071225,1.835317907,1.811281848,1.929794584,1.691412034,1.299213222,1.589586641,1.602680967,1.910284936,1.944961394,1.646623519,1.41961533,1.760940311,1.685078344,1.641914077,1.607097118,1.702754137,1.336217085,1.308695552,1.441219507,1.359421931,1.377542988,1.444695791,1.49109887,1.388984457,1.672350254,1.75652805,1.534516902,1.419135117,1.413675819,1.77723587,1.775867402,1.967683589,1.942792973,1.875605504,1.839215483,1.715135406,1.696278003,1.974569951,1.947591503,1.756330969,1.736595821,1.363653036,1.275310183,1.489847587,1.737181396,1.64848487,1.800197548,1.782210411,1.5177433,1.525200309,1.495925523,1.752806819,1.650333791,1.643205795,1.958834856,1.937360802,1.689749696,1.701300557,1.741644259,1.795873578,1.507990778,1.5481672,1.546184659,1.649872268,1.769987566,1.727607198,1.850515158,1.697757144,1.708915197,1.641905127,1.808552679,1.877597602,1.765920948,1.805583227,1.846234165,1.835338681,1.934018186,1.966391272,1.410049699,1.583660027,1.509238979,1.431631624,1.735206074,1.649014371,1.8122433,1.863135129,1.926794451,1.951760093,1.814651108,1.863436932,1.679728671,1.734286647,1.966193407,1.841542557,2,1.624236354,1.899074697,1.905241214,1.456359144,1.341408256,1.814845524,1.793832779,1.478846328,1.551502516,1.711877409,1.509690339,1.84759104,1.911774253,1.787380063,1.798667042,1.617934023,1.629859467,1.889312363,1.955470357,1.735211885,1.787319295,1.943043725,1.878409253,1.326148965,1.330146517,1.717325917,1.710827484,1.585754511,1.489223528,1.861034328,1.913959746,1.794301341,1.629853318,1.321658491,1.951904913,1.946823566,1.946261448,1.990734137,1.462133958,1.726295328,1.623828445,1.743192217,1.418449664,1.688195833,1.815725106,1.604490403,1.852472576,1.839343411,1.541958445,1.710402368,1.820806159,1.71195097,1.305059195,1.627222282,1.510449162,1.329055845,2,1.997978208,1.837462828,,
CD_035_V1,1.855542935,1.702824874,1.690479643,1.860241291,1.795117447,1.806325624,1.774661841,1.754048741,1.805245237,1.743167123,1.81554831,1.820669145,1.753870031,1.663529271,1.638215527,1.554636866,1.506069973,1.669768263,1.579695507,1.641519824,1.875855647,1.502976712,1.928284912,1.800304519,1.861986373,1.718432104,1.740675222,1.675175095,1.606781412,1.776000583,1.719915329,1.860466676,1.731584764,1.647753798,1.691439459,1.954179095,1.7169108,1.836606169,1.757910496,0,1.340691271,1.776846719,1.641756027,1.865353774,1.870035291,1.916441767,1.922674248,1.894982689,1.900244441,1.608652636,1.686832598,1.873376868,1.953890815,1.958395936,1.603599191,1.587274624,1.94117671,1.873133625,1.936184957,1.692201893,1.768075246,1.93154304,1.698359054,1.666676546,1.620614407,1.678432275,1.905136039,1.55144621,1.61457709,1.646960265,1.75968213,1.889658922,1.887221939,1.864728528,1.819057232,1.849963307,1.890048085,1.964830278,1.653316511,1.782439351,1.760133656,1.824489074,2,1.725598309,1.961078989,1.961435778,1.717213376,1.776643552,1.864623038,1.621513419,1.740096236,1.765956663,1.813897813,1.653235727,1.895463893,1.878619934,1.780691099,1.943590793,1.949347183,1.89906178,1.843954663,1.643611126,1.624018512,1.759876218,1.556951193,1.842722113,1.804679571,1.660473677,1.765833127,1.664431409,1.807662879,1.812235955,1.929389007,1.62417902,1.648335706,1.681487195,1.699243762,1.841166592,1.894424979,1.798780909,1.776115384,1.738958423,1.501326142,1.609200864,1.655825065,1.831687992,1.746719314,1.84724166,1.605304938,1.807892574,1.834854259,1.840625904,1.907681499,1.951531245,1.684616655,1.881353948,1.749088353,1.687361102,1.83135442,1.817712451,1.896625965,1.929747703,1.61134137,1.518367532,1.735778003,1.825677801,1.77912568,1.650084582,1.699515889,1.923447625,1.912762966,1.669683998,1.731929252,1.657216241,1.705816999,1.82812969,1.660189801,1.81675535,1.773453841,1.698439732,1.582614595,1.8499078,1.762289027,1.656410693,1.874323939,1.813203344,1.601377549,1.63930136,1.563352448,1.532789969,1.913891435,1.957301502,1.789703139,1.707027927,1.670952911,1.761706931,1.785753419,1.722395906,1.682179529,1.724187853,1.739113255,1.774388034,1.701107731,1.667522756,1.850769744,1.614676767,1.713217078,1.821974085,1.766772798,1.809472545,1.888416748,1.796913932,1.755869684,1.761632436,1.506209601,1.742747235,1.742999166,1.889899169,1.769652921,1.922993267,1.633536238,1.41992686,1.49518815,1.844648551,1.87042716,1.788244453,1.909843583,1.848118756,1.876536448,1.93850144,1.940431046,1.586407795,1.618740165,1.639869769,1.737419941,1.801906609,1.778469256,1.859217699,1.849522805,1.933088453,1.900770277,1.727183284,1.654350557,1.907583918,1.931051443,1.902135328,1.724826931,2,1.69078526,1.934084012,1.902104618,1.599071498,1.675523711,1.657017278,1.738873147,1.598319143,1.527190454,1.734402379,1.533643359,1.848835789,1.942888318,1.855975697,1.859790885,1.716856282,1.673262964,1.752354862,1.931818196,1.889616049,1.875776365,1.801681972,1.767595068,1.915989285,1.904779803,1.766930635,1.740255818,1.7420779,1.65082087,1.84337507,1.909071624,1.853834936,1.906624822,1.813876343,1.9186699,1.866817882,1.902476664,1.98983663,1.737107946,1.820598473,1.870926814,1.865823279,1.618941614,1.663350049,1.883705078,1.807721727,1.871426259,1.881859637,1.793550907,1.772425484,1.845222923,1.716301929,1.883786079,1.920490828,1.790676348,1.852584733,2,2,1.956302291,,
CD_035_V3,1.914065743,1.875438281,1.871396749,1.935925409,1.904025501,1.703795252,1.624567152,1.912434492,1.887059238,1.871886133,1.891001033,1.888136431,1.86637294,1.844408929,1.818585522,1.792250899,1.789163393,1.817363926,1.795462287,1.839716946,1.918095512,1.73276962,1.789627494,1.886368121,1.918181777,1.839773374,1.852744545,1.546199877,1.450472877,1.85988018,1.839800796,1.712053845,1.381032958,1.820155173,1.852705793,1.979010124,1.8523476,1.891342095,1.875071303,1.340691271,0,1.852384333,1.841715177,1.922461683,1.932686732,1.948913766,1.955872806,1.91296311,1.867997489,1.798200314,1.805858565,1.906728999,1.919119296,1.946085563,1.808224976,1.827490661,1.951257826,1.917593179,1.882956887,1.875669502,1.867420393,1.887376064,1.868876546,1.871272983,1.779805871,1.820680056,1.933359212,1.767144405,1.792603915,1.464496529,1.777712582,1.698473553,1.593970172,1.916906388,1.903495106,1.87617441,1.921863998,1.967345612,1.83986629,1.878721389,1.847192085,1.914676025,2,1.785621765,1.901453846,1.893987494,1.848640316,1.867531558,1.835703157,1.79195287,1.860822744,1.878647694,1.882092829,1.379283958,1.650135526,1.915528574,1.870084365,1.89279756,1.895572737,1.916883293,1.926312206,1.814030726,1.780556117,1.830214001,1.761305584,1.841037026,1.791124472,1.814563052,1.900057129,1.864484526,1.898474556,1.912304626,1.878613215,1.775849161,1.806101615,1.853340573,1.838794728,1.882671525,1.910980124,1.876715542,1.930267959,1.842545777,1.702934619,1.817387365,1.836586673,1.880126208,1.857804998,1.862021632,1.805453199,1.771900711,1.903778203,1.911201974,1.95677119,1.959705952,1.758767636,1.912912952,1.858015068,1.769855526,1.875208156,1.871444087,1.939451372,1.887305587,1.772655825,1.762206056,1.854741405,1.87621205,1.848603023,1.796731943,1.828774841,1.949486068,1.944277643,1.818039529,1.842062506,1.873269984,1.87069609,1.923683811,1.870594692,1.895896092,1.884991833,1.80944554,1.771038942,1.905695152,1.834809502,1.800266476,1.857650535,1.843545649,1.76236701,1.805029852,1.751129213,1.70548516,1.899026817,1.970306097,1.795999191,1.762498984,1.800517741,1.865777931,1.889091907,1.842260718,1.838571527,1.777873665,1.72577378,1.852833437,1.818528127,1.789724482,1.822238319,1.773781433,1.828469765,1.911868774,1.865098781,1.883865115,1.922219347,1.897181034,1.852856589,1.870649607,1.777070572,1.852625879,1.839577248,1.813111073,1.810422249,1.948289546,1.819564259,1.744284824,1.765899739,1.90846593,1.914712129,1.871030166,1.926744666,1.920619779,1.91387381,1.918492997,1.8625389,1.792269429,1.777725296,1.830229803,1.882938557,1.87730794,1.84741721,1.894470221,1.831732373,1.903421237,1.867124411,1.777703851,1.8132185,1.940122461,1.952327596,1.789940121,1.346999711,2,1.81035728,1.965421967,1.949844254,1.803888554,1.849704367,1.821089203,1.835887562,1.825749161,1.795146524,1.884829121,1.794728197,1.840627031,1.895523059,1.905300171,1.907401124,1.885006954,1.849712782,1.82093403,1.880952532,1.932583698,1.935269798,1.900879144,1.880095173,1.946018124,1.945078828,1.87778568,1.867084878,1.849583443,1.813148439,1.897025892,1.867234818,1.830027066,1.941132421,1.892096878,1.87281426,1.845146778,1.933928583,1.987804036,1.846453784,1.909492816,1.93072324,1.916646644,1.808898376,1.863243294,1.865240594,1.885386445,1.861890708,1.939119727,1.857120721,1.867637293,1.909047344,1.845850886,1.930611238,1.954498308,1.873523193,1.900361946,2,2,1.958056128,,
CD_036_V1,1.493499779,1.827164972,1.793636574,1.771425388,1.814983341,1.79185779,1.834167957,1.819497486,1.7730023,1.684324932,1.654189836,1.607188852,1.703034382,1.653034,1.62810403,1.629379089,1.776334353,1.427734404,1.400375975,1.50685204,1.840680609,1.710890553,1.44721144,1.686820487,1.768278754,1.666190176,1.775761652,1.940751372,1.949165117,1.80931899,1.804652154,1.855184597,1.894117454,1.576757358,1.729845718,1.958048114,1.383634978,1.801877119,1.771357656,1.776846719,1.852384333,0,1.411241934,1.841688187,1.822680716,1.647657126,1.721271143,1.929130338,1.892240028,1.745441145,1.726776816,1.730509167,1.980107981,1.945162619,1.762192618,1.809324847,1.730170094,1.754470944,1.9889125,1.907804102,1.811345425,1.952037042,1.796317152,1.779564802,1.675372786,1.640053251,1.607165519,1.822406098,1.796479643,1.878412454,1.815721423,1.925517609,1.95356624,1.920586133,1.627341345,1.640333205,1.790624523,1.920610106,1.550226568,1.38874136,1.521241702,1.725913659,2,1.937881153,1.897048587,1.928220233,1.833161786,1.819105306,1.908661827,1.692020254,1.799996761,1.853284923,1.872748531,1.860407893,1.975974932,1.442908489,1.36487019,1.938392697,1.927080601,1.420126144,1.602333876,1.285670683,1.440048341,1.31001631,1.791234306,1.871202454,1.795653334,1.784481576,1.547058273,1.475141058,1.55735594,1.698215679,1.609325576,1.706279002,1.534457783,1.391296598,1.436428059,1.778022396,1.590826855,1.68366014,1.9354236,1.609440435,1.738062316,1.395916581,1.510244557,1.7326831,1.553915917,1.21438378,1.798946514,1.818219441,1.635161622,1.856554387,1.797293618,1.943841544,1.674300651,1.865313491,1.412350099,1.63657029,1.423951078,1.275080068,1.909746068,1.939441363,1.858638232,1.622782677,1.552399279,1.638433389,1.610864874,1.8715236,1.85657234,1.882188877,1.874248118,1.504641069,1.801238797,1.830952806,1.743545826,1.860663797,1.833875272,1.276852587,1.516976177,1.506504891,1.571153167,1.662697611,1.883710678,1.579036884,1.908796862,1.943745297,1.833151705,1.619253739,1.846926973,1.817857905,1.890122708,1.874510971,1.521880437,1.515070981,1.615165791,1.587057617,1.802465753,1.803670997,1.775816961,1.739513468,1.690290957,1.693978974,1.652059394,1.431332009,1.696057272,1.8592568,1.444578829,1.941939072,1.901361757,1.539805002,1.4782627,1.757520687,1.80805944,1.766311317,1.790479991,1.384157251,1.451799407,1.92809844,1.743173294,1.886728607,1.699780824,1.720105574,1.540930875,1.903063043,1.909671083,1.825337043,1.903898737,1.852793063,1.827995127,1.905041274,1.942726739,1.789082772,1.767854979,1.826435025,1.795967568,1.830361096,1.731959027,1.84010753,1.838919644,1.771566296,1.879631829,1.844491748,1.614013769,1.622967748,1.84274026,1.936138951,1.80453908,2,1.273829717,1.902533111,1.872950409,1.414720204,1.402982893,1.549653043,1.600624902,1.63319305,1.75881221,1.837302034,1.596524698,1.936305838,1.973393049,1.394634899,1.653559718,1.883011635,1.865011174,1.867268074,1.769023136,1.575697689,1.778003771,1.926173872,1.659679645,1.890223264,1.880069923,1.474099355,1.510345144,1.375070409,1.573293773,1.827910263,1.96178915,1.843314312,1.814654909,1.483910431,1.935188166,1.933179007,1.918177201,1.992586294,1.435123297,1.693398299,1.749040449,1.779696099,1.754105513,1.813229074,1.826746852,1.805441823,1.753018972,1.917541012,1.372868567,1.64859576,1.816897484,1.818198299,1.864498982,1.694156723,1.445266796,1.646944291,2,1.998440489,1.502686499,,
CD_036_V3,1.828812212,1.554027272,1.566974283,1.771571628,1.693382547,1.75732201,1.817957856,1.61535081,1.59620297,1.708088277,1.806496018,1.802448293,1.769015589,1.569633016,1.561450277,1.607090244,1.532758572,1.560087804,1.569013828,1.369684099,1.911765596,1.548114419,1.684588882,1.668679446,1.814826595,1.77243727,1.757563977,1.897826256,1.899775077,1.549653532,1.504790953,1.939634786,1.917359508,1.618212822,1.631675178,1.92320805,1.612700851,1.687182154,1.574866006,1.641756027,1.841715177,1.411241934,0,1.879589016,1.896564147,1.823395881,1.833592368,1.974691528,1.953276968,1.471286908,1.494008643,1.755479652,1.992895033,1.983576959,1.464018819,1.446820114,1.851780184,1.82343653,1.983283849,1.788506906,1.735471149,1.980882404,1.589024018,1.494845658,1.509547058,1.469724864,1.821512423,1.761661884,1.602909248,1.778560823,1.824148026,1.915867355,1.954327582,1.905337182,1.479812691,1.464291394,1.884618427,1.957573563,1.688848302,1.646762257,1.546884261,1.660442155,2,1.824945912,1.983663161,1.992032544,1.511832606,1.469835675,1.923692553,1.604078017,1.686547819,1.643136141,1.831059196,1.859843159,1.978168375,1.467095215,1.368203621,1.987584186,1.987946492,1.794516076,1.692204622,1.485032772,1.499729482,1.582493158,1.503625078,1.866158836,1.893571544,1.56667506,1.417400185,1.337027214,1.642174721,1.600288072,1.938923058,1.554521373,1.627615745,1.40120658,1.42431763,1.607861135,1.703165782,1.758862299,1.937518654,1.474949523,1.608515745,1.554772232,1.550237582,1.768272627,1.661810644,1.699514447,1.707668101,1.835515469,1.781671089,1.833739032,1.802363628,1.918921254,1.656760906,1.778721229,1.563484847,1.581200756,1.754980994,1.663250627,1.881403668,1.978204093,1.667942822,1.601040122,1.658117886,1.704027942,1.611619594,1.729119588,1.811732437,1.828307137,1.809258959,1.602041771,1.636062982,1.509605795,1.571704499,1.61282703,1.488761013,1.681128866,1.719674803,1.541261589,1.51291411,1.771594842,1.87133146,1.717289209,1.955075809,1.91821935,1.779958484,1.717935418,1.728844304,1.701640752,1.97024335,1.957590012,1.669134162,1.613101226,1.579786518,1.575720921,1.74772527,1.605632829,1.566298424,1.763212783,1.772657022,1.601341464,1.47725766,1.599298199,1.886708189,1.669596445,1.458939081,1.901446562,1.91851009,1.785866266,1.847466118,1.732904621,1.762231879,1.789301173,1.693951884,1.241865021,1.261340749,1.915235614,1.821427689,1.905520544,1.631983588,1.538731725,1.524801482,1.832237484,1.862021903,1.818616963,1.902692565,1.856539959,1.867669705,1.937205936,1.970834288,1.553625837,1.548422351,1.709648456,1.746998386,1.816693975,1.797147112,1.841534302,1.839914974,1.941269621,1.965011846,1.866461888,1.837660776,1.839750567,1.882173814,1.952087222,1.872285224,2,1.328657556,1.943941286,1.921001577,1.486733337,1.522770998,1.530599978,1.609513581,1.524350604,1.506855032,1.844254415,1.5256597,1.910706892,1.977319027,1.74537889,1.758845228,1.839816933,1.801899958,1.850350024,1.961720636,1.847978958,1.843404975,1.90898528,1.648612532,1.801448378,1.806860205,1.445700582,1.452667601,1.706529937,1.652899664,1.90954334,1.962062384,1.862748303,1.871804372,1.623295403,1.969248227,1.921133546,1.936192469,1.995325002,1.621785293,1.78564367,1.743587226,1.784750197,1.638584428,1.856237679,1.896136317,1.784088566,1.877460779,1.852145078,1.710462077,1.79375091,1.763244707,1.704899604,1.764014885,1.678507295,1.772207733,1.757136303,2,2,1.882889712,,
CD_037_V1,1.486941778,1.868458773,1.852014071,1.908742841,1.87479493,1.902347906,1.944670661,1.826738216,1.85531911,1.275686293,1.256120638,1.100899486,1.220815548,1.826060441,1.905221913,1.822238453,1.841580773,1.767863784,1.797411128,1.82702036,1.03550951,1.883162359,1.902769598,1.860635995,1.903092458,1.891671661,1.913735985,1.956460602,1.957977474,1.829551207,1.821539176,1.965508449,1.974394856,1.793664597,1.833680736,1.908221298,1.807850629,1.798745175,1.791181446,1.865353774,1.922461683,1.841688187,1.879589016,0,1.006649511,1.56327162,1.720709076,1.07903825,1.049778492,1.831436666,1.840565185,1.56062028,1.353957011,1.080682902,1.826715937,1.83507172,1.058830201,1.090453468,1.986232908,1.962034457,1.111596536,1.544149459,1.872824303,1.869028154,1.838325697,1.846202407,1.040577811,1.89167999,1.879552319,1.944915269,1.930059383,1.960233334,1.971946173,1.065674367,1.942095843,1.933509092,1.262833801,1.518323724,1.860966078,1.870060304,1.808518939,1.86569961,1.249921086,1.921616235,1.068858626,1.125519194,1.873387312,1.891322282,1.423481171,1.796547124,1.822585911,1.191720488,1.050156661,1.951459702,1.986104711,1.898942607,1.863046255,1.549344603,1.517487004,1.238145787,1.252100471,1.788456441,1.768744159,1.768375297,1.814693015,1.241951458,1.920552464,1.910208053,1.903612235,1.847654212,1.885396951,1.894461088,1.322005704,1.871323484,1.912647304,1.846619473,1.846052931,1.884134462,1.871126184,1.072714286,1.320977858,1.812577135,1.878770223,1.823999304,1.771802276,1.142277613,1.819742783,1.827285111,1.906286998,1.924842994,1.208407534,1.45590529,1.41444606,1.06176342,1.926884439,1.977334608,1.837521134,1.759172992,1.107789955,1.233431918,1.322571844,1.590001285,1.809211445,1.80202541,1.866016406,1.883977756,1.85558224,1.160430807,1.060441169,1.519037119,1.393922995,1.796311167,1.83501917,1.830824595,1.857245229,1.877717718,1.818803079,1.824213441,1.837744187,1.816416411,1.774185439,1.147460671,1.943254608,1.883792257,1.309139562,1.162535044,1.903723728,1.850296356,1.893182993,1.881536582,1.357613579,1.064002139,1.901210842,1.896017617,1.76202546,1.261680286,1.122801095,1.907165014,1.879465723,1.897238108,1.879190199,1.820983254,1.832905307,1.819558168,1.906677576,1.80972151,1.857387368,1.153359734,1.100181664,1.075868981,1.06354619,1.069008453,1.098203082,1.87931651,1.885075118,1.856347885,1.86060245,1.313953973,1.138782713,1.931838567,1.853251364,1.873619947,1.854641784,1.060592338,1.05871655,1.045002254,1.496666537,1.20618374,1.087505875,1.155734799,1.238347226,1.822496627,1.813547586,1.146602822,1.105638825,1.09337262,1.100652138,1.061133451,1.223578385,1.110713489,1.34310905,1.926544618,1.925066414,1.067126262,1.033982507,1.182395333,1.375520527,1.249921086,1.837631614,1.130950926,1.117851251,1.797559515,1.770300173,1.919951353,1.908516963,1.816215342,1.823403459,1.868475428,1.803851389,1.387523308,1.552708186,1.877423494,1.906233381,1.239265017,1.116107357,1.949622199,1.1979777,1.037233135,1.025145311,1.119316898,1.147204361,1.309705079,1.496626607,1.198068991,1.201899416,1.146530083,1.182978707,1.06114647,1.37195497,1.449994505,1.057632765,1.160503941,1.795005234,1.265469894,1.227799578,1.409893508,1.222206036,1.058942413,1.126086901,1.119157942,1.344014906,1.440074624,1.152932379,1.176363006,1.128105912,1.094563775,1.294631778,1.141501684,1.051757345,1.096582051,1.26634354,1.123325797,1.08545915,1.201274878,1.249921086,1.372332267,1.915203983,,
CD_037_V3,1.482045651,1.870674316,1.868849597,1.913853072,1.902471405,1.926286126,1.945576231,1.83845897,1.872028947,1.28047678,1.2576769,1.107185006,1.229083485,1.820756185,1.894428478,1.814706427,1.843082653,1.771321426,1.801572485,1.818648542,1.036230161,1.9037694,1.900707419,1.871517133,1.91245613,1.895592008,1.914386891,1.95599823,1.962522989,1.868167872,1.870361804,1.962978176,1.977289722,1.783904833,1.825883073,1.923678104,1.790325403,1.856220187,1.820158652,1.870035291,1.932686732,1.822680716,1.896564147,1.006649511,0,1.551283654,1.716201733,1.083316387,1.052581723,1.8656499,1.876182233,1.603651392,1.357813784,1.08369355,1.831542008,1.835513389,1.067724122,1.097424046,1.990630019,1.954163022,1.10786622,1.547917845,1.857302071,1.861789384,1.863391069,1.870672964,1.041695531,1.886567094,1.896898983,1.946833437,1.93996159,1.962181543,1.973090286,1.072090209,1.937571942,1.927855252,1.269482046,1.524121152,1.84367665,1.858344307,1.835188643,1.885503851,1.252987511,1.939976021,1.072922592,1.129405084,1.888610503,1.921014887,1.433218213,1.801280426,1.823061786,1.20492321,1.060715954,1.958769602,1.987243637,1.90434943,1.873429992,1.55235117,1.521335468,1.228430955,1.247401402,1.787588115,1.792609313,1.791160493,1.844818401,1.246448109,1.925850231,1.917262503,1.898926663,1.846084849,1.865668483,1.888045173,1.321020647,1.879661362,1.906758095,1.854790851,1.858835131,1.907552877,1.872985758,1.083047601,1.323821627,1.852140877,1.893615654,1.813387137,1.774208149,1.150432512,1.820703196,1.806367841,1.911006469,1.932828255,1.216224469,1.470264102,1.415828108,1.062951053,1.9313672,1.980172999,1.828950252,1.773699753,1.117981257,1.239172085,1.329510734,1.592941292,1.833758111,1.811874746,1.849792234,1.898892239,1.866229254,1.167261376,1.071254202,1.557698491,1.42904586,1.787286731,1.852251983,1.811074882,1.861119698,1.886253053,1.829456771,1.797162494,1.804869024,1.830944632,1.799725996,1.16534159,1.943068592,1.884715695,1.309994706,1.163022288,1.895369413,1.815840075,1.905902485,1.889540184,1.360638499,1.067154305,1.905554517,1.895375811,1.754157561,1.275938796,1.135040061,1.919226057,1.888741761,1.890850131,1.884637753,1.841567056,1.86361069,1.818577463,1.913445455,1.834477613,1.846131092,1.16221223,1.107022225,1.080744134,1.064888483,1.072445519,1.102714781,1.886519953,1.902099199,1.876978585,1.887775344,1.324417077,1.149873428,1.930153856,1.867282458,1.876317817,1.862156285,1.067544872,1.064703556,1.051709867,1.502447744,1.208682158,1.09141601,1.161477817,1.243755591,1.846617537,1.841163076,1.159985403,1.119658437,1.098850935,1.108213966,1.07101504,1.236068856,1.109333306,1.344820618,1.931902429,1.903435632,1.069248923,1.038004939,1.187213782,1.380323909,1.252987511,1.820688649,1.134482561,1.122142134,1.802306054,1.77402513,1.921368142,1.9064409,1.810962338,1.82840548,1.862888657,1.81111347,1.391400625,1.557383167,1.874969439,1.916699742,1.252722481,1.12726953,1.945411572,1.200801796,1.039596889,1.028701663,1.105569175,1.140640289,1.329245127,1.501682781,1.205569534,1.2020654,1.150702279,1.191666849,1.073018297,1.380564045,1.456906906,1.070869745,1.175286284,1.798184703,1.271067334,1.233159906,1.412997704,1.23107907,1.061228148,1.136604575,1.13154432,1.355240756,1.446807275,1.158639643,1.1818662,1.13325132,1.098750896,1.311272288,1.150698934,1.060578962,1.103265437,1.286904427,1.13252777,1.093313311,1.219031123,1.252987511,1.376278879,1.894323794,,
CD_038_V1,1.092199529,1.698140141,1.746379784,1.077696519,1.246226975,1.935610726,1.937134648,1.446517984,1.620474249,1.13184985,1.10645849,1.528250897,1.563973814,1.845435545,1.903461744,1.706847349,1.677684864,1.709284785,1.790054667,1.608940621,1.564520323,1.944853633,1.889936131,1.793157383,1.883728476,1.796929142,1.823691829,1.981402725,1.982929619,1.833280742,1.807288794,1.960203838,1.980434219,1.427253429,1.363834448,1.750729705,1.381030949,1.859231284,1.763748581,1.916441767,1.948913766,1.647657126,1.823395881,1.56327162,1.551283654,0,1.02762078,1.634663456,1.620327322,1.794814529,1.82384779,1.859982789,1.782972882,1.645615979,1.538131196,1.710947105,1.596847396,1.582278965,1.99240537,1.936371565,1.438290725,1.857775911,1.566506273,1.441884305,1.844220017,1.845382029,1.502069777,1.749995594,1.880394587,1.932892002,1.933687393,1.951878858,1.970476223,1.642852989,1.69930247,1.926097736,1.662139592,1.812197108,1.662817744,1.530525407,1.757424134,1.755381991,1.755321657,1.908576952,1.628102166,1.671621542,1.815754303,1.844890214,1.781276698,1.771115768,1.847113104,1.490182053,1.548854624,1.955057344,1.984780692,1.904406905,1.853543667,1.851118637,1.843633349,1.558308242,1.552389021,1.695378166,1.75720466,1.719858287,1.834482109,1.608445592,1.93278924,1.957752701,1.653013889,1.326259407,1.839096443,1.838256504,1.691463223,1.784952473,1.841513699,1.664421676,1.674726509,1.872825071,1.80202735,1.503597166,1.629268342,1.890102705,1.935340166,1.710979673,1.696497985,1.636486736,1.510695049,1.4394303,1.877332168,1.930248677,1.557915935,1.693986939,1.056805951,1.506826888,1.914437588,1.978211934,1.36201552,1.739041185,1.563514599,1.586772076,1.75462599,1.869268015,1.914644664,1.813235349,1.508176579,1.860765264,1.848591536,1.58990805,1.613941286,1.869053509,1.815876179,1.708627305,1.763297648,1.730507313,1.702903103,1.712295111,1.635534603,1.563819086,1.769389964,1.769792955,1.650029956,1.609446676,1.937060758,1.893089136,1.759095813,1.684947645,1.943743842,1.909144492,1.92010838,1.934430922,1.771393234,1.609415927,1.878025703,1.855330959,1.741892394,1.565170364,1.613740917,1.906875735,1.727489557,1.883831325,1.869903851,1.785887455,1.847672904,1.625246866,1.853697537,1.913573582,1.80183798,1.678219273,1.64349564,1.550065165,1.535981821,1.406117251,1.499585911,1.883784784,1.89986089,1.829377187,1.887513347,1.695483104,1.557252436,1.926625212,1.842266239,1.704619812,1.703321368,1.450950363,1.432949069,1.49782957,1.680074311,1.602185559,1.575016134,1.667294058,1.71541553,1.884362778,1.911400725,1.626905408,1.609397109,1.501393974,1.503116389,1.599492822,1.691284139,1.432170477,1.652218836,1.898334634,1.895070724,1.507669063,1.534117796,1.687642851,1.752685253,1.755321657,1.772902079,1.655371228,1.641227713,1.825391114,1.791406992,1.808481827,1.82720673,1.65672491,1.764321443,1.92677923,1.721259787,1.761805637,1.857831546,1.856225048,1.911055992,1.693634278,1.617443136,1.958996127,1.668934066,1.521557879,1.53373335,1.655999247,1.640686612,1.754270814,1.78507088,1.645835924,1.612704545,1.380593259,1.359972029,1.594375067,1.781100305,1.779780219,1.613501077,1.530542269,1.934976425,1.733708266,1.686263327,1.805035672,1.507299644,1.523847594,1.654398826,1.654415484,1.581136587,1.697422164,1.614192628,1.54399929,1.61801062,1.608229614,1.618858503,1.560219771,1.576729463,1.565220898,1.717182504,1.638437813,1.561835364,1.677649316,1.755321657,1.797623801,1.085346031,,
CD_038_V3,1.130957199,1.710511178,1.742561843,1.062060636,1.244968733,1.954264058,1.947705666,1.459471893,1.626039403,1.178771239,1.16080106,1.683105358,1.680929062,1.883721632,1.925930703,1.703903426,1.670582141,1.799876939,1.850022663,1.62748325,1.732042186,1.959422661,1.941798632,1.830057892,1.902554628,1.812974766,1.829450272,1.987081676,1.98801715,1.817447031,1.790459571,1.964300854,1.988696164,1.443492085,1.377125936,1.670817627,1.40842566,1.827988032,1.756299492,1.922674248,1.955872806,1.721271143,1.833592368,1.720709076,1.716201733,1.02762078,0,1.794529508,1.78396042,1.806983001,1.833565857,1.90961036,1.878370469,1.791470848,1.56221871,1.709987534,1.771628948,1.761100123,1.991725556,1.948230262,1.56590956,1.917264405,1.566822513,1.437653459,1.870047679,1.870390106,1.680665129,1.77287361,1.897873211,1.942515783,1.952917054,1.970291197,1.982170317,1.800605193,1.713028157,1.904627122,1.757042251,1.846238905,1.706615607,1.570371629,1.818530012,1.763603324,1.854009824,1.904588973,1.786912437,1.811657724,1.799269851,1.848997836,1.847275537,1.793431247,1.862946015,1.615148585,1.724997747,1.973346713,1.979361458,1.909564329,1.872781566,1.916703793,1.912198859,1.719774098,1.693942931,1.777176501,1.813149269,1.753926205,1.835841062,1.727200564,1.95517184,1.974431447,1.690078228,1.35995284,1.873607881,1.84817635,1.824633471,1.79469793,1.877749285,1.704763354,1.704756239,1.886938139,1.825534215,1.638143678,1.700029875,1.896644892,1.956168773,1.759567453,1.73391434,1.781669373,1.595840034,1.523779338,1.895551847,1.949585601,1.661698794,1.727553166,1.069717389,1.618236841,1.942298796,1.982113252,1.399596813,1.726652452,1.724203015,1.714827093,1.855543329,1.915436738,1.919170742,1.825661731,1.543938218,1.865106386,1.862896896,1.723027402,1.770763298,1.925743289,1.896077297,1.79920526,1.798131232,1.726898761,1.709298744,1.754456996,1.657133442,1.6195591,1.818066606,1.802260012,1.694339773,1.728924601,1.942118199,1.929272497,1.863157166,1.821594524,1.937546333,1.939415757,1.936364526,1.942096073,1.858649195,1.752329627,1.906491753,1.887617284,1.779403379,1.658246807,1.746840024,1.919558917,1.738096275,1.922436628,1.91534224,1.778668003,1.848466424,1.683990181,1.876482902,1.918903395,1.860365767,1.824088724,1.797468883,1.733074594,1.731359473,1.516613202,1.599590763,1.885280184,1.935699139,1.82624374,1.895814274,1.787157308,1.672167381,1.94101885,1.877366515,1.721622195,1.734435436,1.575916585,1.546976739,1.640791003,1.793196042,1.77001352,1.729574243,1.811222587,1.838303286,1.862675465,1.907951638,1.753992271,1.734949407,1.643082131,1.654106826,1.762006744,1.809217321,1.539792522,1.739009214,1.924271009,1.946571838,1.69596321,1.695363543,1.828488157,1.867940588,1.854009824,1.853694473,1.790583937,1.784795072,1.878548528,1.86084812,1.846323283,1.871500495,1.665646906,1.75461322,1.934406364,1.763660036,1.851855136,1.911451782,1.920231903,1.943782374,1.810869681,1.730200951,1.976564206,1.801415313,1.685996935,1.688565502,1.802661053,1.788211443,1.867907529,1.888487948,1.772324039,1.736532684,1.501052906,1.459698767,1.764377374,1.874754142,1.853394134,1.771945413,1.645144513,1.96341545,1.846582092,1.813294967,1.885019684,1.671730371,1.674614935,1.787744584,1.784789273,1.714066249,1.775812572,1.751334346,1.670948289,1.779892243,1.759738197,1.755046919,1.700574888,1.746778912,1.710347657,1.823495297,1.778639648,1.722579297,1.810916799,1.854009824,1.888815714,1.081520582,,
CD_040_V1,1.563590427,1.913051433,1.889470891,1.988978919,1.980505727,1.759695964,1.632182569,1.96077717,1.966153647,1.371206191,1.337246408,1.175987573,1.306412961,1.949274525,1.940105948,1.953911478,1.951675898,1.936854939,1.948188943,1.938492568,1.098669493,1.874242905,1.968446292,1.970169796,1.978825389,1.957942011,1.962948113,1.84570947,1.764034379,1.949222952,1.958810987,1.685435776,1.784880371,1.954375503,1.971058893,1.994797485,1.948209224,1.991014527,1.984375756,1.894982689,1.91296311,1.929130338,1.974691528,1.07903825,1.083316387,1.634663456,1.794529508,0,1.039919295,1.984913736,1.974685011,1.695895597,1.202739951,1.052047591,1.969989534,1.970387322,1.111797471,1.144103362,1.605621576,1.929606827,1.147301631,1.346456269,1.96661581,1.975836417,1.961093617,1.950384897,1.107318971,1.768550752,1.920085439,1.792861173,1.736504994,1.618256411,1.641981568,1.12970987,1.959359347,1.963883863,1.325702885,1.568944095,1.956537318,1.963911828,1.953661055,1.97930475,1.292994584,1.647649854,1.039967129,1.061370809,1.965383032,1.966800343,1.26911853,1.967781098,1.974174266,1.296020742,1.123331261,1.762342048,1.766288932,1.975088952,1.9628132,1.339604084,1.319988547,1.305247586,1.309728902,1.940972217,1.958020858,1.942287488,1.942693997,1.169031969,1.579837803,1.97867248,1.968555419,1.975696506,1.958970425,1.944352613,1.210149287,1.963427215,1.973160222,1.948914126,1.95518659,1.986114673,1.971902423,1.152020531,1.375156324,1.980858241,1.757737356,1.94985528,1.953160374,1.174301892,1.970493851,1.938607135,1.94379262,1.590764926,1.285025082,1.546177527,1.477784902,1.125391569,1.745685713,1.901759824,1.952804891,1.959632926,1.186893336,1.326319092,1.37613766,1.381498943,1.982305435,1.97206542,1.960501543,1.96740793,1.957777709,1.179743582,1.125590337,1.625706807,1.496741881,1.941691071,1.973175271,1.986197154,1.981765939,1.982833681,1.981416171,1.93677354,1.95830706,1.936613961,1.949688614,1.242977204,1.730221162,1.817844068,1.183359476,1.10173147,1.911201179,1.943871503,1.795793047,1.72585092,1.266303551,1.098905574,1.762316655,1.79909938,1.960405823,1.382449843,1.209766426,1.959314478,1.973549679,1.759734178,1.71848783,1.977466423,1.979880871,1.738448756,1.592659167,1.982384151,1.949543156,1.192272666,1.118303644,1.155143441,1.130260294,1.142116638,1.168801365,1.971839051,1.982053211,1.965869127,1.957817089,1.201951061,1.129138356,1.978644121,1.951410361,1.957271023,1.957544254,1.12887717,1.11526097,1.107294981,1.548902904,1.265665868,1.148262687,1.075518151,1.136801487,1.975741262,1.966682626,1.260194803,1.206677276,1.167331618,1.180885482,1.106263976,1.149695866,1.077306049,1.204969349,1.57110114,1.918707373,1.129370911,1.094594872,1.124020978,1.315408506,1.292994584,1.947506306,1.182659929,1.166063233,1.959337349,1.952217574,1.858391458,1.845343334,1.959169399,1.962947579,1.981975742,1.962998491,1.23624049,1.354294209,1.944212807,1.963610023,1.316748071,1.210910864,1.74382479,1.119364923,1.100960811,1.08928256,1.115099745,1.158173195,1.411338927,1.618601482,1.265489869,1.264567145,1.236724605,1.285158093,1.088691906,1.224377854,1.285467092,1.117454631,1.256837836,1.493310233,1.1527358,1.263279759,1.434805718,1.311807502,1.132074477,1.198731076,1.19047489,1.463964281,1.526061506,1.102504959,1.220199222,1.085309129,1.127216673,1.398816731,1.21998971,1.105404685,1.163290628,1.363105087,1.191334448,1.174142918,1.297364598,1.292994584,1.408058683,1.96492619,,
CD_040_V3,1.544280135,1.963933398,1.958204613,1.9764049,1.965938089,1.794600474,1.683002847,1.921187222,1.938028371,1.357424912,1.32197771,1.156368325,1.288243465,1.920633542,1.946413408,1.925783122,1.93394017,1.909059063,1.924351707,1.848843493,1.06852953,1.892476234,1.950318346,1.95490915,1.966361567,1.952269098,1.960669743,1.858675255,1.800165766,1.814925324,1.899333046,1.741192029,1.815458791,1.934877718,1.964083928,1.99282557,1.935528619,1.977305307,1.967169105,1.900244441,1.867997489,1.892240028,1.953276968,1.049778492,1.052581723,1.620327322,1.78396042,1.039919295,0,1.971199589,1.912098581,1.664840276,1.261459293,1.047703866,1.936957354,1.890853146,1.078418236,1.113009739,1.646181228,1.946066652,1.140919816,1.344719667,1.967961755,1.976229906,1.94743224,1.908580744,1.081254382,1.791208543,1.937193641,1.832874228,1.795868997,1.663418866,1.679453112,1.097224369,1.887148574,1.971785481,1.309177892,1.542565838,1.937431805,1.94712879,1.933239061,1.968577741,1.229313157,1.700350507,1.030846331,1.059644176,1.960223877,1.954717857,1.274060489,1.939939348,1.95083596,1.27924055,1.102786456,1.820040648,1.909148488,1.960959342,1.946217759,1.350867969,1.321116567,1.283199283,1.257114242,1.913537655,1.929678319,1.910490402,1.947623926,1.175142506,1.629176379,1.976595415,1.92409801,1.942316187,1.950974922,1.876423245,1.209492435,1.949258753,1.961652149,1.863839124,1.933082337,1.96941609,1.955841589,1.136908232,1.349619182,1.967118058,1.800626087,1.920492804,1.933175715,1.132849571,1.954490973,1.909740957,1.960025601,1.641933418,1.26613344,1.522694422,1.45606776,1.089627239,1.721639184,1.745864208,1.935100082,1.946615796,1.154409715,1.297094659,1.347322815,1.38348937,1.967146518,1.945216315,1.948294897,1.949201997,1.937290138,1.199905692,1.118129219,1.59177341,1.460892216,1.915487651,1.962493053,1.976070028,1.973651172,1.952262261,1.971185466,1.912406308,1.937904382,1.813424634,1.882935884,1.222855101,1.829499591,1.850870186,1.177139224,1.092001602,1.945488253,1.94902384,1.816798707,1.74769669,1.264718396,1.071926648,1.788018851,1.824122796,1.94952474,1.365680383,1.183084887,1.962940987,1.968772787,1.796814303,1.757864234,1.962035638,1.967029374,1.755203429,1.638883795,1.967231463,1.925263664,1.180688605,1.114302877,1.136836518,1.102229051,1.125586365,1.157410567,1.962847631,1.970297804,1.915880026,1.881779179,1.205971122,1.133295878,1.963471681,1.90044663,1.956032309,1.942589361,1.106958005,1.093902674,1.089722095,1.5237416,1.241218226,1.136852943,1.132941306,1.209956494,1.958367689,1.951153708,1.237481946,1.171359749,1.156364054,1.170606035,1.088971309,1.156097028,1.060151665,1.202227742,1.691792885,1.900580256,1.110354416,1.067161025,1.155024964,1.344801369,1.229313157,1.930508442,1.154528024,1.133859298,1.935088367,1.916507304,1.88977364,1.864001873,1.873742926,1.915596311,1.957535071,1.941725364,1.240378288,1.35394676,1.923099405,1.952572006,1.29489159,1.186097818,1.807728119,1.112234916,1.068198408,1.064068331,1.114008071,1.15956789,1.386917556,1.598990682,1.250762871,1.250174914,1.220464317,1.272968285,1.076566866,1.224611577,1.292207954,1.085361293,1.228432794,1.505640764,1.151572243,1.243617819,1.403898264,1.299627552,1.113248185,1.169154823,1.154264425,1.461279111,1.508916875,1.096521191,1.201224731,1.095472836,1.10244183,1.374859597,1.203953902,1.08915959,1.151345749,1.332776779,1.16155587,1.145981142,1.270668687,1.229313157,1.37571516,1.940115613,,
CD_041_V1,1.773539142,1.420365443,1.419747141,1.710139478,1.636550691,1.766796928,1.835840903,1.570315182,1.471723831,1.617774178,1.741071063,1.764260611,1.676274732,1.632201458,1.683763697,1.702129458,1.640044155,1.451017731,1.45207222,1.496998505,1.877000535,1.445244774,1.715707565,1.337374499,1.378234803,1.721398089,1.788029432,1.894935581,1.844524195,1.393310424,1.222813714,1.959223766,1.949790539,1.5510168,1.530068596,1.900990625,1.548463558,1.434357437,1.340541357,1.608652636,1.798200314,1.745441145,1.471286908,1.831436666,1.8656499,1.794814529,1.806983001,1.984913736,1.971199589,0,1.08800925,1.500799373,1.988975283,1.984420992,1.403951125,1.453091712,1.822222138,1.753079408,1.980958786,1.684618498,1.598662821,1.966349891,1.426802231,1.401595706,1.357994205,1.480359135,1.747495227,1.62320376,1.436755661,1.825833333,1.822871954,1.822870594,1.854826851,1.808609806,1.789789681,1.587519838,1.891166209,1.96541629,1.678793333,1.715067213,1.204824229,1.200142292,2,1.698981241,1.985025175,1.994304266,1.483098912,1.312599531,1.851393864,1.393472385,1.515787411,1.430657991,1.660076817,1.868680453,1.982811829,1.764789103,1.655091007,1.985028725,1.989615328,1.782917197,1.691956191,1.387122006,1.282646943,1.378474003,1.3226776,1.780871475,1.816806159,1.511550114,1.612626587,1.398130101,1.546218569,1.611012425,1.924803855,1.563634885,1.599393259,1.489918374,1.466920913,1.3515989,1.498730831,1.641819365,1.747187143,1.363498422,1.419823988,1.439833377,1.450270971,1.784795171,1.379241758,1.582373983,1.589429697,1.774168542,1.647783659,1.662933283,1.786929839,1.954742021,1.687698047,1.905732411,1.450684631,1.492857952,1.671893842,1.671648713,1.871682144,1.961548496,1.53043815,1.482787554,1.498189075,1.381893809,1.39435587,1.566633456,1.688411804,1.614398828,1.585314601,1.44501135,1.338208983,1.257723831,1.273121531,1.524223933,1.399100592,1.667746486,1.641375659,1.477260921,1.355785524,1.57265976,1.823371347,1.58973056,1.963785858,1.937328323,1.797395409,1.697232603,1.602081691,1.579675394,1.967493404,1.962180314,1.667747534,1.705548138,1.464564022,1.422818452,1.62429898,1.357500135,1.341383574,1.749702528,1.720951691,1.371412408,1.300266973,1.546685677,1.832862267,1.531412407,1.698913538,1.885310189,1.846040297,1.68416452,1.749340225,1.692548661,1.755851801,1.672681098,1.552273491,1.467882566,1.479742521,1.827697539,1.753637556,1.857075906,1.631169879,1.615012226,1.561701814,1.816152936,1.841682263,1.740323161,1.831145909,1.863140742,1.861002798,1.93731427,1.973384642,1.19761628,1.370389667,1.542424459,1.554726415,1.705163058,1.642541344,1.841146748,1.842059577,1.947797256,1.961624716,1.85889497,1.85955193,1.782804972,1.85033657,1.972606238,1.876120908,2,1.579264913,1.918493099,1.885588684,1.436886375,1.376461758,1.556559976,1.721287063,1.280248815,1.413314641,1.595673891,1.30775828,1.860636243,1.95461663,1.711278333,1.664096348,1.576657775,1.568315834,1.757861148,1.965432902,1.785189371,1.809205632,1.94033526,1.865193373,1.522710185,1.51107908,1.776346025,1.758128417,1.557213144,1.453444166,1.898648277,1.944653944,1.848270487,1.763697136,1.473970254,1.967361411,1.934498633,1.934467296,1.994755193,1.461683654,1.743236835,1.753161981,1.830770324,1.410719114,1.551919571,1.874458503,1.685712604,1.870958185,1.825275737,1.57462541,1.698759218,1.798473252,1.666811866,1.537638444,1.770501238,1.629022865,1.5628033,2,1.999031808,1.850816111,,
CD_041_V3,1.820554261,1.449416605,1.471787702,1.692194419,1.553130425,1.765887002,1.840540171,1.51349348,1.38185928,1.629406403,1.754938321,1.734496428,1.696108385,1.606433912,1.673081562,1.620657639,1.616707294,1.479369029,1.517784847,1.478612512,1.901091282,1.467478671,1.704435867,1.450574877,1.506634862,1.724124123,1.795065617,1.861003573,1.816175964,1.290454276,1.248328751,1.914162443,1.908030987,1.580731158,1.586044647,1.891490972,1.507071181,1.50726536,1.417320611,1.686832598,1.805858565,1.726776816,1.494008643,1.840565185,1.876182233,1.82384779,1.833565857,1.974685011,1.912098581,1.08800925,0,1.58223623,1.988746813,1.981653706,1.445158085,1.379862126,1.773377898,1.730246837,1.969024548,1.686096456,1.671017315,1.967018427,1.334122652,1.36140987,1.367238081,1.409432927,1.754680533,1.67499028,1.484402851,1.830613915,1.811830757,1.845061682,1.843031282,1.835087568,1.668662074,1.526122601,1.890814911,1.960729939,1.726868882,1.732422478,1.284087659,1.326100821,2,1.753691454,1.975994035,1.987342607,1.488936754,1.368155568,1.881061419,1.352862839,1.425060382,1.506924119,1.729813427,1.796979123,1.981494574,1.699236297,1.583399686,1.983571579,1.979817448,1.74644402,1.586702638,1.431048327,1.345720771,1.349761918,1.344509345,1.820054188,1.835886298,1.518296433,1.591956889,1.439439928,1.542965474,1.52229462,1.915553211,1.587462592,1.560676334,1.461411742,1.482491556,1.382002133,1.437713173,1.658006213,1.784668145,1.467553877,1.453195045,1.425238917,1.480734477,1.702584701,1.474697557,1.526023038,1.660249666,1.799344656,1.695932106,1.730948436,1.811453168,1.951296315,1.530713405,1.667090872,1.437552659,1.538689657,1.625965413,1.655462371,1.892032499,1.968254812,1.508007756,1.514302774,1.528655773,1.441291871,1.365404689,1.632471578,1.767743036,1.684506617,1.66008174,1.537970989,1.474568532,1.337565693,1.348673951,1.602324856,1.488777769,1.614388224,1.586005002,1.389840873,1.403518431,1.613777994,1.815765798,1.539592659,1.964310274,1.939450246,1.831670119,1.723143948,1.638598505,1.642194357,1.964513424,1.95850884,1.572772841,1.640136871,1.522396297,1.42415959,1.582779754,1.449863021,1.45839893,1.762890351,1.651788444,1.309166446,1.298434235,1.574404906,1.845730202,1.508034516,1.630681511,1.90574678,1.882889172,1.677102928,1.783482572,1.744685797,1.771468057,1.709963482,1.591543186,1.500559715,1.423456163,1.828411113,1.752939369,1.866787397,1.623087141,1.60853452,1.541385985,1.841450522,1.870528652,1.7908551,1.897889762,1.819738492,1.867873116,1.942639414,1.966174838,1.316444663,1.364029493,1.611717682,1.600946774,1.755821319,1.693964263,1.826755208,1.841355401,1.925586082,1.963251766,1.814269372,1.759000002,1.793146977,1.847670663,1.96410091,1.882488471,2,1.580287592,1.925320377,1.861904056,1.518135803,1.447920133,1.515786904,1.747565037,1.351936668,1.458477076,1.678389113,1.413144926,1.872303192,1.963465315,1.683273803,1.611752031,1.648274965,1.644176197,1.712493373,1.94788699,1.806617941,1.833947904,1.947618659,1.868077846,1.594196848,1.598460428,1.770159748,1.788282942,1.622042719,1.551997266,1.837402482,1.931130847,1.863330821,1.77958233,1.488759581,1.94809416,1.942051128,1.89331145,1.994187964,1.545700153,1.776057243,1.775554434,1.740181424,1.508080974,1.624649319,1.838621032,1.686670608,1.820525097,1.825793902,1.531793169,1.710385319,1.79135863,1.7197405,1.609088498,1.817362359,1.674317922,1.621525225,2,1.999937597,1.869071146,,
CD_042_V3,1.823148987,1.705762335,1.600617761,1.971787717,1.951551981,1.863988466,1.93398221,1.94617318,1.936757789,1.784812156,1.763442505,1.5931154,1.60970893,1.832914404,1.91351282,1.902576766,1.927270171,1.614413027,1.714957353,1.84334053,1.625038718,1.874209565,1.673093839,1.570690241,1.683346764,1.873550409,1.90433992,1.974007351,1.970163823,1.558568505,1.422251398,1.973851074,1.981425277,1.890273033,1.933659134,1.99015189,1.896711318,1.049217819,1.216709988,1.873376868,1.906728999,1.730509167,1.755479652,1.56062028,1.603651392,1.859982789,1.90961036,1.695895597,1.664840276,1.500799373,1.58223623,0,1.811214387,1.688473039,1.714747944,1.921614524,1.600777616,1.566169304,1.991660654,1.941458627,1.382682671,1.841294043,1.949743919,1.953852218,1.630245252,1.682813173,1.458138371,1.845492195,1.811057403,1.92440039,1.930034253,1.778331498,1.894356759,1.625409767,1.938296094,1.932751524,1.719586537,1.840272133,1.911348389,1.916425805,1.450009905,1.513956379,1.762907317,1.810148031,1.681497184,1.713950668,1.814023641,1.719416,1.635293934,1.654751025,1.769980386,1.277664914,1.438718095,1.967242001,1.990045189,1.906701794,1.901046078,1.863993627,1.861115551,1.680419022,1.723179238,1.53543392,1.281204896,1.368625748,1.546461517,1.531169293,1.859993058,1.893676905,1.856705765,1.748182603,1.711635432,1.703531145,1.6994068,1.922612818,1.938169776,1.706821253,1.73945332,1.488096421,1.730073677,1.40945123,1.799643019,1.240786049,1.870529973,1.653632242,1.496539672,1.568429603,1.37358924,1.820803471,1.880719893,1.836132286,1.507323589,1.490392047,1.828037745,1.658759872,1.902798274,1.967235718,1.894499864,1.47890081,1.432351679,1.503454635,1.744062155,1.834971085,1.8071572,1.572945285,1.91205647,1.784556501,1.836446381,1.564784153,1.484000956,1.087434374,1.06787143,1.650799303,1.485565812,1.615451616,1.664203051,1.607841083,1.650757121,1.86716209,1.906862924,1.644840094,1.52876079,1.25351435,1.957845004,1.901204581,1.776742664,1.709952874,1.930264671,1.885119514,1.850472891,1.804660312,1.814365543,1.680067516,1.905365218,1.882441345,1.537201821,1.349015034,1.427147038,1.816901028,1.736397135,1.918245879,1.912029541,1.699149739,1.660713963,1.637299878,1.778105565,1.809007458,1.841774106,1.72995133,1.691635969,1.533220023,1.467258839,1.689733439,1.712724148,1.724782649,1.691438168,1.687212748,1.793166524,1.602296329,1.587785387,1.891596874,1.824804377,1.926393911,1.821171958,1.679027338,1.684324885,1.563376528,1.761268233,1.729736398,1.65942114,1.696030089,1.766399062,1.610276654,1.7242456,1.457215075,1.299060081,1.586874205,1.495441623,1.608643427,1.691744405,1.685323197,1.78077347,1.941196756,1.926344645,1.49809669,1.535915015,1.743186219,1.715741574,1.762907317,1.736672938,1.662116562,1.658837843,1.57788312,1.459418278,1.912029518,1.906374304,1.704137526,1.724630107,1.933134614,1.773030719,1.719879672,1.773072948,1.878755595,1.932775562,1.446424276,1.531938362,1.96395436,1.732876532,1.517939062,1.595658795,1.703656253,1.695579569,1.190930512,1.285906134,1.590858963,1.614655902,1.481227357,1.442893012,1.641047299,1.751610833,1.674573841,1.351366458,1.243125053,1.909286001,1.752578952,1.755599899,1.829326762,1.396765428,1.598512674,1.411466721,1.588804363,1.455322704,1.630935921,1.625895863,1.487642128,1.661696071,1.640783079,1.486680624,1.577346909,1.632914879,1.606775035,1.08943272,1.382687873,1.295195379,1.15362622,1.762907317,1.826766889,1.902098159,,
CD_043_V1,1.7307583,1.847554843,1.804807376,1.988587671,1.987054915,1.587283305,1.418996019,1.988750104,1.979527291,1.602638719,1.571666753,1.453794682,1.558916685,1.981167453,1.987698683,1.97682329,1.984036081,1.941695001,1.963515402,1.97470863,1.368183015,1.953675775,1.978366091,1.982704362,1.987087281,1.992175958,1.992277764,1.862470293,1.748327537,1.983196287,1.979540391,1.273458457,1.5477299,1.971524439,1.97837507,1.989892219,1.972299978,1.990585043,1.982293078,1.953890815,1.919119296,1.980107981,1.992895033,1.353957011,1.357813784,1.782972882,1.878370469,1.202739951,1.261459293,1.988975283,1.988746813,1.811214387,0,1.106761049,1.985637695,1.991224613,1.389824384,1.428129377,1.345033804,1.984513355,1.364730516,1.241556045,1.98678118,1.989208235,1.98278847,1.977911821,1.382383417,1.686058283,1.973644656,1.748468012,1.529344826,1.383530037,1.41420577,1.400923886,1.992439398,1.993368546,1.565972528,1.724493304,1.977061537,1.976111077,1.969988899,1.985725897,1.485220647,1.449177929,1.196163624,1.162421083,1.986523602,1.987475018,1.209101567,1.969650785,1.973683824,1.544407143,1.398298504,1.526491803,1.587282622,1.982703633,1.977411816,1.253022482,1.234061255,1.558747081,1.57251617,1.971722681,1.978697533,1.971009363,1.9845445,1.242957185,1.350349446,1.992671934,1.985508743,1.992490908,1.986626385,1.989387632,1.099351825,1.990966534,1.992205319,1.97280867,1.971603484,1.990090078,1.98230809,1.434255361,1.592266866,1.976396418,1.706612549,1.973224491,1.9669749,1.41886127,1.986635873,1.978104111,1.983299722,1.366961996,1.540413357,1.718461428,1.671504843,1.378527831,1.669605902,1.929061454,1.970113483,1.978390753,1.467350654,1.581903363,1.593371034,1.256992172,1.991027933,1.985796719,1.964423125,1.982666048,1.983442779,1.393604186,1.39845473,1.758147936,1.670506851,1.973385091,1.985441483,1.991639725,1.994813684,1.991882405,1.990307273,1.962975459,1.979169367,1.984132612,1.980779102,1.501904633,1.313270253,1.707685796,1.185682323,1.199496802,1.967013134,1.987465477,1.710644751,1.608188075,1.224428881,1.356617344,1.667689723,1.743001206,1.970427739,1.622128218,1.486486402,1.993773105,1.991738729,1.645968571,1.582623773,1.977967561,1.969865337,1.635555927,1.376753966,1.991056743,1.983955599,1.433755976,1.287054952,1.43239669,1.400846027,1.422682267,1.45139395,1.983026613,1.98805826,1.984482168,1.984357725,1.209209698,1.302831093,1.981504143,1.969596812,1.985297741,1.980027959,1.40763625,1.394958744,1.385935555,1.712994,1.53578623,1.432011576,1.107796103,1.090549627,1.986818548,1.984871752,1.528575008,1.473836422,1.452107907,1.46511771,1.362507366,1.226967194,1.203095418,1.187084,1.296533749,1.927971939,1.409325352,1.362975073,1.267999993,1.459226745,1.485220647,1.984911192,1.441387025,1.4357086,1.972895897,1.963423201,1.91997152,1.814158657,1.980870466,1.979183635,1.98594246,1.976288431,1.20829456,1.245382067,1.734612341,1.763255626,1.55233422,1.466495211,1.604594002,1.160417536,1.372274633,1.367382221,1.440323033,1.478123211,1.623166589,1.769559515,1.529888763,1.537744666,1.506177673,1.544365382,1.340179576,1.194630291,1.226429828,1.392371735,1.519875886,1.296239235,1.183412314,1.170374517,1.177044877,1.571686733,1.413513322,1.452021762,1.450497402,1.675719125,1.704783968,1.208432952,1.4629346,1.242785019,1.377311444,1.632532404,1.48524726,1.39314563,1.451222644,1.574475834,1.444716971,1.436360082,1.511732265,1.485220647,1.607919117,1.960330807,,
CD_043_V3,1.583791794,1.92239025,1.8991911,1.984515928,1.98244431,1.763336973,1.641578202,1.977394954,1.97713731,1.400970611,1.363637891,1.206805379,1.338153147,1.973991752,1.979371606,1.962561586,1.973324209,1.937139282,1.954783031,1.964099688,1.09731359,1.963369488,1.952883049,1.975560997,1.981875939,1.983761256,1.989179594,1.923530067,1.85891202,1.976864144,1.973684765,1.581327086,1.765128494,1.961895842,1.975385143,1.996843542,1.961396046,1.982654815,1.973723402,1.958395936,1.946085563,1.945162619,1.983576959,1.080682902,1.08369355,1.645615979,1.791470848,1.052047591,1.047703866,1.984420992,1.981653706,1.688473039,1.106761049,0,1.978857225,1.986689936,1.125310916,1.177622751,1.559136488,1.985562271,1.185351373,1.284859929,1.984592834,1.985971424,1.972781214,1.962587996,1.117972464,1.801166156,1.974191116,1.856709713,1.73567727,1.595029036,1.612649453,1.135495232,1.989307194,1.994150979,1.356319013,1.558442113,1.963516311,1.963788211,1.95842013,1.981104313,1.197723023,1.655052239,1.024816681,1.035998778,1.973374713,1.979757814,1.236105124,1.964339783,1.972224256,1.31804333,1.139793243,1.754015433,1.796640701,1.974887557,1.96656256,1.299389717,1.267732118,1.344489966,1.36566324,1.954322775,1.966680832,1.951893156,1.973150636,1.191014321,1.571052628,1.991686516,1.977302959,1.983798554,1.977344909,1.982819843,1.144842612,1.9778365,1.977272275,1.964317058,1.96456863,1.987452169,1.978355307,1.188730897,1.371998762,1.974311682,1.823127549,1.959970366,1.959092677,1.221829468,1.971553007,1.947138308,1.983610553,1.587547253,1.312925415,1.548063118,1.489286607,1.111901142,1.798841062,1.957138174,1.957217809,1.967076773,1.224535023,1.370687554,1.376369325,1.316631065,1.983008904,1.96994425,1.957162675,1.97251524,1.97018045,1.242851842,1.160086568,1.598018845,1.473083639,1.957280422,1.978175736,1.983454145,1.984885523,1.987549733,1.987723193,1.928464836,1.963806605,1.970120424,1.971375495,1.267148277,1.62514089,1.835020475,1.157075243,1.10378461,1.975482605,1.976090256,1.825828583,1.758378238,1.224634391,1.093680531,1.790255035,1.837579349,1.960233655,1.4242868,1.244477068,1.989732431,1.989153818,1.783060828,1.738140352,1.967157855,1.964091069,1.76777122,1.58777794,1.98309182,1.972169256,1.219284994,1.131131584,1.18269951,1.138365874,1.171569065,1.204826526,1.974397529,1.978745857,1.980619155,1.979736929,1.184019689,1.170698655,1.972360989,1.956661358,1.975502395,1.968063411,1.152190956,1.135139379,1.135044514,1.539909906,1.313060206,1.183698456,1.079364262,1.118762535,1.965907942,1.974563715,1.300217636,1.228665163,1.205928277,1.224638121,1.13025881,1.171785614,1.073428007,1.171657157,1.571765992,1.950526082,1.154464697,1.095039585,1.1611737,1.387288315,1.197723023,1.968060082,1.182180552,1.179023411,1.962003586,1.95450501,1.944232947,1.882848813,1.974313345,1.976644498,1.975916674,1.964555665,1.22328242,1.288939221,1.864239599,1.889818442,1.325219156,1.215690638,1.785153933,1.091712904,1.099477385,1.100938879,1.183743088,1.234436832,1.417822079,1.626585356,1.304029063,1.312213885,1.274772523,1.328868007,1.118066519,1.19269918,1.269629095,1.125635818,1.285285484,1.44348949,1.145979928,1.170078787,1.235808589,1.368431058,1.161071409,1.196031898,1.189014324,1.508732636,1.536413194,1.112785399,1.262764735,1.124674376,1.144112587,1.433882234,1.249888097,1.138893439,1.211435173,1.359845152,1.185846911,1.186153114,1.296276121,1.197723023,1.385100646,1.952595264,,
CD_044_V1,1.572869071,1.484298538,1.488283546,1.503992869,1.437350098,1.740635611,1.818660913,1.376872935,1.41474356,1.473211353,1.56033711,1.739501677,1.69029651,1.527726312,1.663373159,1.430048057,1.407517404,1.385733933,1.48026788,1.342597312,1.852021165,1.582529786,1.833618173,1.565096117,1.721436812,1.714255317,1.713548076,1.831679789,1.851640351,1.399469377,1.331608207,1.907324167,1.917211319,1.292577053,1.317436769,1.83699372,1.429807382,1.610935052,1.415938234,1.603599191,1.808224976,1.762192618,1.464018819,1.826715937,1.831542008,1.538131196,1.56221871,1.969989534,1.936957354,1.403951125,1.445158085,1.714747944,1.985637695,1.978857225,0,1.185208014,1.819130254,1.764904684,1.976834107,1.791619237,1.641439686,1.975766861,1.478016396,1.395848831,1.422972846,1.4880813,1.755792467,1.613493783,1.570823297,1.739077457,1.797154461,1.908914784,1.932562971,1.882218422,1.571713867,1.789517224,1.801667178,1.903357863,1.534673829,1.521222727,1.407275502,1.543162671,2,1.720888444,1.980362511,1.992459115,1.399295896,1.446961452,1.882875011,1.356147898,1.504530544,1.494640874,1.676485133,1.799977092,1.966223521,1.715976686,1.639899155,1.980910919,1.985396632,1.680550233,1.589540663,1.410927072,1.427257058,1.452667677,1.416514433,1.771064095,1.849834762,1.763316395,1.480290044,1.321952768,1.61205476,1.516535973,1.946713102,1.434523101,1.648560236,1.444271103,1.429541201,1.450805494,1.617640618,1.659527843,1.903001014,1.519307843,1.572647688,1.397390505,1.326852491,1.753303371,1.376538419,1.505634065,1.668736082,1.84154318,1.736825665,1.773655422,1.548461198,1.802953073,1.687646408,1.816020428,1.365429605,1.368678315,1.639613882,1.563522481,1.882403577,1.965366695,1.515267961,1.495061851,1.464996716,1.64162345,1.523812839,1.651949517,1.763132789,1.808656549,1.78184039,1.411410655,1.482592857,1.332737152,1.436180096,1.445319536,1.375643481,1.530226534,1.549670507,1.392124302,1.297981512,1.659005802,1.794699295,1.669840769,1.968687365,1.941625238,1.725462369,1.589561427,1.626824736,1.633284081,1.963047429,1.936457074,1.740240969,1.655503344,1.3435255,1.490370577,1.680170031,1.690752082,1.509674947,1.627039499,1.67173883,1.541853455,1.425873521,1.437182435,1.819375588,1.517234473,1.616008874,1.913888822,1.882757474,1.698401059,1.769560944,1.669545996,1.66745141,1.653142943,1.587145227,1.586874087,1.549061731,1.880693357,1.743537587,1.864966074,1.532033367,1.439097748,1.403686903,1.684431102,1.758199425,1.699560614,1.838534649,1.732237056,1.813403534,1.935037672,1.952083833,1.413480564,1.446121136,1.587298071,1.660698752,1.61694231,1.62553841,1.803250847,1.834304743,1.842426118,1.925212483,1.771878724,1.813457698,1.770638757,1.819327571,1.95113004,1.894368986,2,1.568655492,1.918766199,1.883703901,1.419540777,1.403274482,1.678623184,1.643401187,1.317964451,1.37201695,1.773742598,1.273195064,1.878991876,1.967950794,1.718701414,1.719189781,1.803651018,1.756717136,1.774706839,1.960874425,1.820181828,1.772822766,1.915188054,1.845921135,1.768784018,1.739040683,1.737458827,1.714821401,1.582919896,1.493197378,1.878278853,1.947012314,1.866599445,1.830980888,1.564613617,1.962604173,1.937825083,1.908402115,1.992312358,1.52559103,1.684241795,1.810776228,1.801439524,1.509500016,1.747813576,1.8458108,1.684023027,1.820415925,1.866315523,1.648065422,1.659928931,1.793168819,1.642155699,1.732550149,1.837003644,1.704838577,1.69893967,2,2,1.657634936,,
CD_044_V3,1.773575982,1.462891,1.537199829,1.653617078,1.579897253,1.727954985,1.843471183,1.342834589,1.418741747,1.581876487,1.744352466,1.763823936,1.702498138,1.600981897,1.659662183,1.454501819,1.379382579,1.54545624,1.507177515,1.284961009,1.882131867,1.567297964,1.917585429,1.752778431,1.830332102,1.765462768,1.754473375,1.861232532,1.864838966,1.317267158,1.385077716,1.904967382,1.93821723,1.437018968,1.376376259,1.842968672,1.52054221,1.786806026,1.61836396,1.587274624,1.827490661,1.809324847,1.446820114,1.83507172,1.835513389,1.710947105,1.709987534,1.970387322,1.890853146,1.453091712,1.379862126,1.921614524,1.991224613,1.986689936,1.185208014,0,1.806194912,1.742709999,1.986104137,1.746377458,1.744026627,1.979477363,1.4639984,1.393658308,1.563251374,1.52677698,1.815311235,1.698383253,1.555273673,1.792799275,1.815531937,1.952879336,1.952028842,1.879335468,1.466454834,1.789971609,1.858444697,1.933708066,1.685066119,1.650304778,1.62592527,1.601411525,2,1.765036331,1.984667778,1.992074221,1.501495058,1.526144304,1.919292168,1.45118169,1.534520878,1.574567248,1.803536011,1.798698522,1.973430539,1.807732599,1.729919405,1.988952528,1.992530847,1.707105556,1.461165194,1.526051352,1.56184443,1.63858912,1.51564735,1.872098703,1.88942764,1.761969379,1.521859605,1.337647803,1.6375496,1.404755239,1.960887668,1.529125425,1.674589909,1.465504259,1.593318187,1.547710793,1.631173481,1.727205604,1.869385834,1.694082727,1.60613937,1.515000447,1.537539835,1.647173502,1.656760804,1.660831699,1.671355065,1.887816883,1.774655115,1.823298463,1.71341226,1.907423724,1.558460744,1.564081951,1.490304459,1.527055096,1.712841905,1.656404349,1.900075561,1.973462658,1.553652139,1.563400361,1.591926938,1.664069721,1.549119368,1.649285045,1.796736078,1.963783033,1.955592294,1.628543135,1.652561199,1.315561943,1.413583478,1.594543185,1.427870047,1.626365231,1.606779838,1.281935502,1.348325624,1.804857901,1.849602293,1.751993526,1.970934418,1.946842654,1.741530171,1.59623548,1.671902903,1.679860204,1.966949913,1.946814309,1.797567844,1.743894639,1.517292236,1.562761064,1.753315435,1.699532631,1.592879257,1.689761719,1.729851925,1.582275562,1.512123974,1.576420014,1.896290475,1.557396822,1.680329,1.899927924,1.87842349,1.763507829,1.847351362,1.668618063,1.619775759,1.787580712,1.710189205,1.54708821,1.475764409,1.928370545,1.786006406,1.903392785,1.525665415,1.482025526,1.457282611,1.787785667,1.820832263,1.756499728,1.859407156,1.747457179,1.851646518,1.952411265,1.964148545,1.558262188,1.560497526,1.64065806,1.706874218,1.711750494,1.737509345,1.870797618,1.865749425,1.886825688,1.957386814,1.828091532,1.795213131,1.805913139,1.85288186,1.968533928,1.936145125,2,1.656975327,1.934315468,1.849245371,1.565443803,1.557776159,1.724154697,1.715225394,1.311248836,1.371092187,1.81329911,1.417216795,1.873363572,1.980969238,1.758863598,1.762376222,1.804686151,1.71681284,1.849246636,1.977045902,1.833746925,1.789868778,1.927990427,1.8624591,1.88822328,1.927130474,1.792973746,1.73177946,1.671103074,1.589716558,1.896959529,1.961957943,1.876868126,1.887945814,1.607266082,1.958029929,1.936351238,1.897531466,1.993960842,1.697219702,1.711465224,1.904635189,1.878663404,1.535382035,1.749304993,1.871158407,1.761565951,1.833029384,1.839158266,1.730629521,1.702389854,1.815832277,1.653629831,1.855096433,1.919701662,1.804926302,1.883032054,2,2,1.859003292,,
CD_046_V1,1.513855991,1.95574979,1.941002209,1.961782223,1.946951171,1.935664077,1.951632777,1.838171988,1.736597725,1.335749187,1.302119969,1.130786332,1.263165888,1.91060428,1.930326961,1.865377763,1.915137397,1.822646998,1.821901319,1.83519628,1.088622032,1.796444059,1.876666157,1.882523759,1.923924732,1.913354967,1.940246532,1.973769266,1.974462421,1.74613472,1.79137744,1.950125062,1.966899577,1.889712041,1.9287265,1.966551496,1.789550924,1.867389467,1.880399777,1.94117671,1.951257826,1.730170094,1.851780184,1.058830201,1.067724122,1.596847396,1.771628948,1.111797471,1.078418236,1.822222138,1.773377898,1.600777616,1.389824384,1.125310916,1.819130254,1.806194912,0,1.056197985,1.988517546,1.950053081,1.145658373,1.585878814,1.947690487,1.926206236,1.841167101,1.821531522,1.071746336,1.914115762,1.899229987,1.956082855,1.939841971,1.972785316,1.978070889,1.116464472,1.852191049,1.917500203,1.291974838,1.549973457,1.86600034,1.831297069,1.794698229,1.899245692,1.312819765,1.965396862,1.108479188,1.168731536,1.821903617,1.753921517,1.475369329,1.843350904,1.829802846,1.254268527,1.096469516,1.903381532,1.988601357,1.912766716,1.876563469,1.581765202,1.551968793,1.228096563,1.228594906,1.787969756,1.792728255,1.750882243,1.748666245,1.260215921,1.926617311,1.965779828,1.864759269,1.879868159,1.875317005,1.833652771,1.33106607,1.844600421,1.85552411,1.808568053,1.842116115,1.871889757,1.86340861,1.104640252,1.355399222,1.866869083,1.865681529,1.771778863,1.82580295,1.144022026,1.824430033,1.766567175,1.953402431,1.950037562,1.22659007,1.50832088,1.458049631,1.118306025,1.837967978,1.825645453,1.807505112,1.842308108,1.102454285,1.21497644,1.346606758,1.630575495,1.888881089,1.841956019,1.844105241,1.845994942,1.817473581,1.208969243,1.11960054,1.575096373,1.451425234,1.842329565,1.88185716,1.913060861,1.909426315,1.888142121,1.949881554,1.802693619,1.867157466,1.757353109,1.813348546,1.183307571,1.935946969,1.849498828,1.350662513,1.204922209,1.933466071,1.866536572,1.947617998,1.926549105,1.389977879,1.101399767,1.881784992,1.879224266,1.795376222,1.306959699,1.161295153,1.921424454,1.920154564,1.927678139,1.905638901,1.888476435,1.793825463,1.83647268,1.9124398,1.889114905,1.876334585,1.197690435,1.145405621,1.095140293,1.081991051,1.11836068,1.146600296,1.887860341,1.867726994,1.874338907,1.820416634,1.357060487,1.172424467,1.957985654,1.827462619,1.774739079,1.741743143,1.118228433,1.104105495,1.083111792,1.502312021,1.226637917,1.118051933,1.186494484,1.270622954,1.88525336,1.859814387,1.201779324,1.157246115,1.13037942,1.131004167,1.099889213,1.246012916,1.142126064,1.376675139,1.947483468,1.904863789,1.094349685,1.078792186,1.214153439,1.386479769,1.312819765,1.851847644,1.167780778,1.139929858,1.830192809,1.796500214,1.920891784,1.916874037,1.84283055,1.893185072,1.93645527,1.821361596,1.426724621,1.59259034,1.726902095,1.806480509,1.280152634,1.191489098,1.953712604,1.228308202,1.071332444,1.069803039,1.162023558,1.184930727,1.364600109,1.567175477,1.223484109,1.230057557,1.167490612,1.22327734,1.092387779,1.410256171,1.492764857,1.0908342,1.17675791,1.812824697,1.309193562,1.250528874,1.456080486,1.236697425,1.101853668,1.173656978,1.158738416,1.422015096,1.488189497,1.17908673,1.195118301,1.145736288,1.127778568,1.309827699,1.181681995,1.073537881,1.129243171,1.295126891,1.174202733,1.118741539,1.2406248,1.312819765,1.411683597,1.892440103,,
CD_046_V3,1.480937006,1.884150365,1.867729434,1.934051856,1.915991488,1.894287836,1.92446939,1.840646151,1.820324498,1.318479719,1.29209263,1.146845598,1.266697603,1.881694522,1.892560125,1.858498029,1.879844241,1.724364771,1.738015744,1.757036172,1.116225359,1.849170188,1.853689707,1.778373094,1.873185787,1.885282016,1.888798214,1.967007452,1.958313906,1.670179471,1.727059038,1.939820953,1.959348753,1.842240249,1.883142532,1.941511575,1.767329835,1.768886932,1.74900323,1.873133625,1.917593179,1.754470944,1.82343653,1.090453468,1.097424046,1.582278965,1.761100123,1.144103362,1.113009739,1.753079408,1.730246837,1.566169304,1.428129377,1.177622751,1.764904684,1.742709999,1.056197985,0,1.990157766,1.894529866,1.132181735,1.627453135,1.883656608,1.84337196,1.758366722,1.759244454,1.098418643,1.84948993,1.833339079,1.925092084,1.93408507,1.942432068,1.953312759,1.117051302,1.729958686,1.904898851,1.29599819,1.577102049,1.754985628,1.797159243,1.747538223,1.848664182,1.392227658,1.922961062,1.158872992,1.223719962,1.846283085,1.835031242,1.501751659,1.820083013,1.858686101,1.238572582,1.104250208,1.909642179,1.98835065,1.905453627,1.849525458,1.619196453,1.597836206,1.237832294,1.194934652,1.703574013,1.667714501,1.722224691,1.737303265,1.249066597,1.900557288,1.87928115,1.822326113,1.810270578,1.841912611,1.757197023,1.361106229,1.853094118,1.871254264,1.721409264,1.810093088,1.728923865,1.785775165,1.08816086,1.341657789,1.754946232,1.864530219,1.763259783,1.764530692,1.116808858,1.685616946,1.751220921,1.891930137,1.909087708,1.243242348,1.512691438,1.436812117,1.151934877,1.780443813,1.714480096,1.802900567,1.771719893,1.098609751,1.200770683,1.382736393,1.667147754,1.8590753,1.799360776,1.832236634,1.865555737,1.850843997,1.182561747,1.119495506,1.55951898,1.441049547,1.697751942,1.743948498,1.813022461,1.827801925,1.750296636,1.83048346,1.782455732,1.823688311,1.647521335,1.709317034,1.175623832,1.938214328,1.853977242,1.393129049,1.231663025,1.879213933,1.804193205,1.887694662,1.897436875,1.424542562,1.14305837,1.869266037,1.849451817,1.750903614,1.260785544,1.160862633,1.872393409,1.867697701,1.883179853,1.878693919,1.854019154,1.80036755,1.762340532,1.896580603,1.8608617,1.866728886,1.208854099,1.157611016,1.100019351,1.096611676,1.10666382,1.14486466,1.859858817,1.815683556,1.809871862,1.778863605,1.378059662,1.176226476,1.943115998,1.79840557,1.751253742,1.79844016,1.119055488,1.11648706,1.088767796,1.363389652,1.216113307,1.127861037,1.209821116,1.29816644,1.839832011,1.839710018,1.174982065,1.142016631,1.126333228,1.117597591,1.112885008,1.271297051,1.173837363,1.420632273,1.925006904,1.867230909,1.096408671,1.105583819,1.234831221,1.36897177,1.392227658,1.819148809,1.203269698,1.163442875,1.756219692,1.711933009,1.886552641,1.87125706,1.702301665,1.774556362,1.796217311,1.746646708,1.433743783,1.625208503,1.794303399,1.864302601,1.243073447,1.167929668,1.915205788,1.271632929,1.102581286,1.090135761,1.18636846,1.200235349,1.320826711,1.464479498,1.21669234,1.194319688,1.167204268,1.200466948,1.118207708,1.45558022,1.497082044,1.115039884,1.187202435,1.828002357,1.338023281,1.286055459,1.509958418,1.192521268,1.106096017,1.195589333,1.196183266,1.344606914,1.417991258,1.197734225,1.175984182,1.153450741,1.139131729,1.316904751,1.183700902,1.085487327,1.11271513,1.273456799,1.197208792,1.131464407,1.236305786,1.392227658,1.455971498,1.849294154,,
CD_047_V1,1.990306331,1.972563888,1.961302285,1.962909563,1.934399859,1.505588666,1.245614794,1.970163308,1.941149331,1.97810537,1.976965971,1.97153425,1.983376772,1.972512941,1.980504152,1.963547578,1.977571645,1.950563112,1.978677341,1.98237927,1.989841665,1.927363561,1.98036346,1.968337215,1.975655937,1.991409762,1.986487458,1.858385798,1.693483131,1.947769748,1.953744009,1.356899353,1.625002223,1.965689373,1.983613663,1.986773658,1.981361992,1.980343661,1.965051576,1.936184957,1.882956887,1.9889125,1.983283849,1.986232908,1.990630019,1.99240537,1.991725556,1.605621576,1.646181228,1.980958786,1.969024548,1.991660654,1.345033804,1.559136488,1.976834107,1.986104137,1.988517546,1.990157766,0,1.952435609,1.704429121,1.042275431,1.970145545,1.972879963,1.963677353,1.947236177,1.985161648,1.557933272,1.957781604,1.680659581,1.513931092,1.114272715,1.146419882,1.996353461,1.977846681,1.966816062,1.98391441,1.985918713,1.959590555,1.977226939,1.957050878,1.978266616,2,1.220059014,1.515698178,1.341076934,1.948568029,1.973394491,1.071338938,1.927742187,1.914173042,1.99189107,1.98171707,1.658772521,1.720879335,1.96452766,1.951742202,1.074526719,1.053722364,1.983063684,1.981765432,1.971423654,1.98120313,1.948077994,1.972662585,1.293288407,1.089082605,1.977540428,1.979660394,1.990390292,1.977485515,1.987423252,1.197529283,1.981260883,1.98296505,1.967606244,1.963945572,1.979147996,1.971859534,1.973425423,1.997833956,1.979143525,1.578225522,1.968580981,1.961691945,1.795888558,1.972876154,1.95492636,1.968654778,1.109917878,1.99318522,1.996302504,1.981936785,1.979516779,1.529297484,1.885740342,1.959437369,1.975259527,1.96741973,1.982714797,1.996617875,1.037154972,1.972756978,1.980585677,1.974312149,1.968582164,1.938016056,1.676427299,1.918251907,1.996071723,1.99290525,1.965587866,1.975351366,1.983635143,1.98638999,1.970552696,1.968606911,1.94372914,1.928532462,1.980728557,1.983507407,1.972218243,1.553457115,1.719897067,1.124169686,1.285643679,1.913406348,1.959707795,1.561376969,1.440040875,1.314701979,1.934737247,1.506430211,1.623093397,1.980711724,1.964668386,1.955154215,1.955351124,1.973737048,1.489582939,1.405838833,1.943198827,1.959902992,1.474043682,1.118774456,1.972705119,1.962364006,1.901654756,1.730055245,1.974022534,1.990708519,1.993260737,1.990875506,1.971799902,1.973201081,1.979063532,1.958949475,1.164573349,1.506637724,1.793181884,1.899722559,1.962496012,1.96278273,1.973778116,1.988346959,1.953567079,1.991150107,1.983572707,1.989438631,1.597369044,1.628772502,1.970127094,1.962688316,1.986453616,1.986700571,1.986826708,1.982732362,1.843211918,1.273017736,1.35763884,1.099546496,1.271991915,1.951913896,1.987654514,1.983551183,1.593646519,1.781423445,2,1.964323551,1.991983196,1.992216583,1.981840415,1.980374662,1.874154547,1.727335685,1.978870627,1.960469454,1.988006914,1.97286038,1.113754556,1.04511581,1.973088962,1.961518871,1.997801361,1.998473907,1.608551806,1.235167342,1.992845523,1.991132995,1.987981025,1.983452426,1.992832581,1.994702513,1.97862381,1.990175392,1.987892692,1.98808454,1.772645018,1.089221524,1.09940092,1.990091143,1.978454128,1.016263232,1.160905729,1.973411047,1.995829208,1.973574252,1.989628168,1.97708702,1.949161916,1.991207969,1.995544191,1.316287954,1.85604882,1.469189378,1.880593761,1.946309998,1.971399503,1.98265416,1.990630975,1.995330113,1.995933158,1.988658294,1.985425631,2,2,1.990677632,,
CD_047_V3,1.942001812,1.787982702,1.783399173,1.888835713,1.844778854,1.736947513,1.797384288,1.718795482,1.673717885,1.925615761,1.940727652,1.909265452,1.882848311,1.759235305,1.743539454,1.781310749,1.748120055,1.765403308,1.757597535,1.816973785,1.963018611,1.367456765,1.93545002,1.852771231,1.895730059,1.848939939,1.76266877,1.760260974,1.751126881,1.825041649,1.785691522,1.924807568,1.840264151,1.857901999,1.866587018,1.953588146,1.8101687,1.913190859,1.837940886,1.692201893,1.875669502,1.907804102,1.788506906,1.962034457,1.954163022,1.936371565,1.948230262,1.929606827,1.946066652,1.684618498,1.686096456,1.941458627,1.984513355,1.985562271,1.791619237,1.746377458,1.950053081,1.894529866,1.952435609,0,1.873491917,1.979173342,1.759327654,1.762928874,1.690436867,1.723001127,1.937889836,1.664207538,1.62532906,1.769654608,1.828609745,1.950392163,1.956958709,1.964067972,1.628971969,1.69375487,1.94567304,1.976369207,1.813319997,1.843268239,1.786774151,1.865334814,2,1.857947352,1.983853463,1.986887547,1.690377179,1.78557314,1.964877514,1.678671406,1.672512097,1.909845704,1.953534837,1.866198407,1.976484975,1.877587871,1.846842287,1.97933174,1.980624081,1.870941926,1.821981596,1.771510483,1.800887433,1.776608448,1.590163002,1.927201215,1.909434055,1.59516554,1.830156446,1.833230104,1.823466835,1.842011616,1.962231839,1.790348565,1.728928521,1.80945963,1.758091552,1.729536059,1.73666303,1.858724904,1.594866304,1.845511684,1.566140935,1.710139733,1.753203935,1.910792792,1.719531286,1.825269184,1.753825727,1.922926445,1.937630611,1.956550401,1.935390443,1.962105442,1.730963841,1.884195589,1.739891021,1.834687261,1.914804338,1.912332049,1.969040072,1.979350161,1.812430183,1.807010331,1.75766111,1.833161287,1.689203778,1.793832946,1.88850488,1.967113519,1.96110557,1.830097059,1.855353243,1.782296522,1.80614717,1.857287545,1.832243609,1.723005717,1.625373521,1.82467587,1.804745117,1.916867646,1.857933663,1.682663293,1.973445063,1.947543026,1.66577689,1.722656674,1.627025815,1.780834021,1.97014591,1.97261595,1.707519536,1.710650778,1.818098393,1.853931134,1.911542313,1.658785401,1.647063317,1.692780735,1.753283933,1.796712199,1.726958119,1.76903579,1.906630071,1.813071223,1.807915717,1.884519294,1.882807483,1.921700838,1.946379085,1.934392304,1.892092864,1.88481885,1.811867819,1.879243667,1.837780686,1.95640964,1.883219322,1.937702057,1.823030594,1.70101994,1.716869871,1.886855867,1.669285201,1.93217763,1.931428729,1.952596677,1.953295213,1.972305256,1.978613885,1.812660027,1.7486001,1.917215885,1.917015691,1.925679723,1.922520974,1.936616485,1.724692164,1.958893569,1.968654174,1.85175049,1.717151118,1.916825804,1.954201229,1.961318483,1.868657649,2,1.830654983,1.967174352,1.923720996,1.836811569,1.820785701,1.575417293,1.572635297,1.812772845,1.552191059,1.936853363,1.773893734,1.913649092,1.979390909,1.869582044,1.829892999,1.626843296,1.768016817,1.762963072,1.968123772,1.95283218,1.948918845,1.835959728,1.844933748,1.946549421,1.949236989,1.929963702,1.90021564,1.915567645,1.9047455,1.924665446,1.966954595,1.955662055,1.959758594,1.89458428,1.971485643,1.945264763,1.957743926,1.997577416,1.864368912,1.931814479,1.960697002,1.973069433,1.816327035,1.555184221,1.947619154,1.917110596,1.945490585,1.835962318,1.907996656,1.931642236,1.908208076,1.911343421,1.933603959,1.969447811,1.939495032,1.93398954,2,2,1.956323797,,
CD_048_V3,1.402726127,1.680050458,1.641347753,1.659852962,1.704615743,1.694247526,1.617546568,1.752257966,1.82014833,1.229617029,1.223051301,1.159275088,1.242279082,1.741355638,1.835535749,1.803843903,1.771804086,1.708605839,1.725830757,1.675024385,1.145839217,1.825869876,1.855769478,1.71785481,1.81408659,1.831094053,1.858782766,1.887968859,1.832121442,1.715988566,1.620205067,1.739806643,1.833283592,1.732734512,1.700314155,1.943993084,1.768452588,1.508356951,1.51983602,1.768075246,1.867420393,1.811345425,1.735471149,1.111596536,1.10786622,1.438290725,1.56590956,1.147301631,1.140919816,1.598662821,1.671017315,1.382682671,1.364730516,1.185351373,1.641439686,1.744026627,1.145658373,1.132181735,1.704429121,1.873491917,0,1.46889053,1.771466082,1.6964541,1.693757466,1.714782055,1.107615473,1.612966701,1.748670015,1.777934736,1.735671132,1.614033442,1.675420565,1.174703369,1.848306501,1.873033949,1.31852177,1.610802682,1.783153662,1.810361152,1.662539527,1.671030961,1.447977852,1.580701714,1.162796442,1.202243438,1.811823587,1.742288548,1.328393382,1.705925236,1.812998984,1.137529858,1.101553112,1.848861681,1.928499024,1.907252718,1.872631824,1.465181209,1.454952082,1.278360972,1.245833111,1.645543636,1.505220271,1.610275515,1.63603169,1.140490135,1.594380927,1.823778036,1.754943852,1.570876831,1.696064483,1.719281436,1.291370313,1.82859563,1.891880054,1.743937354,1.766623906,1.658360717,1.812504766,1.087711845,1.384444536,1.544598857,1.693229063,1.653751668,1.604324444,1.150867504,1.540028676,1.791639667,1.796472195,1.579508363,1.225993158,1.437033587,1.34626514,1.197945629,1.70946391,1.920201061,1.712851959,1.63268439,1.144699216,1.261483977,1.402814824,1.49965525,1.799167463,1.662950025,1.749596505,1.850145468,1.862415817,1.101421792,1.101181533,1.424468407,1.327610082,1.739749594,1.661706464,1.576002961,1.66349355,1.649673007,1.584096992,1.818713804,1.875604734,1.697783069,1.585912283,1.141180913,1.793368944,1.785336423,1.281134299,1.160302761,1.875516062,1.85944689,1.691221541,1.595735439,1.348048699,1.183265787,1.749126103,1.755614212,1.641803709,1.196106913,1.134467104,1.820710236,1.734038048,1.695486191,1.684121739,1.758691342,1.744407994,1.532139994,1.58445104,1.800068231,1.758376964,1.218623892,1.147962051,1.130009409,1.137622494,1.117460741,1.159306981,1.820427101,1.767933979,1.755137493,1.827386828,1.234526008,1.107890204,1.913564191,1.80127161,1.787856354,1.77329827,1.140980346,1.129683792,1.092464967,1.506608222,1.230966935,1.13646481,1.193446083,1.285841652,1.6876817,1.723646963,1.132947031,1.103200475,1.11754129,1.111211175,1.12191647,1.17636771,1.136899322,1.302016885,1.648322181,1.831293948,1.120696161,1.125422044,1.221226629,1.341697279,1.447977852,1.706079273,1.231161129,1.204572776,1.722456597,1.637466778,1.83254856,1.763617462,1.659652433,1.683936669,1.871558841,1.722642742,1.268187608,1.46317919,1.894552285,1.893362109,1.242086597,1.17177093,1.774960954,1.225104366,1.130955486,1.114847954,1.15729715,1.177010877,1.257770831,1.393868974,1.210816293,1.188724171,1.142519028,1.122698437,1.130703072,1.31988205,1.318231915,1.121079313,1.127324834,1.596827768,1.229161926,1.311454729,1.548485622,1.160143529,1.121006263,1.188252659,1.221248081,1.253055614,1.419716934,1.132037869,1.125673787,1.118782075,1.145194869,1.308139612,1.171605906,1.10924314,1.104388225,1.193077129,1.183833964,1.118191982,1.171039435,1.447977852,1.494620109,1.711571143,,
CD_049_V3,1.828670598,1.975678042,1.973839074,1.975305859,1.965120656,1.55108108,1.300246182,1.989808419,1.981792535,1.738469782,1.724633042,1.630545711,1.702850897,1.979055706,1.982982948,1.968468482,1.983521275,1.953114148,1.960711192,1.960988168,1.553722346,1.930670243,1.971595131,1.966480459,1.971939816,1.978544407,1.984171384,1.887420448,1.742361262,1.965330491,1.965708805,1.413892396,1.675710353,1.958496274,1.969701465,1.994780784,1.974185787,1.952156381,1.961882649,1.93154304,1.887376064,1.952037042,1.980882404,1.544149459,1.547917845,1.857775911,1.917264405,1.346456269,1.344719667,1.966349891,1.967018427,1.841294043,1.241556045,1.284859929,1.975766861,1.979477363,1.585878814,1.627453135,1.042275431,1.979173342,1.46889053,0,1.979144241,1.976982211,1.971225561,1.967310883,1.571167472,1.602147977,1.960337445,1.750456258,1.602962784,1.150885137,1.181892331,1.581095026,1.988285123,1.990842341,1.732138874,1.817321268,1.977170376,1.977018098,1.961922737,1.971470535,1.555967398,1.273394931,1.257090962,1.153398487,1.986107923,1.982698207,1.028077367,1.954678927,1.961863681,1.688280525,1.584076361,1.730855184,1.80536895,1.949308068,1.950205003,1.039917977,1.011023918,1.720765222,1.737179338,1.953459947,1.950849942,1.943606198,1.97420111,1.20435029,1.127403478,1.976306414,1.981663419,1.97305349,1.974770654,1.980601811,1.119212618,1.981759976,1.984259295,1.969554256,1.973018724,1.972947468,1.975201007,1.623074823,1.725436674,1.959233136,1.619897421,1.963239841,1.961509691,1.547035651,1.958522135,1.953473722,1.96028133,1.152854379,1.694093581,1.798737267,1.786606787,1.563645175,1.572576609,1.895700147,1.965598303,1.9656696,1.641773185,1.731603256,1.725527478,1.002555249,1.977235664,1.969391677,1.973608011,1.972601055,1.96763899,1.478673279,1.560449876,1.801148303,1.742411139,1.959639305,1.964976299,1.968349995,1.969687945,1.977599766,1.967680474,1.964593001,1.977104369,1.96792085,1.963668455,1.655922134,1.598711037,1.759668258,1.05223911,1.161222732,1.959672505,1.977019793,1.613129474,1.485821355,1.22552864,1.52468757,1.562680142,1.667643209,1.969460503,1.747342494,1.655341061,1.984912686,1.980929887,1.54710576,1.463273176,1.960738347,1.966169454,1.520057289,1.167289497,1.977220936,1.970970969,1.600652003,1.459292814,1.617833294,1.580883972,1.616704201,1.636470778,1.977870779,1.979886005,1.975855961,1.972719809,1.099035114,1.349672752,1.988473511,1.981834505,1.981557275,1.973881748,1.605471706,1.595819692,1.572969169,1.7948879,1.706126419,1.628759707,1.387549938,1.439571898,1.967410079,1.970348673,1.695968498,1.642569677,1.646749905,1.652519454,1.517880586,1.183456585,1.191256955,1.035031822,1.325965297,1.952651614,1.604750785,1.557300413,1.39965866,1.636634037,1.555967398,1.961116639,1.615036579,1.61767351,1.964623093,1.960242364,1.892869668,1.755079146,1.973708851,1.976325307,1.982005405,1.971968791,1.071897437,1.003594089,1.970303989,1.979148559,1.694427009,1.621865815,1.655109663,1.113577988,1.548257324,1.562443211,1.626280961,1.659610711,1.731289612,1.829423145,1.706464273,1.712316166,1.667291278,1.700197429,1.474757415,1.03396406,1.065864736,1.574231351,1.667682958,1.019008538,1.082205073,1.68118352,1.716515336,1.724688503,1.607714807,1.618365862,1.608454455,1.783981546,1.800806357,1.191628964,1.610594171,1.309234786,1.541212309,1.733887829,1.656262583,1.601300539,1.649083087,1.701429857,1.608641665,1.6040295,1.675754548,1.555967398,1.72708192,1.970027929,,
CD_050_V1,1.595231016,1.409781683,1.519912787,1.497496187,1.334619568,1.831722542,1.862090623,1.426547761,1.312760977,1.560659366,1.608878887,1.794299584,1.780520166,1.594070937,1.594274457,1.534858935,1.469826315,1.600776838,1.649795743,1.565904952,1.877917557,1.661472836,1.901116808,1.6289531,1.745542528,1.731195832,1.755056677,1.856242387,1.779075843,1.69283298,1.663389191,1.942233019,1.941228795,1.512209462,1.533515837,1.71171956,1.443306963,1.842839489,1.631383491,1.698359054,1.868876546,1.796317152,1.589024018,1.872824303,1.857302071,1.566506273,1.566822513,1.96661581,1.967961755,1.426802231,1.334122652,1.949743919,1.98678118,1.984592834,1.478016396,1.4639984,1.947690487,1.883656608,1.970145545,1.759327654,1.771466082,1.979144241,0,1.05696091,1.523417059,1.601938164,1.846607595,1.675267693,1.633301043,1.775376523,1.821609695,1.958816406,1.952278958,1.940983397,1.668696147,1.291611195,1.894671298,1.948861152,1.666792808,1.619626166,1.592346982,1.677758337,2,1.739259307,1.993618588,1.996238809,1.518082704,1.538784438,1.947178748,1.405139192,1.436203454,1.721414188,1.880298932,1.897366434,1.977325766,1.670677343,1.577707782,1.986677554,1.988730727,1.749921757,1.707848792,1.532218019,1.579017495,1.453905068,1.53153771,1.851624535,1.90067875,1.320376399,1.646446882,1.455597573,1.5577257,1.715553112,1.942692717,1.591825678,1.441331333,1.658919725,1.472123695,1.45135508,1.326824083,1.714123025,1.872149071,1.796571101,1.547554159,1.464080657,1.529809023,1.920075788,1.75273772,1.464039497,1.679275141,1.900373309,1.804094237,1.85700062,1.576478792,1.848324226,1.695701097,1.840211047,1.344432799,1.633121018,1.824715947,1.791055849,1.941296258,1.977753289,1.480778781,1.605964497,1.565133783,1.61628301,1.461873914,1.753982009,1.862646251,1.98977949,1.9801678,1.604698301,1.680060617,1.451854261,1.467155908,1.670685733,1.511213052,1.5093652,1.401833128,1.655686589,1.616802963,1.806117594,1.791609061,1.451712195,1.978522851,1.958099689,1.548567995,1.555499557,1.604875594,1.636181861,1.971916109,1.94922909,1.511405772,1.664984944,1.687714806,1.674551977,1.824195964,1.523913281,1.520055629,1.716125862,1.755638003,1.221811078,1.231945255,1.55590744,1.841938546,1.480843227,1.731336196,1.856876787,1.866575608,1.836582597,1.877099769,1.687431552,1.703042483,1.618533852,1.615914329,1.757467716,1.747987863,1.921501417,1.832525894,1.830180197,1.765502526,1.617130977,1.61909809,1.77569924,1.842440862,1.811891531,1.807769672,1.907581063,1.906828572,1.951010706,1.967280456,1.55951932,1.347461392,1.814143489,1.825493142,1.798676112,1.803164642,1.874983849,1.935662379,1.846316764,1.940504824,1.81854985,1.660109836,1.805963247,1.873634907,1.9536751,1.930967489,2,1.659736602,1.945785574,1.940517046,1.674414293,1.656460082,1.347714039,1.77494694,1.542494627,1.547343853,1.852864438,1.604942837,1.91855679,1.98227892,1.841318631,1.662007692,1.892468203,1.815376015,1.607778678,1.961818296,1.869602916,1.820059838,1.9317155,1.891426911,1.948316553,1.974648532,1.880344901,1.825936769,1.695817225,1.644804059,1.93175136,1.97516838,1.925563166,1.876934427,1.720466874,1.979417824,1.955577901,1.949103924,1.992938515,1.667234006,1.758689307,1.915336026,1.928492619,1.672109041,1.870100546,1.911914742,1.828274189,1.915567436,1.908819092,1.794266841,1.804898009,1.846959912,1.771252467,1.915641303,1.937911346,1.851684342,1.893606547,2,1.997942849,1.643541439,,
CD_050_V3,1.518768259,1.375333184,1.448687474,1.36658179,1.273890261,1.870285696,1.8899734,1.398717088,1.366527004,1.407814514,1.505838973,1.762362081,1.702861116,1.588972545,1.63162646,1.542101888,1.422239376,1.625320475,1.634953157,1.434547141,1.884734315,1.67832065,1.929094602,1.625556563,1.769556523,1.713694386,1.752240763,1.887300841,1.828658784,1.66857545,1.610198547,1.948800398,1.953258371,1.439816931,1.394942002,1.707561165,1.421493936,1.765249173,1.495271615,1.666676546,1.871272983,1.779564802,1.494845658,1.869028154,1.861789384,1.441884305,1.437653459,1.975836417,1.976229906,1.401595706,1.36140987,1.953852218,1.989208235,1.985971424,1.395848831,1.393658308,1.926206236,1.84337196,1.972879963,1.762928874,1.6964541,1.976982211,1.05696091,0,1.553245598,1.600114725,1.816213876,1.702361154,1.600987915,1.785439433,1.840938937,1.962132066,1.958598357,1.939623249,1.606503873,1.399456469,1.903223684,1.959634011,1.699211542,1.598829093,1.659332763,1.600643021,2,1.699546585,1.992479829,1.995090994,1.508448274,1.479014629,1.940278322,1.454251726,1.51448927,1.576386421,1.857401677,1.922306391,1.980729581,1.733534145,1.637423895,1.988829864,1.990930375,1.730054158,1.624505121,1.483824323,1.507405982,1.504480433,1.54709788,1.814593009,1.901368907,1.400237415,1.634598972,1.30761878,1.575209195,1.631245626,1.939838966,1.627461774,1.526345695,1.660524548,1.536655217,1.532787234,1.426164076,1.7039194,1.842815216,1.801993558,1.626835797,1.448553113,1.511494899,1.887265155,1.721166574,1.478929901,1.667476701,1.90072438,1.758359708,1.799001901,1.466159408,1.878343004,1.738378649,1.863164846,1.345739931,1.576763452,1.83209976,1.801590084,1.922796423,1.979425355,1.534023798,1.557393292,1.547184915,1.684493868,1.553097466,1.662448021,1.849563061,1.995622496,1.991853146,1.636496185,1.656453397,1.36342189,1.382198428,1.60847458,1.389340471,1.555351353,1.545886084,1.660445784,1.601868853,1.791308968,1.797612023,1.544224698,1.978642553,1.954039275,1.637976309,1.673482516,1.625348808,1.642856416,1.96767774,1.945848298,1.577997476,1.680529018,1.691441853,1.556849659,1.781716286,1.581651229,1.53726157,1.7551422,1.813706832,1.265774682,1.289673453,1.565507723,1.858402581,1.534528981,1.675280108,1.876849961,1.876605895,1.816600344,1.877298354,1.596337227,1.644969438,1.656384099,1.673509996,1.678611615,1.756999375,1.903884901,1.808141358,1.859473325,1.782708895,1.521048242,1.595686179,1.800847468,1.819897951,1.784186053,1.791267397,1.864864586,1.875177563,1.955391169,1.974984957,1.52607056,1.411234877,1.774965464,1.782691761,1.770870458,1.779451916,1.901648493,1.942431552,1.846719494,1.936165285,1.835855365,1.724921492,1.805297853,1.852144406,1.962345955,1.934418827,2,1.656954642,1.945433773,1.941313762,1.721969601,1.688079731,1.431694997,1.778463034,1.508610364,1.519227219,1.855507011,1.577836689,1.898932012,1.979728921,1.840499181,1.699316683,1.846813284,1.730778669,1.706665182,1.965679162,1.821371186,1.790640906,1.932340969,1.887071509,1.969217951,1.971797162,1.867411659,1.784575767,1.629287876,1.54612593,1.919020644,1.972706328,1.903643789,1.896074885,1.607098769,1.975309803,1.945602981,1.941582644,1.991595038,1.65124029,1.720792001,1.924502091,1.920699215,1.596998471,1.827012725,1.914953743,1.802673172,1.910373209,1.868499891,1.78721011,1.789317826,1.810119721,1.679060964,1.87477981,1.929698516,1.833278984,1.906376899,2,1.999945781,1.556230708,,
CD_051_V1,1.787965103,1.555031987,1.539523847,1.759397667,1.631914999,1.623294841,1.757427095,1.459772929,1.433909225,1.756616497,1.771694525,1.728536793,1.741861706,1.3954632,1.554055095,1.363457053,1.345749978,1.338082832,1.342579105,1.550679071,1.887416674,1.460446783,1.705167604,1.47551721,1.664518809,1.461718012,1.587962509,1.738070055,1.717385216,1.497875221,1.383427991,1.871185544,1.822621833,1.546648034,1.672133294,1.94187007,1.591458354,1.603057533,1.479773777,1.620614407,1.779805871,1.675372786,1.509547058,1.838325697,1.863391069,1.844220017,1.870047679,1.961093617,1.94743224,1.357994205,1.367238081,1.630245252,1.98278847,1.972781214,1.422972846,1.563251374,1.841167101,1.758366722,1.963677353,1.690436867,1.693757466,1.971225561,1.523417059,1.553245598,0,1.157430063,1.778532799,1.464461991,1.372902689,1.547056177,1.649082409,1.891109121,1.925152276,1.885731139,1.564922503,1.597452129,1.828473881,1.940646513,1.567632038,1.587430926,1.369296515,1.635842323,2,1.776724597,1.96930945,1.979937694,1.447791833,1.486199273,1.885979724,1.318370761,1.457812628,1.659903799,1.760638922,1.760691348,1.959979061,1.703516684,1.55933513,1.9745241,1.978392543,1.761142705,1.753398946,1.36370275,1.323164451,1.373014155,1.358100889,1.778054863,1.832814388,1.529013921,1.583980967,1.569582967,1.512870019,1.635249474,1.917481236,1.486943162,1.554992594,1.37728688,1.332593272,1.470585169,1.547380263,1.672470682,1.938168269,1.403966193,1.393861794,1.38598243,1.378518899,1.736279118,1.481745238,1.500907181,1.609634067,1.818810259,1.738947496,1.776993357,1.830429402,1.893654685,1.589732324,1.870799687,1.430730395,1.490659781,1.652471715,1.582612095,1.90858625,1.966095807,1.382783002,1.3906005,1.53412313,1.573322321,1.403214469,1.710529073,1.74135604,1.744090049,1.713822472,1.390018814,1.415056412,1.479674084,1.49467991,1.586234381,1.523843342,1.487043288,1.474250022,1.368147984,1.269012651,1.658067877,1.776608019,1.468905378,1.955304071,1.919044084,1.636816821,1.520975482,1.553772631,1.550697455,1.949349423,1.94150308,1.503056394,1.468609305,1.447956075,1.54833791,1.654628272,1.439442731,1.35294212,1.620617067,1.587405697,1.484941126,1.380081988,1.433307445,1.776531841,1.384543881,1.551412233,1.872273713,1.851926327,1.719265993,1.796153597,1.835382342,1.762413259,1.66089392,1.437937427,1.571073351,1.501809713,1.855470287,1.705719359,1.810109651,1.454734952,1.436950909,1.461946941,1.762140968,1.84934864,1.789951882,1.887990737,1.847261681,1.843669439,1.932279517,1.953799873,1.365686,1.295426177,1.63454129,1.681350485,1.719643866,1.642382214,1.790562201,1.837169914,1.902416269,1.947285162,1.767821236,1.636357745,1.807606203,1.871311014,1.941969311,1.805543733,2,1.50793368,1.929328849,1.913850484,1.361391116,1.362005815,1.497978161,1.593727212,1.425143016,1.376520583,1.783853622,1.321102218,1.870902274,1.962716602,1.675888729,1.632580836,1.81696159,1.827679116,1.609773019,1.947993477,1.831282963,1.84508761,1.916628354,1.846149238,1.704862021,1.709599015,1.724622378,1.727510542,1.619591779,1.549878343,1.81603135,1.931282325,1.862352452,1.786597643,1.617643752,1.957414367,1.91710822,1.89774189,1.992454293,1.482379108,1.779192657,1.704278345,1.760729373,1.622561125,1.833558786,1.835473697,1.687746311,1.824348998,1.897955602,1.545621639,1.688131701,1.807545538,1.738181667,1.639517982,1.847168719,1.695599199,1.647379588,2,1.999981164,1.852804138,,
CD_051_V3,1.818647904,1.612245554,1.588989646,1.708938058,1.534209225,1.679003401,1.7909283,1.504681585,1.427855427,1.717885625,1.746963458,1.708111441,1.745578247,1.470018024,1.59605021,1.369877403,1.437672863,1.408941815,1.484978646,1.530533139,1.877028601,1.56788646,1.505177863,1.545013454,1.699172432,1.692306264,1.678837131,1.728926234,1.746981086,1.374633818,1.376113869,1.869976163,1.839598619,1.547626332,1.705652979,1.942551449,1.638658622,1.642794907,1.522335233,1.678432275,1.820680056,1.640053251,1.469724864,1.846202407,1.870672964,1.845382029,1.870390106,1.950384897,1.908580744,1.480359135,1.409432927,1.682813173,1.977911821,1.962587996,1.4880813,1.52677698,1.821531522,1.759244454,1.947236177,1.723001127,1.714782055,1.967310883,1.601938164,1.600114725,1.157430063,0,1.783863127,1.516206353,1.44570952,1.688145818,1.705402991,1.843163432,1.90550063,1.891863993,1.528184859,1.656002064,1.835839455,1.939859151,1.657348188,1.658367942,1.436257252,1.659475979,2,1.780387738,1.955237302,1.969206278,1.523085304,1.507228797,1.898631616,1.307463733,1.402240051,1.684758905,1.790763551,1.758141898,1.967633596,1.698568193,1.569062459,1.969480441,1.967758753,1.731614701,1.643816585,1.348059242,1.372830344,1.401029831,1.418122902,1.800519331,1.840664111,1.674301105,1.593923161,1.607553756,1.510706854,1.490350087,1.922940308,1.586572745,1.650898235,1.329653983,1.370146066,1.572976092,1.626221534,1.673951273,1.945904379,1.325821267,1.490787866,1.41568014,1.426407043,1.677423099,1.515739169,1.500553601,1.676955833,1.783465638,1.776914798,1.816601062,1.835301284,1.890407402,1.530468132,1.715300932,1.454403494,1.577230299,1.6140434,1.49879697,1.855627638,1.969512427,1.469968813,1.509593788,1.506975856,1.595335496,1.39046944,1.746085801,1.787615391,1.787502403,1.763805676,1.507746253,1.524924903,1.544060605,1.588239314,1.601979652,1.572376605,1.47295608,1.537669936,1.366668952,1.365542094,1.658691214,1.799193094,1.5562082,1.950604208,1.904415468,1.596175196,1.543332815,1.579637318,1.570375233,1.950276747,1.943859261,1.51418286,1.427747704,1.533209899,1.506814389,1.56946136,1.468893135,1.42704158,1.626759484,1.552825641,1.502428726,1.474275722,1.508020526,1.785812066,1.470564616,1.520695115,1.886939841,1.888826291,1.708107193,1.821107501,1.852337549,1.769370669,1.689102168,1.545983994,1.466994092,1.354996123,1.80985187,1.64702192,1.804229148,1.419422779,1.468402759,1.490884964,1.795220876,1.879835324,1.817699358,1.912021294,1.823561102,1.86140179,1.931218326,1.947255331,1.395392653,1.326804635,1.688723063,1.701323482,1.74607089,1.669525947,1.765733365,1.827887062,1.894308083,1.951434951,1.756087852,1.688812956,1.81143781,1.847062658,1.92919328,1.756509814,2,1.540703559,1.931172976,1.89833959,1.262596461,1.377539351,1.627570062,1.685462368,1.467952054,1.450255437,1.772745311,1.439684507,1.841645858,1.95727743,1.634890839,1.603949833,1.85197282,1.866413313,1.716072555,1.945679386,1.851143102,1.860125368,1.926117051,1.849572726,1.73409376,1.736307957,1.685115147,1.738926389,1.676326637,1.624309529,1.758770651,1.90885377,1.78633784,1.791982754,1.604199913,1.935567438,1.903534243,1.839822425,1.989690784,1.551149387,1.805107341,1.508872086,1.549514237,1.68488576,1.865126104,1.781582142,1.636107813,1.757585392,1.886579912,1.481186071,1.640780348,1.789442885,1.772010046,1.680689247,1.868784587,1.732247725,1.688948913,2,2,1.854870798,,
CD_053_V1,1.457233681,1.761531983,1.735051027,1.838818145,1.816186771,1.893800807,1.905584675,1.843374087,1.822842566,1.271221714,1.262534778,1.090275009,1.219309333,1.790849568,1.860000729,1.768466912,1.81864749,1.581040807,1.65952834,1.703534312,1.067087228,1.893181569,1.767490054,1.730292987,1.811403107,1.864628256,1.891660462,1.955714021,1.965442705,1.757698322,1.721806218,1.933572189,1.964160041,1.684284642,1.707874977,1.959089345,1.674915798,1.644662331,1.632900801,1.905136039,1.933359212,1.607165519,1.821512423,1.040577811,1.041695531,1.502069777,1.680665129,1.107318971,1.081254382,1.747495227,1.754680533,1.458138371,1.382383417,1.117972464,1.755792467,1.815311235,1.071746336,1.098418643,1.985161648,1.937889836,1.107615473,1.571167472,1.846607595,1.816213876,1.778532799,1.783863127,0,1.895209998,1.874666717,1.919459356,1.909157095,1.928298292,1.957789162,1.112989465,1.903782802,1.947459473,1.263021875,1.532724327,1.783827101,1.765104894,1.617517637,1.705595798,1.304217994,1.886528033,1.099526503,1.160752776,1.835770975,1.846801855,1.443541588,1.682512273,1.74009712,1.138915559,1.056787781,1.916517107,1.982152427,1.827004438,1.79680528,1.567199471,1.537128334,1.174903232,1.210000005,1.590373724,1.611991593,1.55491634,1.761862905,1.232027872,1.889374781,1.951747468,1.833890255,1.737000537,1.760335379,1.788415115,1.289796486,1.870182515,1.836434692,1.677368617,1.724094537,1.792644259,1.775525354,1.069708761,1.360417595,1.700382515,1.858473482,1.657285719,1.596156445,1.151192407,1.632687313,1.576936945,1.919248792,1.910659663,1.190913191,1.447571977,1.408392591,1.083732419,1.868046763,1.968442403,1.682372759,1.633602143,1.073537539,1.172804113,1.354422961,1.613013042,1.85080543,1.728028674,1.753066957,1.813013837,1.770965054,1.148550259,1.096887938,1.469636287,1.357090537,1.606344674,1.656555843,1.715094305,1.734541533,1.816011086,1.740065543,1.630230926,1.737220201,1.713076844,1.706316941,1.123353517,1.915025119,1.79981654,1.341283997,1.200859079,1.921244794,1.815580953,1.912155024,1.904378924,1.383048551,1.093331325,1.800925317,1.793717219,1.657630816,1.194954782,1.120861079,1.879384934,1.848234534,1.847043717,1.819846921,1.725518972,1.787866272,1.675000795,1.832292376,1.851389276,1.752759583,1.195467023,1.141855831,1.063512245,1.03727994,1.08447302,1.124067553,1.83872806,1.853823288,1.800781408,1.836416885,1.331821732,1.150760737,1.892834297,1.791967957,1.852809784,1.768809155,1.091027313,1.090332936,1.0667065,1.513285169,1.214348498,1.104385903,1.176407542,1.263394464,1.802961495,1.827000096,1.185549844,1.120024231,1.105132132,1.10025009,1.074336455,1.246083018,1.124607636,1.361640711,1.894999295,1.841019987,1.040263741,1.037340606,1.207573296,1.362883103,1.304217994,1.722050194,1.157454161,1.141777311,1.687097675,1.601707605,1.865995259,1.842247863,1.78221534,1.834010292,1.900188403,1.730673911,1.407716832,1.573126637,1.737378324,1.846409558,1.252833642,1.156858141,1.915275956,1.208657243,1.025878624,1.037345232,1.150235713,1.155636101,1.284332668,1.472807985,1.202925741,1.208842121,1.091509065,1.139605515,1.080468652,1.398913841,1.457625119,1.06978911,1.095908092,1.802662219,1.302103513,1.251492939,1.448039367,1.139588871,1.057768991,1.136867171,1.135509293,1.310455787,1.446201953,1.158838498,1.163505867,1.13236366,1.114001548,1.207826039,1.128753031,1.069332763,1.113312816,1.213191941,1.138127233,1.050012558,1.156225545,1.304217994,1.408328857,1.793635729,,
CD_054_V1,1.690581194,1.76962761,1.785457835,1.681087193,1.700953045,1.365791472,1.293101658,1.54205314,1.642436628,1.736531224,1.715783222,1.839758825,1.826680673,1.500207753,1.645014084,1.456235385,1.434787979,1.608884174,1.587256192,1.595694665,1.923927159,1.606011857,1.891983706,1.717026561,1.790027398,1.734650283,1.708874813,1.5595773,1.450901646,1.727301272,1.649815111,1.47260087,1.558888911,1.663929173,1.739200916,1.932971898,1.634453946,1.836427212,1.75721626,1.55144621,1.767144405,1.822406098,1.761661884,1.89167999,1.886567094,1.749995594,1.77287361,1.768550752,1.791208543,1.62320376,1.67499028,1.845492195,1.686058283,1.801166156,1.613493783,1.698383253,1.914115762,1.84948993,1.557933272,1.664207538,1.612966701,1.602147977,1.675267693,1.702361154,1.464461991,1.516206353,1.895209998,0,1.388521926,1.460779699,1.380141948,1.469243467,1.512024988,1.895312219,1.673272126,1.762094045,1.892449629,1.960826336,1.675551167,1.667891576,1.620246959,1.753172255,2,1.337083843,1.785031463,1.718479347,1.656277102,1.714592226,1.517621877,1.606868883,1.734226132,1.870607217,1.892520246,1.564051242,1.844352554,1.803156754,1.740178292,1.580496105,1.59642707,1.83645856,1.806185997,1.689803914,1.691440768,1.683862793,1.530806007,1.451911018,1.373259724,1.686250117,1.719095007,1.671290669,1.684944706,1.677618374,1.566936514,1.652760861,1.722527996,1.627057038,1.596884114,1.750147784,1.771774877,1.79290817,1.743018865,1.731581217,1.246877378,1.609159582,1.601687423,1.623896603,1.63658945,1.676566267,1.59449796,1.371296463,1.873852546,1.905575212,1.746355279,1.894469051,1.330990288,1.834792332,1.582068809,1.697718397,1.833823361,1.796920982,1.949266009,1.604100688,1.625969057,1.597946504,1.585706377,1.738637918,1.669344397,1.58069345,1.799685436,1.909277544,1.894981527,1.649896507,1.747362083,1.745425757,1.721752909,1.76189082,1.749915125,1.634731013,1.673329175,1.606385231,1.470232467,1.864329597,1.533772765,1.407464533,1.53655086,1.538551726,1.719560262,1.699825162,1.37287061,1.256932056,1.634142227,1.918688086,1.41029988,1.414315038,1.676238042,1.767324006,1.73927949,1.613244039,1.548200976,1.342098425,1.310229875,1.808022642,1.73111613,1.306162779,1.370155507,1.626955176,1.725653718,1.822236475,1.741505895,1.85872515,1.887323854,1.854803551,1.837093078,1.797237953,1.647828623,1.757224848,1.717425263,1.49882068,1.523915692,1.869088402,1.60140735,1.586127785,1.5931095,1.801557234,1.843959372,1.824038864,1.945718825,1.823246451,1.878964523,1.741452877,1.780586017,1.574048789,1.564799148,1.679752898,1.763514307,1.810839695,1.802592425,1.812560778,1.4768574,1.598894589,1.53501023,1.323152361,1.63356818,1.887691796,1.923061965,1.746231216,1.73494718,2,1.737204693,1.952089876,1.90909579,1.637117376,1.5707977,1.549764015,1.490201022,1.557641244,1.512886264,1.736512392,1.495348564,1.445679461,1.603805979,1.754645162,1.723538304,1.757910707,1.821011905,1.367527126,1.614061905,1.921165042,1.906932099,1.922795656,1.915583168,1.861226055,1.863687815,1.779113706,1.743182561,1.768996993,1.695289113,1.788852108,1.53986448,1.482338772,1.877629014,1.832204057,1.549994053,1.510825246,1.901099488,1.990195478,1.726306616,1.867433549,1.882407896,1.902463949,1.748753699,1.698291546,1.52696102,1.651073879,1.561400372,1.834095149,1.803601755,1.81992706,1.866252065,1.819473366,1.835409323,1.93338169,1.839537527,1.813800484,2,1.999765216,1.746545451,,
CD_054_V3,1.859171927,1.629796773,1.628097785,1.832206096,1.78398145,1.695786388,1.811121537,1.546832086,1.621656021,1.757834893,1.838818943,1.822932731,1.770687558,1.501049872,1.526071975,1.571283544,1.428373953,1.616543451,1.508330538,1.56215008,1.910354752,1.422733313,1.902546696,1.695981833,1.752018295,1.634154207,1.648738882,1.624889238,1.635125117,1.683555176,1.564937221,1.923344881,1.804855604,1.683855079,1.690903341,1.91809179,1.634513659,1.774195946,1.674309342,1.61457709,1.792603915,1.796479643,1.602909248,1.879552319,1.896898983,1.880394587,1.897873211,1.920085439,1.937193641,1.436755661,1.484402851,1.811057403,1.973644656,1.974191116,1.570823297,1.555273673,1.899229987,1.833339079,1.957781604,1.62532906,1.748670015,1.960337445,1.633301043,1.600987915,1.372902689,1.44570952,1.874666717,1.388521926,0,1.593858774,1.671210075,1.916866622,1.938295927,1.845405638,1.6458834,1.590320542,1.905715484,1.971748649,1.76900139,1.75745357,1.574018733,1.619542306,2,1.796563963,1.964632619,1.975393437,1.622976403,1.550543854,1.907289328,1.614287868,1.717988758,1.728532414,1.855092572,1.831488835,1.970740645,1.810906312,1.73298557,1.964730299,1.97035778,1.806312395,1.720476475,1.586594737,1.540585423,1.627146879,1.439529799,1.851166525,1.845564094,1.601255675,1.742084321,1.593566675,1.579316619,1.655653958,1.93260665,1.596299262,1.668559679,1.693833308,1.635787096,1.644820633,1.694617324,1.778746675,1.843508964,1.689092901,1.479638685,1.573192595,1.588380137,1.708433244,1.665636545,1.724218685,1.576690765,1.859973191,1.820413926,1.857838408,1.89166129,1.954390091,1.587542845,1.837759545,1.644791365,1.678648013,1.816189261,1.775773249,1.924523068,1.958726436,1.588747939,1.597881086,1.671810611,1.679597999,1.62511232,1.672068885,1.762890375,1.88228475,1.869245904,1.675498258,1.69732022,1.532121067,1.471908053,1.72177187,1.607387962,1.72045403,1.719685201,1.564902707,1.447503589,1.805232204,1.845793656,1.612425692,1.937998453,1.900519306,1.59141979,1.600044006,1.649706411,1.635078913,1.947902531,1.932041357,1.6745339,1.58581334,1.640038568,1.630923586,1.771342567,1.479642703,1.475526126,1.675369199,1.716961106,1.680398925,1.590372902,1.622108505,1.843770223,1.589897043,1.644781935,1.867297819,1.860392684,1.82694512,1.868850568,1.786236167,1.718533153,1.796222845,1.688441822,1.665194887,1.662262516,1.903471707,1.780885582,1.896961522,1.631779214,1.528731452,1.589666937,1.84988587,1.874999064,1.829825663,1.928173643,1.87085004,1.875265273,1.937963809,1.960128582,1.477497396,1.439114639,1.670100769,1.758163835,1.794992528,1.777184893,1.900596383,1.860556805,1.927115619,1.935499011,1.834417919,1.646039769,1.856406595,1.907445514,1.932777151,1.812284589,2,1.6603222,1.947816937,1.923184065,1.622090555,1.586467073,1.605115154,1.714344493,1.504424977,1.475349789,1.702292443,1.477316049,1.859162925,1.961820154,1.764344289,1.704246842,1.798276696,1.754242108,1.656403087,1.95823308,1.877744687,1.874494931,1.919216546,1.902230815,1.780596184,1.758070567,1.826243097,1.756196656,1.752181872,1.693307107,1.901878351,1.938586454,1.903361549,1.861061058,1.704288821,1.947715015,1.896775364,1.906026364,1.992400497,1.69455656,1.823628798,1.893176478,1.926909286,1.622423323,1.749584807,1.897151358,1.795515301,1.868636142,1.856365673,1.788502825,1.812633075,1.833137756,1.739184736,1.809737495,1.911632067,1.803946691,1.80824666,2,1.999981016,1.91870563,,
CD_055_V1,1.907354894,1.763697587,1.760578255,1.892486869,1.832748633,1.451122606,1.422451814,1.706260727,1.694623438,1.915193207,1.913923156,1.911867022,1.919611565,1.665394473,1.652756009,1.587291008,1.562066305,1.727964166,1.729026214,1.729302194,1.95010177,1.652010558,1.926166599,1.823051648,1.898521432,1.598081759,1.737440275,1.471023088,1.33237776,1.799519207,1.741794957,1.527729017,1.418416182,1.791583149,1.845992397,1.972233483,1.822600505,1.901356089,1.810881039,1.646960265,1.464496529,1.878412454,1.778560823,1.944915269,1.946833437,1.932892002,1.942515783,1.792861173,1.832874228,1.825833333,1.830613915,1.92440039,1.748468012,1.856709713,1.739077457,1.792799275,1.956082855,1.925092084,1.680659581,1.769654608,1.777934736,1.750456258,1.775376523,1.785439433,1.547056177,1.688145818,1.919459356,1.460779699,1.593858774,0,1.137094772,1.622495227,1.632360855,1.953205391,1.747429524,1.751177156,1.896395229,1.96191138,1.800002739,1.768923549,1.753498267,1.879603689,2,1.528531914,1.848441949,1.811957177,1.742777507,1.768614275,1.692723489,1.725471241,1.80146114,1.914269695,1.928923259,1.266404069,1.575137733,1.833955438,1.776891716,1.73537583,1.743702053,1.881984985,1.883892023,1.784594673,1.801777454,1.758654868,1.652899198,1.629377275,1.585472644,1.820785062,1.724231355,1.775055749,1.828646244,1.842628316,1.7116095,1.749017341,1.8249643,1.718587791,1.646306277,1.809700192,1.805431431,1.89490848,1.979645608,1.839608706,1.446737783,1.695601547,1.679051893,1.810790921,1.859433299,1.827631241,1.766078756,1.574980113,1.930592514,1.955410455,1.922948204,1.927508767,1.528628275,1.89772454,1.744073029,1.699374773,1.903940815,1.876791477,1.965970663,1.753679766,1.693476058,1.708078854,1.773832449,1.843547263,1.750049702,1.710257528,1.876736504,1.964797535,1.957430293,1.747934327,1.802334675,1.819088733,1.832408787,1.874238173,1.844953833,1.736802644,1.729332506,1.706594436,1.675975919,1.92746497,1.626199519,1.537002421,1.706156714,1.709651014,1.718451081,1.762383825,1.537420333,1.462965252,1.758823757,1.936717232,1.532938589,1.492824143,1.765293121,1.873909715,1.915507753,1.733803188,1.72934609,1.507280932,1.49906074,1.836391883,1.79627286,1.498106528,1.568097272,1.695904856,1.734506265,1.901331129,1.833004405,1.926019578,1.944332453,1.928502463,1.873680655,1.851904758,1.723507284,1.762234715,1.747479183,1.682444171,1.706357164,1.476737179,1.365882002,1.714364328,1.718824073,1.894876776,1.926533685,1.910442702,1.962232805,1.918667861,1.924217729,1.799467351,1.798663107,1.749017555,1.683234187,1.919763128,1.937215768,1.910642748,1.913137008,1.872426309,1.641630082,1.766719141,1.712312363,1.47801802,1.691440551,1.930273311,1.953077719,1.770647934,1.525542423,2,1.746113662,1.978417578,1.970858826,1.783451775,1.782369179,1.608150077,1.565182809,1.76148085,1.700929407,1.894358167,1.681411322,1.657926344,1.751222754,1.837871524,1.818776946,1.961660728,1.966513657,1.431474446,1.7500882,1.951536515,1.943327832,1.869082433,1.82440454,1.953852251,1.944388465,1.839269309,1.820021685,1.897631611,1.865632701,1.869886749,1.71027313,1.657762121,1.946033372,1.896154543,1.715186988,1.67540814,1.925033991,1.96410686,1.816412601,1.919633056,1.946707091,1.96188883,1.872524646,1.956772878,1.692122918,1.829792267,1.712885994,1.852373947,1.894739674,1.896143737,1.902160555,1.878386396,1.906954611,1.943909633,1.915726207,1.906605014,2,1.999946639,1.928538106,,
CD_055_V3,1.889931636,1.763602725,1.749184184,1.912112338,1.855253988,1.330529939,1.291158709,1.66379192,1.72215617,1.911071001,1.907954539,1.897884776,1.907285487,1.641371781,1.746265666,1.690358934,1.629136834,1.742746689,1.732906204,1.743580605,1.957430407,1.698840776,1.911379175,1.834397913,1.900056854,1.734240862,1.819991307,1.574721917,1.384155526,1.841753598,1.803882265,1.347873962,1.434282525,1.808022894,1.869192976,1.979035098,1.806967135,1.926129541,1.871441681,1.75968213,1.777712582,1.815721423,1.824148026,1.930059383,1.93996159,1.933687393,1.952917054,1.736504994,1.795868997,1.822871954,1.811830757,1.930034253,1.529344826,1.73567727,1.797154461,1.815531937,1.939841971,1.93408507,1.513931092,1.828609745,1.735671132,1.602962784,1.821609695,1.840938937,1.649082409,1.705402991,1.909157095,1.380141948,1.671210075,1.137094772,0,1.48043768,1.51512397,1.968796488,1.825108021,1.799710099,1.910352048,1.967712651,1.819291559,1.787437214,1.760405699,1.867430438,2,1.385253707,1.771131649,1.709361915,1.814153666,1.82750136,1.53670789,1.783255456,1.82627784,1.92606489,1.942413989,1.252792237,1.480095152,1.842779626,1.799472141,1.581322985,1.592449138,1.850439746,1.876451521,1.770917365,1.798575273,1.752237443,1.760366776,1.499483918,1.405394356,1.832076419,1.750125993,1.794004021,1.809029343,1.862163538,1.500896081,1.799144695,1.805265744,1.740320605,1.684715109,1.819609272,1.791340528,1.896405565,1.983735848,1.869531175,1.39004648,1.715479194,1.719601922,1.756075438,1.858649916,1.783487903,1.832909536,1.400902744,1.927672703,1.961203821,1.935501446,1.952925888,1.432478223,1.887498365,1.739036325,1.822911954,1.869313597,1.819715224,1.970168913,1.607812779,1.682606036,1.757619135,1.801502818,1.822266374,1.751443624,1.704112799,1.893880466,1.972395459,1.96794862,1.786357547,1.855732089,1.85284088,1.850381595,1.89804029,1.875056616,1.705155855,1.747281801,1.679851108,1.651095128,1.915706706,1.405970518,1.459640157,1.555396551,1.588741985,1.789586326,1.814922406,1.497784986,1.385742108,1.609663192,1.94517613,1.453931914,1.471075256,1.787327352,1.866851212,1.907194743,1.808380126,1.804313749,1.408504876,1.365552172,1.827738559,1.790763053,1.378591943,1.382403439,1.683443365,1.760386179,1.871698161,1.767596202,1.896484176,1.906251054,1.92912487,1.905090918,1.858846914,1.795355362,1.792426264,1.783178339,1.523343296,1.587561745,1.332964293,1.271445951,1.807073268,1.774652459,1.908605052,1.943522282,1.920762359,1.980614749,1.938936966,1.941687095,1.647514509,1.6416227,1.758898638,1.7002375,1.884017502,1.926282056,1.88301393,1.897926856,1.853872446,1.489722754,1.649100612,1.558457839,1.294030092,1.710147365,1.913060704,1.946848922,1.703140823,1.608121869,2,1.782143114,1.977126986,1.971071197,1.784796684,1.774539962,1.614037513,1.55333253,1.810895056,1.756942291,1.902412727,1.703595646,1.492703775,1.606154765,1.714002794,1.717163434,1.969189386,1.972220277,1.351279297,1.600465823,1.926602348,1.932070436,1.896547213,1.855442709,1.95452693,1.949945217,1.851095052,1.854997426,1.868928145,1.876167972,1.820115464,1.552640521,1.4933414,1.937016255,1.869328724,1.555021594,1.526645013,1.751711326,1.816824903,1.820747395,1.903771368,1.950483622,1.945778223,1.858673452,1.9514696,1.550506062,1.798251734,1.591056356,1.873193122,1.846022205,1.876151715,1.902443901,1.897153252,1.92924477,1.953670897,1.889216033,1.884966376,2,1.998077154,1.909444449,,
CD_056_V1,1.937259789,1.922113323,1.905456963,1.955841068,1.956822765,1.416688774,1.177937662,1.969163441,1.965826895,1.9649173,1.950928201,1.945184075,1.937460428,1.955308334,1.914851134,1.949495476,1.966199184,1.88061834,1.923215518,1.930079101,1.933840472,1.883113784,1.574158703,1.861254405,1.888375533,1.969849718,1.97162406,1.814096404,1.628129392,1.891129504,1.853962399,1.318477424,1.548422802,1.94796409,1.950911629,1.98711976,1.958146856,1.781643311,1.810885569,1.889658922,1.698473553,1.925517609,1.915867355,1.960233334,1.962181543,1.951878858,1.970291197,1.618256411,1.663418866,1.822870594,1.845061682,1.778331498,1.383530037,1.595029036,1.908914784,1.952879336,1.972785316,1.942432068,1.114272715,1.950392163,1.614033442,1.150885137,1.958816406,1.962132066,1.891109121,1.843163432,1.928298292,1.469243467,1.916866622,1.622495227,1.48043768,0,1.04701457,1.974103502,1.960382114,1.966564508,1.962415111,1.983143614,1.928621962,1.937293377,1.845903896,1.857175988,2,1.173616565,1.548201777,1.399175879,1.917822647,1.865677969,1.120829225,1.909079215,1.930450528,1.851908716,1.903930518,1.609654292,1.744537972,1.961137199,1.95189009,1.158882795,1.155135223,1.902508983,1.952146568,1.826912383,1.794510652,1.859499094,1.9015893,1.24862393,1.081108703,1.953491394,1.933942933,1.903363748,1.906019901,1.914807918,1.223014076,1.960599969,1.969580891,1.894650692,1.908495008,1.85190029,1.913235225,1.908553864,1.990788852,1.73107757,1.48869629,1.905274801,1.860489064,1.750929636,1.800104015,1.932303803,1.926337589,1.074090244,1.938664356,1.923341517,1.952162704,1.965921436,1.442259567,1.870595889,1.927351441,1.857722263,1.894170273,1.824259683,1.97953312,1.151315917,1.933944491,1.907889242,1.917884207,1.920993172,1.927594966,1.605942759,1.858148066,1.81992568,1.801877774,1.884917135,1.862820029,1.884854521,1.911628395,1.850510404,1.882027425,1.921632099,1.938606113,1.915129697,1.886404834,1.831663788,1.515982905,1.677741936,1.175131852,1.299850014,1.920442851,1.944502339,1.481026575,1.320104623,1.341778245,1.938814224,1.426045492,1.506766344,1.878329486,1.882925854,1.92045667,1.921145059,1.9129704,1.400933863,1.302624175,1.925136628,1.910978877,1.382275814,1.106820554,1.934060883,1.957692697,1.897358387,1.718548425,1.924814705,1.9108542,1.956414022,1.96713727,1.925653333,1.92046305,1.883978535,1.894840586,1.141422159,1.45841031,1.947243873,1.911598278,1.957726203,1.946370345,1.955372623,1.97063406,1.91302522,1.923644733,1.929845273,1.950657219,1.591283976,1.627577231,1.802537501,1.876490217,1.918129344,1.886376534,1.937590293,1.923547152,1.770235693,1.223946383,1.376930595,1.159189521,1.222812459,1.931074044,1.93534312,1.951375213,1.58156028,1.675434635,2,1.929741073,1.965894606,1.958142273,1.828527332,1.848750345,1.824472396,1.649653573,1.895378391,1.921192465,1.96888083,1.904666159,1.130353566,1.151374281,1.950449988,1.969430249,1.918014514,1.943867423,1.541479488,1.268138587,1.931471968,1.957710427,1.989882291,1.976853037,1.808676683,1.813025607,1.900254649,1.929318734,1.916371743,1.900939604,1.779209979,1.149396369,1.10144012,1.919828495,1.871051387,1.110372872,1.183151815,1.98945382,1.995771715,1.877947981,1.947851118,1.816174035,1.900814703,1.863862505,1.930967504,1.278770408,1.740424573,1.411623849,1.838364131,1.88805619,1.914048981,1.939810813,1.915784667,1.806318681,1.913027041,1.885915938,1.8313616,2,1.998993261,1.942013333,,
CD_056_V3,1.944752757,1.953100727,1.944378776,1.958287686,1.934535434,1.441218409,1.21439584,1.969404213,1.966890631,1.971339973,1.960731924,1.956813674,1.955779055,1.966149762,1.957263465,1.960037793,1.97076765,1.894597486,1.93059545,1.921985399,1.929121688,1.899910003,1.420947573,1.902651573,1.932862687,1.977947788,1.975944536,1.799829574,1.633383187,1.931916611,1.916596663,1.35426838,1.553058666,1.929257845,1.938797345,1.988038528,1.959454455,1.897993685,1.900927423,1.887221939,1.593970172,1.95356624,1.954327582,1.971946173,1.973090286,1.970476223,1.982170317,1.641981568,1.679453112,1.854826851,1.843031282,1.894356759,1.41420577,1.612649453,1.932562971,1.952028842,1.978070889,1.953312759,1.146419882,1.956958709,1.675420565,1.181892331,1.952278958,1.958598357,1.925152276,1.90550063,1.957789162,1.512024988,1.938295927,1.632360855,1.51512397,1.04701457,0,1.97476933,1.959135626,1.968676972,1.970415376,1.983543053,1.896206499,1.907350307,1.91011587,1.93966125,2,1.223223315,1.565618823,1.424764811,1.942582873,1.94606893,1.162136666,1.935812844,1.945025566,1.92931082,1.943542414,1.603571103,1.739204165,1.958819888,1.940527784,1.191546221,1.186249667,1.916348895,1.959096067,1.882683819,1.884583124,1.913250868,1.938845936,1.295819397,1.12236296,1.939079325,1.932265052,1.929608192,1.935431895,1.950475124,1.257734807,1.953272204,1.967278425,1.921707486,1.917488919,1.918060162,1.934779829,1.945971718,1.993398077,1.847347207,1.533472974,1.922543318,1.9022521,1.775902101,1.889918979,1.944245328,1.939962616,1.107786124,1.964867809,1.962076693,1.951689454,1.962260561,1.492139901,1.881635518,1.924142031,1.904337693,1.936997999,1.909750723,1.960329951,1.18214707,1.930223817,1.943935629,1.915539706,1.953156554,1.945683102,1.651732544,1.885666313,1.918514122,1.900952153,1.89329979,1.905551497,1.939827076,1.953088935,1.900268959,1.910191108,1.901377411,1.924069903,1.93201718,1.919676474,1.904252916,1.547538369,1.698745341,1.211931131,1.338546764,1.926280586,1.951322949,1.535227455,1.399248915,1.379503527,1.941644556,1.488118136,1.584998382,1.921095435,1.94104307,1.95850015,1.957995237,1.958124207,1.416685082,1.301637867,1.944737656,1.937651914,1.431723666,1.152811381,1.930064397,1.969987696,1.90353975,1.739280658,1.948603971,1.942989305,1.971288725,1.977863864,1.956549752,1.943260943,1.945825645,1.929491336,1.14024142,1.486784926,1.955132933,1.924516512,1.950271033,1.948412673,1.945114895,1.967808076,1.923802641,1.958902961,1.967548951,1.975318288,1.618860613,1.646227791,1.906167815,1.927011005,1.953954145,1.943418497,1.963806708,1.957648029,1.808021518,1.285418842,1.411655474,1.195154983,1.267806026,1.929488265,1.952882856,1.967035119,1.600754657,1.657214728,2,1.944142001,1.984609286,1.981368757,1.899708626,1.902262419,1.851438327,1.68363366,1.930927728,1.937302938,1.956279548,1.923707419,1.172698201,1.183948035,1.950376181,1.957562578,1.95954731,1.967652675,1.56901149,1.285452666,1.94638576,1.952649551,1.992273114,1.983825805,1.897228278,1.899516723,1.945048291,1.963578108,1.940009175,1.936461091,1.79819435,1.18683051,1.150284092,1.960183552,1.934267882,1.142166217,1.221507449,1.988431907,1.995959352,1.923328929,1.939181947,1.918416345,1.954696913,1.8936186,1.95336848,1.33716429,1.812025647,1.467374549,1.869783458,1.918491484,1.928389546,1.960771653,1.95151678,1.909242888,1.958555951,1.932875367,1.911461837,2,1.999762055,1.955081963,,
CD_057_V1,1.514106186,1.953615744,1.940856005,1.965748453,1.958918288,1.913881548,1.9442624,1.949788463,1.942978854,1.269958131,1.283711207,1.158177105,1.271682841,1.897714201,1.927808125,1.9142013,1.899682565,1.886012492,1.83063726,1.878916677,1.085549902,1.907882754,1.958873361,1.928269081,1.94450488,1.869313884,1.860138749,1.967231975,1.9658168,1.870350022,1.898551529,1.984394604,1.983033295,1.829819727,1.886795104,1.937846762,1.776795417,1.844000757,1.813428782,1.864728528,1.916906388,1.920586133,1.905337182,1.065674367,1.072090209,1.642852989,1.800605193,1.12970987,1.097224369,1.808609806,1.835087568,1.625409767,1.400923886,1.135495232,1.882218422,1.879335468,1.116464472,1.117051302,1.996353461,1.964067972,1.174703369,1.581095026,1.940983397,1.939623249,1.885731139,1.891863993,1.112989465,1.895312219,1.845405638,1.953205391,1.968796488,1.974103502,1.97476933,0,1.8904985,1.937420507,1.33371618,1.576004648,1.854063721,1.874493783,1.918285654,1.942165171,1.29851123,1.947973068,1.121259742,1.178749339,1.939928646,1.932630899,1.470385128,1.880362813,1.91151337,1.260262336,1.09869867,1.965749886,1.996401541,1.955461145,1.931683835,1.591579698,1.562112085,1.308438612,1.279942961,1.883589743,1.842867934,1.893857606,1.819848638,1.2935649,1.945427828,1.898680425,1.918332403,1.876660488,1.94584231,1.898568723,1.383768674,1.884035618,1.947481177,1.907277813,1.923850333,1.903412211,1.942405417,1.134305441,1.351210635,1.871669819,1.915625961,1.907538689,1.867851457,1.140603346,1.86855473,1.879209235,1.896103311,1.940348292,1.264500856,1.498423211,1.478705792,1.12077457,1.906390565,1.879482378,1.938571546,1.83609442,1.183687153,1.324111967,1.359640116,1.627402488,1.869180754,1.871325647,1.947078339,1.939188189,1.941867079,1.182339192,1.091355768,1.576585863,1.456754957,1.866762392,1.892107868,1.833811014,1.825385562,1.947832476,1.912409574,1.946690025,1.933705571,1.834596168,1.801716784,1.230485184,1.972238365,1.944370493,1.359019136,1.214251599,1.875943047,1.85503218,1.918707749,1.901081157,1.406323106,1.116046447,1.963478634,1.931496166,1.851312578,1.282433712,1.163761172,1.835629317,1.848564926,1.921418765,1.9349597,1.946956789,1.921189772,1.922712094,1.966031839,1.869658027,1.923898504,1.193329755,1.143363086,1.135307332,1.122107772,1.069596032,1.113149537,1.895103825,1.861531101,1.903619533,1.905016706,1.371195871,1.205339111,1.966766802,1.926098755,1.835496323,1.875537846,1.121682493,1.111924094,1.088599047,1.524676351,1.250971854,1.134392466,1.209644526,1.291015759,1.827979563,1.809589239,1.17364902,1.146191388,1.155912918,1.151261972,1.118933444,1.285035851,1.166784081,1.395272074,1.962560023,1.963637827,1.110252469,1.093676316,1.232784212,1.41626106,1.29851123,1.891811931,1.185580044,1.167919349,1.784783004,1.772519014,1.906833486,1.937812067,1.833061104,1.849090067,1.533365445,1.798552247,1.429427654,1.593076974,1.93397781,1.930921159,1.289797346,1.093240183,1.967731474,1.257889627,1.101868026,1.080601213,1.167192128,1.199452334,1.240251636,1.327251306,1.258342513,1.245117203,1.216804254,1.245060567,1.119648334,1.425521455,1.490743646,1.101222457,1.247280314,1.817263751,1.310443137,1.282328179,1.453607631,1.290741459,1.114990902,1.190581246,1.188050981,1.28697225,1.403345341,1.216950777,1.238390657,1.187152961,1.148145752,1.395059975,1.206989672,1.108979876,1.14468443,1.336808276,1.181338584,1.146859505,1.270510327,1.29851123,1.416641117,1.952251532,,
CD_060_V1,1.689985856,1.807642675,1.783710296,1.675205704,1.634099644,1.726089064,1.81470815,1.57308324,1.57648798,1.729516304,1.717404846,1.853443633,1.85425637,1.696500716,1.647264826,1.610453546,1.574213311,1.750279642,1.716441446,1.45861766,1.937499925,1.684103185,1.893972573,1.774227959,1.86843382,1.655007269,1.591244117,1.822777964,1.868428728,1.496576277,1.657861726,1.902616274,1.879099518,1.72281264,1.775892454,1.828555435,1.596537774,1.919573654,1.841955914,1.819057232,1.903495106,1.627341345,1.479812691,1.942095843,1.937571942,1.69930247,1.713028157,1.959359347,1.887148574,1.789789681,1.668662074,1.938296094,1.992439398,1.989307194,1.571713867,1.466454834,1.852191049,1.729958686,1.977846681,1.628971969,1.848306501,1.988285123,1.668696147,1.606503873,1.564922503,1.528184859,1.903782802,1.673272126,1.6458834,1.747429524,1.825108021,1.960382114,1.959135626,1.8904985,0,1.459567346,1.886166659,1.923982979,1.754121321,1.592448878,1.801695083,1.867206309,2,1.886315459,1.985560262,1.993077933,1.726720015,1.804814064,1.968899757,1.664049326,1.687464982,1.905502482,1.939216413,1.833374602,1.985594466,1.63793096,1.588157449,1.989828841,1.991895326,1.798344945,1.5772407,1.667432721,1.685435912,1.726933109,1.727714705,1.842841182,1.929985486,1.690344987,1.446132046,1.453900373,1.816931301,1.534905992,1.951657621,1.597535314,1.636042693,1.414678801,1.530683361,1.708094999,1.701547118,1.836805737,1.921554696,1.822147293,1.691075949,1.605675045,1.596579478,1.641743674,1.788784718,1.712197376,1.550781131,1.87546588,1.894756703,1.931646757,1.733729011,1.920122443,1.522535037,1.52871281,1.586514631,1.80087714,1.763897321,1.725985027,1.917779016,1.988659111,1.810615035,1.79473907,1.649227978,1.818931098,1.679471273,1.867420446,1.916561151,1.977267421,1.975070297,1.811612291,1.843560247,1.739153038,1.711973728,1.701831924,1.77824606,1.640946406,1.609738198,1.383485809,1.547081555,1.858565095,1.887792824,1.710851802,1.98039312,1.959199701,1.589483104,1.635746731,1.725594086,1.821007274,1.979699359,1.960154135,1.757288415,1.683310692,1.776147118,1.829077953,1.897178201,1.527487527,1.526470162,1.644894132,1.745140568,1.858342197,1.778423481,1.710104175,1.904795261,1.812148455,1.643322852,1.942337872,1.951042453,1.894291408,1.904894379,1.852380098,1.79122578,1.862003383,1.789136719,1.470473692,1.412158781,1.961426504,1.891375159,1.940344339,1.671534981,1.495182229,1.635643994,1.886457998,1.884095192,1.882924795,1.908171727,1.803436675,1.909551558,1.974230826,1.982548654,1.772825899,1.745600892,1.87778001,1.856513301,1.894871912,1.852504021,1.919116452,1.915606058,1.86949232,1.959713203,1.876029043,1.67069692,1.867642982,1.933499338,1.964110609,1.880064575,2,1.553191117,1.955351006,1.881653183,1.76591569,1.754462277,1.610491953,1.699544963,1.453978145,1.444462366,1.861590124,1.706741017,1.935048191,1.990132329,1.822557498,1.839308711,1.947421171,1.923761645,1.808673257,1.970292034,1.92519011,1.916014631,1.922863766,1.780149635,1.933625097,1.914438918,1.674329886,1.657808553,1.801574326,1.782349462,1.936621175,1.984120418,1.930937223,1.837523502,1.810180251,1.96395445,1.953744471,1.947524085,1.996975915,1.76720566,1.881324391,1.960851792,1.93677638,1.781001355,1.911850189,1.904473964,1.812784199,1.880205431,1.866086895,1.875918904,1.894499986,1.830514862,1.829610445,1.871678538,1.837611446,1.894314116,1.918891727,2,1.999322204,1.73623599,,
CD_060_V3,1.912041219,1.590126732,1.641898593,1.86793449,1.654673559,1.857189084,1.901890187,1.678994751,1.352974992,1.929126794,1.922114588,1.932403466,1.924095839,1.581405463,1.493545321,1.695878522,1.63767058,1.849714177,1.831218244,1.660991318,1.946031031,1.61166646,1.887475339,1.715125042,1.809546876,1.78579298,1.709738094,1.82126818,1.736648832,1.867471924,1.838119871,1.958155602,1.912693514,1.904397933,1.926539665,1.746320883,1.694368441,1.913799548,1.857158304,1.849963307,1.87617441,1.640333205,1.464291394,1.933509092,1.927855252,1.926097736,1.904627122,1.963883863,1.971785481,1.587519838,1.526122601,1.932751524,1.993368546,1.994150979,1.789517224,1.789971609,1.917500203,1.904898851,1.966816062,1.69375487,1.873033949,1.990842341,1.291611195,1.399456469,1.597452129,1.656002064,1.947459473,1.762094045,1.590320542,1.751177156,1.799710099,1.966564508,1.968676972,1.937420507,1.459567346,0,1.945747295,1.96749567,1.811340421,1.703502154,1.667896774,1.806954307,2,1.91176631,1.9903761,1.99692116,1.590720093,1.607913003,1.978416619,1.491348898,1.473498794,1.932864425,1.956196269,1.883460113,1.984381585,1.410656268,1.351045979,1.995380355,1.996954933,1.905990943,1.890755174,1.716227066,1.685304237,1.499378718,1.515572363,1.9369048,1.938461187,1.345760922,1.578561561,1.655791329,1.629880354,1.83198221,1.984213812,1.633619003,1.405672134,1.656055368,1.423368469,1.514428874,1.354117072,1.86919433,1.929703961,1.793317863,1.535495173,1.573299804,1.654207489,1.862963421,1.900661979,1.672646745,1.611012041,1.891821498,1.913611279,1.947345068,1.951080346,1.939201008,1.691714938,1.862897328,1.538066987,1.870787591,1.906849614,1.889871945,1.926534252,1.991831099,1.534659158,1.746624345,1.711713996,1.648759265,1.465143844,1.897852952,1.923786037,1.960537078,1.956687137,1.860000503,1.835919047,1.68565385,1.597805254,1.909857204,1.92126676,1.603514139,1.386074145,1.822893698,1.84875497,1.834637827,1.849825812,1.413025701,1.980224322,1.949350779,1.456294107,1.591443082,1.629244756,1.694588018,1.988253472,1.966738103,1.518333927,1.658510871,1.806718419,1.880425892,1.905238705,1.398194971,1.532664449,1.701134251,1.785724013,1.303749092,1.291562043,1.75720238,1.891112939,1.533039911,1.559812334,1.922286271,1.94193136,1.940948257,1.960913407,1.914338316,1.807985396,1.751180206,1.685242876,1.432301188,1.44753474,1.978316448,1.932208221,1.865427739,1.847142201,1.632671857,1.731210722,1.932868769,1.945912431,1.935778487,1.964178306,1.93085699,1.91749923,1.983837141,1.989955514,1.664572226,1.362048817,1.885136497,1.893930848,1.919757661,1.901101809,1.924362635,1.899558444,1.954955797,1.983475447,1.913894979,1.682878969,1.928718802,1.955617136,1.958967196,1.884030685,2,1.424487097,1.958895229,1.947917328,1.853072084,1.841404246,1.240163267,1.730788303,1.73692363,1.625354818,1.858238101,1.795483994,1.977694,1.99282589,1.85275348,1.640986586,1.954350816,1.914488787,1.582125403,1.991065531,1.970255909,1.93284631,1.847258454,1.660437375,1.917744016,1.899115823,1.547747248,1.545189025,1.921818123,1.910845032,1.966667641,1.981334598,1.970390141,1.924671052,1.906734428,1.988174194,1.957524683,1.976332001,1.99799511,1.88624075,1.907461647,1.964177296,1.974274592,1.852504091,1.941014046,1.95964849,1.905489716,1.969074738,1.948711728,1.942422055,1.934753108,1.805503331,1.852129598,1.911478895,1.7301117,1.939770807,1.921453176,2,2,1.954398369,,
CD_061_V1,1.604305992,1.884886495,1.841720611,1.889573956,1.866876688,1.8914897,1.901425488,1.83658511,1.799723862,1.467684675,1.444658718,1.30444573,1.419308403,1.832037305,1.890128631,1.730946963,1.799590832,1.668991429,1.753289125,1.768006726,1.290006024,1.888977841,1.881934497,1.842339019,1.895467679,1.895593979,1.921060186,1.94843675,1.94971079,1.791019676,1.769651524,1.934688621,1.964112907,1.732868431,1.798717502,1.948873938,1.761094993,1.860745001,1.831470816,1.890048085,1.921863998,1.790624523,1.884618427,1.262833801,1.269482046,1.662139592,1.757042251,1.325702885,1.309177892,1.891166209,1.890814911,1.719586537,1.565972528,1.356319013,1.801667178,1.858444697,1.291974838,1.29599819,1.98391441,1.94567304,1.31852177,1.732138874,1.894671298,1.903223684,1.828473881,1.835839455,1.263021875,1.892449629,1.905715484,1.896395229,1.910352048,1.962415111,1.970415376,1.33371618,1.886166659,1.945747295,0,1.121164597,1.776292997,1.767745303,1.724001281,1.865801621,1.556217716,1.934360833,1.341366297,1.401635838,1.795248424,1.879472957,1.617066378,1.75621491,1.817286528,1.411323999,1.283714933,1.915120594,1.960886377,1.831550833,1.798685731,1.722333788,1.704143547,1.359967787,1.391589826,1.746566929,1.797894531,1.742689382,1.811490848,1.417354391,1.921979746,1.943349614,1.869950954,1.889791478,1.874990908,1.897094509,1.520227593,1.824722532,1.883798999,1.758824147,1.737719614,1.912734439,1.867190062,1.268297341,1.551227954,1.82216248,1.856679987,1.749915775,1.68806567,1.353223977,1.804650194,1.754438106,1.92044791,1.925962419,1.407750964,1.644635726,1.564438647,1.290237548,1.887975634,1.968050693,1.756835013,1.659822215,1.27754649,1.336673304,1.529135681,1.754323415,1.871937423,1.828781983,1.767741563,1.828448554,1.775353261,1.354150748,1.304397817,1.732597216,1.634049497,1.727063458,1.804329579,1.887621271,1.904224551,1.889226285,1.849189084,1.753832809,1.810013885,1.818708348,1.812819566,1.361195131,1.892016647,1.824457677,1.539229578,1.398749992,1.91613648,1.870610518,1.862417996,1.862694987,1.569250984,1.32524018,1.813161488,1.798938848,1.681569583,1.412550095,1.333372688,1.91309257,1.873426553,1.825449502,1.728998108,1.820727065,1.843963767,1.765143496,1.878872601,1.872824849,1.828340626,1.358918888,1.318595751,1.284292635,1.292260414,1.287996328,1.319232476,1.844068668,1.87032202,1.858368947,1.841888175,1.529824339,1.313738282,1.917817908,1.810229548,1.832974054,1.794612558,1.281839609,1.285869618,1.259256479,1.654933959,1.381961159,1.280674519,1.373621267,1.449832528,1.819103038,1.819653276,1.359542709,1.348810083,1.283022354,1.277802796,1.268647857,1.407197309,1.321866989,1.554088352,1.896209095,1.878493793,1.274749557,1.274149123,1.400799563,1.516405454,1.556217716,1.833964341,1.380194205,1.357114449,1.758466443,1.754147246,1.903095439,1.871976321,1.818103501,1.803014497,1.903620645,1.75756033,1.582472799,1.732640956,1.836478451,1.883899134,1.475787936,1.388339441,1.896872306,1.435136814,1.285880728,1.269394619,1.359902732,1.362703154,1.549191084,1.688436276,1.368394262,1.376108965,1.319449734,1.347333227,1.283243404,1.58433115,1.625696874,1.316023036,1.35978197,1.876340147,1.487231283,1.445066375,1.645845654,1.345866642,1.276672898,1.356389056,1.348730845,1.530864593,1.627528063,1.361486402,1.348051902,1.320087265,1.329835565,1.440885502,1.331222634,1.269336696,1.296417215,1.48259558,1.387268787,1.303556367,1.412073047,1.556217716,1.601469158,1.887953894,,
CD_061_V3,1.797223627,1.960521814,1.945914841,1.935154518,1.926979353,1.944442542,1.944039008,1.928366829,1.902039217,1.718122863,1.695574657,1.591183644,1.676763539,1.931383227,1.965123615,1.874458654,1.909789905,1.843470999,1.901839861,1.904040375,1.536023289,1.961393307,1.945846374,1.931606934,1.953689102,1.956884973,1.958932099,1.978861421,1.980033251,1.893314697,1.889343986,1.965672694,1.982955631,1.870319334,1.900446092,1.948633942,1.880853178,1.92184641,1.918559584,1.964830278,1.967345612,1.920610106,1.957573563,1.518323724,1.524121152,1.812197108,1.846238905,1.568944095,1.542565838,1.96541629,1.960729939,1.840272133,1.724493304,1.558442113,1.903357863,1.933708066,1.549973457,1.577102049,1.985918713,1.976369207,1.610802682,1.817321268,1.948861152,1.959634011,1.940646513,1.939859151,1.532724327,1.960826336,1.971748649,1.96191138,1.967712651,1.983143614,1.983543053,1.576004648,1.923982979,1.96749567,1.121164597,0,1.90661778,1.919443106,1.865537003,1.939177477,1.650696261,1.971757304,1.552858527,1.589518683,1.900943139,1.958384691,1.752397808,1.893655918,1.911784165,1.661359881,1.557931149,1.966054287,1.977566728,1.918255527,1.899824113,1.816917494,1.799681525,1.641823276,1.677032845,1.899838627,1.927945408,1.890127082,1.927625245,1.65544455,1.96491404,1.981697305,1.930348491,1.968470306,1.957038392,1.963934252,1.706630347,1.931810679,1.956868802,1.884308824,1.86658587,1.964478081,1.934072228,1.566643635,1.721966494,1.91699865,1.939528976,1.911435499,1.870771407,1.631518791,1.919414917,1.898046731,1.979078538,1.969903438,1.65703266,1.786057722,1.737759441,1.506031727,1.953336023,1.982598243,1.896916793,1.821553358,1.578294422,1.631543136,1.71662102,1.8293314,1.951191796,1.937631697,1.904518094,1.919422029,1.90102967,1.653588985,1.585238413,1.829434223,1.766628897,1.874738525,1.906773439,1.968242259,1.975067462,1.950911627,1.945814651,1.888596613,1.910237715,1.932896596,1.935582184,1.621900127,1.944052726,1.926641036,1.704971788,1.626808892,1.960567723,1.946371298,1.95008906,1.958021901,1.719590193,1.538159016,1.913801493,1.912805699,1.836547345,1.686128884,1.615622661,1.965192883,1.947767225,1.921055432,1.872166946,1.910708227,1.929597381,1.885591622,1.931801218,1.951747177,1.933376739,1.595066732,1.576835478,1.582961474,1.561277705,1.572098427,1.591813462,1.920473566,1.95647828,1.933833953,1.926290758,1.710169028,1.598876922,1.953373964,1.918012854,1.934933362,1.921469085,1.554768689,1.555653114,1.536571664,1.799348574,1.666319205,1.576752077,1.617398955,1.665209921,1.928242304,1.930400308,1.637611353,1.608447395,1.586119778,1.590946091,1.548407453,1.649519335,1.520410212,1.694277007,1.947681884,1.959220289,1.557271333,1.524180156,1.639512548,1.7507433,1.650696261,1.939526226,1.598787687,1.591011515,1.900947514,1.892616997,1.96573757,1.951185532,1.924174163,1.909035384,1.958528476,1.907732504,1.752875445,1.81537152,1.933325507,1.948851216,1.690622318,1.626388502,1.952613473,1.630427952,1.540115643,1.535419214,1.605813576,1.628980712,1.739990022,1.840775735,1.648180027,1.657905114,1.622392236,1.653302089,1.560548735,1.732116999,1.776710212,1.561989652,1.629921803,1.922636182,1.678812835,1.663099998,1.751379428,1.661141637,1.564005381,1.590402822,1.590862186,1.772310288,1.798634972,1.608854182,1.636505313,1.601154069,1.583219688,1.703232946,1.619656553,1.561434657,1.605905907,1.690432725,1.607677002,1.579254198,1.651760636,1.650696261,1.73988153,1.94813836,,
CD_062_V1,1.554721087,1.645374354,1.662027498,1.654218836,1.540241602,1.780123315,1.782423832,1.554063914,1.581423127,1.644134692,1.650820236,1.764708926,1.817951723,1.686548732,1.76481704,1.629290406,1.657201077,1.281399592,1.431909337,1.607187713,1.852159386,1.74363801,1.672487315,1.514675672,1.69680449,1.794475499,1.830662746,1.918623526,1.92134859,1.665246433,1.578835777,1.888877847,1.905416946,1.48578442,1.593954542,1.840961121,1.413105202,1.851334974,1.65790664,1.653316511,1.83986629,1.550226568,1.688848302,1.860966078,1.84367665,1.662817744,1.706615607,1.956537318,1.937431805,1.678793333,1.726868882,1.911348389,1.977061537,1.963516311,1.534673829,1.685066119,1.86600034,1.754985628,1.959590555,1.813319997,1.783153662,1.977170376,1.666792808,1.699211542,1.567632038,1.657348188,1.783827101,1.675551167,1.76900139,1.800002739,1.819291559,1.928621962,1.896206499,1.854063721,1.754121321,1.811340421,1.776292997,1.90661778,0,1.358392935,1.443849974,1.751839323,2,1.76659509,1.964444833,1.974521374,1.521860612,1.805783021,1.935441152,1.602623887,1.648216961,1.847203491,1.841772727,1.767886633,1.962123086,1.723390521,1.509235639,1.965430337,1.966594242,1.64041677,1.653366238,1.428173792,1.655308938,1.49645756,1.644701372,1.841640678,1.812637192,1.896799101,1.583416362,1.557829901,1.57694975,1.754200138,1.84360071,1.529244762,1.600482564,1.48649171,1.477697333,1.8137002,1.670228358,1.773188015,1.94682828,1.688978249,1.643448073,1.518318959,1.538356709,1.810226463,1.558088035,1.428792019,1.770481604,1.866100539,1.813505161,1.920668927,1.605044396,1.792675475,1.838509969,1.963736012,1.386132605,1.603439692,1.669765379,1.551953961,1.943641976,1.965751218,1.760435042,1.628761647,1.525892745,1.676695204,1.569844081,1.858432104,1.892470961,1.94969235,1.9007564,1.297601992,1.543865673,1.661677981,1.74467143,1.638014716,1.469817887,1.329562708,1.318947774,1.54562272,1.528328115,1.79328265,1.768819574,1.608225412,1.960485254,1.953477656,1.74952889,1.576986083,1.665423949,1.784735637,1.954473672,1.911757328,1.648330235,1.672890675,1.640940114,1.689232218,1.823935948,1.75323734,1.781225206,1.615163145,1.616025812,1.667069437,1.638362554,1.368810823,1.746796226,1.761971487,1.663774159,1.941325046,1.934654602,1.741790823,1.750069755,1.777396814,1.834841636,1.771128534,1.54070797,1.793324848,1.69944442,1.929760578,1.827158614,1.866601692,1.583341374,1.625944547,1.559503784,1.61128328,1.781624459,1.789254486,1.908626518,1.842953097,1.848224074,1.924289349,1.939814804,1.723449546,1.714384685,1.741232536,1.8063701,1.827213701,1.81151857,1.76403409,1.893988774,1.841744923,1.894630242,1.683020129,1.60931895,1.761465884,1.877516713,1.951076774,1.901814858,2,1.550273169,1.944208676,1.931233741,1.509427984,1.477307062,1.699268686,1.553051823,1.450324422,1.550783203,1.596762724,1.340533228,1.929833913,1.981437129,1.619895089,1.732876536,1.955799387,1.842248542,1.734258842,1.878756235,1.792778779,1.831330729,1.89281729,1.862483037,1.85868892,1.757490622,1.77022075,1.808953501,1.638822992,1.673514312,1.880573709,1.953773732,1.922702363,1.908348928,1.730527327,1.976515368,1.965704342,1.912701627,1.988772715,1.54673541,1.764920489,1.852331508,1.891700544,1.728090086,1.843521247,1.861460195,1.845999232,1.868143039,1.94693018,1.62741241,1.769082201,1.904034656,1.835824149,1.957957711,1.937992705,1.73966914,1.82128813,2,2,1.648110986,,
CD_062_V3,1.430001801,1.737615455,1.741085997,1.54199048,1.546115356,1.769746194,1.832705544,1.496573902,1.499386216,1.547983201,1.525265523,1.714102894,1.771086093,1.616542241,1.680103932,1.463124546,1.565276117,1.416122272,1.30020178,1.563057461,1.874774414,1.754127698,1.661721487,1.682624525,1.798399003,1.697714759,1.69739737,1.890507184,1.91748465,1.78337564,1.744435097,1.877226098,1.901754351,1.477657326,1.612893351,1.803220538,1.316520742,1.904240409,1.748665477,1.782439351,1.878721389,1.38874136,1.646762257,1.870060304,1.858344307,1.530525407,1.570371629,1.963911828,1.94712879,1.715067213,1.732422478,1.916425805,1.976111077,1.963788211,1.521222727,1.650304778,1.831297069,1.797159243,1.977226939,1.843268239,1.810361152,1.977018098,1.619626166,1.598829093,1.587430926,1.658367942,1.765104894,1.667891576,1.75745357,1.768923549,1.787437214,1.937293377,1.907350307,1.874493783,1.592448878,1.703502154,1.767745303,1.919443106,1.358392935,0,1.570271993,1.798549647,2,1.829832418,1.955803455,1.970264801,1.668837956,1.790635202,1.94741897,1.583193886,1.640614251,1.865397796,1.873303276,1.850530533,1.974923918,1.646912549,1.546557038,1.969174555,1.966776313,1.588030547,1.668156643,1.434914135,1.618732321,1.474029743,1.728108952,1.87985445,1.851206367,1.844325239,1.436041335,1.452586467,1.625790118,1.757275743,1.808421431,1.671830047,1.649332399,1.432212539,1.381597048,1.715999434,1.584796461,1.742762148,1.904378191,1.755682529,1.72793687,1.422788629,1.42064751,1.810434981,1.549278651,1.303456711,1.778123034,1.880320611,1.745454914,1.891987508,1.581782947,1.837367665,1.774940888,1.960369359,1.326722411,1.635276355,1.622282707,1.513035877,1.922737651,1.968157135,1.680385648,1.580460173,1.473369294,1.688222641,1.565321093,1.768640497,1.82825509,1.990249073,1.980098348,1.490752685,1.720299336,1.736908467,1.716244837,1.677807437,1.723762848,1.335034135,1.425351653,1.516284747,1.496880373,1.752372118,1.838585401,1.597300444,1.957578261,1.964620833,1.701796802,1.57868939,1.729123835,1.793601091,1.948212346,1.926242452,1.636608028,1.602851442,1.587957748,1.688055506,1.842451921,1.682269682,1.618405552,1.609455455,1.622898122,1.742535254,1.659269683,1.45525532,1.784116628,1.681379766,1.604462816,1.937761745,1.924128228,1.700634315,1.695186714,1.725226684,1.764854373,1.747074461,1.688332936,1.677658331,1.653522991,1.924737758,1.808816232,1.900627381,1.651444389,1.528338123,1.458822098,1.789084295,1.842123532,1.830488445,1.897131658,1.787989513,1.796788825,1.928334387,1.939496665,1.72752847,1.719330928,1.819349265,1.831963364,1.785826609,1.748722975,1.862845574,1.90377284,1.789916969,1.904896447,1.8034496,1.675706127,1.75827505,1.885038832,1.95282027,1.885839629,2,1.491611196,1.937809477,1.922024161,1.493429685,1.372789019,1.572030686,1.445244758,1.541799166,1.577875182,1.69510409,1.350911597,1.956355508,1.986691354,1.574899032,1.705510596,1.945585167,1.860767733,1.789358736,1.878375979,1.77772738,1.835126233,1.937853452,1.830568562,1.924428784,1.887356798,1.713550517,1.719351767,1.544236045,1.617992576,1.857929228,1.973387705,1.931939657,1.904061388,1.708812993,1.973192208,1.961808428,1.937021115,1.990070043,1.56359716,1.760358369,1.889897017,1.905948633,1.745026492,1.863261081,1.870967425,1.814734694,1.845464862,1.941929486,1.604436475,1.761825114,1.880310516,1.833603923,1.963804451,1.891551381,1.688642344,1.790753973,2,1.999802197,1.49436746,,
CD_063_V1,1.752068262,1.497048656,1.472049365,1.734543988,1.592861353,1.646449785,1.740086748,1.625514658,1.436921385,1.745181808,1.782477272,1.675666881,1.722864234,1.509937902,1.687196801,1.482666182,1.602710208,1.179161225,1.345794632,1.539869203,1.861782062,1.559973419,1.640390112,1.270054088,1.337386464,1.763471129,1.793996141,1.821863652,1.808715188,1.265998029,1.131895947,1.855617074,1.887552306,1.411300005,1.491227018,1.91794575,1.454578857,1.416525032,1.335362306,1.760133656,1.847192085,1.521241702,1.546884261,1.808518939,1.835188643,1.757424134,1.818530012,1.953661055,1.933239061,1.204824229,1.284087659,1.450009905,1.969988899,1.95842013,1.407275502,1.62592527,1.794698229,1.747538223,1.957050878,1.786774151,1.662539527,1.961922737,1.592346982,1.659332763,1.369296515,1.436257252,1.617517637,1.620246959,1.574018733,1.753498267,1.760405699,1.845903896,1.91011587,1.918285654,1.801695083,1.667896774,1.724001281,1.865537003,1.443849974,1.570271993,0,1.144411557,2,1.681249471,1.947649188,1.970459441,1.395649803,1.417000397,1.84133055,1.286152584,1.412685239,1.47997845,1.632314517,1.741975886,1.945126434,1.585038936,1.473631477,1.955243715,1.953958613,1.612081372,1.708710285,1.270797345,1.287112262,1.185463149,1.361690874,1.731553713,1.781406962,1.675494852,1.551712395,1.573338062,1.465808545,1.619494954,1.817834339,1.520258882,1.560412475,1.363380644,1.325872474,1.433010285,1.454603557,1.597001946,1.975504507,1.331522691,1.423024101,1.356023322,1.295203509,1.758970794,1.336771869,1.343042745,1.700274859,1.768873639,1.687831052,1.756127925,1.780582538,1.769032075,1.616092628,1.90344923,1.336486723,1.329214515,1.503364326,1.437649934,1.926760561,1.946303621,1.534559866,1.457601218,1.407888195,1.3181721,1.269181661,1.738810512,1.78370668,1.583927219,1.54075701,1.248675202,1.350783498,1.439817978,1.425725744,1.519888999,1.452933017,1.355174112,1.384173785,1.414187476,1.360083269,1.528150534,1.707219709,1.472679158,1.945907467,1.932841963,1.785556118,1.620840806,1.640115359,1.699011485,1.954559812,1.925896762,1.473620089,1.505929845,1.285545577,1.400307113,1.570215462,1.379325378,1.415837753,1.590863702,1.51451193,1.349960751,1.353208455,1.371492366,1.724540196,1.534960469,1.51045535,1.939332304,1.914015286,1.598639065,1.635491305,1.812140823,1.826747602,1.610791407,1.520065485,1.474194063,1.400000622,1.836278094,1.703367203,1.800819931,1.511839853,1.639698929,1.482616597,1.694663308,1.829409141,1.790354357,1.914204397,1.80714968,1.825242113,1.888251678,1.923853521,1.247348266,1.410909555,1.614266562,1.600592898,1.711259991,1.632525599,1.714934285,1.801984138,1.869691823,1.906143086,1.723370885,1.678722448,1.623230165,1.745202962,1.927545403,1.797516506,2,1.439593191,1.906069132,1.885565256,1.315881358,1.243561331,1.546585593,1.572385498,1.293063883,1.464915775,1.747147979,1.275856636,1.896893104,1.944379163,1.541522762,1.587922655,1.771140575,1.839432156,1.630236942,1.88049271,1.728987285,1.77876526,1.945254292,1.85708793,1.567413175,1.61105489,1.685537232,1.740835409,1.521265304,1.528059684,1.803046659,1.912008411,1.849163827,1.711642671,1.439437686,1.949113777,1.948473404,1.900449683,1.989666851,1.364226436,1.698479594,1.672704434,1.681909141,1.539325733,1.76539419,1.775027467,1.657036589,1.763930541,1.877244703,1.390317125,1.60480918,1.793890532,1.778077034,1.539954014,1.762606495,1.52382243,1.457826667,2,2,1.791566569,,
CD_063_V3,1.858104315,1.546339615,1.524882906,1.72839107,1.687201096,1.809047477,1.872020995,1.744634024,1.713105651,1.674133856,1.83310483,1.770949608,1.7417147,1.699739726,1.807721668,1.71805872,1.695473971,1.510771498,1.594571599,1.596460594,1.920037986,1.726107631,1.786194828,1.351543566,1.265097217,1.850641762,1.887935397,1.919920199,1.91216481,1.346698231,1.193444165,1.933770396,1.944799722,1.506655972,1.438464392,1.920491663,1.654447013,1.451772018,1.404641314,1.824489074,1.914676025,1.725913659,1.660442155,1.86569961,1.885503851,1.755381991,1.763603324,1.97930475,1.968577741,1.200142292,1.326100821,1.513956379,1.985725897,1.981104313,1.543162671,1.601411525,1.899245692,1.848664182,1.978266616,1.865334814,1.671030961,1.971470535,1.677758337,1.600643021,1.635842323,1.659475979,1.705595798,1.753172255,1.619542306,1.879603689,1.867430438,1.857175988,1.93966125,1.942165171,1.867206309,1.806954307,1.865801621,1.939177477,1.751839323,1.798549647,1.144411557,0,2,1.694837056,1.975951627,1.986352835,1.631753822,1.465068872,1.881175448,1.495106572,1.619082443,1.468614355,1.737639052,1.903928506,1.976897999,1.799117998,1.739106646,1.978118798,1.97769649,1.755335849,1.716927551,1.484646867,1.422529243,1.392508511,1.570762518,1.779113865,1.857638933,1.831927486,1.734050093,1.534384179,1.586964434,1.63502266,1.888387573,1.749145219,1.776515313,1.637967344,1.652507992,1.577728484,1.66514061,1.703891835,1.966369059,1.477466085,1.625516072,1.590033088,1.531800147,1.801923322,1.530028109,1.637182355,1.716921289,1.793956641,1.745739142,1.751712048,1.797985693,1.923547582,1.791914289,1.937037653,1.60440491,1.518164874,1.696128889,1.684972852,1.939709517,1.965658229,1.736490139,1.599042563,1.570251237,1.357646496,1.44438892,1.719785055,1.830929963,1.620757421,1.59709079,1.577759897,1.55078574,1.361623003,1.319698467,1.616928281,1.461477297,1.635538034,1.70119314,1.614598112,1.545831402,1.617388828,1.862371504,1.76458193,1.971865662,1.96267706,1.855661664,1.777431369,1.800752803,1.81357274,1.974872475,1.954814799,1.742426729,1.760966765,1.554846026,1.455593286,1.650887789,1.379245006,1.469801087,1.752880696,1.733574184,1.520335996,1.581611646,1.594364472,1.83988357,1.737409511,1.687679743,1.964593311,1.94948923,1.739874121,1.757792665,1.758308753,1.751715805,1.779938091,1.738335123,1.443082924,1.476741359,1.863253824,1.807852146,1.892043771,1.754325957,1.773319924,1.699201979,1.803557916,1.846724077,1.838912417,1.922870725,1.888619822,1.884223649,1.940076124,1.965711559,1.268380791,1.628139091,1.700260757,1.642955346,1.79229439,1.749804289,1.850093833,1.897079072,1.936871349,1.956707728,1.873964667,1.8438424,1.716131183,1.7758852,1.966359374,1.875675523,2,1.672760629,1.928910609,1.921400015,1.574248707,1.513519612,1.71790481,1.743480539,1.339001643,1.631930704,1.79948705,1.483393149,1.890540251,1.952179533,1.756653554,1.792686924,1.769316826,1.766988429,1.843693778,1.9463479,1.755171947,1.788277203,1.963552395,1.893957398,1.593973973,1.650838002,1.782415296,1.770276485,1.64830081,1.600016926,1.878787097,1.942020757,1.863587927,1.776204363,1.475885143,1.96839058,1.961864298,1.943330998,1.992339217,1.587742665,1.722891519,1.77548056,1.825673765,1.558948487,1.729051359,1.863208421,1.729796872,1.867244735,1.876004249,1.559196848,1.652678034,1.845409219,1.747617664,1.574203324,1.792233238,1.627777371,1.579905861,2,1.999872129,1.868114432,,
CD_064_V1,1.734827212,2,2,2,2,2,2,2,2,1.590363057,1.561766601,1.420104008,1.532577339,2,2,2,2,2,2,2,1.256299678,2,2,2,2,2,2,2,2,2,2,2,2,2,2,2,2,2,2,2,2,2,2,1.249921086,1.252987511,1.755321657,1.854009824,1.292994584,1.229313157,2,2,1.762907317,1.485220647,1.197723023,2,2,1.312819765,1.392227658,2,2,1.447977852,1.555967398,2,2,2,2,1.304217994,2,2,2,2,2,2,1.29851123,2,2,1.556217716,1.650696261,2,2,2,2,0,2,1.205382359,1.225161717,2,2,1.554323778,2,2,1.501459085,1.334257986,2,2,2,2,1.600469777,1.543826068,1.558877343,1.580504241,2,2,2,2,1.520837091,2,2,2,2,2,2,1.491481429,2,2,2,2,2,2,1.413567231,1.496233631,2,2,2,2,1.468828207,2,2,2,2,1.505235611,1.65972029,1.625905687,1.243453019,2,2,2,2,1.450557093,1.592494623,1.508163025,1.597014024,2,2,2,2,2,1.516003749,1.371998565,1.633239991,1.541670885,2,2,2,2,2,2,2,2,2,2,1.465459584,2,2,1.447062235,1.386510765,2,2,2,2,1.517344084,1.235506591,2,2,2,1.625056831,1.462683772,2,2,2,2,2,2,2,2,2,2,1.428931205,1.383319735,1.408421444,1.32680378,1.382016782,1.408954409,2,2,2,2,1.503295392,1.471207713,2,2,2,2,1.35138569,1.329737481,1.349588301,1.631601924,1.531521352,1.407047266,1.400779529,1.456342792,2,2,1.523409124,1.427629232,1.436521395,1.456747787,1.351430839,1.498993709,1.321316547,1.458701288,2,2,1.364445867,1.265382952,1.427523097,1.654586747,1,2,1.33699726,1.352733592,2,2,2,2,2,2,2,2,1.565326032,1.55792366,2,2,1.481784528,1.376078737,2,1.350897742,1.25909404,1.284774753,1.367333448,1.440815921,1.560636773,1.735657462,1.530300678,1.536054726,1.495887525,1.549705447,1.342862437,1.48833717,1.619928735,1.293460789,1.48448006,1.834446528,1.454798565,1.446562823,1.395382793,1.59678677,1.372828121,1.36189536,1.359884423,1.688545715,1.671025381,1.417726061,1.5149766,1.438318722,1.344428148,1.630852594,1.471932844,1.359680218,1.448707387,1.499162201,1.328112061,1.378706715,1.486768505,1,1.463091518,1.997249133,,
CD_064_V3,1.929537282,1.73179152,1.724222817,1.862128587,1.822535421,1.253344408,1.120775006,1.808101565,1.775360424,1.877831733,1.921576178,1.920389219,1.911651531,1.809311304,1.913736234,1.79574091,1.800232755,1.749737238,1.815982718,1.773287911,1.956141829,1.816316522,1.910411794,1.74140595,1.792199654,1.920239648,1.912060583,1.742634078,1.571271948,1.735639047,1.656693023,1.294950308,1.521277676,1.797815925,1.810776706,1.914974001,1.760462481,1.71662613,1.593143983,1.725598309,1.785621765,1.937881153,1.824945912,1.921616235,1.939976021,1.908576952,1.904588973,1.647649854,1.700350507,1.698981241,1.753691454,1.810148031,1.449177929,1.655052239,1.720888444,1.765036331,1.965396862,1.922961062,1.220059014,1.857947352,1.580701714,1.273394931,1.739259307,1.699546585,1.776724597,1.780387738,1.886528033,1.337083843,1.796563963,1.528531914,1.385253707,1.173616565,1.223223315,1.947973068,1.886315459,1.91176631,1.934360833,1.971757304,1.76659509,1.829832418,1.681249471,1.694837056,2,0,1.607829362,1.479640263,1.715649153,1.754721889,1.203942411,1.779291865,1.821452399,1.785790815,1.87435111,1.53643099,1.765408238,1.854128812,1.850294213,1.262142594,1.268307181,1.905177214,1.879490585,1.77059839,1.753629947,1.754237186,1.772973477,1.258264262,1.108504184,1.88944475,1.855270869,1.805692737,1.814564955,1.847922492,1.290300961,1.836240851,1.818977293,1.776976413,1.782709048,1.748203474,1.795448873,1.856019585,1.980803232,1.760135768,1.375370835,1.775373563,1.700584852,1.728845447,1.753693593,1.768139959,1.828687322,1.110181394,1.906229572,1.904323329,1.897213944,1.930089517,1.368762007,1.866293986,1.807258081,1.69157913,1.892525632,1.891216688,1.977852081,1.27466524,1.740399887,1.694958403,1.857762242,1.793475798,1.761513378,1.554162506,1.857514729,1.859160027,1.847078416,1.760416532,1.739931492,1.768586987,1.780382444,1.737336493,1.727414186,1.841815437,1.819106048,1.779046959,1.758254228,1.849037557,1.398171055,1.514302385,1.25222324,1.33750555,1.884874415,1.881676559,1.370878634,1.23485587,1.403580902,1.929756718,1.353295817,1.441702454,1.763150894,1.753538005,1.857887022,1.790454097,1.81393069,1.315707603,1.254627494,1.813709788,1.809408569,1.289150721,1.12164212,1.741375281,1.827590266,1.882048385,1.722530411,1.905931563,1.91632565,1.895754761,1.91740969,1.770344001,1.689228631,1.804991387,1.79809164,1.228535618,1.434715933,1.918269292,1.801087078,1.814143382,1.814673884,1.905395595,1.938724333,1.890228719,1.868847179,1.916208444,1.935069205,1.598559203,1.643712559,1.71349114,1.82041771,1.854551165,1.845547032,1.908291302,1.90656851,1.785951079,1.262275808,1.417114901,1.23674204,1.124214753,1.76672636,1.9015092,1.92086073,1.603443878,1.712350708,2,1.828734031,1.964286478,1.965442783,1.715994561,1.665239552,1.685036827,1.531412703,1.750574428,1.808509981,1.849309743,1.701712057,1.17608109,1.276632391,1.878084463,1.828668417,1.90400061,1.902633252,1.433704633,1.345455643,1.926678247,1.914897476,1.954289211,1.93852028,1.806422355,1.831230174,1.89777331,1.895413551,1.85333122,1.8183114,1.76480191,1.229689519,1.175656759,1.911252862,1.795197452,1.221567305,1.241867194,1.908455682,1.992985019,1.771902732,1.887722341,1.902739375,1.916494186,1.817918836,1.915555292,1.32505414,1.763541881,1.41938344,1.83383204,1.841023232,1.877305187,1.920495251,1.892504655,1.816585022,1.914505309,1.873649185,1.830434022,2,2,1.943629986,,
CD_065_V1,1.570215516,1.986584465,1.985710308,1.989503449,1.988031118,1.747011202,1.605004802,1.976036181,1.966389298,1.385943153,1.351252619,1.184305414,1.31846893,1.970282084,1.969725402,1.963796823,1.979386545,1.94136998,1.951679636,1.962814402,1.085868996,1.956635237,1.945061712,1.974556278,1.980841212,1.971438898,1.980795162,1.905482804,1.833409625,1.96745119,1.964488811,1.65770693,1.789637848,1.962810024,1.973377245,1.998048969,1.947942496,1.985809464,1.985865735,1.961078989,1.901453846,1.897048587,1.983663161,1.068858626,1.072922592,1.628102166,1.786912437,1.039967129,1.030846331,1.985025175,1.975994035,1.681497184,1.196163624,1.024816681,1.980362511,1.984667778,1.108479188,1.158872992,1.515698178,1.983853463,1.162796442,1.257090962,1.993618588,1.992479829,1.96930945,1.955237302,1.099526503,1.785031463,1.964632619,1.848441949,1.771131649,1.548201777,1.565618823,1.121259742,1.985560262,1.9903761,1.341366297,1.552858527,1.964444833,1.955803455,1.947649188,1.975951627,1.205382359,1.607829362,0,1.01311201,1.959259111,1.969147678,1.204079821,1.967463719,1.977733851,1.298735916,1.12198648,1.787584897,1.791177633,1.97157685,1.964791792,1.268787407,1.238593119,1.319585797,1.343293151,1.93460091,1.954307471,1.925836524,1.971866676,1.160734453,1.522314148,1.994659751,1.979165608,1.980462887,1.962991364,1.980335004,1.156479275,1.974401455,1.96646303,1.96224508,1.965400747,1.987251315,1.969435745,1.168596891,1.361863072,1.986686653,1.797479967,1.945858148,1.96141333,1.197817685,1.957026924,1.906510878,1.974830203,1.538084428,1.292139489,1.539293297,1.48126633,1.10647298,1.753450863,1.946322731,1.947749325,1.959608133,1.199549104,1.343080108,1.366494492,1.288391523,1.987254731,1.969999369,1.962983845,1.965734555,1.953244833,1.218687974,1.143201294,1.595996614,1.468974711,1.94961473,1.978527666,1.993413482,1.983815663,1.996395263,1.996360965,1.895804586,1.95237852,1.960805925,1.968958612,1.248115999,1.729981341,1.829724384,1.128999789,1.07652024,1.962640797,1.961266656,1.791907265,1.718881861,1.226065154,1.082465223,1.725563146,1.784448539,1.963881953,1.400231567,1.224302867,1.978343462,1.982963304,1.755402409,1.70217814,1.964922416,1.978924523,1.719767307,1.531071497,1.98734434,1.946831369,1.201363188,1.122542402,1.163479858,1.118892746,1.153256431,1.184587638,1.979246831,1.982132282,1.974701244,1.968668793,1.152384141,1.141001498,1.972370886,1.951727216,1.974644014,1.955056094,1.13805617,1.120109059,1.117840889,1.532494899,1.286610805,1.16324316,1.092522219,1.151937215,1.984900341,1.979876373,1.285109789,1.21465101,1.189061863,1.203553889,1.112276673,1.138185105,1.049714542,1.143124133,1.594637251,1.948315371,1.132813848,1.083354846,1.131374605,1.352843295,1.205382359,1.938060136,1.169242111,1.163562979,1.958282863,1.951382201,1.9337682,1.862428849,1.974586139,1.975927644,1.984055036,1.963390528,1.190423935,1.2618055,1.927701217,1.957682502,1.312317914,1.203215425,1.804253493,1.07524694,1.081440134,1.085681395,1.170171967,1.218531533,1.406083134,1.617784015,1.283714822,1.292188374,1.248614167,1.310148019,1.099407136,1.164300071,1.234905366,1.110777293,1.261431368,1.402450069,1.113335613,1.248752361,1.372346821,1.340227264,1.14239576,1.189315557,1.179398269,1.489418762,1.525786708,1.084169264,1.241618785,1.08965985,1.12714653,1.401996243,1.226205388,1.121152319,1.193428004,1.354355201,1.174784097,1.166495585,1.294944549,1.205382359,1.378890017,1.952986574,,
CD_065_V3,1.617423777,1.992993285,1.992998105,1.994499312,1.993225796,1.676138541,1.486705385,1.985667231,1.97809897,1.443572035,1.410407266,1.250013973,1.380315022,1.982487606,1.984589814,1.976716715,1.988842931,1.963240398,1.967184854,1.978839654,1.14193772,1.956635865,1.969357744,1.98344558,1.987091089,1.983377327,1.990572393,1.901061526,1.801751148,1.979204749,1.978083983,1.565327146,1.744283212,1.975709814,1.987753069,1.99868423,1.963427861,1.991705092,1.991891861,1.961435778,1.893987494,1.928220233,1.992032544,1.125519194,1.129405084,1.671621542,1.811657724,1.061370809,1.059644176,1.994304266,1.987342607,1.713950668,1.162421083,1.035998778,1.992459115,1.992074221,1.168731536,1.223719962,1.341076934,1.986887547,1.202243438,1.153398487,1.996238809,1.995090994,1.979937694,1.969206278,1.160752776,1.718479347,1.975393437,1.811957177,1.709361915,1.399175879,1.424764811,1.178749339,1.993077933,1.99692116,1.401635838,1.589518683,1.974521374,1.970264801,1.970459441,1.986352835,1.225161717,1.479640263,1.01311201,0,1.972426182,1.982565325,1.123720722,1.981633192,1.986632115,1.361678031,1.184937624,1.752820884,1.786347919,1.982920644,1.976143144,1.172385057,1.142867641,1.385043301,1.408836773,1.958273633,1.972566693,1.948449892,1.983375931,1.141179005,1.373681222,1.997536557,1.987978057,1.98851526,1.975621003,1.987203855,1.114973671,1.984716929,1.976827058,1.975478284,1.978435148,1.993387957,1.979327486,1.235626983,1.408433784,1.992863007,1.738163155,1.963330486,1.974261635,1.246194435,1.977105952,1.938590327,1.979492733,1.393001391,1.352701862,1.580112287,1.526121927,1.156309709,1.694736248,1.934867128,1.963700031,1.968980702,1.267586962,1.410030834,1.415128704,1.175875783,1.990968338,1.976936876,1.974197525,1.977766035,1.969266449,1.250935962,1.199686653,1.624111696,1.505559137,1.968393173,1.989704553,1.996369951,1.990547472,1.998138562,1.997629518,1.919158946,1.965374367,1.974608766,1.980471339,1.30972982,1.678349242,1.806907431,1.075309818,1.063987809,1.973600289,1.979221938,1.734807849,1.638213978,1.19316485,1.131179178,1.67039547,1.749719126,1.979688586,1.463946728,1.290311149,1.98993736,1.991470746,1.68278095,1.61869788,1.976872145,1.986960847,1.650388434,1.3917959,1.991006748,1.969659997,1.254673881,1.1613585,1.230630377,1.180928782,1.21735917,1.250159443,1.98685027,1.988080465,1.986149478,1.981865901,1.105216316,1.159671709,1.978560084,1.964580194,1.986024739,1.972807541,1.199276574,1.180993619,1.180232595,1.570071053,1.352533932,1.228626112,1.107894246,1.164243717,1.992670433,1.987840052,1.350683222,1.27535133,1.257029256,1.273067799,1.165533104,1.118722911,1.048036238,1.080895635,1.487954991,1.954797371,1.19920102,1.141149816,1.163171529,1.397965264,1.225161717,1.964224661,1.223853653,1.221637958,1.973646344,1.968734642,1.923911279,1.829161984,1.98439446,1.986532319,1.988734109,1.975279339,1.125177992,1.156788761,1.948971441,1.970493858,1.365064629,1.257837378,1.749938983,1.050049551,1.138621363,1.145251254,1.229796077,1.28168252,1.455367155,1.65570461,1.349980244,1.359580208,1.31509785,1.374430797,1.146039628,1.09574129,1.156327104,1.169016992,1.325834882,1.258736973,1.07255515,1.310406868,1.408526088,1.411163262,1.20655978,1.244267192,1.236753329,1.549812462,1.571905929,1.07738436,1.295827851,1.104768855,1.176635965,1.465148094,1.291081422,1.187834226,1.263208634,1.402622448,1.227704314,1.228530495,1.352317121,1.225161717,1.41838852,1.965364904,,
CD_066_V1,1.844069392,1.564521049,1.597445457,1.727984455,1.616574976,1.740654548,1.782482809,1.475789483,1.265436716,1.791815634,1.832597541,1.810581507,1.814278894,1.559774228,1.653727113,1.467250514,1.502391078,1.461679097,1.593423145,1.557504324,1.909398723,1.483898733,1.862560911,1.586047285,1.705703702,1.802310679,1.790948786,1.79954635,1.756228924,1.411822017,1.334289212,1.867039846,1.843308844,1.55054367,1.60339438,1.912452306,1.554815077,1.701869069,1.523981706,1.717213376,1.848640316,1.833161786,1.511832606,1.873387312,1.888610503,1.815754303,1.799269851,1.965383032,1.960223877,1.483098912,1.488936754,1.814023641,1.986523602,1.973374713,1.399295896,1.501495058,1.821903617,1.846283085,1.948568029,1.690377179,1.811823587,1.986107923,1.518082704,1.508448274,1.447791833,1.523085304,1.835770975,1.656277102,1.622976403,1.742777507,1.814153666,1.917822647,1.942582873,1.939928646,1.726720015,1.590720093,1.795248424,1.900943139,1.521860612,1.668837956,1.395649803,1.631753822,2,1.715649153,1.959259111,1.972426182,0,1.175358978,1.911198983,1.449380211,1.479516555,1.714328996,1.82280911,1.758484171,1.951822609,1.709554103,1.580688167,1.982755094,1.986662871,1.789688223,1.755939802,1.550898189,1.604166398,1.53451743,1.371933899,1.835824835,1.869460445,1.589007547,1.621707504,1.616244577,1.660645696,1.744765267,1.964096422,1.423912505,1.537462798,1.57866918,1.470101484,1.638750351,1.624132176,1.764737886,1.96469429,1.662701029,1.460872114,1.459032961,1.472013728,1.861381566,1.646826416,1.620155475,1.716321567,1.884230356,1.823727974,1.881895591,1.766042592,1.820348398,1.600621629,1.872829636,1.458164892,1.422791277,1.748120887,1.641093035,1.909533607,1.972226195,1.53846906,1.546408046,1.561402588,1.516756938,1.325806195,1.813236627,1.899641425,1.878231934,1.851979165,1.460109087,1.544139557,1.618708632,1.638977511,1.678516052,1.559985083,1.515490522,1.430083503,1.594815523,1.558631806,1.821483876,1.743217366,1.536678733,1.952389386,1.888121342,1.641766146,1.698862743,1.577576108,1.645998415,1.966706705,1.945433308,1.34308879,1.369607523,1.417206544,1.604461753,1.708576807,1.553748541,1.587878038,1.601876821,1.651371578,1.459053676,1.391869192,1.562591612,1.841698757,1.539465228,1.627895809,1.918710449,1.907416967,1.824769801,1.899371152,1.829802812,1.825807559,1.605747743,1.480213379,1.689815457,1.597688535,1.924656571,1.789028278,1.8527578,1.550467821,1.425538674,1.404465723,1.759720708,1.849525938,1.82899183,1.910813494,1.626889135,1.748445937,1.939333758,1.950481027,1.420315085,1.382427739,1.750529567,1.814155654,1.78446807,1.801655111,1.82777731,1.828820257,1.930322076,1.942526583,1.781039368,1.778306716,1.820952911,1.842880044,1.933355459,1.908365608,2,1.535960195,1.930823059,1.919872411,1.559388402,1.549242259,1.629232314,1.69683568,1.5596145,1.484932837,1.80064925,1.367784629,1.92769512,1.976886188,1.679776743,1.640174146,1.894261637,1.898652614,1.68074458,1.960852844,1.901631886,1.873444236,1.948896581,1.905196498,1.824305447,1.843141511,1.738371832,1.774250836,1.765630523,1.711897357,1.907822184,1.952212158,1.921610201,1.879474351,1.691106867,1.962877734,1.952651815,1.911286084,1.995119864,1.698355261,1.827191078,1.842688064,1.844527957,1.750760757,1.896753809,1.870435708,1.725680711,1.789642318,1.882364256,1.779267837,1.844974139,1.839387547,1.789736378,1.851405224,1.892351647,1.851707709,1.810968421,2,1.999993851,1.900135492,,
CD_066_V3,1.908151929,1.580646936,1.645791798,1.79174787,1.717823161,1.832672678,1.881189335,1.532592209,1.330478017,1.780900332,1.844115577,1.814821455,1.781621764,1.642693188,1.620064308,1.625953933,1.610646612,1.68171915,1.717952417,1.604208041,1.928527975,1.413135111,1.886377314,1.601790402,1.649133418,1.779212124,1.827941568,1.830147436,1.78437455,1.47445502,1.356132592,1.935180713,1.912523706,1.703615939,1.722827185,1.953599089,1.667937977,1.661488069,1.526450805,1.776643552,1.867531558,1.819105306,1.469835675,1.891322282,1.921014887,1.844890214,1.848997836,1.966800343,1.954717857,1.312599531,1.368155568,1.719416,1.987475018,1.979757814,1.446961452,1.526144304,1.753921517,1.835031242,1.973394491,1.78557314,1.742288548,1.982698207,1.538784438,1.479014629,1.486199273,1.507228797,1.846801855,1.714592226,1.550543854,1.768614275,1.82750136,1.865677969,1.94606893,1.932630899,1.804814064,1.607913003,1.879472957,1.958384691,1.805783021,1.790635202,1.417000397,1.465068872,2,1.754721889,1.969147678,1.982565325,1.175358978,0,1.918289252,1.54451402,1.574867121,1.697659381,1.85119199,1.79243637,1.973502152,1.821792931,1.726569585,1.988857574,1.990831081,1.82254644,1.736984025,1.613228018,1.529658918,1.545041134,1.367147385,1.816193393,1.881433559,1.582836809,1.676458409,1.61294366,1.664740735,1.705845076,1.961163158,1.507889615,1.609192039,1.715737988,1.595255999,1.607991353,1.675897212,1.754730911,1.962154594,1.653337521,1.493825274,1.535914942,1.567775062,1.836196616,1.67473786,1.705605607,1.697532564,1.864626869,1.765304266,1.832671145,1.853263097,1.922340999,1.637003851,1.876500895,1.56946974,1.597243544,1.759419778,1.714323841,1.845398738,1.98116264,1.579574767,1.563460815,1.582373763,1.491145291,1.410201173,1.793704971,1.885005689,1.819138185,1.802297255,1.728175976,1.679332686,1.574817655,1.558644107,1.739440962,1.651926368,1.761803462,1.730427301,1.662426758,1.581268112,1.774785783,1.804466049,1.573303167,1.968194317,1.931238055,1.814003178,1.824541872,1.664103842,1.594706842,1.970753109,1.960782247,1.52910861,1.484705722,1.542602201,1.596470348,1.689654343,1.50451197,1.502971627,1.789937253,1.807705404,1.54339971,1.374177713,1.728964188,1.895589113,1.580159388,1.699937613,1.932848614,1.917670511,1.823416728,1.903353177,1.803700892,1.83335461,1.657312928,1.565395104,1.618914103,1.559602726,1.915985817,1.812248599,1.890101495,1.613002789,1.518553245,1.488112417,1.878285378,1.887953038,1.809632924,1.890168725,1.809527242,1.834351537,1.928372785,1.95773604,1.346094277,1.40094585,1.764480373,1.787251186,1.827405114,1.809784673,1.853716728,1.809532928,1.948104918,1.957639123,1.86846888,1.842925228,1.834820249,1.858668389,1.951570549,1.896917915,2,1.667798286,1.929644963,1.906587174,1.613868747,1.621097451,1.64369569,1.803176283,1.539688004,1.584517772,1.854353028,1.484409668,1.923257852,1.973396472,1.644321789,1.600689788,1.855723068,1.875232686,1.784798334,1.980371828,1.89549047,1.891181245,1.939198681,1.903382645,1.742407657,1.777034837,1.795023177,1.813639819,1.778355719,1.70482924,1.906742124,1.952792107,1.9106096,1.839412765,1.626488444,1.969136205,1.948553233,1.89914254,1.996626634,1.680445445,1.856031561,1.837651657,1.863424616,1.732423946,1.8855669,1.874622507,1.6771449,1.829963793,1.890339193,1.783657818,1.842248797,1.80535076,1.747545569,1.728698127,1.891658763,1.803231307,1.766684234,2,1.999940107,1.91799194,,
CD_067_V1,1.755171584,1.909382197,1.887654182,1.939028254,1.936182124,1.478180676,1.228887512,1.944754663,1.936785264,1.635582313,1.625089894,1.509839208,1.583352121,1.940556652,1.955415982,1.922287291,1.936338186,1.860912861,1.888754302,1.901701299,1.444177487,1.87654851,1.926020918,1.875165253,1.910553888,1.940927806,1.954695392,1.860064824,1.691781696,1.863853063,1.833418878,1.356616571,1.625714904,1.881686785,1.887778349,1.984618566,1.929177449,1.732378509,1.794159764,1.864623038,1.835703157,1.908661827,1.923692553,1.423481171,1.433218213,1.781276698,1.847275537,1.26911853,1.274060489,1.851393864,1.881061419,1.635293934,1.209101567,1.236105124,1.882875011,1.919292168,1.475369329,1.501751659,1.071338938,1.964877514,1.328393382,1.028077367,1.947178748,1.940278322,1.885979724,1.898631616,1.443541588,1.517621877,1.907289328,1.692723489,1.53670789,1.120829225,1.162136666,1.470385128,1.968899757,1.978416619,1.617066378,1.752397808,1.935441152,1.94741897,1.84133055,1.881175448,1.554323778,1.203942411,1.204079821,1.123720722,1.911198983,1.918289252,0,1.865039172,1.906251233,1.508492108,1.432118012,1.68020218,1.780596556,1.947669253,1.92890112,1.049681011,1.03190608,1.621313541,1.632819507,1.854296155,1.795788077,1.83326752,1.871068223,1.112506319,1.087386746,1.937023935,1.94732167,1.908273615,1.933599722,1.93242805,1.083479194,1.92796052,1.962034255,1.896225684,1.898001526,1.887573913,1.933647268,1.469866947,1.654542366,1.794374643,1.534463656,1.897481391,1.860417175,1.431087758,1.820181009,1.905923851,1.920562242,1.10327871,1.563144463,1.678773253,1.70098748,1.461639727,1.498542724,1.879406245,1.917466523,1.808408309,1.499022921,1.590134403,1.641143841,1.032024797,1.921617094,1.877571477,1.933138012,1.915762215,1.919083077,1.349481987,1.417135693,1.628722156,1.568044481,1.856313443,1.826885191,1.88090174,1.898927942,1.898003462,1.875438953,1.929736353,1.942268055,1.889107866,1.85920797,1.501038407,1.542054524,1.70399248,1.027271926,1.098541073,1.918990388,1.92301418,1.529546042,1.390090389,1.185992704,1.43871943,1.488873804,1.592574868,1.835218584,1.587914797,1.515403563,1.936873502,1.906784258,1.468355864,1.384317759,1.891031565,1.886878835,1.423390014,1.117478412,1.922206669,1.934781625,1.499210258,1.352738183,1.492204145,1.460745749,1.490531102,1.512714434,1.904185901,1.912489904,1.897125751,1.912567579,1.046867768,1.229501729,1.960746511,1.928994673,1.932758804,1.921235898,1.484477473,1.478174595,1.437232167,1.725934786,1.599637178,1.508579465,1.30302714,1.36625423,1.868717355,1.895609617,1.533988399,1.476894453,1.503714329,1.498257844,1.403514412,1.100528015,1.127755431,1.017148711,1.258165534,1.937214969,1.474814866,1.438671917,1.319713683,1.545408321,1.554323778,1.894117906,1.519593473,1.514164507,1.868405065,1.854367732,1.855520295,1.696115483,1.891904818,1.889981007,1.944850169,1.893100559,1.026132455,1.02970105,1.94933907,1.953650647,1.565429477,1.488871088,1.59244088,1.078177731,1.438465343,1.443962223,1.525019331,1.550825328,1.576060269,1.691906317,1.579023365,1.584502508,1.522310441,1.537954229,1.372199951,1.016439292,1.024829184,1.440381112,1.502953066,1.041917276,1.036395118,1.590474371,1.68503133,1.57065096,1.478375817,1.485767311,1.50534912,1.638688708,1.701726702,1.111856975,1.478703575,1.210099953,1.437702407,1.621268624,1.530103647,1.479318662,1.509428559,1.523467404,1.48188757,1.454697797,1.508754685,1.554323778,1.677287093,1.953143644,,
CD_073_V1,1.779401351,1.497308652,1.473475756,1.620431706,1.406371936,1.731026324,1.791761617,1.544833027,1.280123094,1.5680675,1.681059596,1.620948739,1.67927159,1.440418851,1.575562832,1.311219005,1.43735087,1.282692222,1.422585176,1.449234296,1.848048617,1.590479106,1.770506764,1.48742938,1.601959819,1.726981826,1.714237954,1.758235756,1.758329411,1.344420525,1.308556458,1.847668566,1.873355277,1.273595321,1.371292802,1.918064324,1.565879827,1.588619085,1.444754725,1.621513419,1.79195287,1.692020254,1.604078017,1.796547124,1.801280426,1.771115768,1.793431247,1.967781098,1.939939348,1.393472385,1.352862839,1.654751025,1.969650785,1.964339783,1.356147898,1.45118169,1.843350904,1.820083013,1.927742187,1.678671406,1.705925236,1.954678927,1.405139192,1.454251726,1.318370761,1.307463733,1.682512273,1.606868883,1.614287868,1.725471241,1.783255456,1.909079215,1.935812844,1.880362813,1.664049326,1.491348898,1.75621491,1.893655918,1.602623887,1.583193886,1.286152584,1.495106572,2,1.779291865,1.967463719,1.981633192,1.449380211,1.54451402,1.865039172,0,1.104274364,1.554713965,1.679270779,1.767961408,1.954104121,1.556662443,1.455709377,1.967534192,1.959756928,1.685361027,1.712104213,1.38362986,1.375890324,1.223872694,1.42511009,1.787943116,1.810478924,1.561501186,1.604094767,1.596655922,1.549563856,1.640356712,1.89618103,1.571284305,1.580612826,1.395953959,1.336328251,1.493689028,1.484796203,1.588847571,1.930211402,1.48253857,1.431847504,1.340472402,1.300728298,1.810653484,1.490702083,1.363048441,1.682145719,1.786133887,1.73429482,1.764663585,1.821543435,1.812650363,1.583809663,1.889161941,1.314361572,1.432746655,1.567118416,1.616111538,1.901196786,1.955464992,1.400861769,1.446387236,1.439504354,1.504340656,1.254864422,1.658562129,1.723914336,1.775070173,1.752724095,1.383103889,1.402557501,1.316744269,1.383848096,1.656751866,1.533558004,1.341501187,1.25086473,1.439345261,1.369290956,1.607973484,1.728305514,1.475952299,1.93734314,1.890634792,1.476558832,1.422038416,1.486560596,1.576108471,1.943215304,1.929909513,1.453813365,1.490925865,1.402475641,1.415304474,1.500166238,1.420699588,1.44100548,1.454649743,1.418720383,1.257471064,1.315162592,1.472304091,1.780895878,1.402514657,1.443238371,1.898271053,1.862887665,1.612356217,1.753668335,1.728661439,1.671042401,1.629949382,1.563834457,1.570043914,1.449996817,1.855203863,1.686780868,1.811857998,1.591400325,1.433314431,1.395105918,1.706822165,1.800676447,1.754961762,1.890829314,1.808632832,1.826536305,1.917948906,1.934419822,1.370312668,1.30146744,1.652148687,1.667441536,1.696540451,1.617604073,1.696485657,1.810215544,1.860250542,1.936594462,1.723978492,1.736860178,1.736505225,1.793215203,1.931068603,1.841552863,2,1.475793122,1.895905564,1.882401082,1.44301515,1.369372289,1.510586939,1.696865724,1.465992901,1.337164564,1.739185955,1.390726722,1.89260604,1.959238206,1.671026599,1.601337373,1.815105808,1.784384582,1.629202582,1.924930716,1.776772676,1.760464986,1.909691434,1.794443535,1.728527593,1.746924467,1.664373081,1.711120449,1.567406008,1.51257249,1.735546791,1.907392246,1.876458411,1.815232707,1.565561577,1.929899525,1.909640659,1.870455225,1.992038945,1.455406269,1.667917235,1.724001255,1.600932392,1.542814379,1.732236361,1.780698281,1.653404412,1.776552621,1.878416263,1.34726441,1.504482305,1.756892462,1.71413258,1.638539407,1.838993412,1.603817522,1.614194645,2,2,1.828311104,,
CD_073_V3,1.83948836,1.594366708,1.576665699,1.663825225,1.434503876,1.788996984,1.837358067,1.540735884,1.265854872,1.667052642,1.736462641,1.660551966,1.741570653,1.552631747,1.651683985,1.437128412,1.566421663,1.402839498,1.575566797,1.603945581,1.882532533,1.630475008,1.805938596,1.601060463,1.690577946,1.821233602,1.76257245,1.807714089,1.80306556,1.42864263,1.438368993,1.861283492,1.885777338,1.441839428,1.57144283,1.900233941,1.590797214,1.714619983,1.582246396,1.740096236,1.860822744,1.799996761,1.686547819,1.822585911,1.823061786,1.847113104,1.862946015,1.974174266,1.95083596,1.515787411,1.425060382,1.769980386,1.973683824,1.972224256,1.504530544,1.534520878,1.829802846,1.858686101,1.914173042,1.672512097,1.812998984,1.961863681,1.436203454,1.51448927,1.457812628,1.402240051,1.74009712,1.734226132,1.717988758,1.80146114,1.82627784,1.930450528,1.945025566,1.91151337,1.687464982,1.473498794,1.817286528,1.911784165,1.648216961,1.640614251,1.412685239,1.619082443,2,1.821452399,1.977733851,1.986632115,1.479516555,1.574867121,1.906251233,1.104274364,0,1.696857022,1.781982875,1.782972699,1.965263031,1.620053469,1.514514709,1.97478655,1.962310939,1.726125994,1.761789685,1.530292889,1.545044428,1.357084182,1.501825466,1.849225363,1.848210811,1.631484112,1.660098568,1.712540233,1.639065037,1.742058023,1.924394147,1.666490801,1.630776989,1.531033594,1.44766127,1.582363299,1.520379899,1.648589283,1.928822237,1.625431841,1.511102493,1.474753417,1.393161182,1.888311716,1.629939051,1.44609605,1.767695284,1.82350316,1.798991374,1.842180983,1.842841451,1.813437317,1.654349357,1.901999055,1.395607378,1.597822728,1.642788351,1.722399899,1.9135288,1.965014794,1.482224227,1.604186382,1.540561866,1.550158153,1.280918728,1.748576767,1.816240866,1.859517758,1.843126541,1.532131854,1.570849183,1.445162656,1.546388351,1.746602658,1.68195638,1.383281679,1.233533946,1.601034463,1.585316378,1.688020409,1.758056501,1.536839833,1.953185373,1.91535627,1.420984256,1.398589451,1.537623249,1.686489803,1.95821931,1.942549086,1.521613395,1.589994117,1.513386688,1.529676783,1.571279669,1.441891932,1.519320141,1.466070518,1.448450466,1.330220335,1.375218367,1.546897699,1.808952051,1.483621035,1.547535815,1.92442171,1.907993829,1.677828303,1.82402741,1.792968502,1.725361818,1.695767584,1.658071591,1.663316631,1.504020417,1.883009131,1.745366257,1.848991903,1.682064107,1.466330989,1.458925178,1.757563739,1.867021426,1.814231352,1.924012765,1.867574881,1.872346288,1.938279072,1.946609927,1.525271318,1.417791157,1.797208449,1.781401531,1.775153065,1.709601512,1.731753604,1.829060075,1.859598736,1.949518729,1.753057512,1.789642228,1.795605768,1.826097469,1.933511565,1.879114329,2,1.586916298,1.907984396,1.89844459,1.582746839,1.516990354,1.586232567,1.782375217,1.619503364,1.430758191,1.828009694,1.543506802,1.920753878,1.97087803,1.695497669,1.615819893,1.878627645,1.861045306,1.685040374,1.942317128,1.847796322,1.811320619,1.910392311,1.812191462,1.821079519,1.842385234,1.740366259,1.805462967,1.702846455,1.676251993,1.755814578,1.912894433,1.917967181,1.867082108,1.660403654,1.939473958,1.930022216,1.872292617,1.992499147,1.602035365,1.739555849,1.781424353,1.64830027,1.688228422,1.843704749,1.807708138,1.745729712,1.819140196,1.906686541,1.456591053,1.638572112,1.785787225,1.805204048,1.743424298,1.893630804,1.730149913,1.722523981,2,1.987639451,1.863921707,,
CD_074_V1,1.583689349,1.488111233,1.44802669,1.698339207,1.69309806,1.890670707,1.923513779,1.750151373,1.836697407,1.285316251,1.367475761,1.230219696,1.278166136,1.740609907,1.852644391,1.77983904,1.70103483,1.54518853,1.65244639,1.507980265,1.24321264,1.858285331,1.793478203,1.598008691,1.735286056,1.848935314,1.890786413,1.978881767,1.978227737,1.565063144,1.455853966,1.982248977,1.99107983,1.613050076,1.459438652,1.908596334,1.743951677,1.294442859,1.3029243,1.765956663,1.878647694,1.853284923,1.643136141,1.191720488,1.20492321,1.490182053,1.615148585,1.296020742,1.27924055,1.430657991,1.506924119,1.277664914,1.544407143,1.31804333,1.494640874,1.574567248,1.254268527,1.238572582,1.99189107,1.909845704,1.137529858,1.688280525,1.721414188,1.576386421,1.659903799,1.684758905,1.138915559,1.870607217,1.728532414,1.914269695,1.92606489,1.851908716,1.92931082,1.260262336,1.905502482,1.932864425,1.411323999,1.661359881,1.847203491,1.865397796,1.47997845,1.468614355,1.501459085,1.785790815,1.298735916,1.361678031,1.714328996,1.697659381,1.508492108,1.554713965,1.696857022,0,1.092324633,1.955566508,1.9881175,1.863696914,1.850426383,1.695630022,1.682226001,1.360471123,1.300384549,1.500661685,1.363078262,1.496175808,1.548217557,1.332677878,1.873537342,1.872606335,1.796901033,1.471388304,1.693386413,1.621048557,1.496480657,1.836261097,1.915252237,1.641225869,1.733865041,1.51702544,1.754122125,1.161655914,1.497344434,1.383575231,1.851175643,1.642759021,1.528925195,1.264507897,1.354240418,1.671346182,1.82701552,1.86806439,1.267552246,1.400705224,1.449046383,1.284308839,1.882169606,1.963857181,1.695380031,1.421050998,1.202021755,1.309018524,1.482792159,1.71950173,1.7428411,1.563743758,1.795091106,1.804514505,1.818528986,1.185330253,1.187683124,1.331232231,1.25743103,1.524377893,1.388890831,1.350180479,1.44155255,1.53053624,1.406081213,1.815146698,1.896888467,1.621159356,1.519975078,1.140676176,1.944612874,1.941322158,1.502516783,1.360058932,1.883416359,1.840242725,1.825195342,1.785465121,1.543375153,1.288898997,1.923972763,1.889764155,1.509100332,1.135175037,1.172791183,1.788281778,1.700020567,1.882424487,1.867276808,1.538590848,1.600733864,1.636063686,1.858271015,1.744089197,1.702318097,1.343943253,1.285949873,1.181365189,1.178146926,1.189190908,1.222023179,1.789950166,1.760787055,1.620449724,1.755889853,1.42179158,1.2651637,1.886301915,1.760097111,1.791773871,1.759842189,1.251148329,1.247088759,1.185063692,1.602503322,1.314015486,1.24294112,1.343748181,1.430467881,1.566810053,1.677754663,1.183752635,1.130225021,1.150752567,1.146666372,1.229275631,1.375299136,1.324169142,1.517776215,1.915737043,1.951370612,1.169962842,1.17659846,1.378383773,1.478828756,1.501459085,1.667595405,1.323184374,1.302830615,1.626137991,1.510683821,1.860114002,1.841697289,1.607241924,1.693439761,1.824285751,1.60486383,1.494495467,1.670751316,1.932836461,1.9305636,1.28838406,1.19696092,1.976570516,1.417804285,1.183200482,1.182947699,1.319189386,1.30317471,1.235879346,1.353628039,1.290325951,1.275292539,1.187213671,1.148884652,1.241183725,1.529073579,1.517319709,1.179879818,1.089566677,1.853706663,1.445719724,1.407878484,1.602322498,1.1832108,1.1832741,1.231682328,1.265655963,1.195970114,1.451724195,1.301274808,1.231733054,1.283366148,1.249098885,1.299229388,1.235514493,1.197875201,1.169573729,1.168520208,1.216433309,1.15915028,1.170700282,1.501459085,1.565227891,1.875167931,,
CD_074_V3,1.506166434,1.776080438,1.739400068,1.873027719,1.843932636,1.909192298,1.920283885,1.905500784,1.894506982,1.269825164,1.270977969,1.124529317,1.230339638,1.852360056,1.914976397,1.861362154,1.889191494,1.667995913,1.751225687,1.744092592,1.081156884,1.846839376,1.847261957,1.738523381,1.817970603,1.878940992,1.902676758,1.969517573,1.96728824,1.748617909,1.686372233,1.972923594,1.983732038,1.736745689,1.701586775,1.951309669,1.83721704,1.593419188,1.617487346,1.813897813,1.882092829,1.872748531,1.831059196,1.050156661,1.060715954,1.548854624,1.724997747,1.123331261,1.102786456,1.660076817,1.729813427,1.438718095,1.398298504,1.139793243,1.676485133,1.803536011,1.096469516,1.104250208,1.98171707,1.953534837,1.101553112,1.584076361,1.880298932,1.857401677,1.760638922,1.790763551,1.056787781,1.892520246,1.855092572,1.928923259,1.942413989,1.903930518,1.943542414,1.09869867,1.939216413,1.956196269,1.283714933,1.557931149,1.841772727,1.873303276,1.632314517,1.737639052,1.334257986,1.87435111,1.12198648,1.184937624,1.82280911,1.85119199,1.432118012,1.679270779,1.781982875,1.092324633,0,1.944555053,1.98694063,1.845230688,1.842227267,1.587038425,1.563104616,1.267901262,1.269166423,1.697382197,1.620794996,1.668043788,1.706182808,1.245146937,1.87289556,1.862810621,1.856448607,1.772971562,1.848940573,1.847249864,1.369779768,1.84151487,1.921372681,1.748097658,1.795582304,1.67937457,1.85503813,1.083331347,1.36700266,1.599720209,1.830147204,1.784500188,1.717430579,1.167946243,1.527694182,1.723517902,1.855200063,1.880108332,1.208364698,1.420770919,1.43577017,1.113174696,1.872420107,1.954509527,1.783394597,1.590051531,1.101249886,1.225729414,1.351059332,1.626125562,1.796154238,1.73560973,1.843045506,1.854556563,1.848481609,1.144310558,1.066105348,1.435575939,1.327645895,1.64599666,1.600692747,1.661181492,1.741375641,1.711415413,1.720340964,1.850827658,1.870837578,1.760964056,1.685755517,1.117154631,1.922228839,1.921584702,1.356519622,1.203474849,1.871019166,1.807736984,1.848058609,1.830799087,1.399114915,1.118261697,1.899588026,1.891264395,1.651693492,1.228324582,1.124991392,1.863054635,1.803283617,1.887147303,1.856891287,1.72461638,1.708025004,1.789997096,1.899421444,1.796430553,1.81507621,1.183550954,1.12298064,1.069191642,1.061314024,1.091794856,1.130833143,1.839455991,1.821948947,1.791625351,1.816164006,1.332997543,1.154892189,1.915635495,1.831975446,1.87443592,1.8473218,1.090259166,1.09007111,1.056866282,1.51241209,1.201247739,1.106414944,1.18830523,1.274736656,1.705295923,1.74971771,1.13380976,1.099608789,1.059152093,1.064914641,1.077612665,1.241811177,1.162147125,1.382417239,1.913917176,1.935407485,1.077386431,1.064791396,1.218091357,1.379687536,1.334257986,1.755481681,1.170734424,1.15045913,1.71053317,1.671756898,1.905468403,1.874800861,1.72431906,1.779834255,1.818766589,1.674628489,1.405736218,1.587144118,1.911938835,1.917964742,1.237026985,1.128354511,1.945454124,1.249130728,1.073476031,1.059166363,1.160683983,1.171776624,1.261965326,1.419822818,1.20041803,1.206033988,1.133245737,1.14287209,1.094700448,1.408653374,1.454181975,1.077583128,1.148533493,1.806267587,1.299977598,1.264397808,1.46837788,1.159689841,1.081384567,1.135131661,1.129622392,1.259996167,1.414548078,1.174292149,1.16701634,1.146247504,1.126497942,1.268698832,1.137608892,1.064389542,1.090637226,1.223586499,1.134027495,1.08865643,1.167543372,1.334257986,1.422297038,1.930405031,,
CD_075_V1,1.936452816,1.878230497,1.891555856,1.930473043,1.8655362,1.418762426,1.380850833,1.817328831,1.726770821,1.934826649,1.934616374,1.904780782,1.931653722,1.802235211,1.834073303,1.72394108,1.78495474,1.732981603,1.79902478,1.776151863,1.962282681,1.711170523,1.92859552,1.870217359,1.916263221,1.847027135,1.882618308,1.38746041,1.302354547,1.730772955,1.765939168,1.235256432,1.17198286,1.80808741,1.877121578,1.973370039,1.758294652,1.966533926,1.912939019,1.653235727,1.379283958,1.860407893,1.859843159,1.951459702,1.958769602,1.955057344,1.973346713,1.762342048,1.820040648,1.868680453,1.796979123,1.967242001,1.526491803,1.754015433,1.799977092,1.798698522,1.903381532,1.909642179,1.658772521,1.866198407,1.848861681,1.730855184,1.897366434,1.922306391,1.760691348,1.758141898,1.916517107,1.564051242,1.831488835,1.266404069,1.252792237,1.609654292,1.603571103,1.965749886,1.833374602,1.883460113,1.915120594,1.966054287,1.767886633,1.850530533,1.741975886,1.903928506,2,1.53643099,1.787584897,1.752820884,1.758484171,1.79243637,1.68020218,1.767961408,1.782972699,1.955566508,1.944555053,0,1.252281138,1.872291256,1.812689013,1.707801556,1.717935955,1.870519021,1.849874276,1.806537654,1.882449793,1.782831558,1.782862746,1.660438603,1.573418945,1.906203183,1.808883836,1.892881336,1.859077004,1.840476904,1.559787224,1.764671112,1.754591802,1.748245786,1.760222733,1.916082549,1.867267449,1.914844251,1.994819789,1.915418238,1.507401626,1.766497724,1.761803771,1.824287474,1.886055698,1.784883765,1.862339883,1.573815833,1.938230017,1.982694275,1.950005192,1.934633128,1.518025897,1.822095551,1.775130302,1.832542548,1.843505112,1.82637291,1.967127469,1.73389234,1.835497708,1.809297137,1.811334685,1.844531987,1.746748631,1.800682501,1.944438542,1.994946348,1.989198282,1.787143528,1.883648273,1.935924502,1.931530022,1.907162998,1.914819751,1.778294178,1.777409084,1.7398057,1.804502342,1.938422982,1.26460055,1.380072908,1.694521837,1.717261972,1.842130881,1.863055915,1.598922643,1.53919101,1.676338034,1.956203808,1.576761666,1.587356273,1.788366476,1.875730369,1.890055877,1.878321091,1.898351922,1.584708144,1.519991843,1.844294391,1.821436462,1.543040374,1.51977678,1.835446284,1.814871524,1.909480666,1.784751472,1.887389672,1.930586119,1.953296228,1.94516479,1.892382516,1.743190917,1.879733043,1.779881039,1.680634924,1.713326746,1.558338914,1.493707407,1.805363567,1.755360714,1.917882873,1.954647811,1.929780752,1.985914122,1.917633451,1.948904918,1.546556993,1.471439518,1.86091008,1.811262039,1.940531087,1.955020278,1.936051431,1.92241635,1.854839287,1.638306009,1.752152576,1.685270917,1.35438556,1.752813011,1.930433102,1.956956694,1.613461272,1.399276403,2,1.80513,1.978884428,1.952544613,1.812292617,1.799391639,1.763404931,1.696938204,1.805698302,1.824091209,1.92145726,1.74991919,1.653274763,1.737488544,1.617986144,1.622645462,1.984654405,1.991314407,1.37632275,1.686932475,1.946186895,1.945013357,1.906239116,1.883569426,1.990648478,1.99083975,1.887042164,1.923447758,1.899552905,1.913902797,1.851072712,1.686040301,1.653298556,1.957420412,1.896111255,1.690373342,1.676627262,1.555380278,1.670559382,1.822047881,1.920132657,1.949437995,1.90296657,1.921115332,1.974788066,1.680476318,1.865029414,1.653503143,1.911739344,1.826032906,1.898105393,1.921344396,1.92751805,1.974285313,1.990509389,1.918788193,1.939260891,2,2,1.946353531,,
CD_075_V3,1.989455804,1.974856925,1.973828574,1.978442378,1.984013049,1.709096906,1.643694358,1.957412908,1.956736611,1.993935887,1.992461971,1.984734405,1.987349248,1.957150096,1.971707503,1.937862308,1.940724022,1.941553787,1.960435263,1.951753261,1.990199166,1.958340538,1.985640777,1.974452954,1.984342586,1.968572965,1.983383466,1.728913163,1.631107201,1.962048121,1.9555009,1.427677734,1.476015776,1.962157062,1.965997603,1.995861393,1.96635001,1.980333329,1.96486648,1.895463893,1.650135526,1.975974932,1.978168375,1.986104711,1.987243637,1.984780692,1.979361458,1.766288932,1.909148488,1.982811829,1.981494574,1.990045189,1.587282622,1.796640701,1.966223521,1.973430539,1.988601357,1.98835065,1.720879335,1.976484975,1.928499024,1.80536895,1.977325766,1.980729581,1.959979061,1.967633596,1.982152427,1.844352554,1.970740645,1.575137733,1.480095152,1.744537972,1.739204165,1.996401541,1.985594466,1.984381585,1.960886377,1.977566728,1.962123086,1.974923918,1.945126434,1.976897999,2,1.765408238,1.791177633,1.786347919,1.951822609,1.973502152,1.780596556,1.954104121,1.965263031,1.9881175,1.98694063,1.252281138,0,1.970620784,1.962105069,1.757221751,1.781082285,1.976760609,1.983078999,1.963821245,1.97478496,1.96391781,1.969125541,1.808102221,1.745084358,1.986566118,1.978698206,1.987287393,1.978114355,1.984160383,1.656892924,1.967958578,1.978979567,1.952252021,1.94849094,1.985294084,1.977402038,1.980373815,1.999193578,1.971637719,1.848783719,1.961163999,1.959576807,1.941526266,1.974882682,1.96367137,1.983584394,1.748079712,1.990745756,1.99591376,1.981772076,1.975427168,1.8385263,1.967230387,1.959106141,1.941772094,1.9755662,1.960925652,1.992275151,1.804484468,1.971105873,1.965035883,1.961002225,1.967175639,1.957853588,1.917793273,1.979161275,1.998374828,1.99673403,1.956345855,1.967731251,1.988873409,1.989734057,1.980948074,1.97957832,1.953852207,1.961204824,1.964282501,1.965120187,1.991540191,1.280073242,1.575367077,1.790952713,1.826975134,1.93717099,1.97412992,1.847956814,1.807979242,1.756901999,1.979031572,1.836971571,1.863421303,1.941852569,1.977527451,1.986762293,1.980662798,1.978642633,1.833322145,1.805368036,1.969306878,1.970919017,1.805838851,1.691681929,1.971477301,1.96597242,1.958224201,1.863507999,1.985760109,1.98819442,1.987611558,1.985980091,1.965224898,1.971596259,1.969032932,1.968893955,1.797368756,1.858379008,1.471851467,1.627768068,1.955611653,1.954063399,1.9797513,1.985918146,1.979338338,1.995290967,1.990903537,1.985717334,1.528487525,1.399612863,1.964714021,1.963706621,1.98086059,1.99079976,1.976120454,1.97740521,1.947174551,1.800110466,1.857441171,1.794290927,1.447059002,1.930694193,1.985092081,1.986647851,1.315553767,1.388852393,2,1.973794881,1.995477809,1.99337606,1.964907646,1.965740131,1.945622054,1.904281389,1.965319637,1.957091286,1.980023226,1.955896976,1.778301813,1.806131647,1.804128856,1.800798985,1.996657852,1.998083777,1.709419374,1.758677148,1.989948138,1.989883334,1.987604801,1.984795829,1.99860128,1.998622876,1.977497294,1.980631449,1.98190756,1.980088274,1.950705369,1.79190593,1.773512551,1.992845532,1.983481565,1.785004786,1.794625317,1.621679343,1.643031462,1.954265651,1.986701978,1.98645961,1.988139675,1.990600304,1.995789853,1.826483084,1.9565402,1.837902702,1.966341416,1.981251769,1.981823276,1.985469397,1.985551274,1.987800527,1.997805944,1.983732717,1.988390505,2,2,1.99095467,,
CD_076_V1,1.857750004,1.752550617,1.746300291,1.799868311,1.67611127,1.804015381,1.834736721,1.795244642,1.647187813,1.810873417,1.832287324,1.811703055,1.869661629,1.647923934,1.679701817,1.496460183,1.709052297,1.601925783,1.695535261,1.359177377,1.921796359,1.716547694,1.767072034,1.753023487,1.81883614,1.87765207,1.872863804,1.869475429,1.874764055,1.700044572,1.701150959,1.91203267,1.941326785,1.699459305,1.803847866,1.914931815,1.687272678,1.862051657,1.77628369,1.878619934,1.915528574,1.442908489,1.467095215,1.898942607,1.90434943,1.904406905,1.909564329,1.975088952,1.960959342,1.764789103,1.699236297,1.906701794,1.982703633,1.974887557,1.715976686,1.807732599,1.912766716,1.905453627,1.96452766,1.877587871,1.907252718,1.949308068,1.670677343,1.733534145,1.703516684,1.698568193,1.827004438,1.803156754,1.810906312,1.833955438,1.842779626,1.961137199,1.958819888,1.955461145,1.63793096,1.410656268,1.831550833,1.918255527,1.723390521,1.646912549,1.585038936,1.799117998,2,1.854128812,1.97157685,1.982920644,1.709554103,1.821792931,1.947669253,1.556662443,1.620053469,1.863696914,1.845230688,1.872291256,1.970620784,0,1.049123806,1.973358801,1.966402257,1.786040834,1.859359238,1.639120943,1.746902067,1.555357786,1.770513613,1.918565084,1.72244056,1.70800901,1.547549596,1.613641289,1.743908369,1.858943685,1.908121099,1.765495587,1.718332353,1.470543622,1.437468192,1.745326093,1.654748379,1.817158326,1.975502175,1.691018237,1.601020729,1.651382903,1.658562351,1.914290318,1.763595906,1.582820097,1.82436289,1.832674069,1.89525808,1.945283383,1.899840403,1.890526334,1.751405989,1.928703668,1.60369396,1.650193721,1.741761629,1.719231848,1.97474049,1.9744092,1.7001351,1.771481289,1.715225199,1.726419499,1.604479038,1.908749988,1.92208738,1.958881166,1.950019115,1.649067268,1.766276628,1.800587709,1.812639482,1.825907725,1.818868608,1.598598389,1.617807659,1.714738889,1.752312116,1.822932755,1.816978576,1.656089569,1.967082987,1.955610007,1.879705036,1.780540475,1.793451379,1.821620283,1.965128986,1.95018805,1.623474116,1.69063987,1.662484994,1.69935998,1.761722364,1.805848212,1.812954256,1.781964172,1.71797218,1.522853034,1.608989721,1.727100589,1.872970253,1.699422085,1.503743486,1.955066251,1.945192707,1.767770615,1.828575665,1.893403457,1.897882409,1.800155327,1.812859717,1.320525375,1.323567043,1.941155414,1.847968824,1.884486267,1.793725631,1.82746927,1.751566639,1.862982535,1.930045079,1.909912281,1.963832879,1.638226367,1.651598695,1.943446637,1.95274161,1.721458936,1.640128222,1.861677277,1.894689412,1.851678925,1.844981741,1.793140457,1.838151544,1.918835795,1.961012945,1.833679149,1.811939961,1.862836842,1.901353978,1.956734224,1.919015007,2,1.359517802,1.958801793,1.95124567,1.687013982,1.663322202,1.521381146,1.677280234,1.776251279,1.770000953,1.869385021,1.663749541,1.952754966,1.984964921,1.763853763,1.755033075,1.962969725,1.949205412,1.773411837,1.926124961,1.885363094,1.901313054,1.910511839,1.611425681,1.91954639,1.921505252,1.424041171,1.479652758,1.767669703,1.809474321,1.816899533,1.907647055,1.942201117,1.929454991,1.809012006,1.960665975,1.963205844,1.932202573,1.994593402,1.733411834,1.864442773,1.875589937,1.730011614,1.854842102,1.932651286,1.879101081,1.869633633,1.863707072,1.949434034,1.655194227,1.806542616,1.776762205,1.844433816,1.920371392,1.654756838,1.795509643,1.829767164,2,1.995825373,1.878116961,,
CD_076_V3,1.788392734,1.684984679,1.714061627,1.743530866,1.565728676,1.757391627,1.801767646,1.696441737,1.530382527,1.756920394,1.776712485,1.743725401,1.810721779,1.549604471,1.588163892,1.435749121,1.63133934,1.405945912,1.52507872,1.325901967,1.884105754,1.635885602,1.708549343,1.622542663,1.739444088,1.816366312,1.835926149,1.83261541,1.835339362,1.576283382,1.557790407,1.884027008,1.905964953,1.54696943,1.683919998,1.915361425,1.589972715,1.847949736,1.703287967,1.780691099,1.870084365,1.36487019,1.368203621,1.863046255,1.873429992,1.853543667,1.872781566,1.9628132,1.946217759,1.655091007,1.583399686,1.901046078,1.977411816,1.96656256,1.639899155,1.729919405,1.876563469,1.849525458,1.951742202,1.846842287,1.872631824,1.950205003,1.577707782,1.637423895,1.55933513,1.569062459,1.79680528,1.740178292,1.73298557,1.776891716,1.799472141,1.95189009,1.940527784,1.931683835,1.588157449,1.351045979,1.798685731,1.899824113,1.509235639,1.546557038,1.473631477,1.739106646,2,1.850294213,1.964791792,1.976143144,1.580688167,1.726569585,1.92890112,1.455709377,1.514514709,1.850426383,1.842227267,1.812689013,1.962105069,1.049123806,0,1.969806625,1.961169519,1.727814897,1.789316453,1.52619898,1.660560667,1.452025218,1.644803584,1.873577526,1.717156471,1.646733237,1.435893533,1.507307977,1.656588507,1.808502189,1.883290631,1.652327847,1.64582697,1.375880369,1.319424688,1.718133932,1.596324882,1.760322946,1.968540594,1.614398331,1.503649475,1.522545589,1.558127612,1.88689301,1.667215626,1.469662007,1.750014434,1.794547021,1.851132585,1.925923091,1.825140814,1.850703866,1.667966767,1.905523506,1.474263173,1.635837489,1.655656783,1.63106563,1.952444812,1.966459841,1.63332425,1.691061602,1.595736546,1.637542526,1.484177886,1.852069768,1.87308846,1.955136053,1.931078989,1.486546285,1.669925121,1.69606045,1.732854856,1.742029974,1.651709581,1.491477006,1.496524499,1.634999655,1.656278233,1.790981927,1.765466229,1.551013741,1.955767815,1.937021292,1.821191394,1.677549842,1.700031788,1.752149284,1.949419863,1.932105426,1.511705325,1.577689581,1.6078659,1.661058273,1.71519687,1.745423379,1.752952967,1.709054767,1.603900944,1.447650343,1.489888458,1.571010064,1.825881901,1.63283271,1.403034423,1.926661285,1.905040253,1.706007197,1.790781374,1.850669936,1.8553979,1.739131515,1.696275481,1.242147405,1.225210469,1.922238095,1.787608612,1.871223077,1.703494144,1.72436206,1.633978132,1.760493929,1.876597441,1.846481566,1.944575926,1.650774429,1.680133112,1.931401576,1.941337912,1.638146839,1.541372627,1.815874652,1.848280456,1.824359759,1.794064345,1.707041284,1.791457001,1.896646045,1.945609943,1.758624132,1.728201047,1.81900018,1.873101076,1.940771937,1.89207477,2,1.245981498,1.941765044,1.931313675,1.612350918,1.574983616,1.412170599,1.549064548,1.622912614,1.658662034,1.817697383,1.538045544,1.928884755,1.981511912,1.662680938,1.653127347,1.946344696,1.903457459,1.670920813,1.904213078,1.838381233,1.855567876,1.896734291,1.570176948,1.929331874,1.906557369,1.362470948,1.42831797,1.711417104,1.746311791,1.785238657,1.904731852,1.929122627,1.906850023,1.735084222,1.951930713,1.946898415,1.907161625,1.992278634,1.637978289,1.798065116,1.837985719,1.744112325,1.816068836,1.904234819,1.85391936,1.82980789,1.819368548,1.927476378,1.551778329,1.736935793,1.728133391,1.784704617,1.911928586,1.646986635,1.764722144,1.818318235,2,1.982580894,1.837560925,,
CD_078_V1,1.823711288,1.987201282,1.984217071,1.984963065,1.977326361,1.532453162,1.284778521,1.982841407,1.98068568,1.747337392,1.726491013,1.630336112,1.71101416,1.972302793,1.985081652,1.970860857,1.980335388,1.942360386,1.958771644,1.967768175,1.561706867,1.939623727,1.965714046,1.970961118,1.977491059,1.98321021,1.989864103,1.877878511,1.724203421,1.977566253,1.976511372,1.376973166,1.651734768,1.966980312,1.975462143,1.99561755,1.963848301,1.977061425,1.976728755,1.943590793,1.89279756,1.938392697,1.987584186,1.549344603,1.55235117,1.851118637,1.916703793,1.339604084,1.350867969,1.985028725,1.983571579,1.863993627,1.253022482,1.299389717,1.980910919,1.988952528,1.581765202,1.619196453,1.074526719,1.97933174,1.465181209,1.039917977,1.986677554,1.988829864,1.9745241,1.969480441,1.567199471,1.580496105,1.964730299,1.73537583,1.581322985,1.158882795,1.191546221,1.591579698,1.989828841,1.995380355,1.722333788,1.816917494,1.965430337,1.969174555,1.955243715,1.978118798,1.600469777,1.262142594,1.268787407,1.172385057,1.982755094,1.988857574,1.049681011,1.967534192,1.97478655,1.695630022,1.587038425,1.707801556,1.757221751,1.973358801,1.969806625,0,1.010559703,1.705523313,1.727638816,1.950860382,1.964612399,1.944673884,1.983323817,1.199322319,1.13191835,1.991519435,1.9799854,1.982831453,1.972525955,1.984119797,1.126905835,1.9849653,1.978106935,1.961029122,1.966194842,1.981287649,1.972550737,1.621643839,1.731777453,1.976086616,1.609066703,1.962820761,1.963441089,1.532687459,1.961768489,1.937473962,1.97605929,1.154261824,1.695173793,1.815481969,1.785201606,1.565891234,1.558374784,1.897801596,1.96015904,1.965899006,1.634052045,1.712760097,1.734075429,1.043179363,1.982663009,1.974248178,1.970312643,1.973849118,1.970436781,1.475943973,1.570511937,1.828276259,1.769558899,1.950293811,1.968086793,1.985927174,1.985313104,1.985028987,1.985839028,1.937067219,1.963921416,1.965633904,1.967551458,1.663457874,1.584378677,1.739551945,1.067759463,1.164266022,1.963671972,1.978171321,1.603533688,1.473031979,1.234730351,1.528515045,1.54337691,1.649613951,1.967401117,1.749575984,1.656198425,1.98839052,1.988687733,1.528777822,1.445652145,1.969678778,1.971878356,1.49868601,1.161676167,1.982638769,1.967191343,1.6000197,1.460993584,1.614476447,1.576312572,1.617667776,1.639323378,1.982226838,1.985232282,1.98291561,1.980326304,1.106223004,1.338876715,1.978553949,1.965011602,1.98559996,1.973712059,1.602156011,1.594344839,1.576932334,1.800203734,1.702927932,1.628146874,1.376452159,1.425972672,1.979914909,1.979069599,1.694252459,1.6479779,1.637884473,1.647361072,1.519709406,1.179605109,1.195852444,1.053354239,1.311404386,1.946639034,1.595205642,1.557630301,1.393904373,1.621875381,1.600469777,1.963354767,1.619668576,1.619290088,1.96541552,1.954833779,1.884151498,1.739171511,1.97843487,1.981873619,1.983631207,1.968131081,1.080309923,1.042417886,1.959157223,1.97799785,1.705394575,1.642792966,1.629300369,1.074262671,1.552565621,1.564702604,1.626470339,1.657836188,1.751762799,1.851359694,1.695533859,1.701842981,1.664928946,1.704295151,1.474036256,1.054204453,1.077569249,1.57892331,1.67128777,1.051124153,1.090694998,1.681065166,1.731798664,1.713897216,1.606454462,1.626079395,1.619052001,1.79222136,1.810043363,1.186596352,1.597031757,1.297254418,1.540347228,1.737550227,1.653442844,1.598454749,1.648713072,1.717259331,1.618983454,1.607413967,1.676543595,1.600469777,1.73471081,1.957733261,,
CD_078_V3,1.810704199,1.989519338,1.987298884,1.980409555,1.964592983,1.543359142,1.294006855,1.988517094,1.975797362,1.72562035,1.704184647,1.60255662,1.690869927,1.974735847,1.985836297,1.968077064,1.985835923,1.942251001,1.960037993,1.974545024,1.529253407,1.942067982,1.96251147,1.972531434,1.97760838,1.984364177,1.990845204,1.883514987,1.735261904,1.969923462,1.974798937,1.394427372,1.663785918,1.96296305,1.980966822,1.993586537,1.959981469,1.985357996,1.981454957,1.949347183,1.895572737,1.927080601,1.987946492,1.517487004,1.521335468,1.843633349,1.912198859,1.319988547,1.321116567,1.989615328,1.979817448,1.861115551,1.234061255,1.267732118,1.985396632,1.992530847,1.551968793,1.597836206,1.053722364,1.980624081,1.454952082,1.011023918,1.988730727,1.990930375,1.978392543,1.967758753,1.537128334,1.59642707,1.97035778,1.743702053,1.592449138,1.155135223,1.186249667,1.562112085,1.991895326,1.996954933,1.704143547,1.799681525,1.966594242,1.966776313,1.953958613,1.97769649,1.543826068,1.268307181,1.238593119,1.142867641,1.986662871,1.990831081,1.03190608,1.959756928,1.962310939,1.682226001,1.563104616,1.717935955,1.781082285,1.966402257,1.961169519,1.010559703,0,1.685749713,1.711767322,1.949523357,1.969578379,1.932786311,1.98508484,1.192997424,1.13043439,1.994765089,1.979700044,1.98504814,1.970922518,1.984420217,1.109091112,1.986356656,1.97748602,1.963482483,1.967974761,1.987015346,1.972815452,1.598821702,1.709021893,1.984468612,1.618741492,1.959678466,1.963766748,1.522043484,1.96583854,1.925285153,1.978838355,1.154284638,1.676390576,1.804722173,1.772207138,1.532535434,1.566629916,1.899049375,1.955108348,1.972311212,1.60772955,1.697711423,1.712427895,1.014112298,1.982608077,1.978554033,1.967694475,1.969225966,1.95953065,1.468072114,1.549657033,1.81769761,1.754257096,1.957200579,1.982321988,1.990559735,1.988629991,1.989250398,1.988359783,1.935027955,1.961749613,1.969370717,1.976076803,1.640090456,1.59134495,1.746776976,1.04872932,1.148972325,1.966458255,1.978826356,1.612333227,1.484801756,1.218171575,1.49508423,1.547346309,1.654505362,1.97418811,1.731002473,1.631070927,1.990629007,1.992403576,1.539707524,1.45189777,1.960627112,1.972406493,1.507113336,1.162757249,1.982509032,1.960622226,1.579827157,1.442135051,1.587375327,1.547332551,1.593917412,1.616494244,1.983691041,1.987648839,1.985558397,1.974994509,1.093364287,1.329456517,1.98505603,1.975736784,1.987494646,1.972355061,1.577007641,1.568240657,1.553648974,1.792799257,1.689416859,1.606952052,1.36290396,1.414505028,1.983440157,1.979838836,1.685650975,1.630778842,1.621835145,1.629835023,1.49274683,1.170395286,1.174973942,1.03304017,1.316647367,1.94602943,1.571381577,1.526110682,1.378415549,1.616282316,1.543826068,1.959494002,1.590381789,1.592057876,1.967616365,1.958534816,1.886574544,1.746017443,1.982926387,1.989096211,1.98874586,1.973391424,1.069520893,1.014181054,1.953085246,1.972053439,1.686501502,1.617422606,1.642565097,1.077667345,1.517988398,1.534396558,1.60063196,1.635247524,1.736263391,1.843878579,1.680511417,1.690859761,1.645478257,1.692664278,1.44625457,1.033980649,1.065661438,1.550067156,1.648311395,1.028980772,1.075755216,1.65495072,1.700529245,1.701722504,1.581187429,1.597583468,1.578600309,1.789179433,1.799021372,1.174121047,1.58725166,1.286078734,1.515999897,1.707943285,1.632494976,1.57374348,1.632336081,1.703077466,1.591511618,1.580200148,1.659316251,1.543826068,1.708325833,1.952516854,,
CD_079_V1,1.407847531,1.76387877,1.803997588,1.851535769,1.773936488,1.82264174,1.860007564,1.771081702,1.695589428,1.377459393,1.343574697,1.210293391,1.335641449,1.711403623,1.785148955,1.644168937,1.749547224,1.463924115,1.525471676,1.633489437,1.235488784,1.808580882,1.674620083,1.732401689,1.794838141,1.792763055,1.840888784,1.921770372,1.93509698,1.743601146,1.752142176,1.893375945,1.927402576,1.577086046,1.689493808,1.873898838,1.488936347,1.88392133,1.750500143,1.89906178,1.916883293,1.420126144,1.794516076,1.238145787,1.228430955,1.558308242,1.719774098,1.305247586,1.283199283,1.782917197,1.74644402,1.680419022,1.558747081,1.344489966,1.680550233,1.707105556,1.228096563,1.237832294,1.983063684,1.870941926,1.278360972,1.720765222,1.749921757,1.730054158,1.761142705,1.731614701,1.174903232,1.83645856,1.806312395,1.881984985,1.850439746,1.902508983,1.916348895,1.308438612,1.798344945,1.905990943,1.359967787,1.641823276,1.64041677,1.588030547,1.612081372,1.755335849,1.558877343,1.905177214,1.319585797,1.385043301,1.789688223,1.82254644,1.621313541,1.685361027,1.726125994,1.360471123,1.267901262,1.870519021,1.976760609,1.786040834,1.727814897,1.705523313,1.685749713,0,1.109351975,1.451279431,1.593550483,1.503948125,1.791048247,1.375626968,1.863439853,1.915185924,1.758178009,1.701252585,1.692577016,1.749053978,1.406012281,1.74898188,1.687071302,1.61352787,1.636224627,1.805171678,1.651536952,1.210706806,1.503839116,1.840773781,1.801017806,1.515612859,1.527418604,1.267073275,1.619366995,1.414267369,1.912799522,1.921039294,1.324290927,1.624856784,1.471061232,1.278529273,1.757170576,1.882141517,1.553691194,1.600440204,1.153434027,1.172258412,1.519359033,1.745745949,1.869957899,1.74608745,1.643529273,1.731961897,1.665369877,1.305555165,1.294481958,1.760898787,1.662139838,1.55401073,1.774595365,1.812492187,1.767427499,1.758325094,1.734245524,1.464505335,1.629175462,1.630089846,1.658675808,1.240758207,1.880711596,1.681053529,1.525899387,1.399548431,1.874591916,1.740927413,1.870129463,1.90561286,1.541157431,1.300162098,1.678052612,1.656860673,1.607644296,1.315896716,1.298513396,1.839955352,1.818651665,1.724657147,1.721522249,1.744903937,1.737690886,1.583529391,1.792487971,1.870478141,1.682370151,1.367041521,1.31784091,1.175605656,1.163205084,1.224084793,1.260902462,1.819611688,1.831496515,1.826913315,1.803951085,1.515851003,1.278461832,1.883816128,1.72827859,1.71974636,1.602253771,1.267839727,1.272372484,1.236294738,1.660273582,1.335357338,1.248369139,1.348955504,1.433494739,1.843439026,1.825153621,1.353267241,1.316915167,1.264875864,1.247518125,1.252733979,1.393471198,1.296260676,1.535413966,1.841714995,1.69393351,1.17123457,1.229271765,1.378241134,1.45602345,1.558877343,1.642835219,1.356084208,1.322960437,1.579275249,1.516488416,1.771754916,1.739086856,1.686448927,1.740400291,1.862509065,1.664321969,1.559261569,1.732762981,1.56207083,1.72629957,1.447893098,1.355831097,1.860893073,1.380795086,1.173661154,1.210117485,1.340719966,1.329444619,1.506639733,1.575621384,1.342779173,1.340415441,1.171240025,1.268353414,1.249245063,1.584293877,1.608597978,1.26896524,1.222516689,1.865374294,1.486215285,1.412965801,1.638985605,1.203288737,1.194877699,1.350459186,1.344695863,1.441809998,1.535104095,1.3252859,1.305885639,1.261043129,1.294269745,1.265987096,1.249950159,1.238055406,1.253749722,1.489661049,1.372535906,1.18763103,1.332594727,1.558877343,1.596834907,1.619061248,,
CD_079_V3,1.486507596,1.66322567,1.684928511,1.780807078,1.708282814,1.866665384,1.893572653,1.614828076,1.647355977,1.331048996,1.362162384,1.230610005,1.321059492,1.720475941,1.782135653,1.68715712,1.677052191,1.57006242,1.584850168,1.442448382,1.262535247,1.817426383,1.828044407,1.773043388,1.821144451,1.816067831,1.830612701,1.927894695,1.921012828,1.468361622,1.612399896,1.904634918,1.940491668,1.616425229,1.626020121,1.835996201,1.569992278,1.862572439,1.725063381,1.843954663,1.926312206,1.602333876,1.692204622,1.252100471,1.247401402,1.552389021,1.693942931,1.309728902,1.257114242,1.691956191,1.586702638,1.723179238,1.57251617,1.36566324,1.589540663,1.461165194,1.228594906,1.194934652,1.981765432,1.821981596,1.245833111,1.737179338,1.707848792,1.624505121,1.753398946,1.643816585,1.210000005,1.806185997,1.720476475,1.883892023,1.876451521,1.952146568,1.959096067,1.279942961,1.5772407,1.890755174,1.391589826,1.677032845,1.653366238,1.668156643,1.708710285,1.716927551,1.580504241,1.879490585,1.343293151,1.408836773,1.755939802,1.736984025,1.632819507,1.712104213,1.761789685,1.300384549,1.269166423,1.849874276,1.983078999,1.859359238,1.789316453,1.727638816,1.711767322,1.109351975,0,1.540814343,1.638568798,1.621262923,1.723461588,1.369839287,1.891210241,1.878327265,1.685332737,1.563154766,1.732491568,1.527075369,1.478944796,1.749731819,1.771232509,1.533766491,1.715516683,1.826316074,1.723324744,1.219707339,1.459509075,1.848948752,1.818079121,1.564407795,1.599325873,1.171192252,1.663568499,1.583520352,1.881144586,1.926851961,1.342052647,1.606017205,1.463068823,1.305123417,1.604615733,1.511736066,1.617987436,1.68258545,1.179815618,1.230752816,1.510138228,1.766158311,1.855355162,1.747486307,1.687198083,1.817250075,1.758888445,1.264705915,1.295644644,1.766806835,1.668579385,1.635878416,1.761549428,1.652617372,1.650068936,1.701635185,1.591983911,1.612737703,1.735619432,1.419268346,1.561260072,1.260975163,1.91139868,1.762691334,1.544345385,1.402879898,1.88805239,1.79524207,1.833086648,1.867117236,1.561168161,1.320712614,1.77105546,1.732120326,1.688810222,1.276985292,1.279051059,1.813789542,1.762899772,1.801990622,1.813152694,1.723305907,1.752367901,1.653323934,1.866296292,1.856115205,1.726470444,1.360399246,1.313518039,1.219878094,1.233873447,1.202546072,1.233838866,1.857822084,1.814469263,1.684192033,1.643936622,1.521577316,1.282022325,1.909296941,1.676392087,1.684633409,1.632321183,1.259082885,1.259790251,1.224260538,1.660744946,1.283482408,1.248770007,1.358728072,1.443887883,1.808862777,1.790175796,1.304664361,1.272676349,1.254506462,1.249677717,1.264544513,1.405195024,1.310260059,1.561093402,1.883667114,1.796273668,1.196201678,1.234137547,1.385568833,1.467655751,1.580504241,1.719009189,1.36817563,1.29887313,1.678013474,1.611677115,1.799512487,1.791144893,1.49749968,1.61186634,1.81497891,1.670223698,1.515704582,1.745777239,1.707584481,1.786131266,1.404973791,1.30445495,1.890894101,1.425777498,1.2307509,1.226529622,1.340358268,1.328035363,1.47861509,1.561969133,1.339732212,1.318333425,1.220351753,1.255676946,1.259578743,1.595102271,1.595698031,1.270816253,1.21847648,1.85782047,1.491506548,1.396269543,1.654249918,1.245391628,1.211893847,1.369169261,1.348083747,1.379897917,1.49085506,1.330733516,1.272793162,1.252676545,1.266075523,1.358984139,1.281476069,1.226992991,1.213499059,1.486176912,1.375878899,1.250642804,1.395547767,1.580504241,1.607344966,1.763769138,,
CD_080_V1,1.621638105,1.452351633,1.42418903,1.729018235,1.608881555,1.685764312,1.785358451,1.627420716,1.582719771,1.642153416,1.711527398,1.600884532,1.624405559,1.50277944,1.571414704,1.476651501,1.557229935,1.202201732,1.253698958,1.416088319,1.781086309,1.572717488,1.444200783,1.424530161,1.616791266,1.651025161,1.730916451,1.847036796,1.849266148,1.541074238,1.415513425,1.864432401,1.888861517,1.400155778,1.473258624,1.870741589,1.366014917,1.516629345,1.392090801,1.643611126,1.814030726,1.285670683,1.485032772,1.788456441,1.787588115,1.695378166,1.777176501,1.940972217,1.913537655,1.387122006,1.431048327,1.53543392,1.971722681,1.954322775,1.410927072,1.526051352,1.787969756,1.703574013,1.971423654,1.771510483,1.645543636,1.953459947,1.532218019,1.483824323,1.36370275,1.348059242,1.590373724,1.689803914,1.586594737,1.784594673,1.770917365,1.826912383,1.882683819,1.883589743,1.667432721,1.716227066,1.746566929,1.899838627,1.428173792,1.434914135,1.270797345,1.484646867,2,1.77059839,1.93460091,1.958273633,1.550898189,1.613228018,1.854296155,1.38362986,1.530292889,1.500661685,1.697382197,1.806537654,1.963821245,1.639120943,1.52619898,1.950860382,1.949523357,1.451279431,1.540814343,0,1.115791822,1.206755078,1.4981845,1.727174106,1.770275556,1.690171215,1.537946942,1.394611891,1.395678647,1.499240122,1.724360286,1.548451288,1.517597066,1.34396735,1.347665188,1.497245852,1.457571498,1.587466937,1.944340515,1.303523575,1.508592812,1.253173863,1.251285412,1.741510284,1.409346854,1.289943584,1.668246225,1.778958849,1.617878274,1.733953581,1.775527082,1.842291283,1.644032174,1.926146273,1.326454603,1.35624698,1.454480871,1.282952794,1.914915249,1.939575541,1.618931582,1.430271317,1.466560259,1.557823604,1.473449171,1.65471691,1.729756599,1.689979296,1.658930175,1.260466544,1.438828684,1.435194808,1.456153925,1.548585948,1.400259887,1.26056702,1.377400097,1.385717987,1.324206588,1.533101307,1.785565797,1.484801185,1.934485411,1.941568808,1.747278937,1.573061449,1.60397543,1.640634446,1.917307561,1.904136244,1.473585996,1.442014624,1.364116993,1.388758363,1.655002288,1.621510623,1.572407083,1.571909538,1.562169025,1.420800815,1.433608871,1.305433238,1.702309654,1.620441049,1.503560081,1.916593842,1.869342668,1.544425694,1.549629495,1.702638682,1.729175232,1.660943136,1.599286943,1.557301243,1.586362464,1.86409063,1.712971164,1.800338253,1.51907426,1.54757462,1.436682733,1.739548927,1.825924935,1.73756555,1.874463562,1.784849899,1.795455906,1.893924876,1.932859876,1.478205241,1.477407206,1.617396483,1.605146216,1.71977716,1.63368649,1.778214487,1.852992747,1.830559458,1.902365178,1.751961829,1.599816748,1.594701641,1.771140395,1.934350416,1.794054966,2,1.400124938,1.898284459,1.875270561,1.200172477,1.197979557,1.565783048,1.56427155,1.408649905,1.462378451,1.766075739,1.315282521,1.87258668,1.950950842,1.456639434,1.621356118,1.768442665,1.722944719,1.6851357,1.842306057,1.623246733,1.72192316,1.926298344,1.848199208,1.677649469,1.688852285,1.718350322,1.71697367,1.384148596,1.432798906,1.827492017,1.939502166,1.765894235,1.739829912,1.376556569,1.946240574,1.927649986,1.914487819,1.990522319,1.326078479,1.616260661,1.567751542,1.67545792,1.476457146,1.748243076,1.804793957,1.681394355,1.758563466,1.858120592,1.388865144,1.592371372,1.796435382,1.67078846,1.598779356,1.797702702,1.442404167,1.506711872,2,1.999995873,1.69321914,,
CD_080_V3,1.720112895,1.464445566,1.398911666,1.790833574,1.72264721,1.725632108,1.838751358,1.680266088,1.662619471,1.693187997,1.756186284,1.644876219,1.613361294,1.542721707,1.620914352,1.606809448,1.619582453,1.334323057,1.359350577,1.50466043,1.804701177,1.567317326,1.544953169,1.423382727,1.614071531,1.656599,1.743325272,1.892934677,1.86000405,1.477581377,1.316031861,1.915987272,1.921932471,1.560472328,1.5898357,1.892499303,1.549478692,1.2654452,1.225594985,1.624018512,1.780556117,1.440048341,1.499729482,1.768744159,1.792609313,1.75720466,1.813149269,1.958020858,1.929678319,1.282646943,1.345720771,1.281204896,1.978697533,1.966680832,1.427257058,1.56184443,1.792728255,1.667714501,1.98120313,1.800887433,1.505220271,1.950849942,1.579017495,1.507405982,1.323164451,1.372830344,1.611991593,1.691440768,1.540585423,1.801777454,1.798575273,1.794510652,1.884583124,1.842867934,1.685435912,1.685304237,1.797894531,1.927945408,1.655308938,1.618732321,1.287112262,1.422529243,2,1.753629947,1.954307471,1.972566693,1.604166398,1.529658918,1.795788077,1.375890324,1.545044428,1.363078262,1.620794996,1.882449793,1.97478496,1.746902067,1.660560667,1.964612399,1.969578379,1.593550483,1.638568798,1.115791822,0,1.205728613,1.396579895,1.647098672,1.785085841,1.634384748,1.649288586,1.423303518,1.473588472,1.514555414,1.79062931,1.637813664,1.622169535,1.465216809,1.470304056,1.335675262,1.487568103,1.518798612,1.92323917,1.187171023,1.573170401,1.327273311,1.266602074,1.702032521,1.307130598,1.470759373,1.637793083,1.769561429,1.576710689,1.608601361,1.844319697,1.911600823,1.6511707,1.894501598,1.507160657,1.329542615,1.484875073,1.393859579,1.874351586,1.936773792,1.559463802,1.354051293,1.60341679,1.605133584,1.574801693,1.585885556,1.624856515,1.441009077,1.410023394,1.410481025,1.396201939,1.35491701,1.415254043,1.490128246,1.405527952,1.486818843,1.562676422,1.398163935,1.273774328,1.397433595,1.836271047,1.61874859,1.939384864,1.925886986,1.745420762,1.631101504,1.619904836,1.597264131,1.936276251,1.931849629,1.618308835,1.585255958,1.340060983,1.332677971,1.570881375,1.590440911,1.502081635,1.68701051,1.690453767,1.438735252,1.407755291,1.382947364,1.723852176,1.561998571,1.577564758,1.893247105,1.846188666,1.585132421,1.586331046,1.733895933,1.744183378,1.625234658,1.53290059,1.515369798,1.611003409,1.79585571,1.685200586,1.828603414,1.597770181,1.586451299,1.545278685,1.818845372,1.858209501,1.707651279,1.809902941,1.803464297,1.804997904,1.904626057,1.954228935,1.392057879,1.43493796,1.499362565,1.451640335,1.685369078,1.569829478,1.804338164,1.835738758,1.880756967,1.926075125,1.824113205,1.64654583,1.626232993,1.768897476,1.953595522,1.791327621,2,1.471063604,1.885221543,1.865155083,1.291106395,1.241258273,1.628044556,1.696513609,1.406779214,1.433863081,1.795517498,1.42235396,1.843300726,1.92476918,1.626152037,1.728418655,1.620396095,1.62848217,1.7800364,1.905238155,1.656121748,1.74655963,1.919518712,1.846773311,1.433999907,1.457565999,1.689941911,1.674736591,1.430576889,1.395565882,1.841407027,1.9280986,1.748446109,1.627104518,1.311740165,1.945184818,1.913256153,1.929254575,1.991845616,1.331197389,1.657893657,1.561417938,1.726313104,1.378736695,1.684403122,1.808489984,1.596227766,1.796658888,1.843343198,1.447774207,1.612054799,1.775903628,1.628029404,1.33900383,1.66548766,1.409373287,1.35104219,2,1.999875861,1.778957997,,
CD_082_V1,1.649558127,1.47551826,1.44072004,1.70895994,1.509084195,1.634397014,1.75772264,1.643666822,1.401929795,1.621158042,1.695626268,1.56695105,1.64571471,1.501427909,1.627255707,1.444745047,1.595617214,1.242955483,1.357214353,1.556948804,1.832721555,1.629861118,1.572252176,1.396417709,1.53212377,1.677371482,1.7258507,1.835318743,1.810827202,1.382280792,1.293679623,1.842675342,1.882311056,1.333559862,1.45613067,1.792913081,1.394393633,1.354058154,1.310110183,1.759876218,1.830214001,1.31001631,1.582493158,1.768375297,1.791160493,1.719858287,1.753926205,1.942287488,1.910490402,1.378474003,1.349761918,1.368625748,1.971009363,1.951893156,1.452667677,1.63858912,1.750882243,1.722224691,1.948077994,1.776608448,1.610275515,1.943606198,1.453905068,1.504480433,1.373014155,1.401029831,1.55491634,1.683862793,1.627146879,1.758654868,1.752237443,1.859499094,1.913250868,1.893857606,1.726933109,1.499378718,1.742689382,1.890127082,1.49645756,1.474029743,1.185463149,1.392508511,2,1.754237186,1.925836524,1.948449892,1.53451743,1.545041134,1.83326752,1.223872694,1.357084182,1.496175808,1.668043788,1.782831558,1.96391781,1.555357786,1.452025218,1.944673884,1.932786311,1.503948125,1.621262923,1.206755078,1.205728613,0,1.345164797,1.733259365,1.771087263,1.55360347,1.581652082,1.525829927,1.403512756,1.566786294,1.702829238,1.53706864,1.405648539,1.369072569,1.325676864,1.359558023,1.289605722,1.514740958,1.944670536,1.35405611,1.521519591,1.233626608,1.236525993,1.715012051,1.342133514,1.216457448,1.731188241,1.785985986,1.600611193,1.708393157,1.817488896,1.808698994,1.631091925,1.921741741,1.277321478,1.332392184,1.376973816,1.339417141,1.926967818,1.937063046,1.461602154,1.375520674,1.457599147,1.465009667,1.330889196,1.699175023,1.741739943,1.527562254,1.495937073,1.330396115,1.451411253,1.418842025,1.382230269,1.563417418,1.489578724,1.2399954,1.307521742,1.370548074,1.328692085,1.391016307,1.774395508,1.392924774,1.926346063,1.92761738,1.786027703,1.584868665,1.62003007,1.665192539,1.920618405,1.902428723,1.361762327,1.436382374,1.394950207,1.328515891,1.504842287,1.570191531,1.53483295,1.693286235,1.569409262,1.232282688,1.272220637,1.328783496,1.668356635,1.461723364,1.466850431,1.925822255,1.903770355,1.512287459,1.530318984,1.741809107,1.721730713,1.589929837,1.522163606,1.61735483,1.571319984,1.809484035,1.665057808,1.788479293,1.578619673,1.66849873,1.460631886,1.707070785,1.798288427,1.77051243,1.896078413,1.820547898,1.802844553,1.89099754,1.92952418,1.437082664,1.342094571,1.631034749,1.53806026,1.731723967,1.611538537,1.713476405,1.812861077,1.81572111,1.899342481,1.71642628,1.617697951,1.597631283,1.752588049,1.929679856,1.772784911,2,1.400776045,1.878030224,1.865210431,1.359163643,1.25845489,1.454951495,1.631776062,1.451887659,1.522930706,1.807614343,1.42771031,1.885774081,1.933507146,1.465325504,1.532308955,1.730820776,1.773900618,1.645531122,1.825148793,1.604064675,1.710836398,1.92958811,1.824019256,1.53785632,1.573703463,1.649527706,1.707301258,1.403740759,1.463295107,1.735309651,1.900611221,1.820778848,1.658241634,1.325880479,1.925703243,1.926604139,1.88351112,1.990331757,1.320136269,1.610117068,1.652881324,1.634720922,1.520166723,1.67831263,1.751565979,1.629359678,1.739817642,1.87765758,1.238032987,1.46748466,1.799882783,1.751439766,1.459000364,1.727488199,1.373416253,1.378233942,2,1.999555989,1.67434301,,
CD_082_V3,1.850449913,1.573730663,1.549832844,1.765474556,1.645067425,1.788514851,1.865266196,1.456423714,1.37934332,1.711662647,1.795317532,1.739075883,1.699564387,1.547817146,1.629376024,1.545934152,1.47453083,1.46068815,1.480986538,1.578591879,1.896073365,1.494204579,1.825489194,1.556335358,1.717068421,1.654990418,1.606126057,1.844457051,1.810477631,1.455681782,1.344788257,1.936269213,1.882196326,1.551683519,1.597748464,1.925818037,1.55563367,1.477720443,1.42590353,1.556951193,1.761305584,1.791234306,1.503625078,1.814693015,1.844818401,1.834482109,1.835841062,1.942693997,1.947623926,1.3226776,1.344509345,1.546461517,1.9845445,1.973150636,1.416514433,1.51564735,1.748666245,1.737303265,1.972662585,1.590163002,1.63603169,1.97420111,1.53153771,1.54709788,1.358100889,1.418122902,1.761862905,1.530806007,1.439529799,1.652899198,1.760366776,1.9015893,1.938845936,1.819848638,1.727714705,1.515572363,1.811490848,1.927625245,1.644701372,1.728108952,1.361690874,1.570762518,2,1.772973477,1.971866676,1.983375931,1.371933899,1.367147385,1.871068223,1.42511009,1.501825466,1.548217557,1.706182808,1.782862746,1.969125541,1.770513613,1.644803584,1.983323817,1.98508484,1.791048247,1.723461588,1.4981845,1.396579895,1.345164797,0,1.789789012,1.846789657,1.590170504,1.603689694,1.527992799,1.595658262,1.610129307,1.940564963,1.420834883,1.569644932,1.577357569,1.509565465,1.522475229,1.612712336,1.637073133,1.631392572,1.457723632,1.521363257,1.427341896,1.422765932,1.66314213,1.42251334,1.607537571,1.693855434,1.857278164,1.70803089,1.751041314,1.804616456,1.816362736,1.639154491,1.839096192,1.476184063,1.30172117,1.676934257,1.660938451,1.876028622,1.966564065,1.413368475,1.370058837,1.504287141,1.603676252,1.491435606,1.565453297,1.706034739,1.658818744,1.626939609,1.476151273,1.474000479,1.474971538,1.482067869,1.619323688,1.503570382,1.642238,1.59315913,1.491204073,1.364884803,1.62896452,1.817102243,1.552173017,1.93540777,1.867897876,1.514173,1.56201002,1.606568925,1.626018073,1.960057872,1.931111226,1.627242817,1.563608646,1.393811724,1.5052707,1.618033326,1.434942175,1.448520622,1.721073772,1.710946006,1.470027216,1.375952858,1.549858243,1.836871934,1.413931867,1.582515832,1.839782316,1.828513861,1.709356126,1.820417596,1.801590485,1.627407399,1.63747085,1.479141927,1.617296404,1.580425205,1.861907053,1.72554482,1.84438809,1.535723557,1.430017214,1.414139971,1.726873033,1.781255249,1.773409977,1.918127606,1.786288967,1.763398848,1.937542314,1.957334059,1.407829075,1.315475372,1.605612023,1.623193589,1.711520403,1.687070508,1.801403426,1.803563864,1.919227593,1.928519395,1.837389402,1.733005215,1.803881828,1.848951939,1.935123254,1.771168642,2,1.58436534,1.913551096,1.867224942,1.496540416,1.438804804,1.537212622,1.665756431,1.534320565,1.481717511,1.735100381,1.366030034,1.883061962,1.956155025,1.673223705,1.624795353,1.542016362,1.647256361,1.70638161,1.948455262,1.845540653,1.840700186,1.919375763,1.854093964,1.622664539,1.64209959,1.707512369,1.669368877,1.662671254,1.562477072,1.82671936,1.930999998,1.877138309,1.742012224,1.536464564,1.964942012,1.921331378,1.883087239,1.995048401,1.579392276,1.782605466,1.73674464,1.768624557,1.565095927,1.521590053,1.847938871,1.689638557,1.87275698,1.819188943,1.639734811,1.738655305,1.767513233,1.725073091,1.570356223,1.799387973,1.673101594,1.592308084,2,1.999984892,1.894008963,,
CD_083_V1,1.560068013,1.843241674,1.825727445,1.816465446,1.756031112,1.441373477,1.249761599,1.873557655,1.886186327,1.42242046,1.392628834,1.294844009,1.396456081,1.86987747,1.910249146,1.871724,1.886133176,1.732851779,1.801451975,1.801121608,1.258473317,1.853128172,1.88666851,1.768820893,1.848868823,1.912906438,1.919068878,1.823618673,1.661024256,1.787250754,1.727301105,1.403370255,1.616272274,1.783222388,1.828718388,1.965558258,1.835249869,1.682628439,1.694573955,1.842722113,1.841037026,1.871202454,1.866158836,1.241951458,1.246448109,1.608445592,1.727200564,1.169031969,1.175142506,1.780871475,1.820054188,1.531169293,1.242957185,1.191014321,1.771064095,1.872098703,1.260215921,1.249066597,1.293288407,1.927201215,1.140490135,1.20435029,1.851624535,1.814593009,1.778054863,1.800519331,1.232027872,1.451911018,1.851166525,1.629377275,1.499483918,1.24862393,1.295819397,1.2935649,1.842841182,1.9369048,1.417354391,1.65544455,1.841640678,1.87985445,1.731553713,1.779113865,1.520837091,1.258264262,1.160734453,1.141179005,1.835824835,1.816193393,1.112506319,1.787943116,1.849225363,1.332677878,1.245146937,1.660438603,1.808102221,1.918565084,1.873577526,1.199322319,1.192997424,1.375626968,1.369839287,1.727174106,1.647098672,1.733259365,1.789789012,0,1.200114738,1.911005942,1.837930792,1.797124718,1.867704601,1.864805573,1.130260122,1.894688824,1.924846345,1.802469785,1.768557694,1.797844296,1.87182155,1.236874951,1.519173042,1.705726921,1.486348264,1.753245124,1.685882151,1.225894772,1.707533103,1.854150618,1.906748886,1.204973573,1.376517775,1.574931784,1.514007914,1.294517313,1.473555565,1.888756616,1.817389998,1.75607194,1.277244271,1.373408633,1.506366116,1.222171079,1.881986971,1.806052843,1.829855706,1.888085986,1.875511606,1.181326233,1.236311991,1.558542988,1.469000618,1.770526055,1.766643598,1.819600673,1.850516443,1.788232485,1.790022704,1.85338821,1.87965526,1.808810156,1.746788964,1.293546759,1.548425532,1.644165401,1.100251174,1.07860948,1.913836215,1.903335992,1.49924877,1.372375172,1.217834908,1.282750477,1.476812203,1.541429933,1.751554304,1.356870667,1.276953309,1.909046034,1.853338399,1.420107303,1.36197377,1.85326413,1.836964786,1.349281751,1.204462387,1.882366634,1.89375562,1.328450485,1.21722527,1.268792879,1.266939841,1.272760419,1.313433519,1.872197968,1.842308939,1.846886154,1.865077635,1.087598015,1.1171729,1.932292515,1.862411721,1.796989564,1.824328444,1.26817485,1.267811122,1.22035012,1.635726243,1.375427417,1.276892174,1.201732154,1.283565593,1.781410197,1.827526514,1.307369718,1.273485713,1.27007074,1.257957039,1.211364254,1.064885017,1.090787148,1.107730014,1.279474902,1.880257827,1.204768058,1.209541559,1.220750327,1.388898219,1.520837091,1.855396617,1.34867632,1.329096824,1.759663429,1.709924345,1.816616324,1.641477921,1.810731298,1.790498662,1.901343453,1.803105563,1.088042454,1.206398965,1.895012031,1.919958965,1.409270841,1.33806859,1.536646364,1.106144316,1.259353327,1.240457627,1.33482939,1.338814214,1.350163576,1.523349523,1.356447326,1.359515251,1.301811125,1.310432811,1.211001065,1.114768236,1.102076403,1.246508565,1.291122699,1.238874922,1.071213899,1.431204855,1.619583022,1.308563671,1.253160782,1.311562232,1.338843808,1.436512273,1.569943147,1.062133876,1.246670435,1.097665306,1.261960009,1.444598107,1.321446718,1.238884179,1.260357227,1.334748744,1.31831684,1.263206147,1.319914207,1.520837091,1.576302729,1.832291801,,
CD_084_V1,1.880266492,1.8982007,1.889228889,1.926226078,1.896887838,1.340851665,1.106465116,1.889568227,1.885730561,1.890836508,1.890987857,1.864257855,1.864254282,1.87733962,1.901592237,1.825066113,1.890308606,1.741388062,1.775333712,1.781602275,1.923511775,1.780696414,1.848776079,1.83353908,1.869912214,1.888465834,1.914921836,1.785328567,1.582642608,1.843868122,1.813116559,1.257735823,1.518952123,1.819489962,1.858480436,1.973401798,1.843677863,1.857466928,1.823535567,1.804679571,1.791124472,1.795653334,1.893571544,1.920552464,1.925850231,1.93278924,1.95517184,1.579837803,1.629176379,1.816806159,1.835886298,1.859993058,1.350349446,1.571052628,1.849834762,1.88942764,1.926617311,1.900557288,1.089082605,1.909434055,1.594380927,1.127403478,1.90067875,1.901368907,1.832814388,1.840664111,1.889374781,1.373259724,1.845564094,1.585472644,1.405394356,1.081108703,1.12236296,1.945427828,1.929985486,1.938461187,1.921979746,1.96491404,1.812637192,1.851206367,1.781406962,1.857638933,2,1.108504184,1.522314148,1.373681222,1.869460445,1.881433559,1.087386746,1.810478924,1.848210811,1.873537342,1.87289556,1.573418945,1.745084358,1.72244056,1.717156471,1.13191835,1.13043439,1.863439853,1.891210241,1.770275556,1.785085841,1.771087263,1.846789657,1.200114738,0,1.847535669,1.897024105,1.880925597,1.877352976,1.916992336,1.173854984,1.875263666,1.897185039,1.825586899,1.831852565,1.864593819,1.878156447,1.864055882,1.929824388,1.806578028,1.36814635,1.812400291,1.812386662,1.710341624,1.780602669,1.778053852,1.83376358,1.027928202,1.887418495,1.913160438,1.937993401,1.949543055,1.342580279,1.829696532,1.820288248,1.833262345,1.814250146,1.800898468,1.950110481,1.130947759,1.878607035,1.844387949,1.85031605,1.857825423,1.836290646,1.547896177,1.810839079,1.909784797,1.898994557,1.775927263,1.837355044,1.845066925,1.858108889,1.865302398,1.847579622,1.806357805,1.839699475,1.835464412,1.817244484,1.852227911,1.427017905,1.562094386,1.135748722,1.250387589,1.87662528,1.849853438,1.400383441,1.257027418,1.30231822,1.912381024,1.343743303,1.444544,1.823616276,1.848244884,1.886000551,1.903017336,1.89404704,1.328570361,1.230963558,1.848095804,1.82261003,1.284562825,1.048025385,1.879194013,1.867472172,1.8451348,1.648460743,1.832558046,1.841733102,1.915755631,1.915890482,1.884543082,1.873890163,1.874439996,1.856016911,1.141019546,1.398272716,1.9441394,1.876222228,1.893091328,1.858315426,1.893415117,1.932722079,1.86062087,1.924951138,1.869769336,1.875311791,1.546599801,1.593415052,1.825281402,1.852882397,1.881478041,1.884674953,1.878492402,1.865400983,1.760310012,1.188348226,1.326783248,1.122760703,1.1382663,1.847395644,1.901875807,1.938068757,1.549222077,1.697064124,2,1.829531929,1.954673794,1.943708612,1.80768695,1.79563751,1.774185288,1.574433517,1.817734509,1.842177963,1.90350616,1.790340354,1.090343372,1.137507774,1.834326866,1.881989488,1.890792932,1.885272239,1.449802718,1.232414535,1.887161942,1.913241296,1.968109652,1.944711192,1.917739903,1.910258837,1.903185585,1.913079995,1.822982866,1.839507239,1.699154862,1.10872756,1.076459516,1.919361029,1.835691561,1.083232075,1.137379786,1.953366739,1.991601696,1.802018105,1.88401845,1.890860929,1.891650015,1.857986838,1.871175055,1.24843057,1.763741376,1.368986434,1.828150034,1.78972643,1.859561226,1.903069353,1.883099365,1.896344258,1.94503906,1.823192522,1.839817597,2,2,1.899501663,,
CD_084_V3,1.882047253,1.657486546,1.69946663,1.898293478,1.718672287,1.661045823,1.726653908,1.780509679,1.517528992,1.847611099,1.863711136,1.839393557,1.774454821,1.659108493,1.662725914,1.785043465,1.728316318,1.788452808,1.671062844,1.701726571,1.911386553,1.446364273,1.946034898,1.758654275,1.807702482,1.701736261,1.64715628,1.803001304,1.756395243,1.837094979,1.819844509,1.964951153,1.924134121,1.782623237,1.818021536,1.955990061,1.835614469,1.89190447,1.864490142,1.660473677,1.814563052,1.784481576,1.56667506,1.910208053,1.917262503,1.957752701,1.974431447,1.97867248,1.976595415,1.511550114,1.518296433,1.893676905,1.992671934,1.991686516,1.763316395,1.761969379,1.965779828,1.87928115,1.977540428,1.59516554,1.823778036,1.976306414,1.320376399,1.400237415,1.529013921,1.674301105,1.951747468,1.686250117,1.601255675,1.820785062,1.832076419,1.953491394,1.939079325,1.898680425,1.690344987,1.345760922,1.943349614,1.981697305,1.896799101,1.844325239,1.675494852,1.831927486,2,1.88944475,1.994659751,1.997536557,1.589007547,1.582836809,1.937023935,1.561501186,1.631484112,1.872606335,1.862810621,1.906203183,1.986566118,1.70800901,1.646733237,1.991519435,1.994765089,1.915185924,1.878327265,1.690171215,1.634384748,1.55360347,1.590170504,1.911005942,1.847535669,0,1.820790568,1.824245561,1.699667252,1.870512268,1.97667262,1.560467663,1.351735414,1.833432465,1.588835398,1.516525294,1.450764938,1.821137685,1.792342469,1.781226416,1.425437281,1.608476764,1.737240824,1.934031739,1.775052586,1.699602763,1.448311263,1.84147639,1.873644516,1.889740543,1.951443291,1.971871968,1.528664483,1.721163054,1.578915689,1.816303528,1.869590856,1.865980018,1.910827196,1.977266371,1.525655852,1.643836936,1.731306109,1.693619252,1.576900121,1.773301234,1.763935355,1.931259698,1.925538701,1.811916915,1.840871212,1.649716714,1.552527877,1.723052246,1.745998186,1.737463467,1.55847169,1.757978435,1.723384878,1.881110843,1.816564945,1.432483267,1.977609502,1.952587675,1.691763767,1.717484381,1.624857554,1.655948866,1.972230166,1.982704749,1.412176101,1.61569043,1.765371906,1.835636192,1.907734542,1.52818151,1.548994894,1.81116276,1.844411193,1.333093892,1.235814244,1.775617629,1.91811921,1.524101469,1.811973377,1.830142969,1.816686511,1.846232669,1.886499797,1.819827721,1.86150187,1.738494237,1.660103693,1.868294853,1.837949673,1.951495053,1.873031643,1.877784456,1.886612585,1.823971513,1.818161491,1.881915841,1.90704891,1.836589023,1.8112685,1.921580138,1.925182441,1.96618124,1.988024733,1.60736908,1.325395396,1.800678989,1.847645433,1.862178594,1.845810926,1.860020634,1.891218887,1.978508676,1.983864223,1.883152729,1.580155601,1.927394525,1.960933358,1.976101148,1.926453084,2,1.702657544,1.927613435,1.904880814,1.775463721,1.802049105,1.37799064,1.858070539,1.751358361,1.600872333,1.883394338,1.752671101,1.91169561,1.98489756,1.871508982,1.657934575,1.755631696,1.75465909,1.589941512,1.980654262,1.904388472,1.869326346,1.955279726,1.931690261,1.921677301,1.908240947,1.907937341,1.871924989,1.833156526,1.787456251,1.951539727,1.979226558,1.922435585,1.915023946,1.907777709,1.961062549,1.909448893,1.976516258,1.996816934,1.777586985,1.819388821,1.925704798,1.94648016,1.671668518,1.704350947,1.96685487,1.91797679,1.938973177,1.802249273,1.888115293,1.8556857,1.83708211,1.797450311,1.903268465,1.937475328,1.845980904,1.874840942,2,2,1.952438216,,
CD_085_V1,1.618880238,1.723735731,1.737261606,1.588442547,1.500357276,1.712916623,1.815697275,1.541721579,1.508701126,1.634764679,1.634999811,1.808694614,1.81703482,1.598954976,1.665936436,1.612850568,1.645722789,1.505480945,1.587289732,1.453504278,1.906903497,1.67479225,1.815092331,1.666075269,1.778914453,1.756110661,1.779682845,1.878363992,1.866163353,1.536772872,1.56508776,1.89976185,1.915809176,1.521580487,1.629473447,1.926425214,1.539776071,1.843197676,1.728543836,1.765833127,1.900057129,1.547058273,1.417400185,1.903612235,1.898926663,1.653013889,1.690078228,1.968555419,1.92409801,1.612626587,1.591956889,1.856705765,1.985508743,1.977302959,1.480290044,1.521859605,1.864759269,1.822326113,1.979660394,1.830156446,1.754943852,1.981663419,1.646446882,1.634598972,1.583980967,1.593923161,1.833890255,1.719095007,1.742084321,1.724231355,1.750125993,1.933942933,1.932265052,1.918332403,1.446132046,1.578561561,1.869950954,1.930348491,1.583416362,1.436041335,1.551712395,1.734050093,2,1.855270869,1.979165608,1.987978057,1.621707504,1.676458409,1.94732167,1.604094767,1.660098568,1.796901033,1.856448607,1.808883836,1.978698206,1.547549596,1.435893533,1.9799854,1.979700044,1.758178009,1.685332737,1.537946942,1.649288586,1.581652082,1.603689694,1.837930792,1.897024105,1.820790568,0,1.263988944,1.701706212,1.668997933,1.92760904,1.596858875,1.672531354,1.301943285,1.24121516,1.663275765,1.691636067,1.79465485,1.946008165,1.678817925,1.63787741,1.522634862,1.522791279,1.807628818,1.674674995,1.590544823,1.734724599,1.849676917,1.835768836,1.896798165,1.641777277,1.847032518,1.669166694,1.754949978,1.440354085,1.679435497,1.735048921,1.703969065,1.935932173,1.981112093,1.658006656,1.719813832,1.555489127,1.737168831,1.617357948,1.816816074,1.886791907,1.924603952,1.910884077,1.549119681,1.680574251,1.674004106,1.735156994,1.605397113,1.60223649,1.577566461,1.600123276,1.470752017,1.480883079,1.837443409,1.840017379,1.679428184,1.969927109,1.956727659,1.850418239,1.782628604,1.74775295,1.797329998,1.971718265,1.961963622,1.706380482,1.673293568,1.610796856,1.714367746,1.803008637,1.805976606,1.70226351,1.715684538,1.706034615,1.712035972,1.646809565,1.586298384,1.871942585,1.657634521,1.544105025,1.938334254,1.925478269,1.798430512,1.853819364,1.795097196,1.85383686,1.812751916,1.70955467,1.397252104,1.347862549,1.928519819,1.833201152,1.881738204,1.605180199,1.62546527,1.566698306,1.77746395,1.835728692,1.83840342,1.895542257,1.787457162,1.869758719,1.944334859,1.964160494,1.659066063,1.635254238,1.812382843,1.830812562,1.834206362,1.820469354,1.815988468,1.855089345,1.870251006,1.938729381,1.801415375,1.731768012,1.828303488,1.887178731,1.963668872,1.916905791,2,1.399534416,1.955896417,1.920494577,1.611225644,1.56786742,1.524629419,1.550661191,1.528047554,1.562658672,1.776940055,1.502298912,1.925980902,1.983536634,1.734851376,1.760992752,1.918611296,1.9092192,1.792129197,1.93338974,1.876561907,1.868842077,1.887001602,1.695591738,1.893942752,1.877656981,1.558299192,1.588844944,1.706469996,1.682971449,1.899437367,1.962127719,1.927216765,1.884327777,1.731720246,1.969186216,1.969209575,1.911662242,1.992536229,1.656391547,1.819869889,1.819710923,1.825415544,1.684436313,1.874277018,1.844914169,1.691327206,1.855169489,1.9159256,1.71454608,1.810561152,1.784737201,1.781344779,1.872882167,1.770592136,1.810992834,1.828595918,2,1.999741027,1.673171038,,
CD_085_V3,1.349223396,1.428259434,1.44498164,1.278553017,1.314029286,1.767843329,1.85589395,1.350409367,1.544221529,1.296353121,1.371653573,1.722500004,1.643802487,1.582357464,1.655995269,1.600732391,1.456794398,1.497821743,1.493985913,1.252361845,1.882698086,1.682934108,1.794916229,1.601641844,1.766086786,1.678933291,1.748881193,1.942742588,1.937050018,1.557271359,1.503642164,1.93934019,1.945519024,1.385546998,1.327648573,1.856965393,1.378984331,1.632416938,1.485680402,1.664431409,1.864484526,1.475141058,1.337027214,1.847654212,1.846084849,1.326259407,1.35995284,1.975696506,1.942316187,1.398130101,1.439439928,1.748182603,1.992490908,1.983798554,1.321952768,1.337647803,1.879868159,1.810270578,1.990390292,1.833230104,1.570876831,1.97305349,1.455597573,1.30761878,1.569582967,1.607553756,1.737000537,1.671290669,1.593566675,1.775055749,1.794004021,1.903363748,1.929608192,1.876660488,1.453900373,1.655791329,1.889791478,1.968470306,1.557829901,1.452586467,1.573338062,1.534384179,2,1.805692737,1.980462887,1.98851526,1.616244577,1.61294366,1.908273615,1.596655922,1.712540233,1.471388304,1.772971562,1.892881336,1.987287393,1.613641289,1.507307977,1.982831453,1.98504814,1.701252585,1.563154766,1.394611891,1.423303518,1.525829927,1.527992799,1.797124718,1.880925597,1.824245561,1.263988944,0,1.616665198,1.53460208,1.897983074,1.567426527,1.670097778,1.376146603,1.45334831,1.59932757,1.685416767,1.704799903,1.880130857,1.564613259,1.711333444,1.447179632,1.473343409,1.753432634,1.492177246,1.48698409,1.657215158,1.834947091,1.687238929,1.734887747,1.359246194,1.892910758,1.747068853,1.827624779,1.305628512,1.520980758,1.727155241,1.680880668,1.919158618,1.973047645,1.663059666,1.542631672,1.459121322,1.747276991,1.7213319,1.609661533,1.786029921,1.825365146,1.806530446,1.511795226,1.538170337,1.320348514,1.396035708,1.496512756,1.279217319,1.508790613,1.679146019,1.433395395,1.337349652,1.725454257,1.91660324,1.813625009,1.967150827,1.958603236,1.872331179,1.787262156,1.767924178,1.763523606,1.963198527,1.948125339,1.816065023,1.761854041,1.597856828,1.455920711,1.718014641,1.785590083,1.59239421,1.792463327,1.801825812,1.582709019,1.613080806,1.439995122,1.841920311,1.663646099,1.526560153,1.928093483,1.898755329,1.736109021,1.775854896,1.604366657,1.67491904,1.833551698,1.736089234,1.353396104,1.437500508,1.880027251,1.77420682,1.888651464,1.629005622,1.55013068,1.535296724,1.743599669,1.762033558,1.736651937,1.850677857,1.787366074,1.840734717,1.956675068,1.977747616,1.589218717,1.634775224,1.63553578,1.665873237,1.720561073,1.712791648,1.85843689,1.871435168,1.807034561,1.910049615,1.843749286,1.801176085,1.772261706,1.839660301,1.982564932,1.915781354,2,1.40140148,1.937716593,1.907717014,1.619270572,1.52941913,1.565029492,1.591135138,1.382999382,1.511197289,1.717215813,1.421243705,1.871377954,1.970159559,1.762526357,1.815574749,1.799752603,1.68332158,1.898943469,1.946540058,1.746502884,1.781650961,1.915267919,1.713019092,1.756470286,1.718589885,1.571728357,1.5365011,1.496487453,1.405554235,1.899871405,1.958737421,1.854339572,1.859925266,1.49473823,1.971089353,1.950895114,1.926668178,1.989150275,1.543681581,1.703994829,1.852943898,1.882888503,1.454910599,1.760196045,1.862996743,1.681436819,1.866446194,1.856527374,1.665566214,1.734551526,1.772065438,1.628868623,1.722826682,1.721330842,1.692527651,1.748065183,2,1.999914951,1.407463299,,
CD_087_V1,1.799672821,1.55973755,1.582361432,1.822006736,1.66973965,1.775703439,1.851119867,1.725313686,1.644495748,1.782255117,1.840773992,1.774044659,1.797995223,1.537219424,1.614376059,1.580766034,1.661244262,1.499362702,1.540456393,1.646303097,1.90776598,1.739522561,1.64814849,1.607521939,1.711047993,1.771290474,1.807924808,1.816548997,1.818644114,1.643691272,1.544709839,1.90857994,1.907684309,1.645274211,1.681053015,1.894949433,1.59245694,1.679450568,1.600172863,1.807662879,1.898474556,1.55735594,1.642174721,1.885396951,1.865668483,1.839096443,1.873607881,1.958970425,1.950974922,1.546218569,1.542965474,1.711635432,1.986626385,1.977344909,1.61205476,1.6375496,1.875317005,1.841912611,1.977485515,1.823466835,1.696064483,1.974770654,1.5577257,1.575209195,1.512870019,1.510706854,1.760335379,1.684944706,1.579316619,1.828646244,1.809029343,1.906019901,1.935431895,1.94584231,1.816931301,1.629880354,1.874990908,1.957038392,1.57694975,1.625790118,1.465808545,1.586964434,2,1.814564955,1.962991364,1.975621003,1.660645696,1.664740735,1.933599722,1.549563856,1.639065037,1.693386413,1.848940573,1.859077004,1.978114355,1.743908369,1.656588507,1.972525955,1.970922518,1.692577016,1.732491568,1.395678647,1.473588472,1.403512756,1.595658262,1.867704601,1.877352976,1.699667252,1.701706212,1.616665198,0,1.284455924,1.850468134,1.673586801,1.585313746,1.558969102,1.539164474,1.586645914,1.549467309,1.742697269,1.944242969,1.529916667,1.645630738,1.453867965,1.506407421,1.828235222,1.602948593,1.475237924,1.725732281,1.872103875,1.781866583,1.860636584,1.855961665,1.932228321,1.765005916,1.949149396,1.516544503,1.596421432,1.660234731,1.553153239,1.969223474,1.975420204,1.662318666,1.589746932,1.638576275,1.626376513,1.537265908,1.779941533,1.876822802,1.80921242,1.788684345,1.538169847,1.626619568,1.531945586,1.38100016,1.692504162,1.620022199,1.527779975,1.580763768,1.543355436,1.522694775,1.694577375,1.866804136,1.575276696,1.953955784,1.939122625,1.835270633,1.71762711,1.74966432,1.74473829,1.956280617,1.948821511,1.587797392,1.613797947,1.603287295,1.582886055,1.745794919,1.656866501,1.642845673,1.705970002,1.676602074,1.505728547,1.50953245,1.527078156,1.819478169,1.662148755,1.541640089,1.958669439,1.954447321,1.736452889,1.742016936,1.842986717,1.856489886,1.794109387,1.704699609,1.670848914,1.670110513,1.917844152,1.840364296,1.863871601,1.66718052,1.744383526,1.586358254,1.868955665,1.913504948,1.855575788,1.954136517,1.863552762,1.867248138,1.934184351,1.957860202,1.595590496,1.524765369,1.780732192,1.767952982,1.806438373,1.776299619,1.85602132,1.918664779,1.90443797,1.926714005,1.832006195,1.642685558,1.765267356,1.871138067,1.95174993,1.873795894,2,1.539789007,1.946168514,1.927168053,1.453941983,1.461068036,1.553138032,1.660618413,1.573473569,1.669218091,1.843751903,1.528953378,1.93168128,1.974465456,1.624836694,1.671976832,1.872748652,1.869669081,1.70645537,1.912576836,1.794331175,1.859052769,1.818883511,1.825063305,1.778001137,1.805510145,1.820379915,1.818689503,1.642174792,1.670349276,1.882104967,1.960144785,1.875101727,1.845709382,1.598748723,1.967826423,1.954530936,1.944413084,1.993422317,1.577760739,1.803500833,1.737451074,1.795700539,1.632042263,1.855870525,1.885435552,1.808132211,1.86803526,1.92748094,1.580086567,1.753079567,1.893973714,1.840859142,1.750743347,1.882994153,1.67847505,1.686108749,2,2,1.83717298,,
CD_087_V3,1.877289168,1.615757873,1.607150283,1.815625468,1.741166451,1.855856795,1.905223515,1.657029617,1.72479083,1.746076773,1.843679211,1.815200458,1.797928157,1.629244944,1.699064889,1.660356778,1.621326889,1.625411196,1.645848605,1.464889354,1.915975299,1.795397924,1.717180339,1.729760109,1.817545337,1.841608222,1.813463244,1.846361885,1.884784614,1.389539787,1.463058382,1.908007483,1.933488258,1.668428795,1.631938059,1.885915532,1.665439381,1.649719831,1.590307253,1.812235955,1.912304626,1.698215679,1.600288072,1.894461088,1.888045173,1.838256504,1.84817635,1.944352613,1.876423245,1.611012425,1.52229462,1.703531145,1.989387632,1.982819843,1.516535973,1.404755239,1.833652771,1.757197023,1.987423252,1.842011616,1.719281436,1.980601811,1.715553112,1.631245626,1.635249474,1.490350087,1.788415115,1.677618374,1.655653958,1.842628316,1.862163538,1.914807918,1.950475124,1.898568723,1.534905992,1.83198221,1.897094509,1.963934252,1.754200138,1.757275743,1.619494954,1.63502266,2,1.847922492,1.980335004,1.987203855,1.744765267,1.705845076,1.93242805,1.640356712,1.742058023,1.621048557,1.847249864,1.840476904,1.984160383,1.858943685,1.808502189,1.984119797,1.984420217,1.749053978,1.527075369,1.499240122,1.514555414,1.566786294,1.610129307,1.864805573,1.916992336,1.870512268,1.668997933,1.53460208,1.284455924,0,1.908677973,1.727724496,1.775019173,1.466187989,1.674123321,1.678589571,1.739450735,1.752142684,1.951841883,1.511086163,1.758742437,1.556484683,1.558942863,1.620673586,1.668255301,1.702224224,1.652511098,1.897745904,1.804101929,1.841523866,1.84338003,1.936896001,1.614881638,1.557225738,1.684152597,1.595773626,1.659161584,1.577906522,1.9533897,1.980946249,1.761104845,1.634049838,1.750042183,1.779180637,1.73879592,1.700173085,1.835178046,1.798988223,1.78469111,1.666288514,1.660555498,1.528536119,1.571252969,1.653388813,1.593103612,1.731259324,1.824772101,1.321988807,1.419010553,1.71019522,1.928438792,1.8056762,1.971233705,1.956789121,1.864110596,1.817638743,1.828403017,1.790213791,1.974072914,1.963846675,1.806476928,1.746118685,1.619543283,1.577414238,1.756622461,1.780278693,1.691314539,1.75998893,1.773819448,1.681959453,1.690777611,1.660691386,1.886156369,1.762215525,1.669962144,1.956908931,1.958564089,1.789766659,1.809318872,1.822691616,1.832495425,1.861344757,1.810483591,1.560672412,1.54891401,1.91412103,1.850142303,1.917550398,1.625541914,1.758726037,1.668731612,1.915425309,1.926178766,1.805662386,1.944680975,1.798268058,1.888019367,1.952412778,1.972374951,1.651027226,1.660900973,1.771198389,1.713426757,1.825772068,1.808266917,1.892520726,1.930513912,1.893261458,1.964687292,1.89251162,1.739208237,1.813250589,1.878675602,1.968876693,1.901072664,2,1.690155799,1.956776003,1.862466314,1.523014274,1.525495149,1.708183737,1.723412369,1.469096076,1.586561195,1.863816182,1.606133706,1.900701369,1.972316915,1.724391039,1.789992735,1.853644869,1.831816382,1.865903639,1.9547984,1.837110049,1.871071773,1.871352022,1.866443252,1.778089369,1.796863208,1.840919354,1.823710417,1.708972664,1.671556793,1.906683477,1.966387628,1.847974738,1.827484746,1.584254826,1.956049691,1.969365813,1.930595498,1.995377045,1.656446746,1.822952976,1.751641449,1.805098618,1.643380916,1.86421052,1.871509361,1.750372321,1.843049021,1.874548921,1.699448246,1.803447151,1.888035636,1.789280611,1.706419579,1.859735246,1.727243543,1.716189425,2,2,1.899835069,,
CD_088_V1,1.616430233,1.944826591,1.921566473,1.965618673,1.962399711,1.481563557,1.276383928,1.959013462,1.941366673,1.553022422,1.522094199,1.365289191,1.490423321,1.915183806,1.929366369,1.894491414,1.947373057,1.774454706,1.787222919,1.891739595,1.336926441,1.899324583,1.787464741,1.88420728,1.908969881,1.911973138,1.952778159,1.844225099,1.697987227,1.945268415,1.932358346,1.265026223,1.537569535,1.869490682,1.922594976,1.975911126,1.777801105,1.889346026,1.886388016,1.929389007,1.878613215,1.609325576,1.938923058,1.322005704,1.321020647,1.691463223,1.824633471,1.210149287,1.209492435,1.924803855,1.915553211,1.6994068,1.099351825,1.144842612,1.946713102,1.960887668,1.33106607,1.361106229,1.197529283,1.962231839,1.291370313,1.119212618,1.942692717,1.939838966,1.917481236,1.922940308,1.289796486,1.566936514,1.93260665,1.7116095,1.500896081,1.223014076,1.257734807,1.383768674,1.951657621,1.984213812,1.520227593,1.706630347,1.84360071,1.808421431,1.817834339,1.888387573,1.491481429,1.290300961,1.156479275,1.114973671,1.964096422,1.961163158,1.083479194,1.89618103,1.924394147,1.496480657,1.369779768,1.559787224,1.656892924,1.908121099,1.883290631,1.126905835,1.109091112,1.406012281,1.478944796,1.724360286,1.79062931,1.702829238,1.940564963,1.130260122,1.173854984,1.97667262,1.92760904,1.897983074,1.850468134,1.908677973,0,1.944253514,1.866154508,1.843059878,1.871662013,1.900004454,1.834152346,1.356525805,1.581483071,1.905273092,1.584045469,1.78079163,1.81118745,1.338921134,1.835027061,1.671156363,1.948462984,1.193702935,1.447018577,1.677078683,1.644502924,1.37288839,1.525074981,1.901552633,1.810563054,1.868550396,1.326351494,1.392081617,1.584140109,1.130444546,1.970646569,1.878377295,1.870456058,1.88864829,1.881468993,1.32316756,1.366807458,1.703685847,1.618734327,1.810500238,1.925034795,1.934355427,1.910336274,1.949509761,1.943341579,1.705266181,1.824070192,1.843123602,1.871261862,1.407634091,1.366521171,1.607259693,1.071828993,1.11018352,1.942587517,1.878974472,1.59814063,1.471964879,1.160245701,1.324727585,1.478873849,1.572717495,1.876863356,1.500337413,1.432149922,1.957606922,1.959610696,1.498043045,1.410450416,1.89678423,1.906645106,1.408865092,1.182370992,1.970858695,1.868582858,1.414674339,1.271721612,1.329877792,1.277474694,1.376085585,1.415272081,1.928943953,1.937362114,1.951422948,1.960291711,1.093531578,1.203841538,1.957650269,1.912964584,1.943496061,1.864873919,1.393641254,1.381320813,1.351795792,1.606741325,1.501920387,1.395645589,1.173327601,1.1922868,1.947437412,1.954957668,1.49005881,1.422683629,1.410957619,1.40596166,1.322130146,1.119253044,1.102237504,1.065805,1.263579704,1.831432692,1.318299738,1.328360737,1.245867064,1.432800715,1.491481429,1.825068768,1.416210169,1.406513462,1.824901636,1.782443768,1.823718683,1.684538548,1.905458724,1.951069753,1.941873906,1.875958088,1.087271182,1.124907927,1.637670704,1.757880674,1.516649634,1.438605722,1.548814263,1.057627935,1.275679667,1.320882695,1.426977284,1.450150502,1.572925606,1.716542816,1.487616238,1.488649438,1.355941126,1.452305193,1.28155958,1.079486699,1.091667232,1.345559078,1.379215382,1.151769678,1.075908393,1.275046846,1.332870459,1.426578936,1.349255276,1.416190012,1.41426995,1.619567936,1.662779184,1.103602087,1.403117711,1.165868675,1.34996091,1.450389698,1.411326657,1.372271246,1.426407531,1.523836362,1.420584256,1.305108733,1.438477617,1.491481429,1.604344537,1.806415919,,
CD_089_V1,1.71689379,1.624258384,1.702402392,1.756366734,1.665350355,1.715304088,1.772862155,1.576588259,1.475990105,1.711551034,1.749164629,1.820316826,1.805203529,1.662224324,1.647392576,1.587490697,1.576573794,1.544034995,1.538626195,1.611782721,1.894951322,1.482744576,1.860501477,1.542247857,1.784187603,1.623640659,1.735804871,1.842017939,1.789483826,1.641167113,1.580305438,1.931994543,1.896377245,1.524885043,1.58244539,1.919505706,1.540116554,1.872481933,1.796984139,1.62417902,1.775849161,1.706279002,1.554521373,1.871323484,1.879661362,1.784952473,1.79469793,1.963427215,1.949258753,1.563634885,1.587462592,1.922612818,1.990966534,1.9778365,1.434523101,1.529125425,1.844600421,1.853094118,1.981260883,1.790348565,1.82859563,1.981759976,1.591825678,1.627461774,1.486943162,1.586572745,1.870182515,1.652760861,1.596299262,1.749017341,1.799144695,1.960599969,1.953272204,1.884035618,1.597535314,1.633619003,1.824722532,1.931810679,1.529244762,1.671830047,1.520258882,1.749145219,2,1.836240851,1.974401455,1.984716929,1.423912505,1.507889615,1.92796052,1.571284305,1.666490801,1.836261097,1.84151487,1.764671112,1.967958578,1.765495587,1.652327847,1.9849653,1.986356656,1.74898188,1.749731819,1.548451288,1.637813664,1.53706864,1.420834883,1.894688824,1.875263666,1.560467663,1.596858875,1.567426527,1.673586801,1.727724496,1.944253514,0,1.176083188,1.632387139,1.515361313,1.652736971,1.64307793,1.797839227,1.943508359,1.726749948,1.48114775,1.53552492,1.640198999,1.84297819,1.740542955,1.595426087,1.668374937,1.868498047,1.821035699,1.897339354,1.76793117,1.87336166,1.709357149,1.920947229,1.445744861,1.511051205,1.770850712,1.67022697,1.807490665,1.97552049,1.51553962,1.54609876,1.512068395,1.621818604,1.509968964,1.768989623,1.832474708,1.979141851,1.964299467,1.533992265,1.679746643,1.684670755,1.668243125,1.659822396,1.528166447,1.57359865,1.533804632,1.551795485,1.460826609,1.893173314,1.792366135,1.531107477,1.96364229,1.948512377,1.8166083,1.706060055,1.658033757,1.664266772,1.967642646,1.953657091,1.585675275,1.593121292,1.532389078,1.75300661,1.850973056,1.59173164,1.591547209,1.786977416,1.772977474,1.563673553,1.452694465,1.610362518,1.86971135,1.515446286,1.716165141,1.929199063,1.8972379,1.791356285,1.857388728,1.808487905,1.790177762,1.750949476,1.502520835,1.761156851,1.677935699,1.945844294,1.788306969,1.863557308,1.587845953,1.545228607,1.544822603,1.726338543,1.796618212,1.748599803,1.912870824,1.853955357,1.854148419,1.932513299,1.948932213,1.592213225,1.440206217,1.769045296,1.873235483,1.807804251,1.8116084,1.851938791,1.857827178,1.908025891,1.932832357,1.796417986,1.658634836,1.863390041,1.916989789,1.959589326,1.921437117,2,1.627657153,1.955150591,1.935916749,1.548024785,1.595483434,1.589073786,1.668406447,1.518789358,1.548227138,1.702693348,1.399972086,1.934709705,1.988496795,1.684348333,1.673239666,1.92087486,1.878629287,1.714964432,1.9477649,1.874830332,1.834756609,1.939943139,1.897001539,1.944175593,1.886292099,1.807774188,1.813873587,1.727055101,1.705226811,1.911089944,1.964074361,1.904622453,1.827926071,1.744098468,1.975602241,1.946072353,1.897651052,1.99615673,1.711597154,1.762658309,1.886613464,1.877740011,1.751978551,1.856744325,1.913015121,1.876082035,1.86849106,1.892493643,1.760540319,1.782207797,1.840656735,1.738632185,1.956719922,1.948263269,1.826626907,1.902534584,2,1.999096161,1.824152111,,
CD_089_V3,1.768709924,1.663052474,1.720830514,1.837433207,1.688934288,1.706181735,1.759338091,1.710763344,1.459390081,1.826083528,1.829961654,1.815546288,1.851195165,1.650654643,1.654048758,1.663174074,1.672130879,1.649507984,1.599168593,1.750320991,1.930312166,1.527021997,1.815384136,1.684264291,1.787159158,1.718195193,1.7395406,1.860572911,1.789264163,1.827552261,1.805438573,1.920069524,1.905138922,1.707803343,1.78353036,1.925358074,1.489483926,1.937166812,1.883729481,1.648335706,1.806101615,1.534457783,1.627615745,1.912647304,1.906758095,1.841513699,1.877749285,1.973160222,1.961652149,1.599393259,1.560676334,1.938169776,1.992205319,1.977272275,1.648560236,1.674589909,1.85552411,1.871254264,1.98296505,1.728928521,1.891880054,1.984259295,1.441331333,1.526345695,1.554992594,1.650898235,1.836434692,1.722527996,1.668559679,1.8249643,1.805265744,1.969580891,1.967278425,1.947481177,1.636042693,1.405672134,1.883798999,1.956868802,1.600482564,1.649332399,1.560412475,1.776515313,2,1.818977293,1.96646303,1.976827058,1.537462798,1.609192039,1.962034255,1.580612826,1.630776989,1.915252237,1.921372681,1.754591802,1.978979567,1.718332353,1.64582697,1.978106935,1.97748602,1.687071302,1.771232509,1.517597066,1.622169535,1.405648539,1.569644932,1.924846345,1.897185039,1.351735414,1.672531354,1.670097778,1.585313746,1.775019173,1.866154508,1.176083188,0,1.683931952,1.495034878,1.5486667,1.44102263,1.842490287,1.959255615,1.841191752,1.467519388,1.485379041,1.646869988,1.869372804,1.782551875,1.440333044,1.679411773,1.912074747,1.835627852,1.945471113,1.894622966,1.947163447,1.692396729,1.907866132,1.41916248,1.715199262,1.736735789,1.635499598,1.942204025,1.97852092,1.550621871,1.528673272,1.590205182,1.60098389,1.473350418,1.868049078,1.914191808,1.997431584,1.995876712,1.664452005,1.829348068,1.762189681,1.64835271,1.796478012,1.756067685,1.481858018,1.428569742,1.637488696,1.652721485,1.875657708,1.747510509,1.347515913,1.962270908,1.97044007,1.855382581,1.742867678,1.700458543,1.716517551,1.961161034,1.955115878,1.411528574,1.540413428,1.675906068,1.772061086,1.896386856,1.586269005,1.555077308,1.801600195,1.795612265,1.379440446,1.325443581,1.603984252,1.834014489,1.548252518,1.709978139,1.958642273,1.945274796,1.772716027,1.783684246,1.866672409,1.881188814,1.762338833,1.459251877,1.868293734,1.805426248,1.967007783,1.845750814,1.850732916,1.728023687,1.715943834,1.648625197,1.893279214,1.917024811,1.883390784,1.930219287,1.902525633,1.897338202,1.95957456,1.973374958,1.665547816,1.387685753,1.869627297,1.925194789,1.872835387,1.857433467,1.92538369,1.9111627,1.913349365,1.922888155,1.774228083,1.510558575,1.834153353,1.927893275,1.975260618,1.901427409,2,1.60842489,1.961124071,1.94726075,1.638486452,1.637364551,1.38718993,1.763990748,1.715786042,1.74905002,1.821904003,1.578023924,1.963425806,1.992159279,1.636196909,1.596748868,1.951812862,1.932973754,1.637955388,1.922455857,1.83201688,1.879516572,1.97306578,1.929777307,1.963874941,1.938422732,1.83087294,1.857116411,1.696876024,1.774429771,1.904656249,1.970100898,1.942991049,1.899547058,1.759735107,1.974419361,1.958116147,1.898012424,1.997068931,1.729881818,1.830623108,1.918394713,1.900175072,1.806438579,1.903845783,1.916143014,1.918231254,1.887416702,1.886003709,1.711690563,1.833013543,1.902048224,1.856707986,1.969156171,1.975918046,1.779301148,1.882620352,2,1.999957217,1.810532337,,
CD_090_V1,1.620396165,1.595953453,1.539472983,1.594847485,1.525836131,1.59080942,1.678034895,1.450555349,1.467679213,1.666189504,1.669191829,1.731246466,1.779285111,1.492300255,1.628578162,1.448782037,1.534001685,1.241683367,1.352513433,1.291002051,1.873145606,1.680376461,1.576600247,1.473886956,1.63350498,1.751073357,1.72442605,1.806775308,1.848140794,1.334431501,1.389774038,1.840238502,1.898847462,1.380058017,1.483572155,1.904620073,1.416577441,1.679886495,1.555690158,1.681487195,1.853340573,1.391296598,1.40120658,1.846619473,1.854790851,1.664421676,1.704763354,1.948914126,1.863839124,1.489918374,1.461411742,1.706821253,1.97280867,1.964317058,1.444271103,1.465504259,1.808568053,1.721409264,1.967606244,1.80945963,1.743937354,1.969554256,1.658919725,1.660524548,1.37728688,1.329653983,1.677368617,1.627057038,1.693833308,1.718587791,1.740320605,1.894650692,1.921707486,1.907277813,1.414678801,1.656055368,1.758824147,1.884308824,1.48649171,1.432212539,1.363380644,1.637967344,2,1.776976413,1.96224508,1.975478284,1.57866918,1.715737988,1.896225684,1.395953959,1.531033594,1.641225869,1.748097658,1.748245786,1.952252021,1.470543622,1.375880369,1.961029122,1.963482483,1.61352787,1.533766491,1.34396735,1.465216809,1.369072569,1.577357569,1.802469785,1.825586899,1.833432465,1.301943285,1.376146603,1.558969102,1.466187989,1.843059878,1.632387139,1.683931952,0,1.109506999,1.607181947,1.563955173,1.699764691,1.954704316,1.391891749,1.568324784,1.357789837,1.323960686,1.649770344,1.49669319,1.372183403,1.743526944,1.815875413,1.713466092,1.793602858,1.661549044,1.786210894,1.496368272,1.578883291,1.321889548,1.438765905,1.53968471,1.441114937,1.951834946,1.960276683,1.604696302,1.57263585,1.462034111,1.617370367,1.502440016,1.75033898,1.828787994,1.824335646,1.798746708,1.25035693,1.290864945,1.523033417,1.559984781,1.535589869,1.510332499,1.378665482,1.447266444,1.208634867,1.291521504,1.658858745,1.749035203,1.510248985,1.953707971,1.942524934,1.851596791,1.664808957,1.646498351,1.667356964,1.954358028,1.926332283,1.524197163,1.481688463,1.425841455,1.565077358,1.718661945,1.639860496,1.531132228,1.636127354,1.593831746,1.57715544,1.591012863,1.435897519,1.756795915,1.605823718,1.488835253,1.958486167,1.943490826,1.694255931,1.70639844,1.8031181,1.843948342,1.735528327,1.688200296,1.304492267,1.259080869,1.901178919,1.782129606,1.822323635,1.40227996,1.575851821,1.499319251,1.749661499,1.847615939,1.823352287,1.939370467,1.762295694,1.855695459,1.920798049,1.944746659,1.513510124,1.548271423,1.768282091,1.732736527,1.74250881,1.68769508,1.76899452,1.836875179,1.812105212,1.921302241,1.740233778,1.657740192,1.738272529,1.83906509,1.944844737,1.84783618,2,1.358725483,1.936370893,1.86871054,1.297271152,1.280332998,1.549316187,1.51180186,1.37790027,1.436366182,1.752204049,1.326202491,1.899352028,1.968228574,1.580718587,1.688925355,1.891379573,1.909931174,1.686857654,1.892637636,1.760404968,1.803235211,1.927321098,1.722265248,1.811058849,1.833231712,1.549343784,1.601161284,1.503060873,1.496677346,1.838816622,1.947257342,1.832115002,1.81983441,1.589647609,1.945811059,1.959059995,1.902613619,1.991624523,1.397482225,1.725331052,1.6806182,1.73274511,1.698708814,1.877550715,1.788574899,1.642548691,1.766806604,1.863015857,1.452042605,1.675952894,1.793009974,1.791509524,1.703820792,1.745233981,1.658976574,1.672136502,2,2,1.655988227,,
CD_090_V3,1.620893768,1.584832782,1.575208432,1.579011106,1.434053339,1.523789919,1.648820081,1.477803507,1.341648146,1.693912657,1.667781149,1.741251006,1.788259761,1.402140074,1.540992238,1.409159204,1.508148735,1.24223653,1.367432207,1.432282252,1.859732804,1.592185726,1.63381274,1.487015891,1.634105781,1.733006486,1.6907368,1.7312879,1.731105778,1.489433494,1.431785757,1.857248078,1.884011088,1.358079063,1.52035309,1.891502956,1.372810124,1.731243553,1.596350881,1.699243762,1.838794728,1.436428059,1.42431763,1.846052931,1.858835131,1.674726509,1.704756239,1.95518659,1.933082337,1.466920913,1.482491556,1.73945332,1.971603484,1.96456863,1.429541201,1.593318187,1.842116115,1.810093088,1.963945572,1.758091552,1.766623906,1.973018724,1.472123695,1.536655217,1.332593272,1.370146066,1.724094537,1.596884114,1.635787096,1.646306277,1.684715109,1.908495008,1.917488919,1.923850333,1.530683361,1.423368469,1.737719614,1.86658587,1.477697333,1.381597048,1.325872474,1.652507992,2,1.782709048,1.965400747,1.978435148,1.470101484,1.595255999,1.898001526,1.336328251,1.44766127,1.733865041,1.795582304,1.760222733,1.94849094,1.437468192,1.319424688,1.966194842,1.967974761,1.636224627,1.715516683,1.347665188,1.470304056,1.325676864,1.509565465,1.768557694,1.831852565,1.588835398,1.24121516,1.45334831,1.539164474,1.674123321,1.871662013,1.515361313,1.495034878,1.109506999,0,1.512536243,1.429261743,1.695830332,1.953619543,1.433970396,1.442604154,1.332587352,1.286741252,1.820356679,1.530680579,1.370425279,1.716359904,1.819804072,1.746569684,1.833302594,1.668912514,1.764238552,1.595598059,1.890163207,1.266023833,1.44327492,1.613487319,1.496104722,1.945854822,1.960666735,1.468172988,1.57025346,1.433418828,1.529566948,1.361752057,1.787984436,1.844354363,1.857058943,1.83398548,1.283713784,1.379555395,1.592098289,1.588568443,1.622857259,1.637393049,1.350963359,1.344238804,1.398626064,1.371400258,1.701313039,1.693282686,1.328939117,1.961034217,1.947328938,1.799640645,1.664029785,1.555286251,1.600657889,1.95961852,1.925939591,1.396713319,1.385749106,1.361834539,1.59699621,1.7352885,1.559284695,1.476232322,1.556576313,1.541528413,1.426455857,1.391516975,1.419134068,1.747836495,1.46800832,1.477815124,1.945466589,1.933245949,1.722614856,1.753063,1.79498766,1.844166144,1.672511644,1.6129383,1.381009877,1.329048997,1.906191722,1.759884347,1.796438398,1.453106619,1.519495921,1.436835742,1.728075941,1.831114297,1.818278693,1.93571969,1.838855542,1.845613193,1.914149048,1.938059489,1.457428399,1.363339983,1.817738855,1.804587496,1.760460996,1.704353337,1.764005735,1.81337575,1.834037238,1.925198598,1.70843992,1.646463394,1.737538051,1.830033526,1.930858575,1.836424478,2,1.351285526,1.940157231,1.928942552,1.280676339,1.269658735,1.380742682,1.518823075,1.516854441,1.421999056,1.770592125,1.335247505,1.929473044,1.972408853,1.583137823,1.59542311,1.909200679,1.936488336,1.548323095,1.901691196,1.809913418,1.812587144,1.910630405,1.724784196,1.829728958,1.859609225,1.552484691,1.612581727,1.568170663,1.579254607,1.845153371,1.947761324,1.888529872,1.838685095,1.641948771,1.965515739,1.956836457,1.915043813,1.9925556,1.467869747,1.737234029,1.708267032,1.780129724,1.727662531,1.888490374,1.822727068,1.695408972,1.805819392,1.899700561,1.516792194,1.716452813,1.772552108,1.779748807,1.75180825,1.76467597,1.70869975,1.70306672,2,2,1.664787769,,
CD_092_V1,1.82384221,1.449013539,1.502634386,1.845281376,1.71126091,1.561029484,1.719183789,1.741295657,1.540767001,1.88808955,1.879090907,1.84501999,1.826509963,1.700596002,1.72262287,1.64733193,1.707330407,1.567107735,1.644037195,1.662017494,1.908816092,1.641531259,1.751584447,1.553129052,1.678452604,1.829306281,1.801786069,1.845091511,1.817959174,1.592178691,1.461361283,1.948753758,1.9448138,1.816762717,1.830283547,1.797085972,1.693164513,1.464346092,1.433330652,1.841166592,1.882671525,1.778022396,1.607861135,1.884134462,1.907552877,1.872825071,1.886938139,1.986114673,1.96941609,1.3515989,1.382002133,1.488096421,1.990090078,1.987452169,1.450805494,1.547710793,1.871889757,1.728923865,1.979147996,1.729536059,1.658360717,1.972947468,1.45135508,1.532787234,1.470585169,1.572976092,1.792644259,1.750147784,1.644820633,1.809700192,1.819609272,1.85190029,1.918060162,1.903412211,1.708094999,1.514428874,1.912734439,1.964478081,1.8137002,1.715999434,1.433010285,1.577728484,2,1.748203474,1.987251315,1.993387957,1.638750351,1.607991353,1.887573913,1.493689028,1.582363299,1.51702544,1.67937457,1.916082549,1.985294084,1.745326093,1.718133932,1.981287649,1.987015346,1.805171678,1.826316074,1.497245852,1.335675262,1.359558023,1.522475229,1.797844296,1.864593819,1.516525294,1.663275765,1.59932757,1.586645914,1.678589571,1.900004454,1.652736971,1.5486667,1.607181947,1.512536243,0,1.235186837,1.626573845,1.928365696,1.356333328,1.64458207,1.527518634,1.444386148,1.833680496,1.293831081,1.562066906,1.687836668,1.832687539,1.749102664,1.76265659,1.863131426,1.932389589,1.690196153,1.88740618,1.502759145,1.516489548,1.597552817,1.596613843,1.945469853,1.972056978,1.589091668,1.570521774,1.711107539,1.595633256,1.506380798,1.765788946,1.79685226,1.602041377,1.575330187,1.614112639,1.530725012,1.394545602,1.526405812,1.386333342,1.533892593,1.656933337,1.577414627,1.576235293,1.465505093,1.486032808,1.868497402,1.609516127,1.98003283,1.966872096,1.764776097,1.614536897,1.65798595,1.680113788,1.984917098,1.97535496,1.635105157,1.683266955,1.536861128,1.546115405,1.712044889,1.604935677,1.495202449,1.728503425,1.777012806,1.429660499,1.300993093,1.591202037,1.835253306,1.590171661,1.787552226,1.948254952,1.945484538,1.677249336,1.656515277,1.837531314,1.855443203,1.713289289,1.584143918,1.700995732,1.692091884,1.863647057,1.835427373,1.85947715,1.701419785,1.78989993,1.68190533,1.901649899,1.9354882,1.801312133,1.609860202,1.918913756,1.920379389,1.940370573,1.972020306,1.491445079,1.454630889,1.713006755,1.637570556,1.624783015,1.626873111,1.853505185,1.89019346,1.940372761,1.969009333,1.811360027,1.634987916,1.743525422,1.854553315,1.968920215,1.87383949,2,1.653842117,1.940891485,1.933404029,1.538224997,1.456330263,1.569800146,1.803750762,1.474628544,1.530230988,1.890482854,1.537191765,1.905928308,1.949926373,1.806431501,1.745881308,1.713875037,1.813302666,1.713899503,1.969349349,1.84276856,1.861236648,1.957403323,1.91813396,1.570573802,1.609560536,1.815442008,1.776588041,1.684939441,1.638478216,1.931412681,1.95982026,1.868488226,1.750733333,1.558254613,1.980227977,1.963315368,1.968345193,1.994887635,1.505389821,1.822545551,1.774127281,1.883480851,1.565426795,1.811428835,1.891539649,1.73510843,1.882347599,1.902982757,1.656800323,1.770638003,1.868383045,1.758969334,1.54071124,1.774310674,1.67330732,1.545172725,2,1.999486355,1.862375854,,
CD_092_V3,1.746438807,1.445373839,1.535761397,1.811618606,1.622139854,1.573601416,1.722145693,1.65877945,1.39495278,1.869187531,1.843056969,1.801132375,1.843071625,1.677499415,1.66005404,1.554218821,1.664802718,1.500112682,1.59618557,1.707561759,1.869313132,1.682045472,1.748204564,1.601755991,1.689539401,1.81929518,1.771336046,1.835530406,1.788908724,1.688247833,1.624038207,1.907348945,1.920448321,1.720053327,1.785963777,1.58260525,1.472916017,1.718876327,1.647175439,1.894424979,1.910980124,1.590826855,1.703165782,1.871126184,1.872985758,1.80202735,1.825534215,1.971902423,1.955841589,1.498730831,1.437713173,1.730073677,1.98230809,1.978355307,1.617640618,1.631173481,1.86340861,1.785775165,1.971859534,1.73666303,1.812504766,1.975201007,1.326824083,1.426164076,1.547380263,1.626221534,1.775525354,1.771774877,1.694617324,1.805431431,1.791340528,1.913235225,1.934779829,1.942405417,1.701547118,1.354117072,1.867190062,1.934072228,1.670228358,1.584796461,1.454603557,1.66514061,2,1.795448873,1.969435745,1.979327486,1.624132176,1.675897212,1.933647268,1.484796203,1.520379899,1.754122125,1.85503813,1.867267449,1.977402038,1.654748379,1.596324882,1.972550737,1.972815452,1.651536952,1.723324744,1.457571498,1.487568103,1.289605722,1.612712336,1.87182155,1.878156447,1.450764938,1.691636067,1.685416767,1.549467309,1.739450735,1.834152346,1.64307793,1.44102263,1.563955173,1.429261743,1.235186837,0,1.666577618,1.911936429,1.61094626,1.597221326,1.447119389,1.4389736,1.87450153,1.611619424,1.452152073,1.76197386,1.876415911,1.779542302,1.86690492,1.848628745,1.855959191,1.690094748,1.910564656,1.398304998,1.627909943,1.642656757,1.5854477,1.966140119,1.96967333,1.565258689,1.64293265,1.627555383,1.563599392,1.421862924,1.859335733,1.890490508,1.725448288,1.675603521,1.554030802,1.629745835,1.608021317,1.591747731,1.486792165,1.658078829,1.417042359,1.363868915,1.60964125,1.605126992,1.601224762,1.808326239,1.442510365,1.970826335,1.975376113,1.775297951,1.652352862,1.656079751,1.736094956,1.963653653,1.948048072,1.457081182,1.572999763,1.642967278,1.659555619,1.812289985,1.597418185,1.584823748,1.731277819,1.723555585,1.309934799,1.294703824,1.550319352,1.804023079,1.565063645,1.744571557,1.962420539,1.961659355,1.736391379,1.717655614,1.828778298,1.81121184,1.682955994,1.639342877,1.799413226,1.737657631,1.921305884,1.861083722,1.832381386,1.701631005,1.765487881,1.641279888,1.86520483,1.933625199,1.862263264,1.673902103,1.923883269,1.918555295,1.938348915,1.962887481,1.624977319,1.447945081,1.82566709,1.747431639,1.852409628,1.807552899,1.874589609,1.921839422,1.880772771,1.945731202,1.767560415,1.638210224,1.738313063,1.863867078,1.950824277,1.87573824,2,1.631801919,1.940376031,1.929557487,1.579882967,1.521066656,1.461784203,1.75762349,1.570422931,1.574577474,1.900629388,1.638703567,1.935251279,1.968164856,1.666528079,1.635329834,1.776811118,1.870541072,1.62829362,1.914611473,1.799264633,1.836669501,1.944951865,1.908737473,1.795721153,1.79473046,1.864357472,1.837621854,1.654968819,1.71408108,1.917669551,1.96942302,1.912284651,1.830623882,1.643258539,1.977371097,1.971071553,1.95525001,1.993950109,1.569142487,1.782067799,1.86124551,1.906016852,1.71997606,1.877544769,1.891691594,1.835815424,1.875700249,1.92799342,1.630059937,1.762271643,1.906449096,1.874125731,1.770481938,1.860012379,1.694875237,1.692211659,2,1.995600617,1.785739297,,
CD_093_V1,1.421303906,1.749689882,1.719535638,1.759763487,1.684550367,1.843505174,1.890522034,1.746026758,1.720044532,1.24863903,1.231565493,1.099667352,1.212646522,1.758893403,1.814340276,1.668180951,1.742961549,1.603965348,1.663033854,1.719542915,1.109466737,1.824883198,1.805220705,1.702351818,1.78933173,1.824835916,1.851819569,1.927673149,1.927746349,1.632087201,1.590261452,1.932787573,1.95039127,1.668835692,1.754544267,1.844338844,1.66983153,1.552022833,1.555427228,1.798780909,1.876715542,1.68366014,1.758862299,1.072714286,1.083047601,1.503597166,1.638143678,1.152020531,1.136908232,1.641819365,1.658006213,1.40945123,1.434255361,1.188730897,1.659527843,1.727205604,1.104640252,1.08816086,1.973425423,1.858724904,1.087711845,1.623074823,1.714123025,1.7039194,1.672470682,1.673951273,1.069708761,1.79290817,1.778746675,1.89490848,1.896405565,1.908553864,1.945971718,1.134305441,1.836805737,1.86919433,1.268297341,1.566643635,1.773188015,1.742762148,1.597001946,1.703891835,1.413567231,1.856019585,1.168596891,1.235626983,1.764737886,1.754730911,1.469866947,1.588847571,1.648589283,1.161655914,1.083331347,1.914844251,1.980373815,1.817158326,1.760322946,1.621643839,1.598821702,1.210706806,1.219707339,1.587466937,1.518798612,1.514740958,1.637073133,1.236874951,1.864055882,1.821137685,1.79465485,1.704799903,1.742697269,1.752142684,1.356525805,1.797839227,1.842490287,1.699764691,1.695830332,1.626573845,1.666577618,0,1.329536629,1.594526979,1.797981028,1.617219448,1.555520672,1.151877395,1.576368458,1.632404649,1.827854729,1.847867793,1.202132069,1.446322969,1.388018877,1.147677597,1.825394017,1.939480415,1.67584481,1.58676158,1.066878052,1.167854367,1.381555426,1.66143158,1.647374499,1.525626774,1.738201566,1.758474975,1.697764351,1.13853658,1.089584212,1.44875815,1.344035321,1.665526606,1.678742014,1.658908885,1.711905632,1.731789355,1.69696918,1.684589491,1.73231428,1.669590754,1.61360632,1.098813355,1.912110792,1.795063192,1.393409877,1.230138903,1.816107631,1.716146123,1.803331765,1.803259753,1.426340133,1.152992844,1.781584477,1.763076625,1.50559903,1.153453563,1.091607207,1.81860146,1.742437867,1.833807097,1.786147617,1.666406369,1.681241286,1.659622541,1.840511689,1.648427203,1.746702108,1.194069729,1.142981249,1.071831147,1.08642815,1.088717395,1.119601743,1.777213762,1.761742033,1.742947842,1.7338879,1.330096052,1.115920324,1.909640799,1.786393803,1.773043634,1.707405969,1.105110806,1.107660939,1.065898293,1.394555081,1.21877589,1.112574823,1.2053839,1.295552201,1.669841269,1.699928882,1.110444623,1.062329377,1.09982041,1.084512239,1.089040874,1.247432575,1.16590343,1.41978469,1.86974988,1.834917762,1.072227541,1.087689551,1.233200356,1.351984176,1.413567231,1.703405757,1.199297061,1.173825321,1.635925432,1.582473056,1.837564211,1.839413112,1.685476815,1.67622568,1.869416967,1.707072039,1.426516258,1.620541564,1.781990024,1.835386713,1.215393906,1.153848603,1.91604994,1.275556854,1.091983228,1.078545334,1.178080711,1.176872118,1.269571642,1.430283373,1.180100413,1.17602115,1.113578841,1.134768841,1.095596933,1.444648446,1.480222383,1.088294746,1.101302147,1.815404563,1.330509717,1.279559913,1.52213708,1.124872845,1.083616555,1.157706743,1.153601971,1.273513804,1.3954196,1.181127593,1.140444897,1.139993077,1.139285117,1.18521828,1.090867904,1.075128024,1.092447228,1.216261956,1.170050929,1.080459296,1.150220968,1.413567231,1.467704733,1.755941017,,
CD_093_V3,1.605114817,1.939968932,1.948017856,1.812354754,1.857369471,1.977844764,1.983130382,1.790263355,1.886405585,1.486719788,1.461473252,1.405448632,1.451674733,1.950008682,1.873488753,1.915854455,1.910917631,1.95738405,1.859316105,1.933450848,1.339100762,1.954467834,1.989634576,1.967999047,1.977588359,1.938400015,1.91923924,1.987822581,1.990326524,1.962994945,1.964682718,1.995121716,1.992662831,1.90270889,1.903114777,1.875031757,1.861149403,1.965234139,1.958697229,1.776115384,1.930267959,1.9354236,1.937518654,1.320977858,1.323821627,1.629268342,1.700029875,1.375156324,1.349619182,1.747187143,1.784668145,1.799643019,1.592266866,1.371998762,1.903001014,1.869385834,1.355399222,1.341657789,1.997833956,1.594866304,1.384444536,1.725436674,1.872149071,1.842815216,1.938168269,1.945904379,1.360417595,1.743018865,1.843508964,1.979645608,1.983735848,1.990788852,1.993398077,1.351210635,1.921554696,1.929703961,1.551227954,1.721966494,1.94682828,1.904378191,1.975504507,1.966369059,1.496233631,1.980803232,1.361863072,1.408433784,1.96469429,1.962154594,1.654542366,1.930211402,1.928822237,1.497344434,1.36700266,1.994819789,1.999193578,1.975502175,1.968540594,1.731777453,1.709021893,1.503839116,1.459509075,1.944340515,1.92323917,1.944670536,1.631392572,1.519173042,1.929824388,1.792342469,1.946008165,1.880130857,1.944242969,1.951841883,1.581483071,1.943508359,1.959255615,1.954704316,1.953619543,1.928365696,1.911936429,1.329536629,0,1.951208337,1.949887144,1.843796107,1.918275731,1.442053029,1.627710208,1.88903585,1.937689798,1.976972364,1.491216163,1.669755508,1.544348235,1.35841035,1.965332151,1.973691008,1.872196794,1.941376622,1.436730313,1.55407278,1.546972002,1.757302532,1.925577254,1.925334746,1.790570649,1.973410769,1.956121473,1.337120776,1.350815815,1.74889987,1.659152556,1.96350435,1.964072096,1.9142729,1.902725307,1.956215981,1.931336929,1.927594651,1.927644816,1.952124169,1.905284601,1.452834169,1.989365821,1.893123305,1.562714788,1.435975596,1.894317598,1.885693862,1.793058103,1.904076206,1.581980153,1.358303008,1.980299222,1.961190369,1.931898716,1.574097513,1.447152541,1.913412686,1.871533426,1.973516724,1.974608611,1.940329441,1.932907351,1.937433064,1.981792422,1.926045567,1.966045492,1.354729449,1.325569021,1.394676544,1.379920683,1.352952722,1.371660392,1.955803388,1.949099431,1.95672488,1.962324259,1.567087247,1.408829242,1.985805047,1.973341842,1.890823468,1.870191097,1.320245672,1.284021331,1.346961854,1.675971343,1.495861331,1.390656972,1.445888251,1.512075451,1.955069006,1.943530797,1.447577221,1.388654374,1.405536216,1.41411096,1.373832728,1.477814233,1.380853474,1.574474026,1.978715043,1.946741645,1.377169831,1.344098317,1.466146863,1.625567109,1.496233631,1.958703864,1.407191185,1.350425639,1.953969487,1.950334335,1.922574935,1.963401636,1.878261247,1.703863761,1.947805453,1.934838808,1.556969522,1.731611129,1.97653825,1.967088371,1.060097892,1.156999249,1.988917858,1.466808675,1.35023922,1.334495184,1.408742894,1.441832574,1.590114392,1.720830812,1.496597723,1.483622357,1.444713594,1.471811195,1.36450591,1.611281184,1.67322544,1.361739717,1.483788803,1.890816734,1.524263742,1.48924586,1.625351969,1.528065956,1.37157089,1.435848946,1.431785535,1.537885018,1.075754249,1.449682501,1.472559698,1.437178414,1.265795448,1.604572623,1.44767933,1.335922853,1.400134172,1.560167356,1.418315746,1.412387821,1.516188127,1.496233631,1.602155819,1.815917778,,
CD_094_V1,1.874507937,1.5278681,1.469146583,1.83955167,1.833141058,1.702772711,1.798319108,1.829346257,1.789774002,1.83818215,1.867053296,1.796979428,1.744264519,1.687511977,1.734262283,1.687329122,1.748903539,1.406323598,1.494363411,1.60024408,1.842214725,1.707473263,1.330231756,1.488167851,1.644157192,1.817586589,1.83354371,1.913144659,1.920312356,1.463804647,1.307488478,1.940924484,1.955776787,1.678330665,1.672923089,1.91954476,1.715896718,1.226561514,1.252548331,1.738958423,1.842545777,1.609440435,1.474949523,1.812577135,1.852140877,1.890102705,1.896644892,1.980858241,1.967118058,1.363498422,1.467553877,1.240786049,1.976396418,1.974311682,1.519307843,1.694082727,1.866869083,1.754946232,1.979143525,1.845511684,1.544598857,1.959233136,1.796571101,1.801993558,1.403966193,1.325821267,1.700382515,1.731581217,1.689092901,1.839608706,1.869531175,1.73107757,1.847347207,1.871669819,1.822147293,1.793317863,1.82216248,1.91699865,1.688978249,1.755682529,1.331522691,1.477466085,2,1.760135768,1.986686653,1.992863007,1.662701029,1.653337521,1.794374643,1.48253857,1.625431841,1.383575231,1.599720209,1.915418238,1.971637719,1.691018237,1.614398331,1.976086616,1.984468612,1.840773781,1.848948752,1.303523575,1.187171023,1.35405611,1.457723632,1.705726921,1.806578028,1.781226416,1.678817925,1.564613259,1.529916667,1.511086163,1.905273092,1.726749948,1.841191752,1.391891749,1.433970396,1.356333328,1.61094626,1.594526979,1.951208337,0,1.648418676,1.571467627,1.404187876,1.751068729,1.303354204,1.733646235,1.723969077,1.743110562,1.670648308,1.624334045,1.870393598,1.895125415,1.749586601,1.909129666,1.662701712,1.39511828,1.5780691,1.440144425,1.916728798,1.941849262,1.687355757,1.498783905,1.738609017,1.672270458,1.684857555,1.632010888,1.630641299,1.370107694,1.334684559,1.465110197,1.356690436,1.422447168,1.541198393,1.443429035,1.466811404,1.73211728,1.73390997,1.514158721,1.373992645,1.410437785,1.835441145,1.796617325,1.96351355,1.935875219,1.817047402,1.728587744,1.678104601,1.650915036,1.966719295,1.965180347,1.727930998,1.655645797,1.389453103,1.436681871,1.612698523,1.649299743,1.538292715,1.7194929,1.718875106,1.580032175,1.518491836,1.540968914,1.797454633,1.689509068,1.700815845,1.938838007,1.895720004,1.678112769,1.669199101,1.857706801,1.868464244,1.702151028,1.619882932,1.381253471,1.457148285,1.774317051,1.74577819,1.838033232,1.618932685,1.804041531,1.70823817,1.83613028,1.904219657,1.740640406,1.872619079,1.881444993,1.871508513,1.920003279,1.961910678,1.440963751,1.537575796,1.55853808,1.480149623,1.679968264,1.6156124,1.780329481,1.831195455,1.933728667,1.95533699,1.839529398,1.807647668,1.741409807,1.810713433,1.965726816,1.834772232,2,1.558203751,1.916115999,1.903955078,1.244169191,1.279545696,1.73922937,1.71316212,1.492542417,1.509586121,1.808625999,1.466417743,1.857356286,1.920952227,1.75248168,1.845253344,1.636663298,1.694430024,1.818573771,1.957180682,1.780430967,1.8243388,1.935513248,1.815171755,1.398248239,1.443600966,1.635543974,1.652473656,1.593788049,1.496409974,1.901284215,1.932025245,1.684132848,1.646236958,1.424829655,1.965759596,1.941599891,1.968816938,1.99309327,1.442760083,1.770914769,1.365931559,1.620894861,1.494571607,1.741989741,1.83536744,1.627580515,1.871660031,1.870562844,1.564971068,1.70392428,1.800434551,1.711782354,1.315254622,1.587849616,1.517205156,1.35879737,2,1.999998436,1.924381379,,
CD_094_V3,1.849327905,1.637068961,1.668863717,1.819270383,1.705651527,1.325478102,1.27537567,1.627049354,1.443256656,1.814766843,1.841577775,1.799336118,1.812449226,1.507081623,1.551562503,1.522240112,1.583116275,1.462780739,1.448587584,1.618187112,1.892811943,1.192457662,1.844736498,1.590866655,1.672525482,1.738700783,1.728245099,1.560310405,1.403410184,1.550191696,1.470289397,1.4916816,1.539062061,1.615730111,1.706638566,1.946957896,1.600360107,1.858471872,1.74496658,1.501326142,1.702934619,1.738062316,1.608515745,1.878770223,1.893615654,1.935340166,1.956168773,1.757737356,1.800626087,1.419823988,1.453195045,1.870529973,1.706612549,1.823127549,1.572647688,1.60613937,1.865681529,1.864530219,1.578225522,1.566140935,1.693229063,1.619897421,1.547554159,1.626835797,1.393861794,1.490787866,1.858473482,1.246877378,1.479638685,1.446737783,1.39004648,1.48869629,1.533472974,1.915625961,1.691075949,1.535495173,1.856679987,1.939528976,1.643448073,1.72793687,1.423024101,1.625516072,2,1.375370835,1.797479967,1.738163155,1.460872114,1.493825274,1.534463656,1.431847504,1.511102493,1.851175643,1.830147204,1.507401626,1.848783719,1.601020729,1.503649475,1.609066703,1.618741492,1.801017806,1.818079121,1.508592812,1.573170401,1.521519591,1.521363257,1.486348264,1.36814635,1.425437281,1.63787741,1.711333444,1.645630738,1.758742437,1.584045469,1.48114775,1.467519388,1.568324784,1.442604154,1.64458207,1.597221326,1.797981028,1.949887144,1.648418676,0,1.516555988,1.551817648,1.772100667,1.75708701,1.636453142,1.542099128,1.369525693,1.834880274,1.888283976,1.911483214,1.910161105,1.215650757,1.732959694,1.465634951,1.665954126,1.763784375,1.720900416,1.923503997,1.622954734,1.518526304,1.596239677,1.515983044,1.566505007,1.430135965,1.588112184,1.765564014,1.925386587,1.908632151,1.564672378,1.684955785,1.626103933,1.634150474,1.796035297,1.70284982,1.588564307,1.51805434,1.59701671,1.540411155,1.830538923,1.473396316,1.269992817,1.565226289,1.57701948,1.677510475,1.618364479,1.326505253,1.242082121,1.658518512,1.935810506,1.224250821,1.267821869,1.530401698,1.74090571,1.780492332,1.551240511,1.51823173,1.329269399,1.254177802,1.487389789,1.394746573,1.292652619,1.396238209,1.518378393,1.636953396,1.849821564,1.742437586,1.763107414,1.85173553,1.847221914,1.850981013,1.705303524,1.543668316,1.669036531,1.56077438,1.544115719,1.555717537,1.873116147,1.631131864,1.626708842,1.52080335,1.79836607,1.851471111,1.808692838,1.940521525,1.806066573,1.840855424,1.754759872,1.793792405,1.469648063,1.394388866,1.747938045,1.825382524,1.832560064,1.798078675,1.778717005,1.468723088,1.654999548,1.572852046,1.324897932,1.609905677,1.877657891,1.924228554,1.740618131,1.701258313,2,1.599752289,1.941876614,1.912996737,1.535611598,1.538566698,1.377022298,1.453049397,1.489882332,1.480501175,1.792798947,1.407484796,1.496369771,1.632933948,1.658433431,1.613093381,1.891540498,1.852940588,1.266754963,1.627947641,1.885864628,1.876149763,1.830927247,1.787646781,1.901276164,1.898247715,1.821872969,1.850928343,1.742591996,1.712094661,1.772461041,1.558881891,1.492558032,1.90055649,1.798364686,1.574166904,1.533962006,1.925917114,1.996463301,1.673038828,1.822031509,1.852037144,1.837686747,1.71644908,1.862163469,1.554456682,1.739091821,1.58097324,1.860122406,1.694859447,1.778775316,1.830463235,1.80019636,1.888407883,1.93724859,1.801389583,1.832460406,2,1.994158633,1.927843251,,
CD_095_V1,1.630442288,1.53588799,1.50842632,1.665018114,1.48663917,1.710825523,1.801015786,1.5213593,1.391050604,1.64774972,1.676462977,1.644304902,1.682220612,1.429109592,1.553813981,1.369223104,1.48457828,1.290659476,1.334220067,1.4530321,1.834522347,1.584115081,1.698084714,1.523155724,1.663843913,1.651585143,1.680088927,1.801346915,1.79641481,1.496051958,1.447169828,1.850571138,1.86939244,1.398019357,1.548634632,1.844473661,1.380770475,1.633730365,1.497386187,1.609200864,1.817387365,1.395916581,1.554772232,1.823999304,1.813387137,1.710979673,1.759567453,1.94985528,1.920492804,1.439833377,1.425238917,1.653632242,1.973224491,1.959970366,1.397390505,1.515000447,1.771778863,1.763259783,1.968580981,1.710139733,1.653751668,1.963239841,1.464080657,1.448553113,1.38598243,1.41568014,1.657285719,1.609159582,1.573192595,1.695601547,1.715479194,1.905274801,1.922543318,1.907538689,1.605675045,1.573299804,1.749915775,1.911435499,1.518318959,1.422788629,1.356023322,1.590033088,2,1.775373563,1.945858148,1.963330486,1.459032961,1.535914942,1.897481391,1.340472402,1.474753417,1.642759021,1.784500188,1.766497724,1.961163999,1.651382903,1.522545589,1.962820761,1.959678466,1.515612859,1.564407795,1.253173863,1.327273311,1.233626608,1.427341896,1.753245124,1.812400291,1.608476764,1.522634862,1.447179632,1.453867965,1.556484683,1.78079163,1.53552492,1.485379041,1.357789837,1.332587352,1.527518634,1.447119389,1.617219448,1.843796107,1.571467627,1.516555988,0,1.155116875,1.753164447,1.466755168,1.310517131,1.706001715,1.839698417,1.684387852,1.798642539,1.779765818,1.843997517,1.618724614,1.869715735,1.278430247,1.433666909,1.502770904,1.409943279,1.611157729,1.957481076,1.509596707,1.450765029,1.286200703,1.569472262,1.402585032,1.684643021,1.793964834,1.791296759,1.769887825,1.346652373,1.503167014,1.491213439,1.507705746,1.659660445,1.56973964,1.316456808,1.39240695,1.378484714,1.358989471,1.582169052,1.798700524,1.409188706,1.942389772,1.925578373,1.697159681,1.509070809,1.609076021,1.657859722,1.932521767,1.920389958,1.428686059,1.418210197,1.38822161,1.469335487,1.665347345,1.622224476,1.574271483,1.600433636,1.586418464,1.417388992,1.39592176,1.379292784,1.742253123,1.510106218,1.485879569,1.91106582,1.886571444,1.619321769,1.646046765,1.753410562,1.756880892,1.647145234,1.446499286,1.651945432,1.601348158,1.887422811,1.729438607,1.838538253,1.545386663,1.368097211,1.324453362,1.808229836,1.858032743,1.769797774,1.87699665,1.751706712,1.792603907,1.920325245,1.948944837,1.446983747,1.379875026,1.706079002,1.676273101,1.765216876,1.685438733,1.785195639,1.850237359,1.837368307,1.920090522,1.769096815,1.625221189,1.665857936,1.808670192,1.934662231,1.807298393,2,1.414550044,1.906043817,1.874285091,1.363189779,1.298444625,1.496623157,1.589637733,1.422210046,1.435051198,1.54423934,1.36488885,1.892604908,1.961201015,1.516250373,1.586449368,1.751784443,1.759975853,1.637083376,1.872486336,1.703262449,1.758694022,1.88165878,1.826890772,1.761689375,1.761702548,1.73817011,1.755858352,1.472406509,1.509891434,1.798992213,1.940609613,1.860027131,1.785251406,1.477121353,1.945499881,1.936795131,1.910010058,1.99295168,1.377097503,1.661216536,1.786431454,1.790055065,1.592849705,1.720657227,1.814083357,1.679946708,1.76469273,1.856501936,1.448103238,1.641434169,1.829842566,1.760753976,1.66818619,1.84694083,1.546087196,1.608341273,2,2,1.694179203,,
CD_095_V3,1.644241302,1.472988462,1.378442944,1.658540848,1.497408232,1.654316347,1.763702867,1.510333584,1.42653546,1.658098424,1.679304983,1.653161312,1.683485325,1.409569938,1.579617996,1.33881098,1.483935648,1.218280675,1.351830489,1.447827118,1.793512923,1.645647292,1.664075373,1.46317536,1.651985438,1.699909461,1.651604518,1.763804064,1.838138877,1.451044945,1.356748399,1.861382118,1.888454362,1.321330233,1.496906316,1.752616658,1.310402414,1.472618854,1.328163197,1.655825065,1.836586673,1.510244557,1.550237582,1.771802276,1.774208149,1.696497985,1.73391434,1.953160374,1.933175715,1.450270971,1.480734477,1.496539672,1.9669749,1.959092677,1.326852491,1.537539835,1.82580295,1.764530692,1.961691945,1.753203935,1.604324444,1.961509691,1.529809023,1.511494899,1.378518899,1.426407043,1.596156445,1.601687423,1.588380137,1.679051893,1.719601922,1.860489064,1.9022521,1.867851457,1.596579478,1.654207489,1.68806567,1.870771407,1.538356709,1.42064751,1.295203509,1.531800147,2,1.700584852,1.96141333,1.974261635,1.472013728,1.567775062,1.860417175,1.300728298,1.393161182,1.528925195,1.717430579,1.761803771,1.959576807,1.658562351,1.558127612,1.963441089,1.963766748,1.527418604,1.599325873,1.251285412,1.266602074,1.236525993,1.422765932,1.685882151,1.812386662,1.737240824,1.522791279,1.473343409,1.506407421,1.558942863,1.81118745,1.640198999,1.646869988,1.323960686,1.286741252,1.444386148,1.4389736,1.555520672,1.918275731,1.404187876,1.551817648,1.155116875,0,1.768949287,1.382497169,1.396206309,1.733534383,1.819625143,1.662376657,1.74678896,1.736622345,1.699411018,1.677815013,1.926018053,1.369654597,1.285349865,1.503254089,1.428754819,1.848925846,1.947872066,1.515589027,1.432303989,1.449487584,1.603951279,1.409660156,1.589913368,1.735571043,1.653512028,1.62492455,1.265938823,1.387575737,1.463161756,1.522931132,1.543699782,1.495515255,1.332558228,1.37106728,1.42043447,1.320194568,1.468165839,1.773670444,1.436706801,1.950153806,1.93080272,1.621602169,1.568175218,1.572022927,1.63083381,1.946237364,1.926654873,1.554061706,1.476221096,1.237146893,1.391568639,1.605678268,1.596412192,1.516069178,1.479284466,1.53208074,1.540268301,1.493081852,1.344154339,1.711701546,1.516965677,1.531847487,1.93180954,1.908693315,1.635692736,1.649992952,1.707587438,1.742428062,1.601089531,1.538208855,1.604477276,1.574774626,1.849885467,1.721574646,1.819464961,1.527611627,1.437099254,1.359068229,1.726932331,1.839301878,1.759789367,1.883159711,1.768047637,1.79335582,1.912102104,1.945876118,1.424599039,1.468849563,1.65951554,1.583904022,1.733651138,1.633418768,1.737553813,1.827955601,1.812794506,1.917494943,1.737317523,1.683766765,1.635970613,1.753983121,1.912442729,1.781437514,2,1.475680103,1.894624259,1.886464291,1.278916595,1.193007537,1.663505979,1.619320715,1.447068453,1.373892567,1.744431369,1.350384542,1.875272661,1.946854518,1.569103593,1.635444565,1.75716367,1.764460208,1.661730395,1.892423699,1.7133574,1.713631477,1.877324515,1.785622817,1.625292348,1.63140044,1.701816855,1.738498753,1.48327015,1.473054588,1.811876589,1.928965839,1.84038164,1.719555379,1.423229776,1.949020283,1.942148733,1.915135947,1.991543219,1.347787198,1.604443194,1.711056899,1.780489,1.498714839,1.769242596,1.792891272,1.631094481,1.772074216,1.848967549,1.446807867,1.613564579,1.800729851,1.722657333,1.527059138,1.755509285,1.519022083,1.474609487,2,2,1.697990123,,
CD_096_V1,1.543938637,1.864142075,1.838400265,1.90791395,1.919222674,1.7543845,1.734177326,1.720695499,1.841819934,1.34309015,1.340744368,1.178947488,1.293369625,1.686987501,1.863898785,1.74289346,1.642426634,1.760406802,1.702229301,1.605046384,1.187833377,1.879018478,1.857063686,1.842719443,1.89774913,1.762169169,1.759119764,1.860466787,1.83250841,1.554307395,1.670800992,1.764895548,1.828205609,1.835783115,1.85626669,1.95599466,1.745553437,1.727507905,1.716966789,1.831687992,1.880126208,1.7326831,1.768272627,1.142277613,1.150432512,1.636486736,1.781669373,1.174301892,1.132849571,1.784795171,1.702584701,1.568429603,1.41886127,1.221829468,1.753303371,1.647173502,1.144022026,1.116808858,1.795888558,1.910792792,1.150867504,1.547035651,1.920075788,1.887265155,1.736279118,1.677423099,1.151192407,1.623896603,1.708433244,1.810790921,1.756075438,1.750929636,1.775902101,1.140603346,1.641743674,1.862963421,1.353223977,1.631518791,1.810226463,1.810434981,1.758970794,1.801923322,1.468828207,1.728845447,1.197817685,1.246194435,1.861381566,1.836196616,1.431087758,1.810653484,1.888311716,1.264507897,1.167946243,1.824287474,1.941526266,1.914290318,1.88689301,1.532687459,1.522043484,1.267073275,1.171192252,1.741510284,1.702032521,1.715012051,1.66314213,1.225894772,1.710341624,1.934031739,1.807628818,1.753432634,1.828235222,1.620673586,1.338921134,1.84297819,1.869372804,1.649770344,1.820356679,1.833680496,1.87450153,1.151877395,1.442053029,1.751068729,1.772100667,1.753164447,1.768949287,0,1.747175631,1.760379402,1.902514401,1.722766073,1.292552096,1.546505148,1.503979389,1.23211433,1.582808457,1.543453301,1.840196237,1.766044284,1.143369899,1.225206202,1.449022794,1.579223948,1.772023796,1.699268416,1.880655474,1.87904081,1.878156989,1.183942558,1.151964127,1.582622363,1.476990379,1.784160288,1.816825125,1.788308884,1.750375712,1.803151141,1.829350619,1.810848374,1.873981791,1.476713371,1.55887593,1.229656126,1.840170173,1.757475123,1.334620684,1.197291233,1.78026691,1.772942349,1.815606258,1.714097077,1.3970139,1.196103805,1.748631539,1.710763141,1.767520173,1.254765614,1.146068558,1.694948114,1.761653867,1.704798689,1.705793436,1.853405168,1.84346349,1.640532394,1.66720177,1.772717487,1.752821229,1.24455835,1.199024253,1.163656144,1.16637652,1.154059905,1.132490162,1.870027034,1.813049198,1.710551419,1.70553782,1.333255993,1.173032435,1.90964737,1.685343838,1.750339666,1.7639001,1.184316119,1.180015398,1.143570924,1.601698263,1.219232825,1.161602251,1.23793212,1.323157621,1.777412977,1.730352788,1.158258224,1.146993101,1.16080546,1.164484222,1.16628127,1.238648758,1.183441862,1.377412939,1.743625884,1.866628391,1.136002142,1.152341631,1.253293346,1.349640827,1.468828207,1.806114098,1.268923865,1.217494883,1.742029069,1.662720891,1.798874429,1.793001836,1.617963645,1.704036219,1.70320028,1.722802905,1.365663864,1.549828691,1.791127901,1.864935519,1.349394534,1.233843903,1.797257419,1.27020991,1.167902103,1.155309752,1.240158103,1.245905209,1.310971117,1.458505344,1.238767516,1.194642077,1.213972529,1.238606678,1.149811546,1.397248804,1.414186614,1.142627962,1.201200962,1.657989812,1.286347019,1.338801296,1.57040931,1.244744141,1.165705496,1.256260012,1.25082929,1.358075231,1.505605316,1.18108482,1.165623491,1.149327369,1.185794412,1.355844449,1.23944185,1.146226137,1.16400201,1.343942343,1.256665912,1.183886471,1.278695766,1.468828207,1.515199131,1.900177399,,
CD_097_V1,1.545769868,1.550496058,1.520326352,1.573986943,1.584060038,1.777589139,1.837209983,1.6445488,1.695994553,1.595508372,1.581086654,1.703554545,1.682416508,1.690047995,1.795985702,1.643059602,1.712525407,1.381698438,1.517368762,1.56569088,1.840325453,1.812859016,1.630716216,1.478827179,1.664309037,1.750363028,1.809118711,1.936894023,1.951493873,1.519643795,1.404166883,1.921998522,1.9506902,1.563473485,1.595837037,1.921902691,1.523846537,1.336005747,1.30621413,1.746719314,1.857804998,1.553915917,1.661810644,1.819742783,1.820703196,1.510695049,1.595840034,1.970493851,1.954490973,1.379241758,1.474697557,1.37358924,1.986635873,1.971553007,1.376538419,1.656760804,1.824430033,1.685616946,1.972876154,1.719531286,1.540028676,1.958522135,1.75273772,1.721166574,1.481745238,1.515739169,1.632687313,1.63658945,1.665636545,1.859433299,1.858649916,1.800104015,1.889918979,1.86855473,1.788784718,1.900661979,1.804650194,1.919414917,1.558088035,1.549278651,1.336771869,1.530028109,2,1.753693593,1.957026924,1.977105952,1.646826416,1.67473786,1.820181009,1.490702083,1.629939051,1.354240418,1.527694182,1.886055698,1.974882682,1.763595906,1.667215626,1.961768489,1.96583854,1.619366995,1.663568499,1.409346854,1.307130598,1.342133514,1.42251334,1.707533103,1.780602669,1.775052586,1.674674995,1.492177246,1.602948593,1.668255301,1.835027061,1.740542955,1.782551875,1.49669319,1.530680579,1.293831081,1.611619424,1.576368458,1.627710208,1.303354204,1.75708701,1.466755168,1.382497169,1.747175631,0,1.282101554,1.803845277,1.828518177,1.667469519,1.691276383,1.615889856,1.849552603,1.799471206,1.955933726,1.432315514,1.386140554,1.453146178,1.43012635,1.90448015,1.948013378,1.701471714,1.510133903,1.511463862,1.65589244,1.60110525,1.658108301,1.755532445,1.503256904,1.469647736,1.405625979,1.383147404,1.408773453,1.542119117,1.289456944,1.469149835,1.554286738,1.672508028,1.510057681,1.404089668,1.400004623,1.883857814,1.723389807,1.956792219,1.936028999,1.762274851,1.566569986,1.695781714,1.720313404,1.949614062,1.933214997,1.732169869,1.696350164,1.378363035,1.407090029,1.584143657,1.71497575,1.597568902,1.751205286,1.701640958,1.561394269,1.452436906,1.450056361,1.744246941,1.702312741,1.634558669,1.894152759,1.872949153,1.549225847,1.522291791,1.789507138,1.859913405,1.678812702,1.604005747,1.639588846,1.654232303,1.804268651,1.684179326,1.857767081,1.646777298,1.740038816,1.604345816,1.771288871,1.813005842,1.737804764,1.822572409,1.776504765,1.828193282,1.923279145,1.954074998,1.502909684,1.603635652,1.594397399,1.540971809,1.492800136,1.473063266,1.770752492,1.807365198,1.832972667,1.898137342,1.813338046,1.761181063,1.640261872,1.754851359,1.957463254,1.832128694,2,1.536644463,1.901785458,1.862644478,1.461499624,1.361917243,1.759799677,1.726293146,1.431982492,1.522062943,1.753538368,1.412147041,1.830437322,1.935314558,1.70569291,1.763558027,1.501115095,1.635980238,1.884435117,1.901845672,1.728994508,1.824710846,1.956022527,1.873614739,1.428998627,1.383415738,1.720802109,1.746224877,1.516752729,1.49260091,1.821799688,1.912510997,1.828650539,1.689230957,1.434247292,1.951360986,1.939993754,1.884331897,1.984001444,1.372590134,1.767160572,1.677715035,1.758784505,1.442263213,1.455878079,1.797132394,1.628853736,1.802797035,1.809169388,1.459798803,1.671769632,1.805383082,1.720770939,1.449961924,1.702115006,1.547353706,1.445549267,2,1.999702908,1.563894942,,
CD_097_V3,1.379170191,1.635296936,1.669776157,1.472918135,1.424155314,1.76130321,1.801283032,1.527870636,1.439318552,1.469794807,1.466403676,1.559067449,1.682728056,1.557327448,1.666507582,1.43206976,1.584062393,1.285669551,1.376410371,1.522129287,1.860732461,1.732061172,1.588593121,1.521373673,1.670637891,1.653592332,1.752241186,1.869264931,1.86576633,1.622347205,1.620512563,1.826234172,1.88742421,1.380762493,1.513414146,1.905912615,1.258141364,1.776022733,1.594963681,1.84724166,1.862021632,1.21438378,1.699514447,1.827285111,1.806367841,1.4394303,1.523779338,1.938607135,1.909740957,1.582373983,1.526023038,1.820803471,1.978104111,1.947138308,1.505634065,1.660831699,1.766567175,1.751220921,1.95492636,1.825269184,1.791639667,1.953473722,1.464039497,1.478929901,1.500907181,1.500553601,1.576936945,1.676566267,1.724218685,1.827631241,1.783487903,1.932303803,1.944245328,1.879209235,1.712197376,1.672646745,1.754438106,1.898046731,1.428792019,1.303456711,1.343042745,1.637182355,2,1.768139959,1.906510878,1.938590327,1.620155475,1.705605607,1.905923851,1.363048441,1.44609605,1.671346182,1.723517902,1.784883765,1.96367137,1.582820097,1.469662007,1.937473962,1.925285153,1.414267369,1.583520352,1.289943584,1.470759373,1.216457448,1.607537571,1.854150618,1.778053852,1.699602763,1.590544823,1.48698409,1.475237924,1.702224224,1.671156363,1.595426087,1.440333044,1.372183403,1.370425279,1.562066906,1.452152073,1.632404649,1.88903585,1.733646235,1.636453142,1.310517131,1.396206309,1.760379402,1.282101554,0,1.807661869,1.853388305,1.652327667,1.858607769,1.569735561,1.825344706,1.661853988,1.954894332,1.188219128,1.478360134,1.400230213,1.325552301,1.957355301,1.948060328,1.578959726,1.498556135,1.376900134,1.513213191,1.365833284,1.819251488,1.912016786,1.958047485,1.946489458,1.329524208,1.556003385,1.567224102,1.556967444,1.62777879,1.683614028,1.202720637,1.345882914,1.432828598,1.476773146,1.633018345,1.769007077,1.428856754,1.925450886,1.945510037,1.775402046,1.474807238,1.729605125,1.746326112,1.906937585,1.877107984,1.400605733,1.451888466,1.49079178,1.467592053,1.639568832,1.661944134,1.631818168,1.6755832,1.544936998,1.376539506,1.392806624,1.361444468,1.676218744,1.578832279,1.449428291,1.935657965,1.92063587,1.492048688,1.486503727,1.707155964,1.782937432,1.66206378,1.66001876,1.731248571,1.65021105,1.893948348,1.68052829,1.816305525,1.594008956,1.648102194,1.468856641,1.769518292,1.83079675,1.804826139,1.907626739,1.775871686,1.802961893,1.902099577,1.922811329,1.598996795,1.515077881,1.802242656,1.810988796,1.635789995,1.579754168,1.769004811,1.844513845,1.722332413,1.853139297,1.734047999,1.579253825,1.587980985,1.77889913,1.929173443,1.823570991,2,1.382147345,1.902949892,1.881767173,1.41940228,1.35094178,1.49466685,1.613316306,1.527506995,1.69469656,1.691194147,1.40636984,1.921948102,1.977757348,1.405301771,1.518381954,1.915861561,1.870811203,1.714658132,1.790752685,1.629606653,1.775120383,1.955652641,1.856222203,1.827331161,1.79059417,1.748671627,1.80167054,1.377813655,1.520115831,1.73849114,1.92109721,1.907150904,1.844449097,1.507002684,1.931498561,1.940746851,1.840321683,1.984926014,1.373261734,1.686119486,1.823466318,1.713689719,1.645417847,1.77335456,1.772893683,1.751491345,1.718885413,1.908003765,1.289482014,1.602430014,1.829932095,1.835085508,1.916531736,1.946063959,1.536533072,1.693556392,2,1.999868401,1.394542356,,
CD_098_V1,1.823392159,1.790433023,1.780909941,1.849540469,1.821629849,1.768722897,1.835493323,1.762611442,1.756123956,1.774998052,1.813688629,1.769607548,1.65746863,1.682668257,1.605222528,1.709681836,1.696687545,1.730281221,1.630246077,1.713616344,1.916592348,1.555302856,1.900923729,1.74628317,1.773696246,1.602533722,1.601308335,1.800624485,1.803384586,1.740086179,1.659861813,1.93654898,1.89774927,1.747194151,1.773430975,1.952726388,1.749905925,1.856779252,1.787369486,1.605304938,1.805453199,1.798946514,1.707668101,1.906286998,1.911006469,1.877332168,1.895551847,1.94379262,1.960025601,1.589429697,1.660249666,1.880719893,1.983299722,1.983610553,1.668736082,1.671355065,1.953402431,1.891930137,1.968654778,1.753825727,1.796472195,1.96028133,1.679275141,1.667476701,1.609634067,1.676955833,1.919248792,1.59449796,1.576690765,1.766078756,1.832909536,1.926337589,1.939962616,1.896103311,1.550781131,1.611012041,1.92044791,1.979078538,1.770481604,1.778123034,1.700274859,1.716921289,2,1.828687322,1.974830203,1.979492733,1.716321567,1.697532564,1.920562242,1.682145719,1.767695284,1.82701552,1.855200063,1.862339883,1.983584394,1.82436289,1.750014434,1.97605929,1.978838355,1.912799522,1.881144586,1.668246225,1.637793083,1.731188241,1.693855434,1.906748886,1.83376358,1.448311263,1.734724599,1.657215158,1.725732281,1.652511098,1.948462984,1.668374937,1.679411773,1.743526944,1.716359904,1.687836668,1.76197386,1.827854729,1.937689798,1.723969077,1.542099128,1.706001715,1.733534383,1.902514401,1.803845277,1.807661869,0,1.678092796,1.847645444,1.86988142,1.876775195,1.962394243,1.639045211,1.84884639,1.716813,1.733612045,1.841880458,1.825123107,1.914999813,1.966129957,1.699207429,1.686416645,1.708615261,1.742517421,1.691216934,1.769017681,1.777008017,1.928172754,1.920172198,1.76102049,1.799125612,1.520657365,1.402552357,1.82384726,1.715490315,1.801644219,1.750103024,1.703742142,1.628884129,1.86099295,1.854055466,1.740247441,1.955928358,1.929813892,1.731355342,1.73403166,1.700300171,1.669494078,1.958323911,1.972560428,1.738361898,1.737618435,1.723122249,1.811186859,1.854827702,1.61282632,1.540933965,1.756658479,1.782565546,1.76362953,1.702873763,1.754074563,1.911744908,1.700027276,1.758129044,1.854939561,1.839431008,1.84038387,1.88849419,1.820980145,1.835475055,1.76965311,1.658958912,1.703448626,1.678734486,1.930849671,1.838101864,1.934854169,1.79887817,1.738467673,1.744003858,1.882542511,1.898173395,1.838389996,1.839109606,1.868556499,1.889463983,1.960750543,1.975716381,1.620241434,1.644834908,1.778728805,1.835700887,1.848585885,1.823325758,1.891122866,1.892502309,1.945792412,1.95358795,1.816481089,1.518768667,1.913738587,1.949834927,1.968508532,1.92841043,2,1.666268454,1.871264284,1.844152977,1.705910661,1.742660182,1.665241776,1.760106337,1.600943395,1.596144121,1.835040629,1.601161584,1.91336621,1.971966746,1.840398909,1.814835649,1.875905689,1.815587786,1.795133287,1.968920848,1.906956966,1.905253802,1.88774397,1.865685822,1.913551971,1.890903097,1.801275871,1.77031199,1.777848076,1.719573893,1.916409185,1.950980992,1.899212948,1.922891003,1.855300705,1.959915459,1.920909461,1.955732998,1.997267645,1.750511662,1.864833024,1.900679082,1.914429767,1.687083127,1.86668294,1.93157398,1.87007649,1.906524219,1.826364123,1.826386704,1.825444241,1.734165642,1.71227586,1.888856259,1.90684936,1.827018471,1.872891739,2,1.997402893,1.894980145,,
CD_098_V3,1.901591303,1.897373905,1.882321915,1.901823013,1.856548917,1.338393594,1.10730382,1.917873211,1.892329725,1.87793438,1.887810768,1.852090278,1.823710066,1.882735967,1.891049215,1.854659242,1.911630458,1.783892215,1.82484588,1.846253773,1.919708847,1.800609715,1.737691576,1.81412089,1.825228762,1.871801894,1.889474512,1.779860543,1.57352884,1.804181306,1.774791971,1.258658824,1.516915173,1.845485224,1.886530991,1.978209066,1.897760093,1.826919846,1.814597598,1.807892574,1.771900711,1.818219441,1.835515469,1.924842994,1.932828255,1.930248677,1.949585601,1.590764926,1.641933418,1.774168542,1.799344656,1.836132286,1.366961996,1.587547253,1.84154318,1.887816883,1.950037562,1.909087708,1.109917878,1.922926445,1.579508363,1.152854379,1.900373309,1.90072438,1.818810259,1.783465638,1.910659663,1.371296463,1.859973191,1.574980113,1.400902744,1.074090244,1.107786124,1.940348292,1.87546588,1.891821498,1.925962419,1.969903438,1.866100539,1.880320611,1.768873639,1.793956641,2,1.110181394,1.538084428,1.393001391,1.884230356,1.864626869,1.10327871,1.786133887,1.82350316,1.86806439,1.880108332,1.573815833,1.748079712,1.832674069,1.794547021,1.154261824,1.154284638,1.921039294,1.926851961,1.778958849,1.769561429,1.785985986,1.857278164,1.204973573,1.027928202,1.84147639,1.849676917,1.834947091,1.872103875,1.897745904,1.193702935,1.868498047,1.912074747,1.815875413,1.819804072,1.832687539,1.876415911,1.847867793,1.976972364,1.743110562,1.369525693,1.839698417,1.819625143,1.722766073,1.828518177,1.853388305,1.678092796,0,1.896074949,1.901798319,1.922064115,1.958143743,1.342781704,1.84146625,1.853880112,1.830296127,1.840665283,1.835036333,1.950704456,1.15661085,1.864856899,1.85701688,1.850471444,1.826235042,1.816437646,1.541683961,1.800769924,1.885351029,1.875651246,1.820099236,1.845575808,1.809235216,1.792330252,1.874807677,1.837889205,1.868313116,1.883952051,1.847000675,1.817769818,1.848649124,1.43449675,1.576914566,1.153123388,1.258895558,1.887767168,1.888570697,1.385129327,1.236556707,1.316495216,1.922673187,1.350959321,1.448467235,1.833454856,1.823703048,1.846744176,1.871103621,1.852655203,1.322148041,1.216925663,1.846403506,1.848988297,1.296669031,1.06258124,1.864968435,1.847486199,1.84755621,1.653081649,1.84253706,1.888748567,1.913432839,1.922401389,1.862577139,1.860177417,1.764306786,1.7544179,1.136744992,1.39087968,1.945100339,1.885656251,1.901833107,1.879207366,1.907732233,1.939828591,1.856802088,1.827129122,1.941636813,1.946364643,1.55409404,1.60006566,1.782322048,1.831156686,1.870592453,1.87065293,1.903049937,1.867697052,1.760305381,1.192329007,1.343377994,1.143255129,1.13826385,1.871427468,1.922120165,1.94107936,1.553481877,1.701724409,2,1.784198574,1.934163313,1.932832921,1.790432862,1.81211802,1.758786971,1.567447618,1.814513533,1.846394537,1.918158014,1.823879147,1.099743668,1.159936874,1.888361146,1.912463248,1.904845533,1.893440936,1.447220972,1.251947349,1.920046083,1.932254181,1.958136636,1.89743699,1.888190593,1.883450661,1.840766717,1.848980008,1.862583062,1.84508906,1.716477973,1.128391804,1.079736697,1.922320228,1.849901194,1.105721864,1.149858544,1.953005713,1.995849051,1.819098831,1.911776312,1.838089255,1.839556552,1.829630949,1.914988704,1.255150725,1.752892648,1.375235108,1.839129136,1.804046058,1.862209556,1.861090269,1.867313266,1.863185642,1.890573339,1.849647377,1.852878099,2,1.99763259,1.925628947,,
CD_100_V1,1.48377767,1.771487128,1.743697476,1.793452463,1.818029968,1.906532195,1.927767424,1.782445288,1.801295188,1.350510762,1.346696385,1.240144526,1.334687823,1.835239468,1.849542263,1.817917271,1.838879841,1.656490552,1.662914311,1.729273292,1.242811767,1.790806701,1.809187607,1.750911688,1.819946548,1.390950435,1.323530572,1.955572499,1.959411063,1.782593106,1.723094363,1.956003839,1.966070045,1.708647936,1.727702009,1.913889128,1.671342906,1.64690253,1.650465914,1.834854259,1.903778203,1.635161622,1.781671089,1.208407534,1.216224469,1.557915935,1.661698794,1.285025082,1.26613344,1.647783659,1.695932106,1.507323589,1.540413357,1.312925415,1.736825665,1.774655115,1.22659007,1.243242348,1.99318522,1.937630611,1.225993158,1.694093581,1.804094237,1.758359708,1.738947496,1.776914798,1.190913191,1.873852546,1.820413926,1.930592514,1.927672703,1.938664356,1.964867809,1.264500856,1.894756703,1.913611279,1.407750964,1.65703266,1.813505161,1.745454914,1.687831052,1.745739142,1.505235611,1.906229572,1.292139489,1.352701862,1.823727974,1.765304266,1.563144463,1.73429482,1.798991374,1.267552246,1.208364698,1.938230017,1.990745756,1.89525808,1.851132585,1.695173793,1.676390576,1.324290927,1.342052647,1.617878274,1.576710689,1.600611193,1.70803089,1.376517775,1.887418495,1.873644516,1.835768836,1.687238929,1.781866583,1.804101929,1.447018577,1.821035699,1.835627852,1.713466092,1.746569684,1.749102664,1.779542302,1.202132069,1.491216163,1.670648308,1.834880274,1.684387852,1.662376657,1.292552096,1.667469519,1.652327667,1.847645444,1.896074949,0,1.063291872,1.486244114,1.290504036,1.783517614,1.943340837,1.691357325,1.662431888,1.21062551,1.287317277,1.478951977,1.723737101,1.837109291,1.717018513,1.781333742,1.806584859,1.800604178,1.273863167,1.221726028,1.547949309,1.454725706,1.664618581,1.655108273,1.684871091,1.704583674,1.822811692,1.74175455,1.699029265,1.797177853,1.704195916,1.660416549,1.24680606,1.935417982,1.82182119,1.497807573,1.362968883,1.873978731,1.806880931,1.844849422,1.799303663,1.172892751,1.121324358,1.853933562,1.835323551,1.696958037,1.308926156,1.264401769,1.82660707,1.765934134,1.878594846,1.869839876,1.768359166,1.736635306,1.682878651,1.848480743,1.838021893,1.81616185,1.326868168,1.274678748,1.208052317,1.200253245,1.216245992,1.256578981,1.841829932,1.831530432,1.806011448,1.848461999,1.47428513,1.285084285,1.929487482,1.822217158,1.807375001,1.750582482,1.255119828,1.246290833,1.208914997,1.616715737,1.35303595,1.251761349,1.338362725,1.422295297,1.756184975,1.792500071,1.275727325,1.236134219,1.231614025,1.206751164,1.248951062,1.386352323,1.294233253,1.517559599,1.925732596,1.840090437,1.211628057,1.229620939,1.350052746,1.475004678,1.505235611,1.738045315,1.128435668,1.072178589,1.686507973,1.629646433,1.86086837,1.867228215,1.724465762,1.768630439,1.86276674,1.718185257,1.534246668,1.698382883,1.757548812,1.847211556,1.373869378,1.275110827,1.950629726,1.389614075,1.197166071,1.204744983,1.315624615,1.314441169,1.39703092,1.538344297,1.335451759,1.331632556,1.193594462,1.225167038,1.252443159,1.543247042,1.577756375,1.225838189,1.218481139,1.861337918,1.449527265,1.406663738,1.607403355,1.246836,1.20881755,1.296981326,1.317028944,1.389099385,1.535851459,1.240636831,1.138845613,1.286086049,1.280622374,1.33115482,1.267452703,1.225390145,1.232756733,1.350223733,1.299677345,1.192451214,1.28576428,1.505235611,1.564745249,1.735558012,,
CD_100_V3,1.676263447,1.770963894,1.736927373,1.808512572,1.83279812,1.938095022,1.951068565,1.854143763,1.89892702,1.545225267,1.562848601,1.503839812,1.542597951,1.892684382,1.912171394,1.904004479,1.885514914,1.769771815,1.77034505,1.781447993,1.490105351,1.86465333,1.881508463,1.77428726,1.830349637,1.369760019,1.281748162,1.977525957,1.979365414,1.792964531,1.72355041,1.989451832,1.989566612,1.783362457,1.765197832,1.94108864,1.859087435,1.542621092,1.60033284,1.840625904,1.911201974,1.856554387,1.833739032,1.45590529,1.470264102,1.693986939,1.727553166,1.546177527,1.522694422,1.662933283,1.730948436,1.490392047,1.718461428,1.548063118,1.773655422,1.823298463,1.50832088,1.512691438,1.996302504,1.956550401,1.437033587,1.798737267,1.85700062,1.799001901,1.776993357,1.816601062,1.447571977,1.905575212,1.857838408,1.955410455,1.961203821,1.923341517,1.962076693,1.498423211,1.931646757,1.947345068,1.644635726,1.786057722,1.920668927,1.891987508,1.756127925,1.751712048,1.65972029,1.904323329,1.539293297,1.580112287,1.881895591,1.832671145,1.678773253,1.764663585,1.842180983,1.400705224,1.420770919,1.982694275,1.99591376,1.945283383,1.925923091,1.815481969,1.804722173,1.624856784,1.606017205,1.733953581,1.608601361,1.708393157,1.751041314,1.574931784,1.913160438,1.889740543,1.896798165,1.734887747,1.860636584,1.841523866,1.677078683,1.897339354,1.945471113,1.793602858,1.833302594,1.76265659,1.86690492,1.446322969,1.669755508,1.624334045,1.888283976,1.798642539,1.74678896,1.546505148,1.691276383,1.858607769,1.86988142,1.901798319,1.063291872,0,1.638623735,1.535327183,1.845281591,1.965786188,1.824516681,1.711499681,1.485500041,1.571276727,1.655609889,1.816589458,1.856535028,1.756310027,1.872610447,1.877905277,1.901106415,1.491259436,1.432101172,1.531197747,1.474523859,1.753704052,1.644251863,1.689515943,1.717978261,1.812054307,1.734441532,1.895300512,1.930047108,1.779697191,1.708325443,1.436139099,1.969741281,1.943092231,1.682481657,1.589321231,1.920738736,1.893079668,1.872301163,1.83145231,1.169940857,1.241413929,1.961527513,1.941490133,1.764140633,1.495084932,1.488255887,1.856478176,1.792120285,1.939959292,1.946678827,1.790082046,1.791716386,1.792976784,1.901711519,1.857605007,1.896425163,1.570763135,1.521643049,1.48454989,1.469496584,1.47730751,1.493679797,1.86608035,1.84278659,1.804776151,1.870735784,1.633403378,1.533317479,1.947306105,1.89450294,1.864652111,1.851427053,1.515471275,1.505499289,1.454906101,1.730930904,1.602413315,1.518819511,1.589721311,1.651188957,1.749324608,1.815347062,1.475986331,1.417753671,1.481401743,1.452427477,1.508793226,1.614891818,1.548555842,1.697461411,1.961751824,1.952420661,1.486153385,1.476714424,1.587682097,1.693568566,1.65972029,1.834164963,1.219114884,1.153838221,1.773624239,1.726011522,1.917333269,1.930757359,1.77937573,1.804504074,1.897839151,1.801488952,1.684623628,1.790767684,1.93521537,1.95136913,1.530181182,1.454093738,1.986025043,1.62526794,1.45192754,1.463933942,1.562498689,1.562658333,1.496122392,1.595011943,1.570968577,1.559661123,1.440612346,1.422381194,1.519556675,1.702760103,1.699889601,1.442585694,1.419630308,1.906128165,1.643807229,1.635799787,1.747738219,1.48281794,1.47413778,1.4894569,1.530109472,1.536804028,1.66604238,1.41875729,1.275204851,1.562974301,1.524683986,1.562002814,1.509073475,1.497226122,1.481861939,1.428265496,1.478045254,1.415527933,1.431971485,1.65972029,1.730054207,1.823790012,,
CD_101_V1,1.103693748,1.703890374,1.758501646,1.102510079,1.250312049,1.915422715,1.920833243,1.451671723,1.632407098,1.120912254,1.093529288,1.437012561,1.490225183,1.855237071,1.921499601,1.736596996,1.687819103,1.701399791,1.799505799,1.608988246,1.433577585,1.946333489,1.923748354,1.766304652,1.880418192,1.84250311,1.84504543,1.972717334,1.970662988,1.781378245,1.762387252,1.96234103,1.979558607,1.476451842,1.450647235,1.800971133,1.451062864,1.854160583,1.747071225,1.907681499,1.95677119,1.797293618,1.802363628,1.41444606,1.415828108,1.056805951,1.069717389,1.477784902,1.45606776,1.786929839,1.811453168,1.828037745,1.671504843,1.489286607,1.548461198,1.71341226,1.458049631,1.436812117,1.981936785,1.935390443,1.34626514,1.786606787,1.576478792,1.466159408,1.830429402,1.835301284,1.408392591,1.746355279,1.89166129,1.922948204,1.935501446,1.952162704,1.951689454,1.478705792,1.733729011,1.951080346,1.564438647,1.737759441,1.605044396,1.581782947,1.780582538,1.797985693,1.625905687,1.897213944,1.48126633,1.526121927,1.766042592,1.853263097,1.70098748,1.821543435,1.842841451,1.449046383,1.43577017,1.950005192,1.981772076,1.899840403,1.825140814,1.785201606,1.772207138,1.471061232,1.463068823,1.775527082,1.844319697,1.817488896,1.804616456,1.514007914,1.937993401,1.951443291,1.641777277,1.359246194,1.855961665,1.84338003,1.644502924,1.76793117,1.894622966,1.661549044,1.668912514,1.863131426,1.848628745,1.388018877,1.544348235,1.870393598,1.911483214,1.779765818,1.736622345,1.503979389,1.615889856,1.569735561,1.876775195,1.922064115,1.486244114,1.638623735,0,1.335766211,1.929507342,1.940865768,1.392165853,1.710948348,1.479084855,1.550945952,1.64987,1.80862061,1.889856923,1.839841886,1.544014322,1.87530588,1.853719862,1.470454169,1.463905416,1.799609821,1.714104034,1.68238497,1.754426095,1.746841875,1.763153774,1.72117068,1.603492991,1.622252281,1.759857699,1.772235789,1.671033204,1.52283354,1.939138722,1.914655197,1.650583679,1.542361848,1.955317713,1.920216243,1.911116338,1.935870062,1.677463923,1.459577259,1.903586408,1.892006657,1.779264554,1.499240002,1.479317982,1.927342548,1.755803084,1.891441169,1.881327984,1.787380378,1.851283794,1.635752694,1.878208874,1.888836529,1.871550144,1.540953992,1.501002765,1.463473595,1.460434092,1.309399103,1.402226927,1.894504245,1.907253132,1.821666207,1.850165442,1.593981091,1.448770936,1.925515585,1.83936671,1.718015451,1.734708401,1.305897748,1.315848245,1.366616287,1.582685311,1.519281239,1.449822025,1.526086252,1.586140963,1.879052738,1.89108052,1.510514368,1.479863897,1.408418813,1.422917399,1.431019645,1.569611337,1.33849527,1.579026499,1.8853844,1.940060368,1.429648068,1.408475571,1.549743205,1.671648049,1.625905687,1.847708149,1.519059458,1.507643546,1.839020173,1.80683762,1.839566307,1.831471314,1.661018709,1.765165059,1.917919788,1.715690411,1.661244073,1.78456196,1.93040418,1.930105395,1.577966077,1.490813686,1.929797911,1.557004841,1.419740351,1.400863745,1.507956461,1.517137517,1.662257117,1.730955384,1.536517228,1.508861735,1.34270995,1.307149608,1.462212639,1.680468424,1.699819278,1.469511025,1.459473204,1.912280554,1.6153838,1.571975827,1.707316317,1.469727688,1.410114427,1.505841713,1.509393521,1.558281173,1.687340141,1.495244479,1.444485606,1.498598193,1.4624964,1.604217686,1.4998191,1.437083853,1.438060224,1.621686116,1.515099732,1.490074943,1.574601047,1.625905687,1.690823982,1.123741252,,
CD_101_V3,1.469825548,1.911321452,1.93261136,1.795866796,1.789223207,1.933054979,1.92639079,1.825865631,1.807285139,1.327792433,1.286610896,1.178189819,1.311760585,1.837882418,1.922511078,1.789190184,1.852032255,1.674657435,1.833090929,1.810439947,1.078169064,1.954561568,1.908014415,1.826730454,1.90289774,1.946384615,1.9151975,1.961629393,1.965716994,1.824787965,1.844121108,1.957545295,1.982199656,1.665727533,1.76823089,1.853362198,1.713171358,1.918967972,1.835317907,1.951531245,1.959705952,1.943841544,1.918921254,1.06176342,1.062951053,1.506826888,1.618236841,1.125391569,1.089627239,1.954742021,1.951296315,1.658759872,1.378527831,1.111901142,1.802953073,1.907423724,1.118306025,1.151934877,1.979516779,1.962105442,1.197945629,1.563645175,1.848324226,1.878343004,1.893654685,1.890407402,1.083732419,1.894469051,1.954390091,1.927508767,1.952925888,1.965921436,1.962260561,1.12077457,1.920122443,1.939201008,1.290237548,1.506031727,1.792675475,1.837367665,1.769032075,1.923547582,1.243453019,1.930089517,1.10647298,1.156309709,1.820348398,1.922340999,1.461639727,1.812650363,1.813437317,1.284308839,1.113174696,1.934633128,1.975427168,1.890526334,1.850703866,1.565891234,1.532535434,1.278529273,1.305123417,1.842291283,1.911600823,1.808698994,1.816362736,1.294517313,1.949543055,1.971871968,1.847032518,1.892910758,1.932228321,1.936896001,1.37288839,1.87336166,1.947163447,1.786210894,1.764238552,1.932389589,1.855959191,1.147677597,1.35841035,1.895125415,1.910161105,1.843997517,1.699411018,1.23211433,1.849552603,1.825344706,1.962394243,1.958143743,1.290504036,1.535327183,1.335766211,0,1.947335587,1.952815071,1.7567489,1.665903491,1.183874175,1.303819871,1.366029375,1.600962277,1.869995646,1.881716705,1.785345102,1.918488267,1.86296076,1.246010451,1.148953226,1.601904388,1.469488943,1.672675313,1.801639633,1.962164157,1.972275566,1.912950287,1.873989194,1.786568125,1.786727007,1.875340797,1.829668286,1.232949765,1.929807195,1.885385358,1.35133765,1.219018584,1.912563186,1.910202099,1.927197735,1.954408356,1.403694171,1.105020031,1.901660336,1.876702473,1.707237413,1.373047613,1.220011641,1.941408652,1.899153725,1.855780105,1.871637239,1.900629797,1.909628217,1.818140756,1.909771791,1.869551399,1.895860598,1.229880391,1.178482458,1.174344868,1.135132332,1.127341299,1.171487558,1.848585511,1.904469198,1.893870611,1.865971033,1.364275582,1.217316047,1.891674736,1.831085133,1.853366882,1.836325881,1.072414283,1.091309911,1.115443034,1.517364005,1.267387621,1.149702771,1.207554789,1.283777084,1.906772173,1.870732264,1.275071058,1.201251049,1.176233669,1.185160166,1.10676245,1.282185331,1.133572608,1.360316974,1.916453394,1.957512995,1.123819904,1.071761994,1.230979164,1.436289227,1.243453019,1.905297211,1.17986623,1.173832168,1.778375665,1.739645736,1.953891759,1.916626318,1.848543235,1.853759697,1.911446022,1.817337269,1.435428329,1.561104389,1.921818907,1.916738775,1.316953193,1.214407937,1.909906896,1.232000746,1.096688171,1.069339484,1.171279276,1.214900892,1.420262351,1.622653704,1.279752995,1.289555588,1.222571661,1.256971352,1.136190988,1.405791506,1.495667522,1.119970338,1.262210647,1.81745823,1.321671886,1.280185835,1.421985861,1.294096492,1.107347733,1.174164657,1.181827386,1.46715656,1.52654919,1.20881724,1.259099205,1.197308281,1.147651908,1.399236817,1.217976996,1.118928443,1.188070609,1.331493982,1.179368102,1.162566796,1.262043585,1.243453019,1.400178792,1.773212048,,
CD_102_V1,1.869907653,1.798669853,1.804936348,1.822830862,1.811110356,1.318629051,1.246247688,1.709801498,1.594278523,1.85808146,1.87280456,1.762401299,1.757217645,1.621855346,1.663266097,1.611233538,1.644907542,1.574671422,1.546055359,1.553226294,1.935646663,1.43554256,1.878926861,1.816297897,1.867935638,1.684202737,1.627559892,1.608099934,1.474613497,1.449841594,1.54804062,1.434744281,1.515235275,1.716973569,1.763485046,1.957744133,1.640787613,1.899629151,1.811281848,1.684616655,1.758767636,1.674300651,1.656760906,1.926884439,1.9313672,1.914437588,1.942298796,1.745685713,1.721639184,1.687698047,1.530713405,1.902798274,1.669605902,1.798841062,1.687646408,1.558460744,1.837967978,1.780443813,1.529297484,1.730963841,1.70946391,1.572576609,1.695701097,1.738378649,1.589732324,1.530468132,1.868046763,1.330990288,1.587542845,1.528628275,1.432478223,1.442259567,1.492139901,1.906390565,1.522535037,1.691714938,1.887975634,1.953336023,1.838509969,1.774940888,1.616092628,1.791914289,2,1.368762007,1.753450863,1.694736248,1.600621629,1.637003851,1.498542724,1.583809663,1.654349357,1.882169606,1.872420107,1.518025897,1.8385263,1.751405989,1.667966767,1.558374784,1.566629916,1.757170576,1.604615733,1.644032174,1.6511707,1.631091925,1.639154491,1.473555565,1.342580279,1.528664483,1.669166694,1.747068853,1.765005916,1.614881638,1.525074981,1.709357149,1.692396729,1.496368272,1.595598059,1.690196153,1.690094748,1.825394017,1.965332151,1.749586601,1.215650757,1.618724614,1.677815013,1.582808457,1.799471206,1.661853988,1.639045211,1.342781704,1.783517614,1.845281591,1.929507342,1.947335587,0,1.374831293,1.670346106,1.773607548,1.699518639,1.685575844,1.946479244,1.577664596,1.756353485,1.741880344,1.74883151,1.76125491,1.6385409,1.64435848,1.834111102,1.952372581,1.939387585,1.737829578,1.822723151,1.752345255,1.789205264,1.823534403,1.872778513,1.677771276,1.711064127,1.439655304,1.592863709,1.836603784,1.47489645,1.388616599,1.515685283,1.532331839,1.573372599,1.660317713,1.390296026,1.285463123,1.582246109,1.895894399,1.256810334,1.251518602,1.642744973,1.750368256,1.776746052,1.655867549,1.665745521,1.359269504,1.263749657,1.679138318,1.644204608,1.359250521,1.373790222,1.756248756,1.625776285,1.810552675,1.725079061,1.77448866,1.837634557,1.877005967,1.846463797,1.790883775,1.787039298,1.661962832,1.550319356,1.508188447,1.566950953,1.933648712,1.690876452,1.712598224,1.622700676,1.907445559,1.93252317,1.868147671,1.942269845,1.778990553,1.89667496,1.721536805,1.763987575,1.699223914,1.647209588,1.853917083,1.847445926,1.86118249,1.819986737,1.790097966,1.451871509,1.602705423,1.529547997,1.312130799,1.434989859,1.873497698,1.933873127,1.697381423,1.667095303,2,1.653002378,1.909620471,1.829902648,1.688772106,1.638322646,1.578702612,1.544206759,1.504190699,1.544989954,1.883644425,1.620255068,1.445671895,1.585946107,1.692857179,1.724255909,1.939878872,1.93269182,1.337272336,1.579694878,1.883616158,1.900487,1.941034969,1.892146609,1.920560371,1.930251884,1.834766993,1.834587251,1.78564891,1.809035554,1.786122902,1.519299742,1.45076979,1.859670067,1.777747418,1.510151964,1.487399836,1.89729941,1.991277031,1.728976542,1.859915663,1.914179744,1.841862904,1.814198046,1.922849961,1.492889556,1.667112017,1.493538422,1.784090465,1.703516599,1.83143072,1.816255393,1.826927482,1.929706724,1.955543826,1.827937242,1.863143921,2,1.99856004,1.896728339,,
CD_102_V3,1.967288169,1.95099619,1.953904595,1.932042423,1.958429171,1.805936622,1.784672242,1.766375751,1.805919876,1.956544607,1.96280466,1.921859442,1.90781568,1.898834348,1.897057621,1.892424859,1.839432615,1.882998598,1.846833624,1.607471748,1.977413106,1.763091572,1.975194404,1.958168806,1.96585027,1.893560874,1.831628696,1.911510118,1.88144371,1.380192614,1.657164494,1.834155696,1.876646927,1.926511258,1.92238667,1.97525436,1.887851183,1.962534478,1.929794584,1.881353948,1.912912952,1.865313491,1.778721229,1.977334608,1.980172999,1.978211934,1.982113252,1.901759824,1.745864208,1.905732411,1.667090872,1.967235718,1.929061454,1.957138174,1.816020428,1.564081951,1.825645453,1.714480096,1.885740342,1.884195589,1.920201061,1.895700147,1.840211047,1.863164846,1.870799687,1.715300932,1.968442403,1.834792332,1.837759545,1.89772454,1.887498365,1.870595889,1.881635518,1.879482378,1.52871281,1.862897328,1.968050693,1.982598243,1.963736012,1.960369359,1.90344923,1.937037653,2,1.866293986,1.946322731,1.934867128,1.872829636,1.876500895,1.879406245,1.889161941,1.901999055,1.963857181,1.954509527,1.822095551,1.967230387,1.928703668,1.905523506,1.897801596,1.899049375,1.882141517,1.511736066,1.926146273,1.894501598,1.921741741,1.839096192,1.888756616,1.829696532,1.721163054,1.754949978,1.827624779,1.949149396,1.557225738,1.901552633,1.920947229,1.907866132,1.578883291,1.890163207,1.88740618,1.910564656,1.939480415,1.973691008,1.909129666,1.732959694,1.869715735,1.926018053,1.543453301,1.955933726,1.954894332,1.84884639,1.84146625,1.943340837,1.965786188,1.940865768,1.952815071,1.374831293,0,1.909975349,1.936541599,1.76153377,1.788359013,1.957781944,1.896673537,1.944744116,1.927646558,1.944705233,1.954869773,1.935247714,1.894823081,1.914003058,1.98023747,1.975181454,1.945314952,1.949967337,1.919396429,1.94002631,1.844639742,1.963868653,1.935743701,1.937371607,1.414225736,1.697908584,1.957897036,1.858144967,1.857165041,1.884680333,1.882018024,1.727190737,1.850766012,1.865775818,1.839048638,1.919606521,1.974743798,1.785307639,1.796877947,1.898280048,1.929938907,1.93094407,1.839958278,1.871622686,1.860169514,1.834145586,1.925207479,1.883589619,1.87031297,1.866337287,1.944726035,1.894168604,1.885911403,1.884253112,1.935928642,1.958062924,1.93647346,1.907091456,1.907011286,1.756891944,1.698134219,1.594199532,1.892008915,1.907139312,1.979124987,1.778543184,1.905181041,1.910263229,1.96249211,1.971800201,1.951703812,1.946980852,1.783452414,1.968975551,1.936557743,1.951984082,1.925572429,1.898288489,1.919647822,1.854334018,1.947383675,1.940040924,1.938311958,1.875710912,1.852718648,1.89456497,1.840770892,1.718399038,1.967958811,1.982820648,1.923082984,1.8886696,2,1.914476017,1.981553003,1.829766159,1.932614614,1.919086211,1.875147848,1.904939604,1.579695094,1.713683906,1.959060784,1.910952146,1.810749177,1.900698066,1.929591183,1.933124242,1.971043182,1.964927264,1.848428818,1.909433678,1.965024595,1.959112485,1.972046463,1.959119822,1.971336418,1.974093668,1.951058142,1.934732265,1.951427688,1.944692018,1.955768967,1.891484674,1.814322455,1.865023007,1.897017066,1.831163805,1.868311561,1.925503573,1.997760413,1.929314748,1.948788828,1.971844788,1.894595984,1.927187848,1.965397341,1.829610714,1.822497636,1.78956646,1.833170823,1.940630583,1.955926164,1.919104091,1.934594769,1.909939609,1.984476162,1.954112787,1.962905019,2,1.999897085,1.975623226,,
CD_103_V1,1.305257244,1.469755212,1.525895006,1.311390302,1.269061931,1.635555219,1.727190324,1.327480701,1.237276809,1.363791969,1.361903502,1.652108336,1.701981913,1.535683624,1.610291225,1.369050046,1.434987841,1.276565286,1.371028133,1.379147938,1.855066016,1.573818666,1.6755029,1.49145422,1.629971272,1.66182723,1.682888725,1.830529722,1.800608359,1.48904503,1.474606331,1.859371604,1.885664407,1.299472983,1.416218878,1.83060349,1.259494134,1.848240366,1.691412034,1.749088353,1.858015068,1.412350099,1.563484847,1.837521134,1.828950252,1.36201552,1.399596813,1.952804891,1.935100082,1.450684631,1.437552659,1.894499864,1.970113483,1.957217809,1.365429605,1.490304459,1.807505112,1.802900567,1.959437369,1.739891021,1.712851959,1.965598303,1.344432799,1.345739931,1.430730395,1.454403494,1.682372759,1.582068809,1.644791365,1.744073029,1.739036325,1.927351441,1.924142031,1.938571546,1.586514631,1.538066987,1.756835013,1.896916793,1.386132605,1.326722411,1.336486723,1.60440491,2,1.807258081,1.947749325,1.963700031,1.458164892,1.56946974,1.917466523,1.314361572,1.395607378,1.695380031,1.783394597,1.775130302,1.959106141,1.60369396,1.474263173,1.96015904,1.955108348,1.553691194,1.617987436,1.326454603,1.507160657,1.277321478,1.476184063,1.817389998,1.820288248,1.578915689,1.440354085,1.305628512,1.516544503,1.684152597,1.810563054,1.445744861,1.41916248,1.321889548,1.266023833,1.502759145,1.398304998,1.67584481,1.872196794,1.662701712,1.465634951,1.278430247,1.369654597,1.840196237,1.432315514,1.188219128,1.716813,1.853880112,1.691357325,1.824516681,1.392165853,1.7567489,1.670346106,1.909975349,0,1.503237454,1.55505743,1.459112658,1.837500171,1.962332899,1.501515529,1.535627495,1.114911672,1.488895671,1.319027045,1.749865812,1.855447241,1.98024151,1.960442767,1.335030219,1.515637709,1.47745648,1.495065585,1.59014057,1.500806428,1.213087145,1.262451241,1.426931723,1.383869412,1.735355567,1.785732716,1.429448708,1.946679931,1.944468497,1.689241885,1.518469666,1.618114794,1.696062559,1.941632924,1.917302797,1.418338608,1.457923154,1.509774719,1.552545167,1.723996488,1.54078522,1.474519688,1.583284648,1.543465,1.33101923,1.33346624,1.350899119,1.74344419,1.500887745,1.544871883,1.931580012,1.908825808,1.622607275,1.664471656,1.679256762,1.734268252,1.712277586,1.620196211,1.662819887,1.567742899,1.898949069,1.718687892,1.805837647,1.517801129,1.45021221,1.380610102,1.677002444,1.752885197,1.754207484,1.922402985,1.800008395,1.809321954,1.912664,1.935884724,1.508497844,1.386370692,1.784797611,1.822056596,1.673689706,1.653443822,1.756120872,1.839173278,1.74573038,1.878877151,1.719761099,1.625903771,1.723627066,1.822608722,1.94573108,1.86766877,2,1.482289518,1.924162354,1.907981184,1.436684146,1.393501624,1.437364441,1.588133547,1.416888577,1.480797773,1.695269548,1.309939383,1.92640676,1.975833528,1.519515947,1.556648051,1.910820333,1.860240776,1.640011184,1.86810542,1.734736102,1.786122135,1.943756176,1.863083037,1.941741872,1.933544206,1.777937698,1.804388735,1.419567819,1.430887429,1.818340457,1.945495656,1.892774401,1.899671556,1.600408716,1.958729558,1.949236852,1.898259483,1.985907275,1.442845962,1.6996964,1.815229257,1.749914838,1.707193704,1.841714257,1.818374021,1.735121829,1.796047962,1.899038001,1.454194792,1.653295157,1.830991197,1.773226346,1.859584259,1.948237991,1.637528047,1.746981425,2,2,1.360191706,,
CD_103_V3,1.752633919,1.540338504,1.474689806,1.690923755,1.651186083,1.755060439,1.807862134,1.60054304,1.619425944,1.679772416,1.768238369,1.693541257,1.682897628,1.534435419,1.711846499,1.459434767,1.51389047,1.338812631,1.464558143,1.423723316,1.83075259,1.715358812,1.707377944,1.522572947,1.707206859,1.711742005,1.748934423,1.864477823,1.886608309,1.448124217,1.34857097,1.889913103,1.943230107,1.408899856,1.457965846,1.886019309,1.44637756,1.372299062,1.299213222,1.687361102,1.769855526,1.63657029,1.581200756,1.759172992,1.773699753,1.739041185,1.726652452,1.959632926,1.946615796,1.492857952,1.538689657,1.47890081,1.978390753,1.967076773,1.368678315,1.527055096,1.842308108,1.771719893,1.975259527,1.834687261,1.63268439,1.9656696,1.633121018,1.576763452,1.490659781,1.577230299,1.633602143,1.697718397,1.678648013,1.699374773,1.822911954,1.857722263,1.904337693,1.83609442,1.80087714,1.870787591,1.659822215,1.821553358,1.603439692,1.635276355,1.329214515,1.518164874,2,1.69157913,1.959608133,1.968980702,1.422791277,1.597243544,1.808408309,1.432746655,1.597822728,1.421050998,1.590051531,1.832542548,1.941772094,1.650193721,1.635837489,1.965899006,1.972311212,1.600440204,1.68258545,1.35624698,1.329542615,1.332392184,1.30172117,1.75607194,1.833262345,1.816303528,1.679435497,1.520980758,1.596421432,1.595773626,1.868550396,1.511051205,1.715199262,1.438765905,1.44327492,1.516489548,1.627909943,1.58676158,1.941376622,1.39511828,1.665954126,1.433666909,1.285349865,1.766044284,1.386140554,1.478360134,1.733612045,1.830296127,1.662431888,1.711499681,1.710948348,1.665903491,1.773607548,1.936541599,1.503237454,0,1.567450139,1.468478308,1.917918261,1.937573491,1.494598381,1.355196112,1.606880711,1.638033569,1.572502158,1.58478099,1.725755131,1.616718276,1.587195489,1.291408819,1.343324688,1.466929353,1.540674556,1.511216883,1.432092307,1.494245518,1.579263687,1.446191061,1.359197879,1.539664594,1.831943959,1.669509682,1.955685191,1.935687632,1.767242503,1.672730448,1.689351808,1.695318187,1.953441202,1.916352523,1.640153282,1.584206244,1.204657402,1.379246018,1.626666975,1.713427569,1.607318278,1.667956061,1.692867556,1.516958242,1.540651008,1.472986693,1.766792506,1.496196635,1.588341255,1.928877055,1.894625614,1.684786975,1.694565215,1.711779951,1.733252762,1.620167179,1.630110241,1.569569204,1.61645191,1.831634999,1.667541184,1.7874013,1.509465174,1.578148754,1.524292927,1.685874071,1.771252724,1.766418417,1.836650223,1.724796303,1.705667804,1.89977297,1.924932251,1.454905486,1.452580093,1.594477865,1.581996736,1.637585619,1.60831913,1.772539795,1.815196929,1.869449745,1.919034344,1.817273287,1.794881117,1.687607999,1.754741414,1.944118635,1.854301231,2,1.565293624,1.912970999,1.901651064,1.373301695,1.325788661,1.758483874,1.694779321,1.481024858,1.485444507,1.784331397,1.35255639,1.872362229,1.938932036,1.741474095,1.775319329,1.729131633,1.741010286,1.802881372,1.893315686,1.745091673,1.76145915,1.911855278,1.850412242,1.624560049,1.645484606,1.701462737,1.695673303,1.527213926,1.476784333,1.861527967,1.931012038,1.82039038,1.74259018,1.451160774,1.959018702,1.937353686,1.904121326,1.990958421,1.481289276,1.677336257,1.714629049,1.775335211,1.526456021,1.781458333,1.811546209,1.698945084,1.809842164,1.84956247,1.572870623,1.692431761,1.802956143,1.671710544,1.56663914,1.760746138,1.573312552,1.502043994,2,2,1.78512345,,
CD_104_V1,1.42860666,1.79714074,1.750887608,1.860213343,1.736954064,1.820575102,1.862696397,1.803488487,1.696731146,1.305048078,1.273937507,1.103758087,1.237389788,1.724310734,1.800510332,1.628557744,1.785257428,1.471092341,1.546220054,1.630030588,1.14217513,1.778588957,1.662660307,1.647634486,1.73469672,1.776599867,1.843781013,1.917220476,1.934621617,1.517676706,1.555194363,1.874989869,1.922207499,1.612106106,1.776842857,1.887406648,1.57259697,1.60016723,1.589586641,1.83135442,1.875208156,1.423951078,1.754980994,1.107789955,1.117981257,1.563514599,1.724203015,1.186893336,1.154409715,1.671893842,1.625965413,1.432351679,1.467350654,1.224535023,1.639613882,1.712841905,1.102454285,1.098609751,1.96741973,1.914804338,1.144699216,1.641773185,1.824715947,1.83209976,1.652471715,1.6140434,1.073537539,1.833823361,1.816189261,1.903940815,1.869313597,1.894170273,1.936997999,1.183687153,1.763897321,1.906849614,1.27754649,1.578294422,1.669765379,1.622282707,1.503364326,1.696128889,1.450557093,1.892525632,1.199549104,1.267586962,1.748120887,1.759419778,1.499022921,1.567118416,1.642788351,1.202021755,1.101249886,1.843505112,1.9755662,1.741761629,1.655656783,1.634052045,1.60772955,1.153434027,1.179815618,1.454480871,1.484875073,1.376973816,1.676934257,1.277244271,1.814250146,1.869590856,1.735048921,1.727155241,1.660234731,1.659161584,1.326351494,1.770850712,1.736735789,1.53968471,1.613487319,1.597552817,1.642656757,1.066878052,1.436730313,1.5780691,1.763784375,1.502770904,1.503254089,1.143369899,1.453146178,1.400230213,1.841880458,1.840665283,1.21062551,1.485500041,1.479084855,1.183874175,1.699518639,1.76153377,1.55505743,1.567450139,0,1.060882604,1.415982259,1.677010929,1.773725681,1.64871367,1.654679994,1.683501887,1.612553465,1.203278356,1.136887244,1.497020507,1.393757956,1.544709545,1.666937549,1.691072226,1.736023962,1.666437297,1.755863537,1.500198694,1.641967337,1.504052081,1.560977624,1.096159812,1.887214695,1.693461653,1.419696317,1.271398118,1.837422801,1.667175674,1.81105668,1.814181042,1.445145098,1.185686332,1.643753155,1.642835958,1.571475436,1.173096104,1.118309652,1.818037948,1.776785644,1.776314526,1.688779326,1.624354238,1.595702105,1.570019791,1.77368195,1.774415518,1.652858125,1.244730771,1.188258088,1.046146489,1.049181064,1.142574923,1.178874876,1.758173618,1.750014275,1.717555012,1.651302488,1.383937753,1.151502885,1.893239263,1.705032775,1.78300076,1.63643509,1.15442165,1.161921211,1.107993467,1.493440322,1.219916148,1.139670228,1.238694531,1.327290224,1.658099957,1.686347763,1.188296767,1.139091529,1.100446241,1.086780419,1.107941578,1.267879551,1.191896332,1.443023931,1.831840495,1.741174917,1.082741499,1.119801608,1.269696958,1.367780683,1.450557093,1.58461621,1.235666087,1.198331819,1.558060284,1.494621713,1.805265138,1.773593757,1.589813846,1.697457122,1.855544469,1.600966131,1.466136033,1.649205327,1.578407459,1.720782251,1.30341759,1.227610256,1.873768055,1.279447014,1.08950038,1.109062865,1.225901477,1.215736588,1.327836859,1.488228146,1.200780138,1.220460879,1.085810441,1.153914221,1.116133825,1.472515315,1.500301043,1.119128829,1.096598267,1.805663361,1.36840259,1.306010603,1.553905733,1.096546904,1.106359969,1.184034045,1.155621575,1.336620534,1.479216039,1.196715916,1.166096397,1.140930865,1.18279551,1.133446827,1.136281866,1.114991703,1.135914764,1.268717191,1.216593025,1.062452716,1.161285373,1.450557093,1.502280679,1.73371143,,
CD_104_V3,1.430322552,1.774328343,1.730196784,1.878704897,1.798561495,1.777687131,1.833776294,1.730967729,1.669767105,1.41119481,1.370979768,1.203617386,1.328751231,1.658216785,1.72362384,1.545618514,1.683966869,1.37582443,1.431285182,1.549067757,1.262599779,1.720763463,1.445973523,1.629198674,1.736282116,1.710022558,1.812576917,1.91868839,1.923884927,1.558769995,1.566468578,1.855581341,1.90980425,1.542062991,1.698365976,1.866256904,1.440350017,1.637914458,1.602680967,1.817712451,1.871444087,1.275080068,1.663250627,1.233431918,1.239172085,1.586772076,1.714827093,1.326319092,1.297094659,1.671648713,1.655462371,1.503454635,1.581903363,1.370687554,1.563522481,1.656404349,1.21497644,1.200770683,1.982714797,1.912332049,1.261483977,1.731603256,1.791055849,1.801590084,1.582612095,1.49879697,1.172804113,1.796920982,1.775773249,1.876791477,1.819715224,1.824259683,1.909750723,1.324111967,1.725985027,1.889871945,1.336673304,1.631543136,1.551953961,1.513035877,1.437649934,1.684972852,1.592494623,1.891216688,1.343080108,1.410030834,1.641093035,1.714323841,1.590134403,1.616111538,1.722399899,1.309018524,1.225729414,1.82637291,1.960925652,1.719231848,1.63106563,1.712760097,1.697711423,1.172258412,1.230752816,1.282952794,1.393859579,1.339417141,1.660938451,1.373408633,1.800898468,1.865980018,1.703969065,1.680880668,1.553153239,1.577906522,1.392081617,1.67022697,1.635499598,1.441114937,1.496104722,1.596613843,1.5854477,1.167854367,1.55407278,1.440144425,1.720900416,1.409943279,1.428754819,1.225206202,1.43012635,1.325552301,1.825123107,1.835036333,1.287317277,1.571276727,1.550945952,1.303819871,1.685575844,1.788359013,1.459112658,1.468478308,1.060882604,0,1.520655199,1.744500387,1.766951701,1.597871781,1.563269852,1.623416574,1.582627101,1.312181913,1.263714252,1.600357394,1.507096703,1.436759234,1.636627411,1.707550583,1.727626416,1.670823897,1.735381146,1.365778938,1.534310026,1.437427825,1.49123839,1.198589868,1.868835608,1.612051479,1.53814051,1.41127146,1.807318104,1.609190469,1.788123392,1.774967544,1.545399276,1.32081193,1.55622196,1.516075699,1.45710082,1.243735822,1.256851482,1.778211653,1.719409016,1.694404161,1.663199883,1.630671121,1.563540781,1.4576493,1.713044831,1.768302932,1.632641864,1.372018719,1.317863745,1.129957446,1.125591653,1.246432167,1.283027961,1.719797671,1.732654064,1.640359194,1.622684478,1.507106052,1.243092375,1.844536982,1.581368967,1.720045668,1.551165598,1.271792219,1.288736228,1.226519127,1.592297303,1.281726839,1.22965935,1.361312121,1.447987338,1.596146774,1.598676718,1.267976346,1.24860731,1.193629137,1.17958431,1.238053334,1.363982133,1.308169951,1.545448435,1.835132214,1.672517347,1.166195847,1.244587347,1.396717405,1.444814422,1.592494623,1.530984608,1.368080546,1.324510112,1.326048084,1.351762199,1.747431528,1.692677742,1.517511651,1.619506128,1.8188454,1.477191722,1.569524733,1.733783017,1.459717548,1.675084384,1.425122549,1.356970493,1.835354757,1.387432068,1.187841909,1.226627644,1.364220366,1.343597384,1.450382185,1.578673791,1.294604161,1.307940726,1.117273358,1.208270277,1.260399125,1.595196884,1.533092157,1.243827849,1.163504489,1.848806495,1.494802881,1.441778763,1.6680303,1.129103969,1.201342092,1.212300455,1.259088014,1.407306979,1.556019273,1.310885346,1.261815661,1.238143051,1.313165349,1.209439238,1.23743276,1.244705912,1.239997926,1.396114258,1.355057575,1.133843832,1.250069396,1.592494623,1.621229434,1.68407654,,
CD_106_V1,1.689860598,1.959888436,1.955278842,1.972498633,1.974783189,1.978347114,1.98093482,1.92855434,1.900151989,1.53413165,1.517271038,1.407937274,1.491327481,1.951562249,1.937009844,1.937623142,1.944745788,1.906146028,1.887143524,1.88878301,1.339466033,1.886437985,1.980596176,1.954036021,1.959546972,1.915305815,1.938825062,1.98204421,1.975361283,1.926684943,1.923884541,1.9900848,1.986677962,1.912931431,1.922200797,1.987235512,1.937780595,1.921504922,1.910284936,1.896625965,1.939451372,1.909746068,1.881403668,1.322571844,1.329510734,1.75462599,1.855543329,1.37613766,1.347322815,1.871682144,1.892032499,1.744062155,1.593371034,1.376369325,1.882403577,1.900075561,1.346606758,1.382736393,1.996617875,1.969040072,1.402814824,1.725527478,1.941296258,1.922796423,1.90858625,1.855627638,1.354422961,1.949266009,1.924523068,1.965970663,1.970168913,1.97953312,1.960329951,1.359640116,1.917779016,1.926534252,1.529135681,1.71662102,1.943641976,1.922737651,1.926760561,1.939709517,1.508163025,1.977852081,1.366494492,1.415128704,1.909533607,1.845398738,1.641143841,1.901196786,1.9135288,1.482792159,1.351059332,1.967127469,1.992275151,1.97474049,1.952444812,1.734075429,1.712427895,1.519359033,1.510138228,1.914915249,1.874351586,1.926967818,1.876028622,1.506366116,1.950110481,1.910827196,1.935932173,1.919158618,1.969223474,1.9533897,1.584140109,1.807490665,1.942204025,1.951834946,1.945854822,1.945469853,1.966140119,1.381555426,1.546972002,1.916728798,1.923503997,1.611157729,1.848925846,1.449022794,1.90448015,1.957355301,1.914999813,1.950704456,1.478951977,1.655609889,1.64987,1.366029375,1.946479244,1.957781944,1.837500171,1.917918261,1.415982259,1.520655199,0,1.7570204,1.929822861,1.922740153,1.585344131,1.932976236,1.933028283,1.448851875,1.360694861,1.731504613,1.64412763,1.934899652,1.934172532,1.9111148,1.916585053,1.961079431,1.913721725,1.930833902,1.934165493,1.922903143,1.890524486,1.465714273,1.972943448,1.957900948,1.56222014,1.447758708,1.812947747,1.713921991,1.934314458,1.9178398,1.598497576,1.365549795,1.978290034,1.957499713,1.808671832,1.566971332,1.434825084,1.945021362,1.918716103,1.956439982,1.96471551,1.954599427,1.899920984,1.947753944,1.97416043,1.930068727,1.954828959,1.439386161,1.386236951,1.388659156,1.376190581,1.354039873,1.389288887,1.916026001,1.688607355,1.936384321,1.934443548,1.573067312,1.438678527,1.96949128,1.924717413,1.657041507,1.850403959,1.365493433,1.34739615,1.301672932,1.642459913,1.464844445,1.359019457,1.439925056,1.509641546,1.902116294,1.885139125,1.452209095,1.417833238,1.404270358,1.410735764,1.360896399,1.489753585,1.408978389,1.585980223,1.964089781,1.940888344,1.377625426,1.339151734,1.467094327,1.618680712,1.508163025,1.927048451,1.407887612,1.400565609,1.908990473,1.91638409,1.956486921,1.943978712,1.810228989,1.863222041,1.384646726,1.866714718,1.603982209,1.730448025,1.928604383,1.938628614,1.485840881,1.393571412,1.982122415,1.482744803,1.34270406,1.308139481,1.412565956,1.44086684,1.575512314,1.661774019,1.475837574,1.467240785,1.430835915,1.450304686,1.345065126,1.604839182,1.657519653,1.36573395,1.469622459,1.884287699,1.522658263,1.498463761,1.633071882,1.494327003,1.332618205,1.426582451,1.426619511,1.585119968,1.618883308,1.447750805,1.455123017,1.426530198,1.388716483,1.592150635,1.43376256,1.347670615,1.376891239,1.523208702,1.41800389,1.38641733,1.498454328,1.508163025,1.608116425,1.969155684,,
CD_106_V3,1.844785499,1.97444041,1.966930052,1.978874672,1.981577713,1.556835517,1.30487706,1.976781555,1.972489342,1.776057993,1.761391082,1.674909558,1.740502552,1.977021077,1.981959686,1.968393317,1.977738001,1.940475084,1.949249997,1.966520695,1.599287419,1.92920301,1.963147177,1.96276253,1.971932817,1.97781904,1.982587626,1.891463625,1.747137426,1.961523623,1.955075608,1.416519549,1.680243625,1.951759161,1.959794484,1.987266995,1.955287551,1.928392174,1.944961394,1.929747703,1.887305587,1.939441363,1.978204093,1.590001285,1.592941292,1.869268015,1.915436738,1.381498943,1.38348937,1.961548496,1.968254812,1.834971085,1.256992172,1.316631065,1.965366695,1.973462658,1.630575495,1.667147754,1.037154972,1.979350161,1.49965525,1.002555249,1.977753289,1.979425355,1.966095807,1.969512427,1.613013042,1.604100688,1.958726436,1.753679766,1.607812779,1.151315917,1.18214707,1.627402488,1.988659111,1.991831099,1.754323415,1.8293314,1.965751218,1.968157135,1.946303621,1.965658229,1.597014024,1.27466524,1.288391523,1.175875783,1.972226195,1.98116264,1.032024797,1.955464992,1.965014794,1.71950173,1.626125562,1.73389234,1.804484468,1.9744092,1.966459841,1.043179363,1.014112298,1.745745949,1.766158311,1.939575541,1.936773792,1.937063046,1.966564065,1.222171079,1.130947759,1.977266371,1.981112093,1.973047645,1.975420204,1.980946249,1.130444546,1.97552049,1.97852092,1.960276683,1.960666735,1.972056978,1.96967333,1.66143158,1.757302532,1.941849262,1.622954734,1.957481076,1.947872066,1.579223948,1.948013378,1.948060328,1.966129957,1.15661085,1.723737101,1.816589458,1.80862061,1.600962277,1.577664596,1.896673537,1.962332899,1.937573491,1.677010929,1.744500387,1.7570204,0,1.976167125,1.961454665,1.971169732,1.969670365,1.969546694,1.508183355,1.598924661,1.804346406,1.756143364,1.946816082,1.956596047,1.968340982,1.973395256,1.969292199,1.961848833,1.949362178,1.960412144,1.962600964,1.95833655,1.693297948,1.597480979,1.757722585,1.064048765,1.18327665,1.952013239,1.959058819,1.617892706,1.492027241,1.24050371,1.569296866,1.562412136,1.666543426,1.941418276,1.772750822,1.702279752,1.980404391,1.972602449,1.548205943,1.468300263,1.962761459,1.963901371,1.517567258,1.166128103,1.976381194,1.975313253,1.640655132,1.495519326,1.662638867,1.622222657,1.657665878,1.674385386,1.96622648,1.972495705,1.970033212,1.97260115,1.111424744,1.372368716,1.984815928,1.976392845,1.976727498,1.968600944,1.647288767,1.640113267,1.617487539,1.82092199,1.746375887,1.674309013,1.418224157,1.467657094,1.965292555,1.969855824,1.724989074,1.675609632,1.684990215,1.68921605,1.565420304,1.203231529,1.212354576,1.043222515,1.33184183,1.954642127,1.645520943,1.602980349,1.429316005,1.660092506,1.597014024,1.958691687,1.657916448,1.660055217,1.951131565,1.945900058,1.891052757,1.755005276,1.96163954,1.962477381,1.977657603,1.95909404,1.080309854,1.003607724,1.963795056,1.974425385,1.725806786,1.660327555,1.657083476,1.130297282,1.593825454,1.607993773,1.670473439,1.702327997,1.760486681,1.849342627,1.739889762,1.744360908,1.69765351,1.728777091,1.518885067,1.043338409,1.073314863,1.617706896,1.697891318,1.017305673,1.098104803,1.716370501,1.748898134,1.752817852,1.647812509,1.654809257,1.661776809,1.811589721,1.823747926,1.214180135,1.643188486,1.33759398,1.582575944,1.775316043,1.699019376,1.65078649,1.692229386,1.724757993,1.648091232,1.638025293,1.704216447,1.597014024,1.759926778,1.968066082,,
CD_107_V1,1.833081862,1.590597756,1.651492155,1.806919539,1.636156198,1.641341174,1.839048999,1.436878739,1.425825839,1.753841679,1.804838502,1.749655229,1.75452962,1.369028787,1.632178707,1.507151046,1.430669411,1.565056815,1.547427197,1.623937838,1.906925298,1.614045941,1.877203602,1.538061241,1.765785877,1.672761307,1.703767231,1.804322334,1.738905472,1.607470429,1.579818118,1.915838214,1.91163372,1.59870369,1.721256056,1.947597065,1.689605857,1.748611691,1.646623519,1.61134137,1.772655825,1.858638232,1.667942822,1.809211445,1.833758111,1.914644664,1.919170742,1.982305435,1.967146518,1.53043815,1.508007756,1.8071572,1.991027933,1.983008904,1.515267961,1.553652139,1.888881089,1.8590753,1.972756978,1.812430183,1.799167463,1.977235664,1.480778781,1.534023798,1.382783002,1.469968813,1.85080543,1.625969057,1.588747939,1.693476058,1.682606036,1.933944491,1.930223817,1.869180754,1.810615035,1.534659158,1.871937423,1.951191796,1.760435042,1.680385648,1.534559866,1.736490139,2,1.740399887,1.987254731,1.990968338,1.53846906,1.579574767,1.921617094,1.400861769,1.482224227,1.7428411,1.796154238,1.835497708,1.971105873,1.7001351,1.63332425,1.982663009,1.982608077,1.869957899,1.855355162,1.618931582,1.559463802,1.461602154,1.413368475,1.881986971,1.878607035,1.525655852,1.658006656,1.663059666,1.662318666,1.761104845,1.970646569,1.51553962,1.550621871,1.604696302,1.468172988,1.589091668,1.565258689,1.647374499,1.925577254,1.687355757,1.518526304,1.509596707,1.515589027,1.772023796,1.701471714,1.578959726,1.699207429,1.864856899,1.837109291,1.856535028,1.889856923,1.869995646,1.756353485,1.944744116,1.501515529,1.494598381,1.773725681,1.766951701,1.929822861,1.976167125,0,1.184575581,1.620750169,1.656507571,1.464287012,1.72783862,1.772194691,1.878516053,1.863662792,1.58619469,1.646704855,1.588988226,1.588563596,1.784628241,1.694294767,1.646860344,1.518243688,1.441575149,1.361361063,1.785867954,1.809281765,1.510863659,1.953030713,1.927217092,1.783085601,1.678044309,1.645374687,1.643406874,1.96890464,1.964120827,1.572877776,1.638687848,1.335252689,1.663615373,1.72065597,1.553974874,1.518389013,1.71826781,1.682681652,1.425761318,1.400037064,1.598771375,1.831410267,1.000057467,1.60375114,1.870624196,1.876702682,1.781783644,1.885506325,1.814057561,1.750178343,1.681343722,1.523671169,1.668310988,1.617255181,1.869390123,1.734321803,1.819185055,1.515060674,1.555474161,1.574241329,1.7669236,1.843893129,1.829329788,1.913039986,1.822002382,1.814788557,1.959585096,1.969038841,1.428868818,1.240464327,1.564295499,1.629446005,1.722209577,1.729347872,1.834540608,1.851812547,1.927407548,1.960764556,1.812109707,1.824330613,1.88705219,1.896168231,1.966447902,1.929259397,2,1.651666758,1.942963732,1.934309781,1.553771008,1.546037376,1.45298663,1.711280268,1.620021447,1.526114042,1.799000968,1.463273038,1.931375938,1.979735774,1.82279066,1.686013844,1.858706587,1.833695654,1.682404766,1.968217985,1.904255512,1.847403511,1.92112731,1.858489604,1.842042232,1.825025349,1.780981978,1.770553306,1.772023208,1.702280881,1.81609098,1.949204241,1.885919497,1.855572403,1.754299495,1.965812758,1.945302948,1.920563995,1.996003279,1.713542691,1.776285555,1.846288815,1.787812579,1.685615453,1.873807568,1.883383206,1.831038469,1.880904532,1.926307504,1.620251948,1.628809264,1.827744839,1.788644079,1.819986024,1.903429474,1.80511623,1.784302914,2,1.982554019,1.929005095,,
CD_107_V3,1.791493706,1.592487118,1.562483433,1.77443812,1.729920527,1.737335183,1.837946866,1.525644813,1.629076814,1.709380647,1.782861075,1.702303642,1.697297996,1.469994202,1.675305751,1.484706757,1.429973889,1.47343973,1.455458216,1.502399165,1.890501282,1.632309067,1.794293314,1.58371116,1.74376922,1.600964489,1.725867297,1.869965493,1.852748944,1.592857313,1.475807206,1.893300111,1.918405003,1.602209625,1.639721791,1.945177426,1.57555097,1.507892138,1.41961533,1.518367532,1.762206056,1.622782677,1.601040122,1.80202541,1.811874746,1.813235349,1.825661731,1.97206542,1.945216315,1.482787554,1.514302774,1.572945285,1.985796719,1.96994425,1.495061851,1.563400361,1.841956019,1.799360776,1.980585677,1.807010331,1.662950025,1.969391677,1.605964497,1.557393292,1.3906005,1.509593788,1.728028674,1.597946504,1.597881086,1.708078854,1.757619135,1.907889242,1.943935629,1.871325647,1.79473907,1.746624345,1.828781983,1.937631697,1.628761647,1.580460173,1.457601218,1.599042563,2,1.694958403,1.969999369,1.976936876,1.546408046,1.563460815,1.877571477,1.446387236,1.604186382,1.563743758,1.73560973,1.809297137,1.965035883,1.771481289,1.691061602,1.974248178,1.978554033,1.74608745,1.747486307,1.430271317,1.354051293,1.375520674,1.370058837,1.806052843,1.844387949,1.643836936,1.719813832,1.542631672,1.589746932,1.634049838,1.878377295,1.54609876,1.528673272,1.57263585,1.57025346,1.570521774,1.64293265,1.525626774,1.925334746,1.498783905,1.596239677,1.450765029,1.432303989,1.699268416,1.510133903,1.498556135,1.686416645,1.85701688,1.717018513,1.756310027,1.839841886,1.881716705,1.741880344,1.927646558,1.535627495,1.355196112,1.64871367,1.597871781,1.922740153,1.961454665,1.184575581,0,1.604378137,1.684180302,1.592025104,1.647268391,1.723947875,1.694544334,1.668736891,1.500181185,1.509789424,1.499243997,1.517342182,1.679455448,1.556992643,1.575458704,1.604291661,1.428906381,1.325457536,1.627589233,1.788267519,1.588484139,1.938266076,1.908284125,1.819495463,1.707377204,1.679043988,1.63576225,1.943092318,1.934506073,1.626868461,1.645114022,1.22744055,1.499020833,1.63352186,1.633259827,1.578168158,1.764755226,1.754843295,1.515590282,1.482771067,1.504772714,1.788805114,1.185532934,1.586885242,1.89359277,1.869025536,1.693300833,1.747181123,1.79540703,1.759095493,1.659938285,1.449843413,1.625623109,1.684730089,1.813897157,1.692266601,1.828086749,1.545792309,1.576777591,1.550710698,1.816620922,1.850862681,1.788895457,1.904667847,1.774370833,1.780038842,1.941353303,1.96170853,1.433641079,1.388613056,1.425971837,1.435804473,1.698892468,1.676862316,1.838910063,1.866511323,1.899745882,1.913999445,1.798330613,1.719491821,1.777077891,1.850473161,1.97182273,1.861306057,2,1.596188991,1.923242967,1.907729222,1.489296438,1.426419365,1.609495897,1.68687168,1.51512483,1.520643492,1.757428596,1.398079535,1.898103974,1.958113877,1.71804642,1.739325095,1.771187275,1.760450184,1.786369477,1.927690578,1.783961233,1.829437277,1.939637046,1.867386896,1.671211018,1.687318958,1.710146255,1.689830194,1.585698654,1.527335404,1.812426025,1.941974433,1.864457184,1.772777104,1.53064886,1.956901012,1.928782209,1.893520228,1.995014849,1.545330397,1.761585994,1.775541178,1.811970292,1.579608573,1.811499558,1.855903502,1.704439244,1.855841459,1.889824393,1.496733446,1.504301603,1.829811063,1.728283014,1.605640603,1.816297304,1.617464323,1.597393218,2,1.999785254,1.842732377,,
CD_108_V1,1.447258599,1.651245108,1.69239277,1.477401755,1.431307392,1.73263946,1.797693905,1.462039507,1.422365098,1.498187836,1.481243942,1.727087042,1.756064868,1.629292726,1.675724004,1.450568996,1.522327652,1.382568148,1.459502375,1.474941122,1.8664962,1.593828082,1.748692483,1.54009236,1.614708144,1.72130117,1.756693383,1.885499988,1.863391944,1.510923942,1.476713478,1.895122589,1.919892736,1.434237212,1.557920254,1.898812498,1.420781522,1.885095229,1.760940311,1.735778003,1.854741405,1.552399279,1.658117886,1.866016406,1.849792234,1.508176579,1.543938218,1.960501543,1.948294897,1.498189075,1.528655773,1.91205647,1.964423125,1.957162675,1.464996716,1.591926938,1.844105241,1.832236634,1.974312149,1.75766111,1.749596505,1.973608011,1.565133783,1.547184915,1.53412313,1.506975856,1.753066957,1.585706377,1.671810611,1.773832449,1.801502818,1.917884207,1.915539706,1.947078339,1.649227978,1.711713996,1.767741563,1.904518094,1.525892745,1.473369294,1.407888195,1.570251237,2,1.857762242,1.962983845,1.974197525,1.561402588,1.582373763,1.933138012,1.439504354,1.540561866,1.795091106,1.843045506,1.811334685,1.961002225,1.715225199,1.595736546,1.970312643,1.967694475,1.643529273,1.687198083,1.466560259,1.60341679,1.457599147,1.504287141,1.829855706,1.85031605,1.731306109,1.555489127,1.459121322,1.638576275,1.750042183,1.870456058,1.512068395,1.590205182,1.462034111,1.433418828,1.711107539,1.627555383,1.738201566,1.790570649,1.738609017,1.515983044,1.286200703,1.449487584,1.880655474,1.511463862,1.376900134,1.708615261,1.850471444,1.781333742,1.872610447,1.544014322,1.785345102,1.74883151,1.944705233,1.114911672,1.606880711,1.654679994,1.563269852,1.585344131,1.971169732,1.620750169,1.604378137,0,1.54243999,1.438009689,1.751656253,1.858488713,1.984313431,1.968352951,1.482047436,1.632334774,1.607807814,1.590191488,1.735667245,1.656616525,1.41236984,1.490539947,1.549186656,1.474853482,1.810349794,1.832619655,1.590356252,1.953446846,1.941270278,1.730189191,1.561599983,1.703623687,1.745436729,1.952481201,1.937255791,1.580928861,1.568003448,1.54118428,1.659596837,1.782339679,1.605056603,1.541155969,1.668340301,1.637715912,1.553395828,1.532010884,1.511289968,1.821842448,1.620688209,1.631282954,1.923489975,1.894634464,1.671188654,1.759835982,1.772764009,1.806865988,1.744865158,1.578819722,1.66431491,1.580335352,1.915114171,1.751269192,1.850630621,1.577192984,1.436656176,1.442935997,1.744447889,1.784638516,1.774080576,1.925609981,1.801053768,1.82327724,1.930545231,1.947842243,1.476293107,1.485747588,1.810374921,1.864291776,1.751198193,1.730006642,1.793603935,1.853211239,1.814853246,1.907636548,1.791196833,1.703578672,1.79368102,1.849543175,1.960995796,1.889938968,2,1.599302958,1.934898748,1.908335909,1.527422309,1.503125407,1.625206703,1.66598898,1.431451117,1.540451821,1.517013518,1.378018396,1.926919093,1.974979916,1.6141543,1.662719404,1.820067657,1.836456162,1.742927473,1.901379601,1.808403047,1.828503551,1.951908484,1.890874795,1.946337764,1.899544666,1.810396969,1.840660069,1.53731842,1.518930932,1.832311269,1.953927656,1.902591812,1.923795075,1.720071866,1.968084609,1.955915687,1.909735911,1.985398224,1.541176898,1.756779007,1.831452719,1.774808765,1.761643759,1.751047926,1.849865233,1.758045896,1.844610607,1.892400761,1.585225095,1.712999264,1.853393336,1.819585051,1.824108014,1.95124905,1.701281125,1.770008762,2,2,1.509697344,,
CD_109_V1,1.786966973,1.666656797,1.718553454,1.826127557,1.713872409,1.761839494,1.820725668,1.702700072,1.494267226,1.802613328,1.811743483,1.784582015,1.820229008,1.711959902,1.768319313,1.595521779,1.698410776,1.5403756,1.623917788,1.715839127,1.908104903,1.630032765,1.783776358,1.464251957,1.350046612,1.81113124,1.839280298,1.862085692,1.852615615,1.502241013,1.406433616,1.903002896,1.918736776,1.636317628,1.73262723,1.933807347,1.632523736,1.742707553,1.685078344,1.825677801,1.87621205,1.638433389,1.704027942,1.883977756,1.898892239,1.860765264,1.865106386,1.96740793,1.949201997,1.381893809,1.441291871,1.784556501,1.982666048,1.97251524,1.64162345,1.664069721,1.845994942,1.865555737,1.968582164,1.833161287,1.850145468,1.972601055,1.61628301,1.684493868,1.573322321,1.595335496,1.813013837,1.738637918,1.679597999,1.843547263,1.822266374,1.920993172,1.953156554,1.939188189,1.818931098,1.648759265,1.828448554,1.919422029,1.676695204,1.688222641,1.3181721,1.357646496,2,1.793475798,1.965734555,1.977766035,1.516756938,1.491145291,1.915762215,1.504340656,1.550158153,1.804514505,1.854556563,1.844531987,1.967175639,1.726419499,1.637542526,1.973849118,1.969225966,1.731961897,1.817250075,1.557823604,1.605133584,1.465009667,1.603676252,1.888085986,1.857825423,1.693619252,1.737168831,1.747276991,1.626376513,1.779180637,1.88864829,1.621818604,1.60098389,1.617370367,1.529566948,1.595633256,1.563599392,1.758474975,1.973410769,1.672270458,1.566505007,1.569472262,1.603951279,1.87904081,1.65589244,1.513213191,1.742517421,1.826235042,1.806584859,1.877905277,1.87530588,1.918488267,1.76125491,1.954869773,1.488895671,1.638033569,1.683501887,1.623416574,1.932976236,1.969670365,1.656507571,1.684180302,1.54243999,0,1.1371356,1.86670984,1.876056928,1.866857655,1.849560993,1.592301942,1.665933993,1.65015519,1.578912743,1.806629237,1.743910702,1.542076638,1.537739394,1.630727544,1.621100034,1.767885314,1.846278029,1.599127759,1.95351073,1.935709242,1.785997724,1.678456179,1.716497848,1.739590242,1.962221399,1.948764448,1.584277084,1.622938853,1.612112241,1.675592688,1.761281126,1.461750396,1.525108254,1.714205633,1.667038074,1.506242535,1.454929865,1.624390959,1.829681822,1.656993788,1.706191885,1.946479567,1.923290252,1.746714627,1.783282668,1.854479195,1.842362631,1.738829736,1.70171223,1.630960723,1.543103011,1.921821256,1.793256301,1.872696682,1.68401268,1.694767314,1.604737469,1.855777312,1.906668862,1.849342792,1.934159989,1.902434761,1.88416724,1.932902815,1.949881365,1.382038306,1.529957614,1.809594054,1.828348113,1.838913958,1.790495299,1.832123508,1.85472384,1.917026532,1.954560744,1.814700134,1.77620474,1.812264396,1.874388953,1.96021579,1.904520773,2,1.531369079,1.671192001,1.796193632,1.547791544,1.570439424,1.617931209,1.745107188,1.51145156,1.65931574,1.820650008,1.517383648,1.949076758,1.978269388,1.632461688,1.655218021,1.907250382,1.895817143,1.766616475,1.928888803,1.837952504,1.87548835,1.959224036,1.903927525,1.819835877,1.833610917,1.816680537,1.850014885,1.690968048,1.727684849,1.866753621,1.952821958,1.915861514,1.880538058,1.702040925,1.96343167,1.946919972,1.926251161,1.988667225,1.645035733,1.828478706,1.835454682,1.814564439,1.767372701,1.861499989,1.877660224,1.846385046,1.852246455,1.943313334,1.594738079,1.746943984,1.886391684,1.848561776,1.834931574,1.817476503,1.744705201,1.732994705,2,1.999988437,1.824184287,,
CD_109_V3,1.777211939,1.559332035,1.6113029,1.746867932,1.531404115,1.64585835,1.751912001,1.533645478,1.249721109,1.747160344,1.760383061,1.702560867,1.781809341,1.536071077,1.63117707,1.372797955,1.543780604,1.394094571,1.543762834,1.653733264,1.890295398,1.548646447,1.76583813,1.451705745,1.414784593,1.772571611,1.752036263,1.745639704,1.753066909,1.389361826,1.333834193,1.843999555,1.853798126,1.516710668,1.709587451,1.897808099,1.523156728,1.773265993,1.641914077,1.77912568,1.848603023,1.610864874,1.611619594,1.85558224,1.866229254,1.848591536,1.862896896,1.957777709,1.937290138,1.39435587,1.365404689,1.836446381,1.983442779,1.97018045,1.523812839,1.549119368,1.817473581,1.850843997,1.938016056,1.689203778,1.862415817,1.96763899,1.461873914,1.553097466,1.403214469,1.39046944,1.770965054,1.669344397,1.62511232,1.750049702,1.751443624,1.927594966,1.945683102,1.941867079,1.679471273,1.465143844,1.775353261,1.90102967,1.569844081,1.565321093,1.269181661,1.44438892,2,1.761513378,1.953244833,1.969266449,1.325806195,1.410201173,1.919083077,1.254864422,1.280918728,1.818528986,1.848481609,1.746748631,1.957853588,1.604479038,1.484177886,1.970436781,1.95953065,1.665369877,1.758888445,1.473449171,1.574801693,1.330889196,1.491435606,1.875511606,1.836290646,1.576900121,1.617357948,1.7213319,1.537265908,1.73879592,1.881468993,1.509968964,1.473350418,1.502440016,1.361752057,1.506380798,1.421862924,1.697764351,1.956121473,1.684857555,1.430135965,1.402585032,1.409660156,1.878156989,1.60110525,1.365833284,1.691216934,1.816437646,1.800604178,1.901106415,1.853719862,1.86296076,1.6385409,1.935247714,1.319027045,1.572502158,1.612553465,1.582627101,1.933028283,1.969546694,1.464287012,1.592025104,1.438009689,1.1371356,0,1.832178729,1.886855513,1.918170309,1.900413062,1.496546642,1.642305581,1.603860773,1.567578347,1.770239677,1.715891497,1.363526043,1.292698517,1.547609323,1.566688248,1.731781042,1.760135514,1.400452453,1.945448428,1.911072349,1.594456286,1.533201257,1.525001134,1.630384206,1.952267812,1.939124675,1.378154583,1.428238028,1.503865394,1.585638625,1.63907606,1.36020563,1.438622997,1.529645615,1.485607877,1.345804748,1.315040608,1.494145269,1.785074341,1.464537167,1.537094105,1.916758163,1.90886906,1.684489458,1.777644368,1.835558207,1.815846699,1.659173203,1.586170139,1.620633342,1.436285737,1.90989855,1.740455527,1.839548906,1.589458188,1.500844208,1.423406699,1.801799158,1.892391958,1.83737573,1.9415911,1.834305499,1.846085529,1.923330939,1.935418323,1.346106751,1.359841939,1.818421598,1.83540927,1.794519417,1.727891926,1.757985628,1.814368667,1.889418076,1.948531257,1.703926073,1.68985509,1.783918737,1.842247723,1.931616502,1.874954872,2,1.43742281,1.723911826,1.817679362,1.472359168,1.4885694,1.486735967,1.680014592,1.504923859,1.476339853,1.827975464,1.424799367,1.946507764,1.980938314,1.558822204,1.531093736,1.919211042,1.917890993,1.635348319,1.915404717,1.841015796,1.858213555,1.929415165,1.845367623,1.853199197,1.861378553,1.752913615,1.825432595,1.679331396,1.72483022,1.785205677,1.925559694,1.923332988,1.882867851,1.679229113,1.946966617,1.936119427,1.885556972,1.99062357,1.596131577,1.800102496,1.813861726,1.704469959,1.761987273,1.87239081,1.835038762,1.813142503,1.792649644,1.928233949,1.476766691,1.693717296,1.838808215,1.842012885,1.872928472,1.850127284,1.753825824,1.757425391,2,2,1.822200119,,
CD_111_V1,1.513841529,1.669000201,1.653328923,1.796558509,1.788727393,1.669163083,1.571325842,1.789459038,1.846031871,1.251415463,1.291568909,1.188353114,1.261709407,1.762434206,1.772056804,1.767945656,1.730603253,1.668663773,1.587491996,1.622602796,1.19326445,1.770913309,1.893202038,1.763561178,1.846415137,1.818482337,1.814875099,1.889746464,1.813721622,1.743036416,1.681876545,1.698130297,1.805392343,1.638868839,1.613916591,1.945773732,1.729574091,1.665405482,1.607097118,1.650084582,1.796731943,1.8715236,1.729119588,1.160430807,1.167261376,1.58990805,1.723027402,1.179743582,1.199905692,1.566633456,1.632471578,1.564784153,1.393604186,1.242851842,1.651949517,1.649285045,1.208969243,1.182561747,1.676427299,1.793832946,1.101421792,1.478673279,1.753982009,1.662448021,1.710529073,1.746085801,1.148550259,1.58069345,1.672068885,1.710257528,1.704112799,1.605942759,1.651732544,1.182339192,1.867420446,1.897852952,1.354150748,1.653588985,1.858432104,1.768640497,1.738810512,1.719785055,1.516003749,1.554162506,1.218687974,1.250935962,1.813236627,1.793704971,1.349481987,1.658562129,1.748576767,1.185330253,1.144310558,1.800682501,1.917793273,1.908749988,1.852069768,1.475943973,1.468072114,1.305555165,1.264705915,1.65471691,1.585885556,1.699175023,1.565453297,1.181326233,1.547896177,1.773301234,1.816816074,1.609661533,1.779941533,1.700173085,1.32316756,1.768989623,1.868049078,1.75033898,1.787984436,1.765788946,1.859335733,1.13853658,1.337120776,1.632010888,1.588112184,1.684643021,1.589913368,1.183942558,1.658108301,1.819251488,1.769017681,1.541683961,1.273863167,1.491259436,1.470454169,1.246010451,1.64435848,1.894823081,1.749865812,1.58478099,1.203278356,1.312181913,1.448851875,1.508183355,1.72783862,1.647268391,1.751656253,1.86670984,1.832178729,0,1.081361342,1.587884878,1.487165741,1.687134128,1.654076013,1.556821234,1.614980119,1.778120697,1.607468182,1.85549081,1.887061497,1.697231661,1.584239418,1.226606301,1.757150062,1.71736722,1.305136175,1.193513971,1.80417688,1.83147866,1.620876018,1.54503093,1.366082509,1.235034109,1.704573928,1.706923247,1.649701643,1.227954426,1.18635194,1.804677381,1.736897564,1.631159258,1.60598685,1.730517129,1.74934357,1.555770422,1.576758327,1.728748398,1.790343223,1.236900912,1.16244531,1.153225463,1.19686166,1.126786558,1.169192449,1.831793838,1.797923268,1.729195142,1.807289736,1.274260274,1.136639085,1.922981467,1.796439325,1.733858637,1.75001976,1.177901011,1.173146777,1.114131213,1.577365833,1.245218636,1.166735661,1.237473754,1.326285568,1.674680154,1.688226789,1.167559748,1.167331743,1.156667889,1.14774361,1.155760777,1.188224592,1.18690996,1.331644906,1.595181582,1.883932947,1.176159034,1.185940948,1.256724352,1.376748522,1.516003749,1.767845398,1.290215965,1.254127401,1.676525211,1.603041923,1.79040887,1.682212601,1.694581173,1.675162796,1.723992156,1.610119901,1.28704268,1.485314455,1.874327977,1.891849809,1.235303726,1.142142632,1.690998395,1.26064182,1.186445635,1.154513292,1.241592329,1.211712126,1.357875938,1.484145542,1.258938119,1.240194437,1.174199769,1.137768387,1.171636707,1.341824491,1.32827098,1.207210216,1.206687085,1.582601627,1.247342664,1.371204473,1.603534321,1.205869635,1.145011819,1.260174415,1.270562055,1.223285716,1.340440239,1.168672116,1.191097677,1.151873915,1.187490561,1.341062001,1.196819543,1.140821796,1.121651676,1.310652338,1.264179884,1.18301994,1.278862028,1.516003749,1.546246292,1.889364106,,
CD_111_V3,1.482780753,1.8306821,1.80152457,1.922070556,1.916706033,1.843425909,1.851258994,1.905051522,1.927196283,1.271176256,1.261039122,1.136264596,1.229785463,1.843941999,1.859757302,1.854283512,1.848119331,1.750447174,1.687238997,1.79173909,1.08793163,1.781755567,1.891944537,1.799713353,1.848282352,1.816240626,1.823183701,1.952418939,1.938070608,1.814723917,1.761610467,1.928328337,1.941235299,1.752106524,1.780375962,1.969702393,1.87734611,1.670243162,1.702754137,1.699515889,1.828774841,1.85657234,1.811732437,1.060441169,1.071254202,1.613941286,1.770763298,1.125590337,1.118129219,1.688411804,1.767743036,1.484000956,1.39845473,1.160086568,1.763132789,1.796736078,1.11960054,1.119495506,1.918251907,1.88850488,1.101181533,1.560449876,1.862646251,1.849563061,1.74135604,1.787615391,1.096887938,1.799685436,1.762890375,1.876736504,1.893880466,1.858148066,1.885666313,1.091355768,1.916561151,1.923786037,1.304397817,1.585238413,1.892470961,1.82825509,1.78370668,1.830929963,1.371998565,1.857514729,1.143201294,1.199686653,1.899641425,1.885005689,1.417135693,1.723914336,1.816240866,1.187683124,1.066105348,1.944438542,1.979161275,1.92208738,1.87308846,1.570511937,1.549657033,1.294481958,1.295644644,1.729756599,1.624856515,1.741739943,1.706034739,1.236311991,1.810839079,1.763935355,1.886791907,1.786029921,1.876822802,1.835178046,1.366807458,1.832474708,1.914191808,1.828787994,1.844354363,1.79685226,1.890490508,1.089584212,1.350815815,1.630641299,1.765564014,1.793964834,1.735571043,1.151964127,1.755532445,1.912016786,1.777008017,1.800769924,1.221726028,1.432101172,1.463905416,1.148953226,1.834111102,1.914003058,1.855447241,1.725755131,1.136887244,1.263714252,1.360694861,1.598924661,1.772194691,1.723947875,1.858488713,1.876056928,1.886855513,1.081361342,0,1.483544105,1.374938028,1.76712358,1.73983901,1.752781972,1.786910474,1.846374382,1.76568806,1.905830807,1.899309843,1.763277355,1.643913511,1.159978158,1.915697237,1.891519625,1.342575303,1.19236769,1.775526009,1.794256384,1.798882514,1.755084213,1.387428036,1.135194053,1.892975948,1.875416473,1.729496428,1.277337631,1.152715802,1.819574889,1.766747034,1.824043773,1.823905356,1.826375877,1.772063271,1.777240679,1.847199171,1.773217476,1.870082995,1.168383379,1.105239901,1.098800568,1.107627306,1.095076405,1.115804233,1.829710673,1.806749476,1.795077454,1.837257642,1.325432299,1.147407326,1.940523306,1.869193154,1.826043989,1.835185236,1.109404265,1.104711632,1.049212607,1.499355548,1.218369988,1.116107178,1.200712098,1.287727864,1.717497491,1.73521928,1.125570515,1.105723684,1.112785121,1.104083138,1.09339531,1.231603166,1.165938492,1.380703405,1.874542575,1.926583266,1.113133146,1.101191565,1.224617908,1.372562753,1.371998565,1.790631443,1.189488562,1.165928123,1.720205153,1.691986205,1.876278752,1.832240225,1.759526639,1.752782285,1.795746546,1.716774699,1.381819021,1.568783138,1.89389228,1.91380669,1.232455403,1.108368691,1.887634983,1.258345508,1.095743471,1.074411381,1.164246334,1.174352659,1.297983914,1.468380798,1.214684145,1.202842528,1.139808226,1.136700468,1.112208573,1.403417504,1.424665049,1.10426864,1.193341862,1.759432178,1.276899852,1.293033509,1.497025622,1.198376406,1.088830227,1.161816526,1.174999651,1.271450641,1.409629332,1.186418073,1.178453834,1.158761986,1.138296705,1.311326638,1.144485405,1.083978011,1.096341751,1.242247943,1.159775566,1.095706371,1.196291739,1.371998565,1.445727991,1.92768758,,
CD_112_V1,1.799584827,1.738000047,1.660853351,1.990585083,1.980665437,1.920686744,1.971736512,1.987765042,1.992445038,1.779887538,1.763408138,1.604383974,1.634326522,1.910425003,1.970668298,1.979460128,1.978334007,1.756532361,1.837193437,1.940576032,1.579971474,1.930912392,1.748655284,1.674512804,1.763878349,1.938642776,1.951652815,1.998591122,1.996885621,1.663755056,1.546136893,1.997931298,1.997836652,1.981666648,1.985575767,1.98979698,1.992161372,1.132562526,1.336217085,1.923447625,1.949486068,1.882188877,1.828307137,1.519037119,1.557698491,1.869053509,1.925743289,1.625706807,1.59177341,1.614398828,1.684506617,1.087434374,1.758147936,1.598018845,1.808656549,1.963783033,1.575096373,1.55951898,1.996071723,1.967113519,1.424468407,1.801148303,1.98977949,1.995622496,1.744090049,1.787502403,1.469636287,1.909277544,1.88228475,1.964797535,1.972395459,1.81992568,1.918514122,1.576585863,1.977267421,1.960537078,1.732597216,1.829434223,1.94969235,1.990249073,1.583927219,1.620757421,1.633239991,1.859160027,1.595996614,1.624111696,1.878231934,1.819138185,1.628722156,1.775070173,1.859517758,1.331232231,1.435575939,1.994946348,1.998374828,1.958881166,1.955136053,1.828276259,1.81769761,1.760898787,1.766806835,1.689979296,1.441009077,1.527562254,1.658818744,1.558542988,1.909784797,1.931259698,1.924603952,1.825365146,1.80921242,1.798988223,1.703685847,1.979141851,1.997431584,1.824335646,1.857058943,1.602041377,1.725448288,1.44875815,1.74889987,1.370107694,1.925386587,1.791296759,1.653512028,1.582622363,1.503256904,1.958047485,1.928172754,1.885351029,1.547949309,1.531197747,1.799609821,1.601904388,1.952372581,1.98023747,1.98024151,1.616718276,1.497020507,1.600357394,1.731504613,1.804346406,1.878516053,1.694544334,1.984313431,1.866857655,1.918170309,1.587884878,1.483544105,0,1.027113689,1.771562978,1.600092103,1.705268391,1.755784095,1.635753875,1.72422491,1.975504235,1.971456538,1.76488623,1.670479253,1.315399901,1.992858592,1.979859757,1.726043918,1.656325155,1.967830114,1.947917647,1.914103783,1.883650208,1.771410863,1.603459832,1.976431463,1.96869169,1.681547765,1.441419024,1.46342522,1.87705044,1.821378857,1.962974649,1.967675328,1.776115256,1.755489235,1.754622358,1.852357297,1.87978873,1.919763935,1.684606616,1.647756058,1.559393613,1.486447619,1.662366416,1.68035135,1.805864083,1.776727691,1.777441508,1.864598731,1.591736276,1.601047326,1.941443039,1.911750931,1.983985312,1.916644869,1.627534017,1.628320879,1.556579303,1.736871435,1.710681317,1.63466613,1.656605876,1.719834658,1.717095751,1.815095299,1.4915861,1.335557057,1.588406006,1.530962315,1.581674172,1.679547668,1.642511919,1.738034516,1.97379342,1.990657719,1.518686146,1.510536147,1.69660191,1.734859873,1.633239991,1.843764349,1.612419306,1.61493686,1.72489465,1.623913694,1.963483928,1.962147233,1.794744416,1.820104839,1.97209231,1.86018032,1.707551985,1.738657814,1.984324245,1.990749853,1.442595763,1.510954391,1.990120801,1.679981576,1.499376693,1.557794144,1.651828927,1.666250296,1.23167672,1.334581662,1.609777724,1.628477115,1.546138481,1.508404727,1.602995814,1.713738104,1.678429362,1.358623366,1.322919329,1.906491773,1.706876591,1.717941373,1.757343555,1.496721623,1.589026698,1.414706108,1.560043382,1.532518045,1.661821766,1.608975746,1.526108615,1.654380326,1.598716391,1.574012737,1.599925506,1.604727365,1.611923524,1.156134356,1.379720228,1.354345235,1.217986977,1.633239991,1.760135043,1.936986226,,
CD_112_V3,1.757812903,1.723018219,1.643491681,1.968830868,1.961643354,1.906131254,1.962233615,1.973858158,1.982635747,1.688529202,1.662789638,1.485263624,1.535544675,1.898222195,1.965076662,1.973084663,1.972019085,1.712221759,1.809077154,1.926415828,1.45021745,1.917253644,1.735367539,1.637614737,1.740884909,1.92776981,1.939919523,1.996968443,1.994915163,1.632883007,1.506815248,1.995749381,1.995628806,1.962547765,1.970285129,1.98247727,1.98366634,1.122508968,1.308695552,1.912762966,1.944277643,1.874248118,1.809258959,1.393922995,1.42904586,1.815876179,1.896077297,1.496741881,1.460892216,1.585314601,1.66008174,1.06787143,1.670506851,1.473083639,1.78184039,1.955592294,1.451425234,1.441049547,1.99290525,1.96110557,1.327610082,1.742411139,1.9801678,1.991853146,1.713822472,1.763805676,1.357090537,1.894981527,1.869245904,1.957430293,1.96794862,1.801877774,1.900952153,1.456754957,1.975070297,1.956687137,1.634049497,1.766628897,1.9007564,1.980098348,1.54075701,1.59709079,1.541670885,1.847078416,1.468974711,1.505559137,1.851979165,1.802297255,1.568044481,1.752724095,1.843126541,1.25743103,1.327645895,1.989198282,1.99673403,1.950019115,1.931078989,1.769558899,1.754257096,1.662139838,1.668579385,1.658930175,1.410023394,1.495937073,1.626939609,1.469000618,1.898994557,1.925538701,1.910884077,1.806530446,1.788684345,1.78469111,1.618734327,1.964299467,1.995876712,1.798746708,1.83398548,1.575330187,1.675603521,1.344035321,1.659152556,1.334684559,1.908632151,1.769887825,1.62492455,1.476990379,1.469647736,1.946489458,1.920172198,1.875651246,1.454725706,1.474523859,1.714104034,1.469488943,1.939387585,1.975181454,1.960442767,1.587195489,1.393757956,1.507096703,1.64412763,1.756143364,1.863662792,1.668736891,1.968352951,1.849560993,1.900413062,1.487165741,1.374938028,1.027113689,0,1.725468069,1.562977312,1.661985506,1.736063305,1.587332749,1.683549887,1.944315149,1.939978271,1.740329344,1.639680559,1.217990987,1.987061152,1.971406685,1.635242158,1.544506522,1.963248954,1.9332077,1.898823226,1.871867121,1.680448782,1.472330801,1.96607449,1.96080654,1.656737127,1.368297881,1.36750186,1.865616038,1.806402316,1.959951744,1.955622569,1.753651966,1.728152015,1.719561993,1.839940771,1.865057903,1.909541192,1.569733228,1.526063893,1.442964771,1.376845308,1.53613675,1.558646449,1.795652514,1.754693173,1.760806093,1.84629468,1.513720757,1.494131536,1.934210612,1.893001057,1.976536005,1.901369379,1.48582724,1.49193325,1.429136804,1.67067128,1.604990021,1.512709432,1.540978437,1.613974947,1.693455389,1.795827384,1.39655353,1.248968197,1.474537456,1.425049728,1.452543855,1.577805919,1.52042605,1.650479606,1.958118377,1.985508165,1.4030343,1.389824135,1.581475841,1.651407546,1.541670885,1.824423994,1.495808759,1.494692649,1.697341195,1.591454906,1.955612975,1.944505895,1.766064641,1.796394481,1.963359303,1.830733207,1.629502446,1.68736249,1.972731221,1.983231223,1.360972373,1.412949729,1.980160866,1.570208308,1.377815432,1.423134524,1.53212235,1.551435985,1.171445752,1.285253199,1.510349432,1.529034359,1.442684324,1.41415833,1.478057507,1.634414553,1.615830043,1.2619777,1.245821013,1.883032796,1.606617625,1.612528817,1.67975213,1.405841052,1.457270827,1.32101608,1.451193528,1.459968271,1.599340419,1.49875187,1.426960209,1.537574732,1.479496501,1.483050189,1.487363793,1.475231051,1.49336615,1.107183567,1.292467717,1.263775404,1.148399048,1.541670885,1.676017273,1.954699467,,
CD_113_V1,1.661468978,1.482254687,1.488449524,1.729125945,1.55031351,1.693335466,1.730957126,1.590962256,1.615639463,1.706343182,1.736060231,1.677682415,1.715334312,1.510616044,1.673892651,1.509592439,1.600915984,1.111727635,1.275076227,1.41613655,1.799493103,1.679139265,1.621137357,1.346051677,1.552864767,1.726337101,1.754421321,1.849443011,1.871752186,1.518923095,1.429284288,1.866563599,1.89123083,1.278707824,1.38780864,1.901582648,1.40838116,1.610370956,1.441219507,1.669683998,1.818039529,1.504641069,1.602041771,1.796311167,1.787286731,1.708627305,1.79920526,1.941691071,1.915487651,1.44501135,1.537970989,1.650799303,1.973385091,1.957280422,1.411410655,1.628543135,1.842329565,1.697751942,1.965587866,1.830097059,1.739749594,1.959639305,1.604698301,1.636496185,1.390018814,1.507746253,1.606344674,1.649896507,1.675498258,1.747934327,1.786357547,1.884917135,1.89329979,1.866762392,1.811612291,1.860000503,1.727063458,1.874738525,1.297601992,1.490752685,1.248675202,1.577759897,2,1.760416532,1.94961473,1.968393173,1.460109087,1.728175976,1.856313443,1.383103889,1.532131854,1.524377893,1.64599666,1.787143528,1.956345855,1.649067268,1.486546285,1.950293811,1.957200579,1.55401073,1.635878416,1.260466544,1.410481025,1.330396115,1.476151273,1.770526055,1.775927263,1.811916915,1.549119681,1.511795226,1.538169847,1.666288514,1.810500238,1.533992265,1.664452005,1.25035693,1.283713784,1.614112639,1.554030802,1.665526606,1.96350435,1.465110197,1.564672378,1.346652373,1.265938823,1.784160288,1.405625979,1.329524208,1.76102049,1.820099236,1.664618581,1.753704052,1.68238497,1.672675313,1.737829578,1.945314952,1.335030219,1.291408819,1.544709545,1.436759234,1.934899652,1.946816082,1.58619469,1.500181185,1.482047436,1.592301942,1.496546642,1.687134128,1.76712358,1.771562978,1.725468069,0,1.105307003,1.474982329,1.505021588,1.583046614,1.406503273,1.309565018,1.359711905,1.385973393,1.337195561,1.636948918,1.793092651,1.562143701,1.938385049,1.919160783,1.798658718,1.597725774,1.63227825,1.668262414,1.94200209,1.90894614,1.571433396,1.556965831,1.335685585,1.500671749,1.690734731,1.674976083,1.605406312,1.575282049,1.56489314,1.501343496,1.504312242,1.325355862,1.702060185,1.587592789,1.56256581,1.930656164,1.900384516,1.643647649,1.639222068,1.748647141,1.790938673,1.659049593,1.599727934,1.643309459,1.598351275,1.889950198,1.764815873,1.770723009,1.459097404,1.603599389,1.485431009,1.57969176,1.765921048,1.763493025,1.897274338,1.753386346,1.807324502,1.898179507,1.924116518,1.49924886,1.543808909,1.649378978,1.672441123,1.702463707,1.642329401,1.711629447,1.837800183,1.829280063,1.89585322,1.706107827,1.671144483,1.631268812,1.768854399,1.921169229,1.843698231,2,1.439997263,1.913847855,1.897773027,1.29694521,1.222250218,1.668765948,1.545099989,1.417813573,1.506022481,1.68559705,1.274686765,1.886992872,1.960872719,1.582900762,1.681592178,1.847114116,1.824055567,1.670371988,1.861804236,1.682387496,1.712281292,1.919001646,1.832503166,1.774457083,1.749646056,1.725576862,1.736176365,1.435712001,1.445028536,1.854629332,1.934286603,1.868071931,1.79847728,1.533831053,1.955663532,1.941244124,1.91954088,1.987202716,1.30992568,1.60840672,1.734181223,1.795213067,1.551782323,1.794146215,1.800505415,1.714424943,1.775477909,1.864898632,1.405002778,1.607185649,1.832549285,1.74025466,1.7192427,1.823318148,1.578568687,1.594737291,2,2,1.729529195,,
CD_113_V3,1.838231115,1.456012797,1.430454034,1.733973812,1.598418875,1.77079496,1.778036563,1.673974781,1.713328456,1.774987034,1.833051158,1.787260488,1.761849583,1.671696481,1.786130367,1.673719331,1.679566797,1.300026226,1.44423766,1.466120364,1.874756116,1.759707775,1.722899143,1.379597611,1.557120719,1.80402979,1.831641933,1.927131536,1.92257751,1.536199141,1.416584037,1.930113246,1.952476255,1.453576655,1.446096931,1.873820867,1.65263763,1.415323207,1.359421931,1.731929252,1.842062506,1.801238797,1.636062982,1.83501917,1.852251983,1.763297648,1.798131232,1.973175271,1.962493053,1.338208983,1.474568532,1.485565812,1.985441483,1.978175736,1.482592857,1.652561199,1.88185716,1.743948498,1.975351366,1.855353243,1.661706464,1.964976299,1.680060617,1.656453397,1.415056412,1.524924903,1.656555843,1.747362083,1.69732022,1.802334675,1.855732089,1.862820029,1.905551497,1.892107868,1.843560247,1.835919047,1.804329579,1.906773439,1.543865673,1.720299336,1.350783498,1.55078574,2,1.739931492,1.978527666,1.989704553,1.544139557,1.679332686,1.826885191,1.402557501,1.570849183,1.388890831,1.600692747,1.883648273,1.967731251,1.766276628,1.669925121,1.968086793,1.982321988,1.774595365,1.761549428,1.438828684,1.396201939,1.451411253,1.474000479,1.766643598,1.837355044,1.840871212,1.680574251,1.538170337,1.626619568,1.660555498,1.925034795,1.679746643,1.829348068,1.290864945,1.379555395,1.530725012,1.629745835,1.678742014,1.964072096,1.356690436,1.684955785,1.503167014,1.387575737,1.816825125,1.383147404,1.556003385,1.799125612,1.845575808,1.655108273,1.644251863,1.754426095,1.801639633,1.822723151,1.949967337,1.515637709,1.343324688,1.666937549,1.636627411,1.934172532,1.956596047,1.646704855,1.509789424,1.632334774,1.665933993,1.642305581,1.654076013,1.73983901,1.600092103,1.562977312,1.105307003,0,1.373995583,1.41848974,1.545134922,1.453250412,1.612506934,1.620263214,1.428613721,1.366308568,1.553890251,1.868578043,1.782262396,1.957047759,1.928931019,1.821944195,1.756331078,1.690787923,1.652943546,1.977228866,1.951259728,1.774291215,1.762296416,1.427253262,1.489361914,1.669579815,1.637360846,1.550586581,1.737162401,1.743786859,1.505774065,1.526556308,1.519981157,1.779076388,1.649351094,1.703042869,1.949847441,1.924623497,1.747244341,1.755980656,1.825596758,1.835997214,1.724473856,1.653754645,1.590037652,1.637078397,1.858203358,1.790720115,1.808184761,1.548948602,1.699429493,1.642118988,1.733561021,1.8363868,1.791404298,1.893411802,1.818532316,1.848255844,1.927465465,1.952717797,1.443973449,1.561629595,1.616289942,1.608112438,1.672672367,1.619028122,1.782721856,1.853497793,1.92116926,1.933180496,1.825422642,1.845870991,1.726399718,1.800955018,1.960454729,1.88666786,2,1.582702684,1.932492227,1.918931758,1.445832992,1.351661148,1.775006053,1.694648971,1.492997558,1.541336368,1.730309416,1.396362695,1.883830402,1.94793116,1.847660096,1.856955538,1.767124707,1.781253336,1.823889799,1.943540999,1.752787662,1.779850641,1.946396454,1.855759938,1.603865782,1.602882259,1.755762809,1.754258188,1.506359935,1.417029831,1.886805611,1.938645279,1.859840026,1.757044788,1.527796808,1.968355853,1.946785883,1.941779639,1.989708974,1.346789126,1.710405381,1.718981142,1.817219963,1.517697367,1.78946773,1.83008287,1.673247601,1.84859247,1.868106052,1.486774845,1.666958891,1.853508286,1.757173626,1.512235228,1.732432038,1.653619717,1.550113805,2,2,1.878955292,,
CD_114_V1,1.824367797,1.366334336,1.362704927,1.643275556,1.572548147,1.789800388,1.858985609,1.503978708,1.584133399,1.511771967,1.744598022,1.700046091,1.628023649,1.58378728,1.637235355,1.58986607,1.486668421,1.485799868,1.481742397,1.368454661,1.912179888,1.64953954,1.817437876,1.527612257,1.618601011,1.738394329,1.767821885,1.93212024,1.904206673,1.457736888,1.347617007,1.957051136,1.948111347,1.402554803,1.310981052,1.892661993,1.592791447,1.505217082,1.377542988,1.657216241,1.873269984,1.830952806,1.509605795,1.830824595,1.811074882,1.730507313,1.726898761,1.986197154,1.976070028,1.257723831,1.337565693,1.615451616,1.991639725,1.983454145,1.332737152,1.315561943,1.913060861,1.813022461,1.983635143,1.782296522,1.576002961,1.968349995,1.451854261,1.36342189,1.479674084,1.544060605,1.715094305,1.745425757,1.532121067,1.819088733,1.85284088,1.884854521,1.939827076,1.833811014,1.739153038,1.68565385,1.887621271,1.968242259,1.661677981,1.736908467,1.439817978,1.361623003,2,1.768586987,1.993413482,1.996369951,1.618708632,1.574817655,1.88090174,1.316744269,1.445162656,1.350180479,1.661181492,1.935924502,1.988873409,1.800587709,1.69606045,1.985927174,1.990559735,1.812492187,1.652617372,1.435194808,1.35491701,1.418842025,1.474971538,1.819600673,1.845066925,1.649716714,1.674004106,1.320348514,1.531945586,1.528536119,1.934355427,1.684670755,1.762189681,1.523033417,1.592098289,1.394545602,1.608021317,1.658908885,1.9142729,1.422447168,1.626103933,1.491213439,1.463161756,1.788308884,1.408773453,1.567224102,1.520657365,1.809235216,1.684871091,1.689515943,1.746841875,1.962164157,1.752345255,1.919396429,1.47745648,1.466929353,1.691072226,1.707550583,1.9111148,1.968340982,1.588988226,1.499243997,1.607807814,1.65015519,1.603860773,1.556821234,1.752781972,1.705268391,1.661985506,1.474982329,1.373995583,0,1.149276648,1.445761152,1.27653645,1.614685633,1.578814319,1.488506428,1.411002234,1.596798761,1.881645385,1.781306368,1.962027983,1.930613191,1.683497044,1.450759704,1.710662723,1.672210955,1.971922824,1.949391438,1.768360581,1.767167283,1.523427793,1.360000144,1.603206941,1.584452416,1.490087253,1.79061447,1.765106472,1.400631302,1.427130632,1.520813287,1.866660316,1.592562052,1.613374777,1.928036282,1.903095168,1.686041443,1.747198451,1.625268776,1.60733595,1.812717026,1.712960278,1.541929333,1.613711563,1.871642084,1.791640927,1.894394522,1.703473423,1.62378681,1.615597722,1.770699467,1.816815273,1.768854126,1.888974567,1.84863492,1.853390043,1.959270586,1.982508779,1.395937351,1.495527982,1.605100447,1.606286827,1.589270992,1.59999037,1.846501892,1.898789931,1.917339129,1.970395843,1.858273981,1.785164409,1.76812731,1.82551939,1.977087076,1.906484181,2,1.602913657,1.891743807,1.885123259,1.583277458,1.475045569,1.662978181,1.739539571,1.34943615,1.474040471,1.642570388,1.392023488,1.851236152,1.960213178,1.857949642,1.825947089,1.749707486,1.626424804,1.838248115,1.981663613,1.751622639,1.746026128,1.853455118,1.794323407,1.618413842,1.592105634,1.744815476,1.679942825,1.586956947,1.467337243,1.879782372,1.947868771,1.855550511,1.827550654,1.464507513,1.969374563,1.938385242,1.936985201,1.993445701,1.5192813,1.656670084,1.787345074,1.833294835,1.398462963,1.68118029,1.856533136,1.675815056,1.88088427,1.849833039,1.54924987,1.617489092,1.771994344,1.601431063,1.586515709,1.80948908,1.662996807,1.633060139,2,2,1.879667169,,
CD_114_V3,1.801704967,1.419530762,1.427998479,1.674045062,1.602233453,1.822928444,1.885625716,1.578156213,1.593174254,1.519841765,1.746059217,1.687289842,1.604605639,1.595252995,1.603551403,1.607221637,1.50745694,1.545533115,1.489734989,1.443286239,1.919952171,1.68154223,1.836678445,1.512893285,1.553769405,1.639177943,1.667050266,1.879309007,1.865833357,1.516835867,1.392624219,1.960277193,1.933190339,1.371899662,1.297102597,1.908555874,1.601246829,1.564446786,1.444695791,1.705816999,1.87069609,1.743545826,1.571704499,1.857245229,1.861119698,1.702903103,1.709298744,1.981765939,1.973651172,1.273121531,1.348673951,1.664203051,1.994813684,1.984885523,1.436180096,1.413583478,1.909426315,1.827801925,1.98638999,1.80614717,1.66349355,1.969687945,1.467155908,1.382198428,1.49467991,1.588239314,1.734541533,1.721752909,1.471908053,1.832408787,1.850381595,1.911628395,1.953088935,1.825385562,1.711973728,1.597805254,1.904224551,1.975067462,1.74467143,1.716244837,1.425725744,1.319698467,2,1.780382444,1.983815663,1.990547472,1.638977511,1.558644107,1.898927942,1.383848096,1.546388351,1.44155255,1.741375641,1.931530022,1.989734057,1.812639482,1.732854856,1.985313104,1.988629991,1.767427499,1.650068936,1.456153925,1.415254043,1.382230269,1.482067869,1.850516443,1.858108889,1.552527877,1.735156994,1.396035708,1.38100016,1.571252969,1.910336274,1.668243125,1.64835271,1.559984781,1.588568443,1.526405812,1.591747731,1.711905632,1.902725307,1.541198393,1.634150474,1.507705746,1.522931132,1.750375712,1.542119117,1.556967444,1.402552357,1.792330252,1.704583674,1.717978261,1.763153774,1.972275566,1.789205264,1.94002631,1.495065585,1.540674556,1.736023962,1.727626416,1.916585053,1.973395256,1.588563596,1.517342182,1.590191488,1.578912743,1.567578347,1.614980119,1.786910474,1.755784095,1.736063305,1.505021588,1.41848974,1.149276648,0,1.590501578,1.376663426,1.599164614,1.627108348,1.515623564,1.442480056,1.669253144,1.913104336,1.703826256,1.960545587,1.939006288,1.789018839,1.660578766,1.748856231,1.69723948,1.965763733,1.948266326,1.706593102,1.744868571,1.611645124,1.428444006,1.667274408,1.471048939,1.451798255,1.795707439,1.809731918,1.392990338,1.448106511,1.575202207,1.85846563,1.589780173,1.647731702,1.938558966,1.917782165,1.738203063,1.779500485,1.626566986,1.5734526,1.780484055,1.643159623,1.579648898,1.656854124,1.893790235,1.819347918,1.874413877,1.74044267,1.605642928,1.577614207,1.791255351,1.807137946,1.80945347,1.908492304,1.856491455,1.839980233,1.965395288,1.983040721,1.400099386,1.465234031,1.645787283,1.658946193,1.705854582,1.690713186,1.888476166,1.918595793,1.922470344,1.942748556,1.897045894,1.829733719,1.780085778,1.849416866,1.978710815,1.892030525,2,1.627507778,1.887556748,1.886250079,1.588840689,1.50404418,1.522559352,1.74297232,1.447213546,1.592807789,1.664295657,1.46632059,1.883891626,1.967035492,1.807354944,1.764617549,1.781218359,1.671075126,1.781874468,1.964352013,1.740964196,1.756804218,1.924605669,1.845277381,1.66937716,1.628879372,1.756770512,1.675224564,1.572900803,1.485459609,1.853249575,1.953895804,1.878365366,1.830693159,1.506793982,1.968165112,1.92962813,1.946841538,1.994362713,1.55476111,1.66853244,1.827910751,1.866405266,1.457794982,1.664038851,1.88198008,1.725957614,1.890482367,1.865599506,1.53248376,1.590973157,1.772820249,1.641303411,1.658969982,1.840459667,1.666418034,1.690962968,2,2,1.845041138,,
CD_116_V1,1.753420825,1.536363649,1.459074378,1.698702187,1.618718912,1.744138111,1.794373547,1.599483056,1.672980199,1.713116388,1.745659519,1.860986183,1.823654328,1.745448728,1.842184878,1.790944712,1.727292055,1.566746607,1.668521196,1.56534282,1.893988535,1.841454564,1.748242252,1.574800582,1.750672952,1.878176979,1.867435847,1.913907132,1.951053037,1.503643187,1.468475292,1.953697272,1.971378508,1.640184173,1.607004483,1.903008846,1.711685231,1.561563144,1.49109887,1.82812969,1.923683811,1.860663797,1.61282703,1.877717718,1.886253053,1.712295111,1.754456996,1.982833681,1.952262261,1.524223933,1.602324856,1.607841083,1.991882405,1.987549733,1.445319536,1.594543185,1.888142121,1.750296636,1.970552696,1.857287545,1.649673007,1.977599766,1.670685733,1.60847458,1.586234381,1.601979652,1.816011086,1.76189082,1.72177187,1.874238173,1.89804029,1.850510404,1.900268959,1.947832476,1.701831924,1.909857204,1.889226285,1.950911627,1.638014716,1.677807437,1.519888999,1.616928281,2,1.737336493,1.996395263,1.998138562,1.678516052,1.739440962,1.898003462,1.656751866,1.746602658,1.53053624,1.711415413,1.907162998,1.980948074,1.825907725,1.742029974,1.985028987,1.989250398,1.758325094,1.701635185,1.548585948,1.490128246,1.563417418,1.619323688,1.788232485,1.865302398,1.723052246,1.605397113,1.496512756,1.692504162,1.653388813,1.949509761,1.659822396,1.796478012,1.535589869,1.622857259,1.386333342,1.486792165,1.731789355,1.956215981,1.443429035,1.796035297,1.659660445,1.543699782,1.803151141,1.289456944,1.62777879,1.82384726,1.874807677,1.822811692,1.812054307,1.72117068,1.912950287,1.823534403,1.844639742,1.59014057,1.511216883,1.666437297,1.670823897,1.961079431,1.969292199,1.784628241,1.679455448,1.735667245,1.806629237,1.770239677,1.778120697,1.846374382,1.635753875,1.587332749,1.583046614,1.545134922,1.445761152,1.590501578,0,1.22171144,1.740320421,1.755796008,1.535620856,1.50454122,1.601477468,1.88327667,1.809396514,1.984657437,1.96649139,1.823033337,1.638123451,1.748315811,1.785827971,1.990100415,1.975785306,1.837234344,1.824497753,1.576494593,1.594029092,1.763494091,1.747886825,1.689985963,1.794680169,1.826134998,1.620482239,1.541385646,1.594763064,1.873941171,1.785130005,1.810358048,1.968571538,1.958300445,1.752918347,1.738735221,1.840848698,1.852343298,1.821356893,1.708283815,1.677442635,1.649644203,1.858448178,1.8116049,1.899161576,1.688916922,1.743930797,1.721086711,1.788687464,1.865616585,1.828236541,1.803273372,1.86053593,1.917037067,1.956898282,1.973688134,1.634315866,1.67448376,1.72760554,1.686265684,1.645237894,1.675777153,1.842710298,1.906635696,1.916011554,1.958327989,1.853804381,1.820194041,1.840119795,1.872830322,1.977590787,1.922079831,2,1.674653841,1.951149449,1.929133434,1.701793905,1.605174721,1.797374129,1.745013233,1.457868489,1.570751343,1.851388996,1.499058028,1.858204931,1.962338089,1.87568878,1.841045816,1.760935142,1.837835337,1.852492963,1.963413376,1.839156529,1.854242216,1.970359867,1.918665592,1.660739518,1.619849646,1.830927538,1.822179949,1.755383461,1.668888723,1.905840535,1.945861514,1.882575417,1.817565531,1.611074747,1.979827029,1.972597592,1.906157513,1.987304776,1.61708936,1.807806391,1.78942654,1.884074678,1.61803407,1.807977658,1.881870229,1.723166033,1.898279722,1.897964053,1.729514793,1.788975973,1.853438118,1.723106999,1.624905744,1.824503631,1.756700317,1.659865575,2,1.999935497,1.782372491,,
CD_116_V3,1.708460265,1.349289164,1.314699368,1.579785766,1.491146374,1.753602148,1.798440682,1.48490182,1.622905597,1.508028617,1.67260294,1.76332573,1.678042877,1.648330964,1.758515433,1.699890337,1.558711048,1.37713316,1.477037701,1.400823947,1.854441086,1.744700824,1.792837281,1.501142985,1.689992202,1.814308183,1.849179339,1.929714102,1.953399736,1.490440067,1.386245081,1.963742398,1.966875245,1.398102167,1.321960104,1.875477605,1.629190435,1.535750953,1.388984457,1.660189801,1.870594692,1.833875272,1.488761013,1.818803079,1.829456771,1.635534603,1.657133442,1.981416171,1.971185466,1.399100592,1.488777769,1.650757121,1.990307273,1.987723193,1.375643481,1.427870047,1.949881554,1.83048346,1.968606911,1.832243609,1.584096992,1.967680474,1.511213052,1.389340471,1.523843342,1.572376605,1.740065543,1.749915125,1.607387962,1.844953833,1.875056616,1.882027425,1.910191108,1.912409574,1.77824606,1.92126676,1.849189084,1.945814651,1.469817887,1.723762848,1.452933017,1.461477297,2,1.727414186,1.996360965,1.997629518,1.559985083,1.651926368,1.875438953,1.533558004,1.68195638,1.406081213,1.720340964,1.914819751,1.97957832,1.818868608,1.651709581,1.985839028,1.988359783,1.734245524,1.591983911,1.400259887,1.405527952,1.489578724,1.503570382,1.790022704,1.847579622,1.745998186,1.60223649,1.279217319,1.620022199,1.593103612,1.943341579,1.528166447,1.756067685,1.510332499,1.637393049,1.533892593,1.658078829,1.69696918,1.931336929,1.466811404,1.70284982,1.56973964,1.495515255,1.829350619,1.469149835,1.683614028,1.715490315,1.837889205,1.74175455,1.734441532,1.603492991,1.873989194,1.872778513,1.963868653,1.500806428,1.432092307,1.755863537,1.735381146,1.913721725,1.961848833,1.694294767,1.556992643,1.656616525,1.743910702,1.715891497,1.607468182,1.76568806,1.72422491,1.683549887,1.406503273,1.453250412,1.27653645,1.376663426,1.22171144,0,1.589204381,1.633000382,1.537927622,1.427106434,1.673007453,1.883258869,1.817966978,1.97472936,1.953271852,1.874579099,1.714314794,1.691410363,1.736574656,1.973225936,1.953115265,1.820809687,1.816878896,1.568451067,1.442905736,1.698350063,1.748021138,1.637120181,1.772658946,1.784292009,1.501121011,1.562463337,1.46254136,1.858675175,1.695297562,1.693165246,1.936031345,1.903339963,1.766030812,1.807099254,1.668999396,1.671465131,1.775294457,1.638285287,1.616741827,1.666103596,1.847263684,1.768310336,1.879033887,1.658369629,1.662396228,1.633711002,1.646603332,1.768462283,1.7426163,1.857607435,1.83953309,1.86837197,1.949952132,1.966708784,1.578874113,1.633729381,1.609075174,1.616212242,1.74871448,1.756948017,1.792279884,1.897127249,1.919391493,1.950119495,1.813783816,1.798198893,1.785140695,1.817843364,1.973053865,1.92370649,2,1.590343037,1.928415153,1.920868701,1.611029535,1.52378206,1.762479657,1.650226793,1.391298639,1.513271606,1.796585554,1.42062902,1.809321564,1.958485006,1.84688282,1.811870379,1.75311782,1.668585325,1.830197827,1.959785389,1.75170623,1.749021791,1.949824264,1.871272945,1.703588435,1.649337748,1.789590851,1.746604222,1.610232027,1.486559108,1.883072441,1.934414713,1.843665409,1.835384961,1.470600852,1.977471828,1.950471932,1.904509414,1.985268854,1.561534639,1.669494529,1.785756339,1.877917083,1.454705437,1.718049763,1.879029209,1.721673989,1.900853723,1.851995844,1.64267965,1.671639357,1.832072039,1.630000521,1.667554476,1.820282959,1.689999912,1.683775816,2,1.998193789,1.785538767,,
CD_117_V1,1.462045386,1.595103866,1.557711993,1.547029897,1.507039649,1.650933177,1.740225332,1.469520823,1.370031955,1.583549755,1.583862392,1.626513834,1.728401977,1.566007755,1.608793341,1.451372898,1.561260736,1.241530829,1.344993371,1.511400172,1.841233825,1.684310957,1.604719664,1.557970991,1.687310331,1.695789116,1.714246806,1.823408005,1.840621149,1.6339301,1.602364454,1.81283425,1.845064992,1.383391081,1.508793739,1.830306777,1.290478114,1.859274004,1.672350254,1.81675535,1.895896092,1.276852587,1.681128866,1.824213441,1.797162494,1.563819086,1.6195591,1.93677354,1.912406308,1.667746486,1.614388224,1.86716209,1.962975459,1.928464836,1.530226534,1.626365231,1.802693619,1.782455732,1.94372914,1.723005717,1.818713804,1.964593001,1.5093652,1.555351353,1.487043288,1.47295608,1.630230926,1.634731013,1.72045403,1.736802644,1.705155855,1.921632099,1.901377411,1.946690025,1.640946406,1.603514139,1.753832809,1.888596613,1.329562708,1.335034135,1.355174112,1.635538034,2,1.841815437,1.895804586,1.919158946,1.515490522,1.761803462,1.929736353,1.341501187,1.383281679,1.815146698,1.850827658,1.778294178,1.953852207,1.598598389,1.491477006,1.937067219,1.935027955,1.464505335,1.612737703,1.26056702,1.486818843,1.2399954,1.642238,1.85338821,1.806357805,1.737463467,1.577566461,1.508790613,1.527779975,1.731259324,1.705266181,1.57359865,1.481858018,1.378665482,1.350963359,1.656933337,1.417042359,1.684589491,1.927594651,1.73211728,1.588564307,1.316456808,1.332558228,1.810848374,1.554286738,1.202720637,1.801644219,1.868313116,1.699029265,1.895300512,1.622252281,1.786568125,1.677771276,1.935743701,1.213087145,1.494245518,1.500198694,1.365778938,1.930833902,1.949362178,1.646860344,1.575458704,1.41236984,1.542076638,1.363526043,1.85549081,1.905830807,1.975504235,1.944315149,1.309565018,1.612506934,1.614685633,1.599164614,1.740320421,1.589204381,0,1.106506184,1.465931473,1.499675809,1.704630335,1.785822822,1.443595718,1.93913516,1.960133143,1.533622156,1.422101602,1.599141437,1.782133509,1.919857283,1.886230891,1.428454934,1.466844456,1.518458788,1.575140602,1.78118821,1.53739219,1.608889838,1.475042464,1.48005099,1.45305455,1.505308199,1.27291358,1.63757574,1.648033235,1.547176293,1.953015884,1.935274913,1.597326994,1.584856904,1.733653883,1.752587156,1.728849131,1.708153457,1.773200511,1.69554929,1.821412017,1.669302489,1.772305631,1.503575431,1.514505624,1.416329664,1.684622552,1.804137244,1.818352848,1.945572066,1.839024096,1.832106112,1.90001942,1.927920932,1.697247077,1.607602038,1.825598769,1.832025443,1.796530201,1.745515915,1.803235095,1.887183597,1.751601339,1.879831399,1.727120355,1.577440335,1.653344079,1.827079109,1.927296085,1.737633433,2,1.455641683,1.911780564,1.895633448,1.429088896,1.369666464,1.547138616,1.584520709,1.500311388,1.469560634,1.777503996,1.395694139,1.890641771,1.951992637,1.433750289,1.575057924,1.951859679,1.913080567,1.67008212,1.813371647,1.648915558,1.751850682,1.949105994,1.875435337,1.933321718,1.927308634,1.697525559,1.776514084,1.429086869,1.563501758,1.830333204,1.955425627,1.909554396,1.872445047,1.559855563,1.939865229,1.919493544,1.915801271,1.990555529,1.442944074,1.654270937,1.846484982,1.805279624,1.78181597,1.84950281,1.746721487,1.697610116,1.69770211,1.90608344,1.387600385,1.536244034,1.885922097,1.845245292,1.92961405,1.94979532,1.55012386,1.721976939,2,1.999786275,1.501682899,,
CD_117_V3,1.652084234,1.580060101,1.539228817,1.714252389,1.559603917,1.666031974,1.754822,1.447224978,1.259629604,1.763382592,1.746944868,1.715108023,1.816754961,1.569994668,1.583402613,1.499313449,1.583051448,1.304323537,1.448684731,1.6275532,1.8659278,1.666153257,1.693481422,1.572888571,1.693880018,1.772313927,1.701019695,1.806104952,1.792588454,1.630683588,1.618360003,1.83694382,1.850987786,1.488571858,1.644442621,1.832918133,1.417795166,1.913890861,1.75652805,1.773453841,1.884991833,1.516976177,1.719674803,1.837744187,1.804869024,1.769389964,1.818066606,1.95830706,1.937904382,1.641375659,1.586005002,1.906862924,1.979169367,1.963806605,1.549670507,1.606779838,1.867157466,1.823688311,1.928532462,1.625373521,1.875604734,1.977104369,1.401833128,1.545886084,1.474250022,1.537669936,1.737220201,1.673329175,1.719685201,1.729332506,1.747281801,1.938606113,1.924069903,1.933705571,1.609738198,1.386074145,1.810013885,1.910237715,1.318947774,1.425351653,1.384173785,1.70119314,2,1.819106048,1.95237852,1.965374367,1.430083503,1.730427301,1.942268055,1.25086473,1.233533946,1.896888467,1.870837578,1.777409084,1.961204824,1.617807659,1.496524499,1.963921416,1.961749613,1.629175462,1.735619432,1.377400097,1.562676422,1.307521742,1.59315913,1.87965526,1.839699475,1.55847169,1.600123276,1.679146019,1.580763768,1.824772101,1.824070192,1.533804632,1.428569742,1.447266444,1.344238804,1.577414627,1.363868915,1.73231428,1.927644816,1.73390997,1.51805434,1.39240695,1.37106728,1.873981791,1.672508028,1.345882914,1.750103024,1.883952051,1.797177853,1.930047108,1.759857699,1.786727007,1.711064127,1.937371607,1.262451241,1.579263687,1.641967337,1.534310026,1.934165493,1.960412144,1.518243688,1.604291661,1.490539947,1.537739394,1.292698517,1.887061497,1.899309843,1.971456538,1.939978271,1.359711905,1.620263214,1.578814319,1.627108348,1.755796008,1.633000382,1.106506184,0,1.532538051,1.575013966,1.787910378,1.761547259,1.40140258,1.954593629,1.948098509,1.369424077,1.301434465,1.468928061,1.708452779,1.947652108,1.915049489,1.418667541,1.508076867,1.567182981,1.717924258,1.826822076,1.37898537,1.509543599,1.39154044,1.454476322,1.375462138,1.400386327,1.332575953,1.715146365,1.519932014,1.630481585,1.934666792,1.932911787,1.726625187,1.734825118,1.804252322,1.772755254,1.733682484,1.615688671,1.813957556,1.678917368,1.940384616,1.822058225,1.81895186,1.6156077,1.471173734,1.457583048,1.673069965,1.827181753,1.843861098,1.952144747,1.846452611,1.866741641,1.926097129,1.945673835,1.67375905,1.482384521,1.835620374,1.85888799,1.83364528,1.799005564,1.807835708,1.902615709,1.804152733,1.911959226,1.716267884,1.580873011,1.751172067,1.874079575,1.936131036,1.872511377,2,1.537357016,1.918558858,1.905659068,1.492903601,1.461590631,1.466641368,1.61475823,1.530992485,1.37854514,1.780110894,1.419328111,1.938587985,1.980505059,1.586070936,1.60692198,1.955681781,1.935175646,1.595233293,1.884313733,1.781470183,1.799242647,1.919717105,1.867331249,1.950016631,1.944276959,1.787046402,1.823242443,1.616500487,1.705680542,1.872458784,1.962551775,1.939118799,1.907420511,1.731477056,1.963197108,1.954371847,1.926364599,1.993523154,1.568449336,1.71492629,1.866365313,1.862053383,1.830752776,1.891034757,1.842597689,1.828392855,1.820707409,1.89374206,1.571434469,1.716106479,1.895223523,1.869938727,1.941454601,1.954621521,1.699811327,1.797745465,2,1.999377349,1.714765065,,
CD_118_V1,1.694309843,1.593895645,1.581032957,1.761827771,1.694865343,1.638365108,1.767566683,1.384401281,1.531194018,1.690237981,1.737594531,1.704219249,1.71957494,1.462773891,1.646180079,1.507542998,1.455595348,1.368327243,1.373047664,1.299025526,1.883207644,1.657286815,1.739664207,1.506938012,1.688543529,1.658199521,1.703151549,1.831349734,1.802183265,1.224476294,1.336121976,1.836449249,1.877195431,1.481869499,1.54600582,1.934233588,1.514029284,1.61589085,1.534516902,1.698439732,1.80944554,1.506504891,1.541261589,1.816416411,1.830944632,1.769792955,1.802260012,1.936613961,1.813424634,1.477260921,1.389840873,1.644840094,1.984132612,1.970120424,1.392124302,1.281935502,1.757353109,1.647521335,1.980728557,1.82467587,1.697783069,1.96792085,1.655686589,1.660445784,1.368147984,1.366668952,1.713076844,1.606385231,1.564902707,1.706594436,1.679851108,1.915129697,1.93201718,1.834596168,1.383485809,1.822893698,1.818708348,1.932896596,1.54562272,1.516284747,1.414187476,1.614598112,2,1.779046959,1.960805925,1.974608766,1.594815523,1.662426758,1.889107866,1.439345261,1.601034463,1.621159356,1.760964056,1.7398057,1.964282501,1.714738889,1.634999655,1.965633904,1.969370717,1.630089846,1.419268346,1.385717987,1.398163935,1.370548074,1.491204073,1.808810156,1.835464412,1.757978435,1.470752017,1.433395395,1.543355436,1.321988807,1.843123602,1.551795485,1.637488696,1.208634867,1.398626064,1.576235293,1.60964125,1.669590754,1.952124169,1.514158721,1.59701671,1.378484714,1.42043447,1.476713371,1.510057681,1.432828598,1.703742142,1.847000675,1.704195916,1.779697191,1.772235789,1.875340797,1.439655304,1.414225736,1.426931723,1.446191061,1.504052081,1.437427825,1.922903143,1.962600964,1.441575149,1.428906381,1.549186656,1.630727544,1.547609323,1.697231661,1.763277355,1.76488623,1.740329344,1.385973393,1.428613721,1.488506428,1.515623564,1.535620856,1.537927622,1.465931473,1.532538051,0,1.100281618,1.659680279,1.823576703,1.605687151,1.946816711,1.936196457,1.805883998,1.62949185,1.711897645,1.687971497,1.954074226,1.933373593,1.633782965,1.601897866,1.464104861,1.521813617,1.70272472,1.660693094,1.578359467,1.664961734,1.648484987,1.58820831,1.559693977,1.430701808,1.755047677,1.44311224,1.583947497,1.890070146,1.893255979,1.674951067,1.70632583,1.776693838,1.766508397,1.73797489,1.615858184,1.478431345,1.40583955,1.892000977,1.731362756,1.834233475,1.369807999,1.633023202,1.526533527,1.764339056,1.839299448,1.785411385,1.907665761,1.709548985,1.830650081,1.917968624,1.947910876,1.478502407,1.454823219,1.605122701,1.6267967,1.686781679,1.649101896,1.808615208,1.846665841,1.828187906,1.932995723,1.809972453,1.689984245,1.748647461,1.854101475,1.95460812,1.852888043,2,1.533838704,1.929261312,1.821409543,1.438279787,1.371017802,1.650987096,1.624633748,1.266765033,1.375512346,1.739893807,1.360826387,1.869084305,1.96603809,1.640105634,1.731524469,1.82681993,1.811431505,1.754306239,1.91085214,1.756374781,1.802255225,1.937880707,1.856829167,1.723167378,1.732435448,1.752492528,1.756368329,1.52692521,1.511774233,1.842553832,1.947022635,1.839085869,1.75954762,1.53271391,1.933277504,1.943506306,1.886273197,1.993522858,1.462485191,1.722038184,1.802613403,1.792277919,1.562118687,1.801307451,1.795040838,1.644907041,1.743148907,1.846063179,1.50230915,1.675259301,1.835835318,1.746513983,1.67781487,1.853664731,1.618795549,1.636922095,2,2,1.767339809,,
CD_118_V3,1.578880697,1.504315214,1.504042254,1.649819555,1.61502152,1.592272889,1.766257509,1.35458857,1.583253389,1.552415917,1.607410152,1.699694214,1.666049702,1.36145686,1.605896374,1.466796755,1.381431507,1.305323719,1.319042049,1.32139451,1.839351167,1.594086419,1.734719055,1.456995284,1.653980789,1.595850834,1.68651268,1.796519985,1.766142322,1.376250466,1.331587003,1.887203966,1.875588527,1.362325194,1.416360934,1.90852867,1.468737805,1.502741114,1.419135117,1.582614595,1.771038942,1.571153167,1.51291411,1.774185439,1.799725996,1.650029956,1.694339773,1.949688614,1.882935884,1.355785524,1.403518431,1.52876079,1.980779102,1.971375495,1.297981512,1.348325624,1.813348546,1.709317034,1.983507407,1.804745117,1.585912283,1.963668455,1.616802963,1.601868853,1.269012651,1.365542094,1.706316941,1.470232467,1.447503589,1.675975919,1.651095128,1.886404834,1.919676474,1.801716784,1.547081555,1.84875497,1.812819566,1.935582184,1.528328115,1.496880373,1.360083269,1.545831402,2,1.758254228,1.968958612,1.980471339,1.558631806,1.581268112,1.85920797,1.369290956,1.585316378,1.519975078,1.685755517,1.804502342,1.965120187,1.752312116,1.656278233,1.967551458,1.976076803,1.658675808,1.561260072,1.324206588,1.273774328,1.328692085,1.364884803,1.746788964,1.817244484,1.723384878,1.480883079,1.337349652,1.522694775,1.419010553,1.871261862,1.460826609,1.652721485,1.291521504,1.371400258,1.465505093,1.605126992,1.61360632,1.905284601,1.373992645,1.540411155,1.358989471,1.320194568,1.55887593,1.404089668,1.476773146,1.628884129,1.817769818,1.660416549,1.708325443,1.671033204,1.829668286,1.592863709,1.697908584,1.383869412,1.359197879,1.560977624,1.49123839,1.890524486,1.95833655,1.361361063,1.325457536,1.474853482,1.621100034,1.566688248,1.584239418,1.643913511,1.670479253,1.639680559,1.337195561,1.366308568,1.411002234,1.442480056,1.50454122,1.427106434,1.499675809,1.575013966,1.100281618,0,1.588162549,1.842551651,1.63665907,1.941697191,1.913920668,1.782182212,1.666012943,1.644386816,1.609114997,1.950001487,1.93746718,1.695741695,1.622509265,1.369101141,1.461951872,1.64271813,1.650383708,1.4994143,1.610820719,1.644156232,1.601857724,1.524934642,1.366783575,1.734392911,1.36257326,1.560527193,1.850988938,1.845261192,1.659384067,1.69506844,1.706694233,1.729433109,1.69819156,1.550196225,1.48793,1.496429581,1.858318679,1.695649027,1.80840383,1.356857637,1.558054176,1.454770321,1.678766727,1.761208821,1.693245642,1.864812378,1.737708098,1.806544315,1.913279196,1.947685635,1.365374627,1.346347424,1.485599953,1.548841022,1.631449805,1.589731419,1.787973181,1.820917826,1.838031742,1.920367608,1.806320683,1.731765394,1.726583153,1.830191321,1.952401411,1.836691503,2,1.511498875,1.916047976,1.861685842,1.328450022,1.253930352,1.653655396,1.583346136,1.283005738,1.311378999,1.634374406,1.249678034,1.864626618,1.955024202,1.660013586,1.738095466,1.732373269,1.705639951,1.744796224,1.928292717,1.745878867,1.765447024,1.922512618,1.845242697,1.603085755,1.60962116,1.723157099,1.705482984,1.473738177,1.398570292,1.853850199,1.942156514,1.829325985,1.730000902,1.500483488,1.949608581,1.9297603,1.909684723,1.99285415,1.394744414,1.673242647,1.750047018,1.816310022,1.446545743,1.699062891,1.821865885,1.624109219,1.792292958,1.852820823,1.501065819,1.607173153,1.79683116,1.663827169,1.559753733,1.785717196,1.555387119,1.540451727,2,2,1.678794873,,
CD_119_V1,1.509401824,1.67958547,1.608378047,1.841282049,1.743305274,1.853279787,1.911424465,1.847785939,1.786978247,1.368301658,1.340811719,1.177992782,1.283980364,1.791810137,1.866219788,1.72976426,1.850450763,1.586930495,1.678429048,1.772012909,1.185335774,1.852600344,1.709971568,1.619402474,1.716873423,1.851069004,1.874137861,1.9565237,1.970984491,1.610496682,1.527576106,1.949112635,1.965863614,1.759428258,1.838535412,1.703009363,1.683391998,1.352814708,1.413675819,1.8499078,1.905695152,1.662697611,1.771594842,1.147460671,1.16534159,1.609446676,1.728924601,1.242977204,1.222855101,1.57265976,1.613777994,1.25351435,1.501904633,1.267148277,1.659005802,1.804857901,1.183307571,1.175623832,1.972218243,1.916867646,1.141180913,1.655922134,1.806117594,1.791308968,1.658067877,1.658691214,1.123353517,1.864329597,1.805232204,1.92746497,1.915706706,1.831663788,1.904252916,1.230485184,1.858565095,1.834637827,1.361195131,1.621900127,1.79328265,1.752372118,1.528150534,1.617388828,1.465459584,1.849037557,1.248115999,1.30972982,1.821483876,1.774785783,1.501038407,1.607973484,1.688020409,1.140676176,1.117154631,1.938422982,1.991540191,1.822932755,1.790981927,1.663457874,1.640090456,1.240758207,1.260975163,1.533101307,1.397433595,1.391016307,1.62896452,1.293546759,1.852227911,1.881110843,1.837443409,1.725454257,1.694577375,1.71019522,1.407634091,1.893173314,1.875657708,1.658858745,1.701313039,1.486032808,1.601224762,1.098813355,1.452834169,1.410437785,1.830538923,1.582169052,1.468165839,1.229656126,1.400004623,1.633018345,1.86099295,1.848649124,1.24680606,1.436139099,1.52283354,1.232949765,1.836603784,1.957897036,1.735355567,1.539664594,1.096159812,1.198589868,1.465714273,1.693297948,1.785867954,1.627589233,1.810349794,1.767885314,1.731781042,1.226606301,1.159978158,1.315399901,1.217990987,1.636948918,1.553890251,1.596798761,1.669253144,1.601477468,1.673007453,1.704630335,1.787910378,1.659680279,1.588162549,0,1.943490151,1.818882836,1.459911958,1.315828236,1.841643179,1.770920148,1.821231682,1.814977213,1.495178164,1.239479909,1.807608713,1.802580528,1.581084695,1.180835707,1.142806692,1.798459598,1.718636557,1.874669444,1.816732985,1.614990282,1.600005281,1.642086085,1.814781459,1.787060351,1.758508743,1.300840908,1.247812905,1.122023297,1.115205151,1.207329992,1.23280329,1.788315138,1.749075264,1.721356159,1.744973266,1.390795946,1.222167798,1.921299644,1.835378665,1.864497162,1.754062848,1.222678858,1.223081345,1.156390676,1.536228727,1.312687445,1.212644953,1.296287598,1.384060647,1.631307007,1.706010253,1.200902467,1.113432506,1.158473195,1.136117677,1.175565277,1.333270633,1.261061368,1.487672587,1.88482848,1.879869989,1.139572259,1.157098704,1.32225631,1.414829094,1.465459584,1.690755205,1.278335107,1.25950662,1.617848861,1.521795938,1.880234091,1.866904536,1.629798672,1.693661758,1.907746964,1.693016025,1.488933378,1.647595815,1.789180283,1.86166557,1.279298292,1.224186239,1.938956046,1.347376239,1.136384211,1.147017484,1.270072879,1.266848143,1.190640258,1.329245035,1.254553646,1.271513102,1.160411698,1.185290065,1.177843835,1.496363704,1.51490913,1.123307049,1.103241852,1.830963146,1.403199185,1.366936168,1.572853168,1.149224268,1.150567056,1.18889691,1.204659941,1.300503213,1.479644629,1.257366479,1.198772264,1.232773272,1.23202366,1.203080128,1.194728965,1.170767142,1.187906717,1.156204418,1.180860263,1.100421954,1.115374091,1.465459584,1.529286008,1.834241258,,
CD_120_V1,1.940961065,1.885426629,1.883709717,1.88110942,1.865725569,1.380813029,1.323955528,1.799818443,1.731591165,1.943040815,1.937009256,1.913461262,1.933604881,1.73577479,1.822110736,1.777305941,1.811620915,1.675893901,1.736706139,1.840236124,1.952503606,1.747550114,1.927729588,1.837988834,1.901288775,1.910239558,1.901789197,1.656824657,1.555850288,1.796361039,1.752319492,1.172989576,1.33761696,1.80533538,1.832122714,1.953720632,1.734115052,1.921854388,1.77723587,1.762289027,1.834809502,1.883710678,1.87133146,1.943254608,1.943068592,1.937060758,1.942118199,1.730221162,1.829499591,1.823371347,1.815765798,1.957845004,1.313270253,1.62514089,1.794699295,1.849602293,1.935946969,1.938214328,1.553457115,1.857933663,1.793368944,1.598711037,1.791609061,1.797612023,1.776608019,1.799193094,1.915025119,1.533772765,1.845793656,1.626199519,1.405970518,1.515982905,1.547538369,1.972238365,1.887792824,1.849825812,1.892016647,1.944052726,1.768819574,1.838585401,1.707219709,1.862371504,2,1.398171055,1.729981341,1.678349242,1.743217366,1.804466049,1.542054524,1.728305514,1.758056501,1.944612874,1.922228839,1.26460055,1.280073242,1.816978576,1.765466229,1.584378677,1.59134495,1.880711596,1.91139868,1.785565797,1.836271047,1.774395508,1.817102243,1.548425532,1.427017905,1.816564945,1.840017379,1.91660324,1.866804136,1.928438792,1.366521171,1.792366135,1.747510509,1.749035203,1.693282686,1.868497402,1.808326239,1.912110792,1.989365821,1.835441145,1.473396316,1.798700524,1.773670444,1.840170173,1.883857814,1.769007077,1.854055466,1.43449675,1.935417982,1.969741281,1.939138722,1.929807195,1.47489645,1.858144967,1.785732716,1.831943959,1.887214695,1.868835608,1.972943448,1.597480979,1.809281765,1.788267519,1.832619655,1.846278029,1.760135514,1.757150062,1.915697237,1.992858592,1.987061152,1.793092651,1.868578043,1.881645385,1.913104336,1.88327667,1.883258869,1.785822822,1.761547259,1.823576703,1.842551651,1.943490151,0,1.291874086,1.562221765,1.605253021,1.880665209,1.854019096,1.532404512,1.446877532,1.523851591,1.939013399,1.475467604,1.534275392,1.712373729,1.896239556,1.911089866,1.865391501,1.869969653,1.524566868,1.449920843,1.785204331,1.760698817,1.506406358,1.424778061,1.809915428,1.673390905,1.882882116,1.698227938,1.877708882,1.920329581,1.935146082,1.942875386,1.820718274,1.755720299,1.860924488,1.820007107,1.560506272,1.664285244,1.926575878,1.825795818,1.842037818,1.807047877,1.913275271,1.951579563,1.925127308,1.978467483,1.950101892,1.957007054,1.405115861,1.302723015,1.792193575,1.78823106,1.920530782,1.952890427,1.902755474,1.895591878,1.853143206,1.548355106,1.666412798,1.554297366,1.191493234,1.727612489,1.928764942,1.951423158,1.436794563,1.49768839,2,1.827845197,1.971266324,1.963041395,1.804393666,1.770403423,1.753388799,1.68478424,1.798339573,1.76282655,1.882487004,1.721980645,1.516029864,1.604721752,1.527847346,1.541628334,1.984835119,1.980109628,1.356411993,1.566240876,1.953224458,1.944402546,1.970612121,1.947124647,1.988153076,1.988822205,1.890625219,1.917705403,1.913571759,1.915557298,1.851776068,1.553542789,1.518656682,1.963775961,1.916465547,1.557871326,1.556904226,1.352001078,1.437216498,1.847160817,1.923947005,1.930598469,1.919053255,1.891212277,1.962964033,1.592282985,1.840066986,1.608888425,1.89595955,1.874313101,1.914693993,1.895145107,1.919227516,1.96853469,1.98497746,1.923623447,1.935356698,2,2,1.95549411,,
CD_120_V3,1.810340635,1.658374452,1.666992568,1.837997818,1.673179632,1.368270254,1.404403595,1.568382885,1.363576045,1.886806266,1.865249035,1.796265462,1.849107388,1.430104167,1.529562213,1.499739193,1.577268765,1.450871501,1.491331546,1.67398803,1.905459778,1.514311891,1.810519912,1.673427928,1.782605372,1.745358241,1.745924878,1.484792967,1.451421953,1.710266008,1.674408981,1.41515092,1.413893717,1.622407187,1.775525271,1.919484342,1.490885962,1.918236239,1.775867402,1.656410693,1.800266476,1.579036884,1.717289209,1.883792257,1.884715695,1.893089136,1.929272497,1.817844068,1.850870186,1.58973056,1.539592659,1.901204581,1.707685796,1.835020475,1.669840769,1.751993526,1.849498828,1.853977242,1.719897067,1.682663293,1.785336423,1.759668258,1.451712195,1.544224698,1.468905378,1.5562082,1.79981654,1.407464533,1.612425692,1.537002421,1.459640157,1.677741936,1.698745341,1.944370493,1.710851802,1.413025701,1.824457677,1.926641036,1.608225412,1.597300444,1.472679158,1.76458193,2,1.514302385,1.829724384,1.806907431,1.536678733,1.573303167,1.70399248,1.475952299,1.536839833,1.941322158,1.921584702,1.380072908,1.575367077,1.656089569,1.551013741,1.739551945,1.746776976,1.681053529,1.762691334,1.484801185,1.61874859,1.392924774,1.552173017,1.644165401,1.562094386,1.432483267,1.679428184,1.813625009,1.575276696,1.8056762,1.607259693,1.531107477,1.347515913,1.510248985,1.328939117,1.609516127,1.442510365,1.795063192,1.893123305,1.796617325,1.269992817,1.409188706,1.436706801,1.757475123,1.723389807,1.428856754,1.740247441,1.576914566,1.82182119,1.943092231,1.914655197,1.885385358,1.388616599,1.857165041,1.429448708,1.669509682,1.693461653,1.612051479,1.957900948,1.757722585,1.510863659,1.588484139,1.590356252,1.599127759,1.400452453,1.71736722,1.891519625,1.979859757,1.971406685,1.562143701,1.782262396,1.781306368,1.703826256,1.809396514,1.817966978,1.443595718,1.40140258,1.605687151,1.63665907,1.818882836,1.291874086,0,1.70913994,1.711075998,1.767093233,1.663649722,1.410461623,1.35654239,1.734782531,1.918087467,1.257703541,1.316953754,1.54244682,1.731681219,1.78387782,1.607032037,1.655343642,1.472842454,1.416481047,1.402832808,1.35320142,1.344885446,1.478852569,1.509487398,1.560274151,1.875023163,1.805666353,1.757407554,1.790693849,1.871794264,1.881478045,1.7168689,1.588154707,1.819913184,1.725831243,1.706999583,1.684616495,1.839098503,1.6274344,1.688773021,1.553639548,1.845970858,1.909243173,1.886406366,1.940322032,1.887863874,1.907205424,1.691686906,1.671506944,1.632821329,1.384538004,1.852295431,1.869322694,1.861537297,1.798586264,1.817401073,1.639209226,1.733990767,1.706915337,1.370476669,1.568387289,1.822841617,1.910222913,1.643097574,1.606396967,2,1.584783794,1.946888126,1.928287015,1.558961257,1.49122255,1.364062083,1.566014547,1.659030466,1.60361038,1.848228071,1.504550336,1.665808322,1.768795699,1.518241493,1.488854688,1.890902577,1.926115951,1.27034919,1.704841074,1.850912648,1.876088852,1.928206071,1.869418995,1.969431259,1.964802714,1.809718968,1.832803649,1.731121942,1.796731805,1.830382382,1.704748275,1.677316776,1.912692271,1.759204332,1.721589151,1.700355885,1.755314157,1.859128034,1.634659538,1.819392964,1.910462727,1.894107959,1.820672449,1.841201839,1.679266152,1.775989339,1.653382572,1.870134297,1.650629035,1.80708293,1.860578027,1.863604988,1.933323723,1.967927621,1.78319593,1.842647853,2,2,1.839234775,,
CD_121_V1,1.706261075,1.940465535,1.939686779,1.978621624,1.973351982,1.508031536,1.263524687,1.964198444,1.967118638,1.566402995,1.542301598,1.407112596,1.514560671,1.925783,1.933356309,1.933889225,1.948422408,1.935004927,1.938729119,1.940954243,1.329606257,1.906842954,1.964145207,1.956286591,1.940591641,1.960034613,1.966091482,1.855995956,1.691766559,1.959228683,1.961506204,1.375467936,1.625232446,1.948121013,1.965137937,1.994605335,1.952063238,1.965377335,1.967683589,1.874323939,1.857650535,1.908796862,1.955075809,1.309139562,1.309994706,1.759095813,1.863157166,1.183359476,1.177139224,1.963785858,1.964310274,1.776742664,1.185682323,1.157075243,1.968687365,1.970934418,1.350662513,1.393129049,1.124169686,1.973445063,1.281134299,1.05223911,1.978522851,1.978642553,1.955304071,1.950604208,1.341283997,1.53655086,1.937998453,1.706156714,1.555396551,1.175131852,1.211931131,1.359019136,1.98039312,1.980224322,1.539229578,1.704971788,1.960485254,1.957578261,1.945907467,1.971865662,1.447062235,1.25222324,1.128999789,1.075309818,1.952389386,1.968194317,1.027271926,1.93734314,1.953185373,1.502516783,1.356519622,1.694521837,1.790952713,1.967082987,1.955767815,1.067759463,1.04872932,1.525899387,1.544345385,1.934485411,1.939384864,1.926346063,1.93540777,1.100251174,1.135748722,1.977609502,1.969927109,1.967150827,1.953955784,1.971233705,1.071828993,1.96364229,1.962270908,1.953707971,1.961034217,1.98003283,1.970826335,1.393409877,1.562714788,1.96351355,1.565226289,1.942389772,1.950153806,1.334620684,1.956792219,1.925450886,1.955928358,1.153123388,1.497807573,1.682481657,1.650583679,1.35133765,1.515685283,1.884680333,1.946679931,1.955685191,1.419696317,1.53814051,1.56222014,1.064048765,1.953030713,1.938266076,1.953446846,1.95351073,1.945448428,1.305136175,1.342575303,1.726043918,1.635242158,1.938385049,1.957047759,1.962027983,1.960545587,1.984657437,1.97472936,1.93913516,1.954593629,1.946816711,1.941697191,1.459911958,1.562221765,1.70913994,0,1.039596511,1.896268033,1.905557023,1.559592953,1.416862727,1.16539215,1.310377784,1.506499202,1.596273779,1.951682828,1.576441939,1.427516366,1.964181998,1.967219397,1.501589947,1.417274784,1.952917727,1.96058153,1.46187282,1.162504892,1.953053839,1.913127493,1.398096423,1.271138823,1.386559028,1.357089812,1.383947472,1.401845301,1.965489904,1.957923524,1.938167068,1.947955734,1.051368707,1.193773062,1.977414321,1.961971884,1.941272832,1.892498009,1.373353766,1.360452051,1.342348471,1.687040336,1.491195106,1.393277009,1.233529535,1.300690005,1.941878465,1.948714525,1.471186294,1.422526117,1.405356398,1.419659231,1.293269916,1.081991812,1.081344826,1.017177583,1.291437683,1.935880103,1.373081978,1.329696914,1.24135863,1.475293239,1.447062235,1.918621784,1.401544442,1.395452591,1.948875613,1.935579342,1.869246173,1.715703315,1.946063066,1.952018888,1.954039644,1.945606595,1.036758823,1.058283252,1.944973824,1.904404874,1.516995707,1.422204092,1.605749569,1.046916732,1.325886508,1.328067752,1.402638053,1.437945403,1.589528239,1.742278215,1.483998024,1.483292924,1.455621254,1.496228785,1.271443127,1.022369642,1.045557487,1.352714875,1.473097104,1.082824088,1.022727014,1.483842353,1.596930361,1.528845029,1.373732872,1.407839642,1.393632531,1.639580988,1.675526792,1.077527192,1.401269665,1.152978629,1.331950877,1.560329553,1.44553348,1.358657256,1.413609387,1.546576535,1.399442989,1.390918478,1.494098553,1.447062235,1.581776803,1.957533729,,
CD_121_V3,1.617466224,1.895257547,1.896901907,1.955889165,1.945876545,1.549991919,1.336818811,1.94300869,1.930651022,1.427681091,1.40214531,1.254707479,1.374026268,1.864927656,1.884326754,1.872380825,1.896559105,1.923817995,1.935762405,1.901798077,1.190664363,1.885973503,1.979382363,1.938754838,1.91693257,1.937840315,1.929439305,1.839440259,1.709145936,1.906730642,1.914927819,1.454908181,1.652923621,1.926194677,1.951732167,1.992405215,1.95596217,1.939881383,1.942792973,1.813203344,1.843545649,1.943745297,1.91821935,1.162535044,1.163022288,1.684947645,1.821594524,1.10173147,1.092001602,1.937328323,1.939450246,1.709952874,1.199496802,1.10378461,1.941625238,1.946842654,1.204922209,1.231663025,1.285643679,1.947543026,1.160302761,1.161222732,1.958099689,1.954039275,1.919044084,1.904415468,1.200859079,1.538551726,1.900519306,1.709651014,1.588741985,1.299850014,1.338546764,1.214251599,1.959199701,1.949350779,1.398749992,1.626808892,1.953477656,1.964620833,1.932841963,1.96267706,1.386510765,1.33750555,1.07652024,1.063987809,1.888121342,1.931238055,1.098541073,1.890634792,1.91535627,1.360058932,1.203474849,1.717261972,1.826975134,1.955610007,1.937021292,1.164266022,1.148972325,1.399548431,1.402879898,1.941568808,1.925886986,1.92761738,1.867897876,1.07860948,1.250387589,1.952587675,1.956727659,1.958603236,1.939122625,1.956789121,1.11018352,1.948512377,1.97044007,1.942524934,1.947328938,1.966872096,1.975376113,1.230138903,1.435975596,1.935875219,1.57701948,1.925578373,1.93080272,1.197291233,1.936028999,1.945510037,1.929813892,1.258895558,1.362968883,1.589321231,1.542361848,1.219018584,1.532331839,1.882018024,1.944468497,1.935687632,1.271398118,1.41127146,1.447758708,1.18327665,1.927217092,1.908284125,1.941270278,1.935709242,1.911072349,1.193513971,1.19236769,1.656325155,1.544506522,1.919160783,1.928931019,1.930613191,1.939006288,1.96649139,1.953271852,1.960133143,1.948098509,1.936196457,1.913920668,1.315828236,1.605253021,1.711075998,1.039596511,0,1.818971251,1.828944564,1.568591795,1.429462503,1.17802899,1.185209748,1.524497262,1.580683623,1.926707279,1.434421912,1.249157904,1.920058666,1.931020161,1.535951721,1.463038704,1.917832325,1.939146977,1.501925159,1.272002047,1.927426678,1.848381842,1.260130083,1.158411291,1.235012532,1.225550441,1.224349456,1.234834981,1.943717747,1.928647985,1.890772133,1.900897539,1.079352021,1.117274226,1.966848445,1.941518501,1.89320327,1.820983894,1.215337984,1.204769929,1.187710136,1.604158455,1.313146069,1.223010648,1.157224676,1.233587858,1.90944191,1.912488115,1.297725081,1.260741347,1.238887097,1.252617277,1.167526999,1.062475598,1.051217772,1.073758662,1.362056915,1.934314184,1.224462482,1.186513634,1.160529955,1.366758555,1.386510765,1.877402803,1.264758615,1.250924951,1.935511188,1.914118225,1.87748805,1.738674197,1.907587787,1.895844218,1.92882679,1.921448178,1.080608069,1.169394672,1.955203145,1.955198812,1.376008643,1.279382701,1.622458418,1.057015044,1.197049254,1.17979656,1.250700155,1.280812087,1.469074263,1.651288665,1.315389781,1.30628288,1.31603221,1.341252882,1.148724549,1.080563953,1.106820112,1.211673912,1.339820772,1.218532796,1.038660105,1.353303855,1.524275292,1.380369829,1.217434376,1.271040351,1.254302072,1.504634597,1.558927597,1.045732384,1.251082116,1.08015402,1.198502197,1.445210601,1.294467251,1.192273193,1.239198527,1.424884478,1.265478269,1.259043947,1.362941095,1.386510765,1.488766331,1.966365238,,
CD_122_V1,1.896879936,1.764001428,1.669277561,1.898560712,1.832148268,1.858350292,1.856405409,1.728376205,1.569725565,1.886022977,1.894618173,1.879410553,1.887081033,1.725931341,1.600364941,1.636433474,1.552098605,1.736313207,1.751052295,1.781289734,1.916813532,1.680125979,1.880415879,1.871212616,1.890102821,1.715928191,1.629846808,1.828994601,1.816074847,1.847140195,1.842106797,1.881082545,1.77878277,1.79203191,1.855357046,1.847252966,1.668029348,1.926447309,1.875605504,1.601377549,1.76236701,1.833151705,1.779958484,1.903723728,1.895369413,1.943743842,1.937546333,1.911201179,1.945488253,1.797395409,1.831670119,1.930264671,1.967013134,1.975482605,1.725462369,1.741530171,1.933466071,1.879213933,1.913406348,1.66577689,1.875516062,1.959672505,1.548567995,1.637976309,1.636816821,1.596175196,1.921244794,1.719560262,1.59141979,1.718451081,1.789586326,1.920442851,1.926280586,1.875943047,1.589483104,1.456294107,1.91613648,1.960567723,1.74952889,1.701796802,1.785556118,1.855661664,2,1.884874415,1.962640797,1.973600289,1.641766146,1.814003178,1.918990388,1.476558832,1.420984256,1.883416359,1.871019166,1.842130881,1.93717099,1.879705036,1.821191394,1.963671972,1.966458255,1.874591916,1.88805239,1.747278937,1.745420762,1.786027703,1.514173,1.913836215,1.87662528,1.691763767,1.850418239,1.872331179,1.835270633,1.864110596,1.942587517,1.8166083,1.855382581,1.851596791,1.799640645,1.764776097,1.775297951,1.816107631,1.894317598,1.817047402,1.677510475,1.697159681,1.621602169,1.78026691,1.762274851,1.775402046,1.731355342,1.887767168,1.873978731,1.920738736,1.955317713,1.912563186,1.573372599,1.727190737,1.689241885,1.767242503,1.837422801,1.807318104,1.812947747,1.952013239,1.783085601,1.819495463,1.730189191,1.785997724,1.594456286,1.80417688,1.775526009,1.967830114,1.963248954,1.798658718,1.821944195,1.683497044,1.789018839,1.823033337,1.874579099,1.533622156,1.369424077,1.805883998,1.782182212,1.841643179,1.880665209,1.767093233,1.896268033,1.818971251,0,1.16806811,1.525342585,1.658371208,1.947468693,1.939015581,1.791431597,1.634319454,1.729555813,1.861130594,1.867872803,1.322556544,1.532466438,1.410562122,1.560386188,1.820131992,1.736065196,1.613793095,1.82149169,1.785836631,1.687814579,1.791619433,1.801314682,1.865159903,1.884078604,1.858117464,1.664267329,1.779570837,1.796555107,1.758751823,1.750562859,1.936005775,1.847475345,1.895950428,1.817378922,1.42504903,1.503017518,1.890937216,1.929621964,1.87368847,1.946633892,1.920848293,1.909840518,1.959610254,1.965437939,1.744093731,1.72608614,1.844663146,1.874201333,1.797902133,1.794998303,1.916387648,1.893216095,1.907225452,1.944691321,1.864953809,1.601786953,1.897342855,1.943879583,1.880483243,1.739187363,2,1.762956444,1.94578393,1.931140982,1.789954009,1.801114071,1.746389141,1.840796942,1.679305545,1.448049229,1.749933709,1.683746823,1.911573033,1.963638779,1.867143718,1.870552075,1.913526882,1.858895382,1.804945753,1.943839834,1.933739013,1.892263166,1.897617695,1.897174911,1.93231166,1.920500912,1.870066988,1.791559956,1.84418989,1.829130257,1.936403485,1.950001777,1.921432226,1.863157509,1.89656141,1.948403459,1.890562483,1.952330557,1.994432589,1.822838126,1.848735675,1.929824173,1.942811946,1.816944903,1.889961137,1.912633762,1.882478841,1.925293023,1.94741465,1.885693745,1.876088233,1.858360951,1.837544291,1.932708921,1.947371775,1.874781009,1.907356057,2,2,1.952742905,,
CD_122_V3,1.797436721,1.682983034,1.632066774,1.893870745,1.814488191,1.802490079,1.843102439,1.544539179,1.5080487,1.83099842,1.836592023,1.737104591,1.813488955,1.653265913,1.566124343,1.550339594,1.561992592,1.562078546,1.568122023,1.688116346,1.887830168,1.596029544,1.78468441,1.732342279,1.772931658,1.708746135,1.637202694,1.852102995,1.861271792,1.719206632,1.71850062,1.894220586,1.835009647,1.681465531,1.788675398,1.898227752,1.572620588,1.904330711,1.839215483,1.63930136,1.805029852,1.619253739,1.717935418,1.850296356,1.815840075,1.909144492,1.939415757,1.943871503,1.94902384,1.697232603,1.723143948,1.885119514,1.987465477,1.976090256,1.589561427,1.59623548,1.866536572,1.804193205,1.959707795,1.722656674,1.85944689,1.977019793,1.555499557,1.673482516,1.520975482,1.543332815,1.815580953,1.699825162,1.600044006,1.762383825,1.814922406,1.944502339,1.951322949,1.85503218,1.635746731,1.591443082,1.870610518,1.946371298,1.576986083,1.57868939,1.620840806,1.777431369,2,1.881676559,1.961266656,1.979221938,1.698862743,1.824541872,1.92301418,1.422038416,1.398589451,1.840242725,1.807736984,1.863055915,1.97412992,1.780540475,1.677549842,1.978171321,1.978826356,1.740927413,1.79524207,1.573061449,1.631101504,1.584868665,1.56201002,1.903335992,1.849853438,1.717484381,1.782628604,1.787262156,1.71762711,1.817638743,1.878974472,1.706060055,1.742867678,1.664808957,1.664029785,1.614536897,1.652352862,1.716146123,1.885693862,1.728587744,1.618364479,1.509070809,1.568175218,1.772942349,1.566569986,1.474807238,1.73403166,1.888570697,1.806880931,1.893079668,1.920216243,1.910202099,1.660317713,1.850766012,1.518469666,1.672730448,1.667175674,1.609190469,1.713921991,1.959058819,1.678044309,1.707377204,1.561599983,1.678456179,1.533201257,1.83147866,1.794256384,1.947917647,1.9332077,1.597725774,1.756331078,1.450759704,1.660578766,1.638123451,1.714314794,1.422101602,1.301434465,1.62949185,1.666012943,1.770920148,1.854019096,1.663649722,1.905557023,1.828944564,1.16806811,0,1.610841457,1.686446656,1.951329757,1.914548312,1.668415726,1.556672825,1.629807336,1.745149742,1.818700961,1.453454686,1.499207393,1.544295554,1.602696006,1.687361612,1.578830234,1.50426924,1.81843821,1.683870017,1.626068307,1.872189968,1.865259336,1.728465117,1.736115324,1.805385764,1.624809596,1.801351919,1.697077886,1.690012426,1.626783122,1.938883852,1.786600189,1.920387,1.745587229,1.481398235,1.451647451,1.800462453,1.893078851,1.808437321,1.922127969,1.885080523,1.882994149,1.949496138,1.962922978,1.671103275,1.672156879,1.79242157,1.838393764,1.69748887,1.697359281,1.854614392,1.903667584,1.827644669,1.941468067,1.836986538,1.612890765,1.808069112,1.910163066,1.893636555,1.783285947,2,1.615076051,1.902633636,1.879798226,1.646427546,1.643045016,1.694046738,1.744998402,1.481772526,1.456850793,1.610976675,1.494084151,1.89383271,1.9842537,1.692966859,1.730484428,1.908771901,1.843592775,1.757467806,1.911958852,1.843279516,1.827628007,1.885352204,1.863318388,1.901275054,1.883835145,1.808778733,1.76026299,1.691426302,1.72762922,1.875387765,1.957336809,1.934700401,1.889107689,1.792120637,1.963499555,1.910129481,1.895895786,1.992332021,1.641085658,1.752316356,1.879273371,1.902187118,1.748070793,1.864590423,1.873498403,1.832735674,1.886375755,1.952473296,1.699922224,1.789086612,1.861711562,1.804362052,1.900020014,1.94960646,1.754263236,1.839551098,2,1.999950559,1.874370201,,
CD_123_V3,1.886756991,1.644701846,1.605836125,1.851442426,1.716511337,1.390383456,1.27791203,1.641719841,1.543432749,1.855583835,1.877582498,1.852419337,1.824824359,1.655964106,1.626945636,1.682213527,1.704619585,1.56444578,1.64437384,1.71836388,1.893762744,1.62972909,1.850161104,1.712557351,1.802538925,1.799377688,1.785035247,1.658993157,1.5390087,1.709177838,1.645671898,1.462278467,1.579836757,1.691429134,1.769717002,1.924944738,1.760352515,1.828905843,1.715135406,1.563352448,1.751129213,1.846926973,1.728844304,1.893182993,1.905902485,1.92010838,1.936364526,1.795793047,1.816798707,1.602081691,1.638598505,1.850472891,1.710644751,1.825828583,1.626824736,1.671902903,1.947617998,1.887694662,1.561376969,1.627025815,1.691221541,1.613129474,1.604875594,1.625348808,1.553772631,1.579637318,1.912155024,1.37287061,1.649706411,1.537420333,1.497784986,1.481026575,1.535227455,1.918707749,1.725594086,1.629244756,1.862417996,1.95008906,1.665423949,1.729123835,1.640115359,1.800752803,2,1.370878634,1.791907265,1.734807849,1.577576108,1.664103842,1.529546042,1.486560596,1.537623249,1.825195342,1.848058609,1.598922643,1.847956814,1.793451379,1.700031788,1.603533688,1.612333227,1.870129463,1.833086648,1.60397543,1.619904836,1.62003007,1.606568925,1.49924877,1.400383441,1.624857554,1.74775295,1.767924178,1.74966432,1.828403017,1.59814063,1.658033757,1.700458543,1.646498351,1.555286251,1.65798595,1.656079751,1.803331765,1.793058103,1.678104601,1.326505253,1.609076021,1.572022927,1.815606258,1.695781714,1.729605125,1.700300171,1.385129327,1.844849422,1.872301163,1.911116338,1.927197735,1.390296026,1.865775818,1.618114794,1.689351808,1.81105668,1.788123392,1.934314458,1.617892706,1.645374687,1.679043988,1.703623687,1.716497848,1.525001134,1.620876018,1.798882514,1.914103783,1.898823226,1.63227825,1.690787923,1.710662723,1.748856231,1.748315811,1.691410363,1.599141437,1.468928061,1.711897645,1.644386816,1.821231682,1.532404512,1.410461623,1.559592953,1.568591795,1.525342585,1.610841457,0,1.111212868,1.661700267,1.94698449,1.362250348,1.379861642,1.684030581,1.793774176,1.834696091,1.55193841,1.604942157,1.309414611,1.307357065,1.642160887,1.579669879,1.315341709,1.395055079,1.646769769,1.718220728,1.815389763,1.724154292,1.842123794,1.896621602,1.868667653,1.869342063,1.762398671,1.675143748,1.75848901,1.705261523,1.540536355,1.592980884,1.906374856,1.749946862,1.588505432,1.556812168,1.825659718,1.87253215,1.81783516,1.916169489,1.878304683,1.910689458,1.74632497,1.78330457,1.589878212,1.550746793,1.787047735,1.827047774,1.819231929,1.764341267,1.796879813,1.4979148,1.665138461,1.571282718,1.350990966,1.703546473,1.884412833,1.926392925,1.675750613,1.718985115,2,1.686599281,1.945399711,1.915955282,1.638351215,1.674498311,1.619044126,1.58635251,1.641845465,1.430349786,1.846779938,1.578172784,1.488790759,1.622688847,1.817460734,1.775323557,1.751623586,1.785205499,1.437253988,1.631874888,1.918981312,1.89554541,1.940758493,1.908133434,1.897796223,1.89749859,1.838475755,1.861844327,1.815995157,1.772359523,1.822559797,1.55484988,1.493896333,1.894149215,1.814212632,1.569318349,1.534593788,1.895828668,1.987793533,1.718158827,1.855452645,1.863528497,1.880105286,1.726215815,1.710750666,1.570159185,1.777179556,1.593033143,1.845168368,1.782666037,1.819177801,1.862292812,1.794290023,1.88738855,1.927683981,1.846903808,1.851935064,2,2,1.948752662,,
CD_123_V1,1.891744241,1.666075496,1.657387944,1.89317603,1.821838383,1.347301894,1.199302415,1.684628659,1.63811278,1.852342849,1.882708344,1.85914339,1.820580794,1.641880032,1.603644258,1.686136969,1.698366606,1.651720997,1.661907499,1.680309727,1.896063531,1.589709917,1.844198404,1.726744737,1.81469599,1.778088316,1.799861534,1.645588422,1.475483142,1.748650271,1.676143166,1.382358753,1.515777943,1.718885345,1.777616421,1.961515826,1.796412876,1.787880931,1.696278003,1.532789969,1.70548516,1.817857905,1.701640752,1.881536582,1.889540184,1.934430922,1.942096073,1.72585092,1.74769669,1.579675394,1.642194357,1.804660312,1.608188075,1.758378238,1.633284081,1.679860204,1.926549105,1.897436875,1.440040875,1.780834021,1.595735439,1.485821355,1.636181861,1.642856416,1.550697455,1.570375233,1.904378924,1.256932056,1.635078913,1.462965252,1.385742108,1.320104623,1.399248915,1.901081157,1.821007274,1.694588018,1.862694987,1.958021901,1.784735637,1.793601091,1.699011485,1.81357274,2,1.23485587,1.718881861,1.638213978,1.645998415,1.594706842,1.390090389,1.576108471,1.686489803,1.785465121,1.830799087,1.53919101,1.807979242,1.821620283,1.752149284,1.473031979,1.484801756,1.90561286,1.867117236,1.640634446,1.597264131,1.665192539,1.626018073,1.372375172,1.257027418,1.655948866,1.797329998,1.763523606,1.74473829,1.790213791,1.471964879,1.664266772,1.716517551,1.667356964,1.600657889,1.680113788,1.736094956,1.803259753,1.904076206,1.650915036,1.242082121,1.657859722,1.63083381,1.714097077,1.720313404,1.746326112,1.669494078,1.236556707,1.799303663,1.83145231,1.935870062,1.954408356,1.285463123,1.839048638,1.696062559,1.695318187,1.814181042,1.774967544,1.9178398,1.492027241,1.643406874,1.63576225,1.745436729,1.739590242,1.630384206,1.54503093,1.755084213,1.883650208,1.871867121,1.668262414,1.652943546,1.672210955,1.69723948,1.785827971,1.736574656,1.782133509,1.708452779,1.687971497,1.609114997,1.814977213,1.446877532,1.35654239,1.416862727,1.429462503,1.658371208,1.686446656,1.111212868,0,1.546648005,1.928416684,1.299996091,1.310226247,1.672738475,1.768552286,1.78765242,1.668524648,1.637439424,1.322127563,1.266998827,1.659683092,1.585114607,1.250075677,1.260561357,1.644459556,1.711468516,1.796438022,1.6732672,1.837334004,1.892959913,1.852596325,1.850995761,1.748471759,1.673119497,1.719880402,1.714602862,1.407417527,1.498419108,1.902369293,1.74308364,1.673052547,1.604151295,1.866305275,1.890614143,1.804476815,1.904761828,1.852780261,1.889489618,1.675338397,1.722207764,1.547403421,1.53013701,1.73229491,1.785253701,1.788306311,1.719449464,1.780613014,1.359447626,1.561948755,1.439527751,1.238784588,1.735191861,1.908124299,1.935085992,1.643351974,1.699198259,2,1.689030206,1.933910249,1.911971165,1.60951056,1.638257206,1.600003999,1.539726151,1.645727652,1.585701945,1.827826097,1.601563302,1.349229585,1.495352881,1.822821636,1.789400384,1.83027345,1.816554411,1.366074424,1.519403452,1.907154286,1.891642289,1.921482793,1.888690794,1.864604274,1.863890001,1.797171957,1.802648992,1.784531303,1.71731762,1.78852935,1.419654559,1.343811288,1.876635224,1.785922273,1.431383221,1.392393327,1.911820952,1.995054837,1.714665053,1.84989233,1.828819263,1.863718756,1.73070412,1.823563777,1.442018853,1.697803488,1.475360041,1.834244689,1.768725618,1.799734117,1.853793782,1.754235652,1.835428481,1.913158842,1.825913933,1.832776287,2,2,1.94921267,,
CD_125_V3,1.719547132,1.979738911,1.980024333,1.976632615,1.968488854,1.594005866,1.397684176,1.982008916,1.969480246,1.587904677,1.567403552,1.438704197,1.542540371,1.961353745,1.960438003,1.924900418,1.950107607,1.933414522,1.93339057,1.946371137,1.375944681,1.927418627,1.944094432,1.969721977,1.974047419,1.518605682,1.451424008,1.869945202,1.755017109,1.967202127,1.970876077,1.41505817,1.646298285,1.942702827,1.963564336,1.987624017,1.939760515,1.983579562,1.974569951,1.913891435,1.899026817,1.890122708,1.97024335,1.357613579,1.360638499,1.771393234,1.858649195,1.266303551,1.264718396,1.967493404,1.964513424,1.814365543,1.224428881,1.224634391,1.963047429,1.966949913,1.389977879,1.424542562,1.314701979,1.97014591,1.348048699,1.22552864,1.971916109,1.96767774,1.949349423,1.950276747,1.383048551,1.634142227,1.947902531,1.758823757,1.609663192,1.341778245,1.379503527,1.406323106,1.979699359,1.988253472,1.569250984,1.719590193,1.954473672,1.948212346,1.954559812,1.974872475,1.517344084,1.403580902,1.226065154,1.19316485,1.966706705,1.970753109,1.185992704,1.943215304,1.95821931,1.543375153,1.399114915,1.676338034,1.756901999,1.965128986,1.949419863,1.234730351,1.218171575,1.541157431,1.561168161,1.917307561,1.936276251,1.920618405,1.960057872,1.217834908,1.30231822,1.972230166,1.971718265,1.963198527,1.956280617,1.974072914,1.160245701,1.967642646,1.961161034,1.954358028,1.95961852,1.984917098,1.963653653,1.426340133,1.581980153,1.966719295,1.658518512,1.932521767,1.946237364,1.3970139,1.949614062,1.906937585,1.958323911,1.316495216,1.172892751,1.169940857,1.677463923,1.403694171,1.582246109,1.919606521,1.941632924,1.953441202,1.445145098,1.545399276,1.598497576,1.24050371,1.96890464,1.943092318,1.952481201,1.962221399,1.952267812,1.366082509,1.387428036,1.771410863,1.680448782,1.94200209,1.977228866,1.971922824,1.965763733,1.990100415,1.973225936,1.919857283,1.947652108,1.954074226,1.950001487,1.495178164,1.523851591,1.734782531,1.16539215,1.17802899,1.947468693,1.951329757,1.661700267,1.546648005,0,1.17228604,1.608251276,1.688538259,1.959138632,1.600583248,1.46339138,1.976507034,1.974752958,1.605576097,1.532952165,1.95199965,1.962089945,1.570810489,1.326091681,1.969020275,1.947382411,1.435089342,1.315253736,1.419681992,1.39461903,1.41807298,1.443117826,1.965604041,1.960803075,1.970534043,1.966075355,1.190903442,1.280288119,1.974540933,1.965897101,1.963604612,1.950044298,1.412529697,1.400593437,1.383830054,1.709328533,1.51512215,1.426019378,1.266577689,1.299087008,1.962626126,1.96147067,1.498585579,1.456041485,1.447210138,1.455837951,1.360479909,1.200720639,1.192183607,1.16941027,1.392302032,1.932135239,1.40828812,1.377067916,1.302507505,1.509235886,1.517344084,1.936551633,1.214145472,1.165013624,1.934688572,1.931777006,1.895864645,1.774130544,1.953414727,1.957901383,1.965203297,1.94791277,1.182163362,1.232608521,1.842377531,1.877522488,1.540207688,1.454659796,1.647449841,1.166610596,1.369727466,1.371735093,1.448223824,1.477214072,1.629935913,1.766478331,1.520292177,1.520897625,1.479985792,1.52426119,1.334357128,1.175972076,1.196666045,1.401196694,1.504672068,1.266338838,1.16104374,1.388304088,1.464786682,1.551312369,1.40972749,1.453553935,1.443179555,1.661132503,1.680160864,1.124528826,1.28047524,1.24481129,1.385410424,1.592730998,1.475391628,1.396941832,1.445353051,1.593526319,1.45712985,1.426819349,1.538040715,1.517344084,1.622766887,1.94521391,,
CD_125_V1,1.549032755,1.968231631,1.968353186,1.947291636,1.949470841,1.939905625,1.923107536,1.951695525,1.948303845,1.3612675,1.332404763,1.171172875,1.304066566,1.940034717,1.942483042,1.908176048,1.921046539,1.897856704,1.912973681,1.916964575,1.085006266,1.963974325,1.945669276,1.953479625,1.965883617,1.686967559,1.634839735,1.960859398,1.962596885,1.95076857,1.947449892,1.932557679,1.956363929,1.920471932,1.934961583,1.978628929,1.897329285,1.963068047,1.947591503,1.957301502,1.970306097,1.874510971,1.957590012,1.064002139,1.067154305,1.609415927,1.752329627,1.098905574,1.071926648,1.962180314,1.95850884,1.680067516,1.356617344,1.093680531,1.936457074,1.946814309,1.101399767,1.14305837,1.934737247,1.97261595,1.183265787,1.52468757,1.94922909,1.945848298,1.94150308,1.943859261,1.093331325,1.918688086,1.932041357,1.936717232,1.94517613,1.938814224,1.941644556,1.116046447,1.960154135,1.966738103,1.32524018,1.538159016,1.911757328,1.926242452,1.925896762,1.954814799,1.235506591,1.929756718,1.082465223,1.131179178,1.945433308,1.960782247,1.43871943,1.929909513,1.942549086,1.288898997,1.118261697,1.956203808,1.979031572,1.95018805,1.932105426,1.528515045,1.49508423,1.300162098,1.320712614,1.904136244,1.931849629,1.902428723,1.931111226,1.282750477,1.912381024,1.982704749,1.961963622,1.948125339,1.948821511,1.963846675,1.324727585,1.953657091,1.955115878,1.926332283,1.925939591,1.97535496,1.948048072,1.152992844,1.358303008,1.965180347,1.935810506,1.920389958,1.926654873,1.196103805,1.933214997,1.877107984,1.972560428,1.922673187,1.121324358,1.241413929,1.459577259,1.105020031,1.895894399,1.974743798,1.917302797,1.916352523,1.185686332,1.32081193,1.365549795,1.569296866,1.964120827,1.934506073,1.937255791,1.948764448,1.939124675,1.235034109,1.135194053,1.603459832,1.472330801,1.90894614,1.951259728,1.949391438,1.948266326,1.975785306,1.953115265,1.886230891,1.915049489,1.933373593,1.93746718,1.239479909,1.939013399,1.918087467,1.310377784,1.185209748,1.939015581,1.914548312,1.94698449,1.928416684,1.17228604,0,1.90798189,1.907356166,1.930145736,1.373180903,1.201710705,1.953023224,1.95944323,1.928083159,1.918344102,1.939727275,1.952653429,1.87691876,1.894458059,1.964429783,1.928573334,1.208781461,1.154935848,1.152701463,1.115352721,1.136935924,1.162708947,1.961537571,1.963538872,1.961588894,1.961200386,1.338853896,1.207572481,1.966469312,1.939937441,1.941143591,1.932872657,1.124995789,1.111640085,1.111243818,1.526350884,1.271064581,1.150537977,1.189224934,1.265299044,1.962501387,1.958689417,1.251099898,1.192160977,1.175487578,1.189648337,1.118542414,1.269301586,1.136911011,1.342211687,1.917144006,1.942532571,1.123826424,1.081067972,1.20931242,1.41757797,1.235506591,1.924439303,1.074377712,1.048764489,1.920954471,1.900346667,1.955630918,1.939454555,1.933467643,1.944949277,1.938358743,1.924162264,1.401721003,1.531642966,1.909564047,1.945174241,1.306879078,1.193500862,1.922510982,1.205532085,1.081138107,1.079659555,1.16774409,1.210161127,1.39611893,1.594897945,1.271425547,1.267781544,1.230892277,1.285102019,1.115010641,1.374321044,1.471122792,1.110357212,1.246744359,1.763114467,1.281113472,1.264105727,1.407718552,1.318856111,1.12946313,1.186365461,1.180034877,1.468885131,1.512693489,1.153747983,1.168707251,1.176928068,1.138712185,1.381271378,1.223304503,1.112200262,1.17576914,1.350514567,1.177230105,1.160438301,1.288990308,1.235506591,1.387442428,1.925427529,,
CD_127_V1,1.8045751,1.663388646,1.691480901,1.786195028,1.614217194,1.317828618,1.257218045,1.667035915,1.391409449,1.838101617,1.831573272,1.740651588,1.838870398,1.545462102,1.618383353,1.537864092,1.675827786,1.471086419,1.537991106,1.725621785,1.911125261,1.548280664,1.739496564,1.655769253,1.743477587,1.768349723,1.759945119,1.672041257,1.504003131,1.551908257,1.527765847,1.440737063,1.549299651,1.630298195,1.776253889,1.943119211,1.575967601,1.881971927,1.756330969,1.789703139,1.795999191,1.521880437,1.669134162,1.901210842,1.905554517,1.878025703,1.906491753,1.762316655,1.788018851,1.667747534,1.572772841,1.905365218,1.667689723,1.790255035,1.740240969,1.797567844,1.881784992,1.869266037,1.506430211,1.707519536,1.749126103,1.562680142,1.511405772,1.577997476,1.503056394,1.51418286,1.800925317,1.41029988,1.6745339,1.532938589,1.453931914,1.426045492,1.488118136,1.963478634,1.757288415,1.518333927,1.813161488,1.913801493,1.648330235,1.636608028,1.473620089,1.742426729,2,1.353295817,1.725563146,1.67039547,1.34308879,1.52910861,1.488873804,1.453813365,1.521613395,1.923972763,1.899588026,1.576761666,1.836971571,1.623474116,1.511705325,1.54337691,1.547346309,1.678052612,1.77105546,1.473585996,1.618308835,1.361762327,1.627242817,1.476812203,1.343743303,1.412176101,1.706380482,1.816065023,1.587797392,1.806476928,1.478873849,1.585675275,1.411528574,1.524197163,1.396713319,1.635105157,1.457081182,1.781584477,1.980299222,1.727930998,1.224250821,1.428686059,1.554061706,1.748631539,1.732169869,1.400605733,1.738361898,1.350959321,1.853933562,1.961527513,1.903586408,1.901660336,1.256810334,1.785307639,1.418338608,1.640153282,1.643753155,1.55622196,1.978290034,1.562412136,1.572877776,1.626868461,1.580928861,1.584277084,1.378154583,1.704573928,1.892975948,1.976431463,1.96607449,1.571433396,1.774291215,1.768360581,1.706593102,1.837234344,1.820809687,1.428454934,1.418667541,1.633782965,1.695741695,1.807608713,1.475467604,1.257703541,1.506499202,1.524497262,1.791431597,1.668415726,1.362250348,1.299996091,1.608251276,1.90798189,0,1.086178941,1.629407931,1.656358004,1.719784262,1.616562077,1.662957275,1.366913396,1.265427319,1.33836664,1.379838193,1.287021719,1.331865104,1.571881663,1.505883142,1.89220173,1.793210044,1.725204581,1.772901553,1.888167348,1.878501166,1.701198545,1.633851224,1.742765655,1.619159613,1.500978881,1.547682234,1.852362427,1.701036447,1.709912405,1.569840139,1.848605979,1.91621252,1.88252347,1.950116207,1.724226242,1.816245385,1.726137808,1.760909842,1.590500102,1.388645805,1.926060368,1.919860232,1.866874357,1.832981816,1.753238033,1.452361386,1.590743233,1.512007239,1.305879711,1.657122441,1.812054513,1.892510488,1.702781298,1.708073467,2,1.511466858,1.935465044,1.923152323,1.583557706,1.580540669,1.421378015,1.533631792,1.686694817,1.633360361,1.864840819,1.566645986,1.467183231,1.574392837,1.614667793,1.608896223,1.969351631,1.978093973,1.331173583,1.545441553,1.827899722,1.886555136,1.953683302,1.915440155,1.962093041,1.962757307,1.778497987,1.846207438,1.716999367,1.814101649,1.747672158,1.509947253,1.452511253,1.914805987,1.742502467,1.50203696,1.490749291,1.919876403,1.995002218,1.669248812,1.840015861,1.828236127,1.777699723,1.866947997,1.926368857,1.496678717,1.750862594,1.479733335,1.853400046,1.573511784,1.785451651,1.869697574,1.889204835,1.957561832,1.982071402,1.761079663,1.835243832,2,1.999224257,1.823121905,,
CD_127_V3,1.793510235,1.652876874,1.690309417,1.78957771,1.676298745,1.351042509,1.330101398,1.697567696,1.475876086,1.820043017,1.815579957,1.745553606,1.819581301,1.499686393,1.518512852,1.44585408,1.580636995,1.435427177,1.488442697,1.664009438,1.896256854,1.56685395,1.702084041,1.698483373,1.788179257,1.710981838,1.682171407,1.64366679,1.518711811,1.563392269,1.533960637,1.51441225,1.558487868,1.564698523,1.731086125,1.945509115,1.505494811,1.871047962,1.736595821,1.707027927,1.762498984,1.515070981,1.613101226,1.896017617,1.895375811,1.855330959,1.887617284,1.79909938,1.824122796,1.705548138,1.640136871,1.882441345,1.743001206,1.837579349,1.655503344,1.743894639,1.879224266,1.849451817,1.623093397,1.710650778,1.755614212,1.667643209,1.664984944,1.680529018,1.468609305,1.427747704,1.793717219,1.414315038,1.58581334,1.492824143,1.471075256,1.506766344,1.584998382,1.931496166,1.683310692,1.658510871,1.798938848,1.912805699,1.672890675,1.602851442,1.505929845,1.760966765,2,1.441702454,1.784448539,1.749719126,1.369607523,1.484705722,1.592574868,1.490925865,1.589994117,1.889764155,1.891264395,1.587356273,1.863421303,1.69063987,1.577689581,1.649613951,1.654505362,1.656860673,1.732120326,1.442014624,1.585255958,1.436382374,1.563608646,1.541429933,1.444544,1.61569043,1.673293568,1.761854041,1.613797947,1.746118685,1.572717495,1.593121292,1.540413428,1.481688463,1.385749106,1.683266955,1.572999763,1.763076625,1.961190369,1.655645797,1.267821869,1.418210197,1.476221096,1.710763141,1.696350164,1.451888466,1.737618435,1.448467235,1.835323551,1.941490133,1.892006657,1.876702473,1.251518602,1.796877947,1.457923154,1.584206244,1.642835958,1.516075699,1.957499713,1.666543426,1.638687848,1.645114022,1.568003448,1.622938853,1.428238028,1.706923247,1.875416473,1.96869169,1.96080654,1.556965831,1.762296416,1.767167283,1.744868571,1.824497753,1.816878896,1.466844456,1.508076867,1.601897866,1.622509265,1.802580528,1.534275392,1.316953754,1.596273779,1.580683623,1.634319454,1.556672825,1.379861642,1.310226247,1.688538259,1.907356166,1.086178941,0,1.544431719,1.643378979,1.729390873,1.597922945,1.619934509,1.35094886,1.277908614,1.544022324,1.565181422,1.310599803,1.430133816,1.638834936,1.481729654,1.905817435,1.821808906,1.73484435,1.777322268,1.845537554,1.785611752,1.738812317,1.689987932,1.666413954,1.58262845,1.598922781,1.59146316,1.870405748,1.628478538,1.589120255,1.428795415,1.846155685,1.899082262,1.868080738,1.941677578,1.741119613,1.808853483,1.764510123,1.801764681,1.532492192,1.467913695,1.917024225,1.905926447,1.847944729,1.803087344,1.771544594,1.526950009,1.658118374,1.615010449,1.374242018,1.635169091,1.797015239,1.879007552,1.725871397,1.661958476,2,1.515883743,1.931968387,1.917405447,1.460515445,1.487502795,1.556666464,1.53021089,1.633845889,1.541218569,1.844876576,1.49063537,1.57091891,1.677245802,1.572844098,1.647857506,1.945877925,1.958432698,1.383680782,1.632444562,1.835825019,1.876178824,1.933530074,1.900577741,1.940861299,1.941396546,1.762001419,1.789143787,1.698531269,1.777581319,1.784479247,1.618100958,1.545030783,1.896407666,1.71270221,1.61532138,1.584678113,1.917151251,1.995806746,1.636692129,1.821376766,1.787310837,1.783037597,1.843511774,1.91151863,1.570837041,1.733303684,1.536843094,1.8564232,1.593650212,1.781860022,1.843009881,1.832673303,1.928184273,1.971877201,1.757372068,1.822847517,2,1.999909861,1.815445354,,
CD_130_V1,1.769420685,1.642730083,1.582212358,1.758428896,1.765858059,1.697724928,1.783746937,1.560181752,1.51316517,1.754157589,1.77924782,1.714820293,1.705573103,1.428438619,1.650165805,1.434898695,1.510036264,1.286567356,1.387478808,1.513688208,1.823461981,1.578315079,1.73806445,1.55938826,1.740877722,1.711724701,1.72946753,1.834148063,1.839979602,1.451612459,1.357210072,1.881497547,1.932034503,1.40530306,1.49539245,1.923118825,1.381691249,1.479585357,1.363653036,1.670952911,1.800517741,1.615165791,1.579786518,1.76202546,1.754157561,1.741892394,1.779403379,1.960405823,1.94952474,1.464564022,1.522396297,1.537201821,1.970427739,1.960233655,1.3435255,1.517292236,1.795376222,1.750903614,1.980711724,1.818098393,1.641803709,1.969460503,1.687714806,1.691441853,1.447956075,1.533209899,1.657630816,1.676238042,1.640038568,1.765293121,1.787327352,1.878329486,1.921095435,1.851312578,1.776147118,1.806718419,1.681569583,1.836547345,1.640940114,1.587957748,1.285545577,1.554846026,2,1.763150894,1.963881953,1.979688586,1.417206544,1.542602201,1.835218584,1.402475641,1.513386688,1.509100332,1.651693492,1.788366476,1.941852569,1.662484994,1.6078659,1.967401117,1.97418811,1.607644296,1.688810222,1.364116993,1.340060983,1.394950207,1.393811724,1.751554304,1.823616276,1.765371906,1.610796856,1.597856828,1.603287295,1.619543283,1.876863356,1.532389078,1.675906068,1.425841455,1.361834539,1.536861128,1.642967278,1.50559903,1.931898716,1.389453103,1.530401698,1.38822161,1.237146893,1.767520173,1.378363035,1.49079178,1.723122249,1.833454856,1.696958037,1.764140633,1.779264554,1.707237413,1.642744973,1.898280048,1.509774719,1.204657402,1.571475436,1.45710082,1.808671832,1.941418276,1.335252689,1.22744055,1.54118428,1.612112241,1.503865394,1.649701643,1.729496428,1.681547765,1.656737127,1.335685585,1.427253262,1.523427793,1.611645124,1.576494593,1.568451067,1.518458788,1.567182981,1.464104861,1.369101141,1.581084695,1.712373729,1.54244682,1.951682828,1.926707279,1.729555813,1.629807336,1.684030581,1.672738475,1.959138632,1.930145736,1.629407931,1.544431719,0,1.446294972,1.658201849,1.694234027,1.558722197,1.589179095,1.592797866,1.581867404,1.506767447,1.485828599,1.766201492,1.335927792,1.557865407,1.914107822,1.874646718,1.655956375,1.690530466,1.723542212,1.761254324,1.588563307,1.564661961,1.587834784,1.582284375,1.809207018,1.645556214,1.818856287,1.506828085,1.523385054,1.472087622,1.748496499,1.835610071,1.770775882,1.864355392,1.761689569,1.756900572,1.908603313,1.939951608,1.459701809,1.480495262,1.478119828,1.482067208,1.644881449,1.600342803,1.7987893,1.793668632,1.855928623,1.920442248,1.803361031,1.732517389,1.679797948,1.762776158,1.928972788,1.816342589,2,1.518375985,1.904150062,1.888770943,1.314382843,1.254106041,1.731601257,1.705836257,1.468026547,1.419433114,1.726710869,1.345419778,1.886771939,1.950524062,1.639516563,1.697721176,1.766629507,1.789497096,1.72078259,1.923807276,1.785283622,1.773231973,1.857021376,1.806994139,1.64840893,1.636343782,1.695666283,1.701508262,1.580100435,1.558753148,1.863226174,1.936898808,1.84867813,1.763003531,1.519382406,1.961121629,1.940796494,1.914863858,1.992505213,1.485107019,1.684554677,1.734443365,1.810074434,1.509292935,1.783007384,1.810006429,1.691730675,1.788489853,1.855813157,1.519514203,1.537995282,1.785585929,1.713607524,1.614063249,1.777491121,1.605389783,1.541075167,2,2,1.80971993,,
CD_131_V1,1.53229145,1.510388619,1.447302362,1.632355268,1.528260436,1.800538015,1.866744325,1.689117896,1.663858074,1.250128366,1.336996377,1.224680653,1.301361085,1.610601537,1.773813281,1.539195025,1.587684199,1.437091666,1.520334025,1.477023731,1.328818175,1.790497823,1.740193406,1.572069769,1.715481906,1.787591897,1.848356475,1.894900951,1.922374235,1.433274327,1.363884726,1.90707211,1.931622822,1.501097404,1.538779291,1.887900737,1.496136584,1.341053665,1.275310183,1.761706931,1.865777931,1.587057617,1.575720921,1.261680286,1.275938796,1.565170364,1.658246807,1.382449843,1.365680383,1.422818452,1.42415959,1.349015034,1.622128218,1.4242868,1.490370577,1.562761064,1.306959699,1.260785544,1.964668386,1.853931134,1.196106913,1.747342494,1.674551977,1.556849659,1.54833791,1.506814389,1.194954782,1.767324006,1.630923586,1.873909715,1.866851212,1.882925854,1.94104307,1.282433712,1.829077953,1.880425892,1.412550095,1.686128884,1.689232218,1.688055506,1.400307113,1.455593286,1.625056831,1.753538005,1.400231567,1.463946728,1.604461753,1.596470348,1.587914797,1.415304474,1.529676783,1.135175037,1.228324582,1.875730369,1.977527451,1.69935998,1.661058273,1.749575984,1.731002473,1.315896716,1.276985292,1.388758363,1.332677971,1.328515891,1.5052707,1.356870667,1.848244884,1.835636192,1.714367746,1.455920711,1.582886055,1.577414238,1.500337413,1.75300661,1.772061086,1.565077358,1.59699621,1.546115405,1.659555619,1.153453563,1.574097513,1.436681871,1.74090571,1.469335487,1.391568639,1.254765614,1.407090029,1.467592053,1.811186859,1.823703048,1.308926156,1.495084932,1.499240002,1.373047613,1.750368256,1.929938907,1.552545167,1.379246018,1.173096104,1.243735822,1.566971332,1.772750822,1.663615373,1.499020833,1.659596837,1.675592688,1.585638625,1.227954426,1.277337631,1.441419024,1.368297881,1.500671749,1.489361914,1.360000144,1.428444006,1.594029092,1.442905736,1.575140602,1.717924258,1.521813617,1.461951872,1.180835707,1.896239556,1.731681219,1.576441939,1.434421912,1.861130594,1.745149742,1.793774176,1.768552286,1.600583248,1.373180903,1.656358004,1.643378979,1.446294972,0,1.091966813,1.763721137,1.687382589,1.7920104,1.69625804,1.441181698,1.562105992,1.518413507,1.79914449,1.664845843,1.559400106,1.410842854,1.367747049,1.186544285,1.239697473,1.208911215,1.273975535,1.720272221,1.699319986,1.59926623,1.612640874,1.478922157,1.253607875,1.877946715,1.706838413,1.685713005,1.60354705,1.320214847,1.330728117,1.262823909,1.569383248,1.374357943,1.288009288,1.410652935,1.492713176,1.489452802,1.557483873,1.181068294,1.169408046,1.23855513,1.200302037,1.272702564,1.415676152,1.384640606,1.602037238,1.82876601,1.828114321,1.189868534,1.23160724,1.440607494,1.477815998,1.625056831,1.571814963,1.40796474,1.387176286,1.466790616,1.352813474,1.805768666,1.801529572,1.550251341,1.602943413,1.567399348,1.506206538,1.557219752,1.738900881,1.706608837,1.737569069,1.377353401,1.2537511,1.906544934,1.473928119,1.251492359,1.260010598,1.393323524,1.354982719,1.205707864,1.284761631,1.289771529,1.289799459,1.197614463,1.193061212,1.261810372,1.589323725,1.589111097,1.258721668,1.095634415,1.854367288,1.519271512,1.446149553,1.692078313,1.187646047,1.235202115,1.29629506,1.255051299,1.212469269,1.477502523,1.342288042,1.243180268,1.301997901,1.328230517,1.204195329,1.264166426,1.260294526,1.222898885,1.264123234,1.331065271,1.184457693,1.212694508,1.625056831,1.652078151,1.762087841,,
CD_131_V3,1.541943199,1.745570099,1.698177064,1.735740355,1.606327352,1.873617906,1.920409974,1.804470598,1.717198902,1.249018142,1.275828802,1.140975945,1.257956882,1.698910589,1.86292693,1.583898997,1.703055972,1.626647838,1.740599099,1.686247392,1.181127871,1.853669453,1.851771572,1.701673156,1.790467327,1.86825645,1.898421854,1.859711338,1.90846875,1.520874867,1.503979535,1.911613954,1.92370202,1.673972764,1.788818511,1.937210338,1.728726681,1.511321835,1.489847587,1.785753419,1.889091907,1.802465753,1.74772527,1.122801095,1.135040061,1.613740917,1.746840024,1.209766426,1.183084887,1.62429898,1.582779754,1.427147038,1.486486402,1.244477068,1.680170031,1.753315435,1.161295153,1.160862633,1.955154215,1.911542313,1.134467104,1.655341061,1.824195964,1.781716286,1.654628272,1.56946136,1.120861079,1.73927949,1.771342567,1.915507753,1.907194743,1.92045667,1.95850015,1.163761172,1.897178201,1.905238705,1.333372688,1.615622661,1.823935948,1.842451921,1.570215462,1.650887789,1.462683772,1.857887022,1.224302867,1.290311149,1.708576807,1.689654343,1.515403563,1.500166238,1.571279669,1.172791183,1.124991392,1.890055877,1.986762293,1.761722364,1.71519687,1.656198425,1.631070927,1.298513396,1.279051059,1.655002288,1.570881375,1.504842287,1.618033326,1.276953309,1.886000551,1.907734542,1.803008637,1.718014641,1.745794919,1.756622461,1.432149922,1.850973056,1.896386856,1.718661945,1.7352885,1.712044889,1.812289985,1.091607207,1.447152541,1.612698523,1.780492332,1.665347345,1.605678268,1.146068558,1.584143657,1.639568832,1.854827702,1.846744176,1.264401769,1.488255887,1.479317982,1.220011641,1.776746052,1.93094407,1.723996488,1.626666975,1.118309652,1.256851482,1.434825084,1.702279752,1.72065597,1.63352186,1.782339679,1.761281126,1.63907606,1.18635194,1.152715802,1.46342522,1.36750186,1.690734731,1.669579815,1.603206941,1.667274408,1.763494091,1.698350063,1.78118821,1.826822076,1.70272472,1.64271813,1.142806692,1.911089866,1.78387782,1.427516366,1.249157904,1.867872803,1.818700961,1.834696091,1.78765242,1.46339138,1.201710705,1.719784262,1.729390873,1.658201849,1.091966813,0,1.819542581,1.783511411,1.867476991,1.736254269,1.571811084,1.691086401,1.731570292,1.885061944,1.720775641,1.64796005,1.248920734,1.20488418,1.108752764,1.161993021,1.145254134,1.187619763,1.795385895,1.769236059,1.729156711,1.654430314,1.384000455,1.170051963,1.908363729,1.791212911,1.797303186,1.729677036,1.173451363,1.178142952,1.139712978,1.56316544,1.235650856,1.159977544,1.262808754,1.345304463,1.619659841,1.651760463,1.124877011,1.10499879,1.146776642,1.125946225,1.123241435,1.289949929,1.244355908,1.47919229,1.8286349,1.872146756,1.121366605,1.119522747,1.283874234,1.394914295,1.462683772,1.692139436,1.251816347,1.232787182,1.656252299,1.55579935,1.892237009,1.878544492,1.701031513,1.723431242,1.688740042,1.683626334,1.473122352,1.66137865,1.799547308,1.790970641,1.308927093,1.202436352,1.897756772,1.337274042,1.161190454,1.144704405,1.235999361,1.223652135,1.220813875,1.352175903,1.188815729,1.198813501,1.194655289,1.195512598,1.113130715,1.467153896,1.533997577,1.143461145,1.132199057,1.805528593,1.372174021,1.309051151,1.56424322,1.198940339,1.153040719,1.191615064,1.125130974,1.282468036,1.465046023,1.219449725,1.148428428,1.179822778,1.19717251,1.191797756,1.180967133,1.119656987,1.138831379,1.256770116,1.22311794,1.148499882,1.19454533,1.462683772,1.513187876,1.88242601,,
CD_132_V1,1.893833817,1.674330181,1.613606857,1.851369268,1.744306802,1.789372137,1.85117828,1.66313216,1.444038615,1.86490881,1.880870811,1.78683649,1.808726462,1.594971074,1.632443502,1.629159171,1.492199019,1.636672413,1.518132161,1.754128601,1.93629834,1.615849248,1.823410849,1.5397422,1.508912944,1.598209089,1.524711626,1.818807351,1.805416718,1.580036948,1.466823081,1.923749424,1.859003123,1.758031778,1.806067335,1.912625929,1.664334077,1.790844703,1.737181396,1.722395906,1.842260718,1.803670997,1.605632829,1.907165014,1.919226057,1.906875735,1.919558917,1.959314478,1.962940987,1.357500135,1.449863021,1.816901028,1.993773105,1.989732431,1.690752082,1.699532631,1.921424454,1.872393409,1.955351124,1.658785401,1.820710236,1.984912686,1.523913281,1.581651229,1.439442731,1.468893135,1.879384934,1.613244039,1.479642703,1.733803188,1.808380126,1.921145059,1.957995237,1.835629317,1.527487527,1.398194971,1.91309257,1.965192883,1.75323734,1.682269682,1.379325378,1.379245006,2,1.790454097,1.978343462,1.98993736,1.553748541,1.50451197,1.936873502,1.420699588,1.441891932,1.788281778,1.863054635,1.878321091,1.980662798,1.805848212,1.745423379,1.98839052,1.990629007,1.839955352,1.813789542,1.621510623,1.590440911,1.570191531,1.434942175,1.909046034,1.903017336,1.52818151,1.805976606,1.785590083,1.656866501,1.780278693,1.957606922,1.59173164,1.586269005,1.639860496,1.559284695,1.604935677,1.597418185,1.81860146,1.913412686,1.649299743,1.551240511,1.622224476,1.596412192,1.694948114,1.71497575,1.661944134,1.61282632,1.871103621,1.82660707,1.856478176,1.927342548,1.941408652,1.655867549,1.839958278,1.54078522,1.713427569,1.818037948,1.778211653,1.945021362,1.980404391,1.553974874,1.633259827,1.605056603,1.461750396,1.36020563,1.804677381,1.819574889,1.87705044,1.865616038,1.674976083,1.637360846,1.584452416,1.471048939,1.747886825,1.748021138,1.53739219,1.37898537,1.660693094,1.650383708,1.798459598,1.865391501,1.607032037,1.964181998,1.920058666,1.322556544,1.453454686,1.55193841,1.668524648,1.976507034,1.953023224,1.616562077,1.597922945,1.694234027,1.763721137,1.819542581,0,1.156716097,1.474024499,1.590965607,1.543337869,1.488957709,1.64881492,1.854440224,1.555169965,1.676640281,1.889543448,1.908027558,1.864030844,1.884960653,1.832151239,1.626454555,1.737740085,1.56822081,1.614535956,1.5505118,1.941749859,1.870844771,1.898113144,1.755410735,1.379519514,1.500843609,1.907804414,1.925362691,1.894884778,1.96108166,1.874508471,1.83088213,1.962124836,1.979664652,1.378691685,1.432834353,1.820082437,1.838704081,1.818713227,1.792563966,1.909388874,1.91611643,1.939933513,1.969896673,1.866240768,1.613422782,1.861266654,1.920005644,1.951731219,1.837851909,2,1.681970451,1.961608095,1.949940995,1.6068644,1.653489536,1.430390509,1.729021325,1.493267212,1.436035243,1.799535418,1.506622829,1.950308912,1.984562305,1.782598899,1.716982819,1.901478191,1.878144766,1.716110155,1.97505431,1.913059301,1.912885749,1.929106841,1.896171882,1.829758397,1.850347117,1.82523662,1.724625655,1.773803775,1.752755973,1.846484801,1.971148858,1.93260383,1.778395401,1.771300421,1.980080331,1.931201232,1.949678155,1.996344224,1.697287709,1.878594655,1.85399771,1.894548455,1.783516409,1.910655016,1.926133859,1.838596643,1.924441998,1.863748879,1.773388206,1.850295444,1.896000592,1.85404644,1.819982739,1.914344175,1.84215884,1.824195837,2,1.998256233,1.925815093,,
CD_132_V3,1.709315477,1.635152423,1.606198699,1.687908965,1.66275039,1.72211313,1.818945361,1.534254397,1.451665569,1.698001191,1.712979731,1.752608346,1.756727682,1.56425169,1.649603086,1.524871118,1.464926372,1.593295336,1.469389954,1.656443337,1.913677312,1.536125169,1.811735471,1.552260651,1.579934312,1.647850785,1.520134185,1.802656957,1.807752052,1.572205188,1.455649119,1.931925385,1.894884272,1.623789528,1.681979333,1.876970643,1.570568666,1.708552102,1.64848487,1.682179529,1.838571527,1.775816961,1.566298424,1.879465723,1.888741761,1.727489557,1.738096275,1.973549679,1.968772787,1.341383574,1.45839893,1.736397135,1.991738729,1.989153818,1.509674947,1.592879257,1.920154564,1.867697701,1.973737048,1.647063317,1.734038048,1.980929887,1.520055629,1.53726157,1.35294212,1.42704158,1.848234534,1.548200976,1.475526126,1.72934609,1.804313749,1.9129704,1.958124207,1.848564926,1.526470162,1.532664449,1.873426553,1.947767225,1.781225206,1.618405552,1.415837753,1.469801087,2,1.81393069,1.982963304,1.991470746,1.587878038,1.502971627,1.906784258,1.44100548,1.519320141,1.700020567,1.803283617,1.898351922,1.978642633,1.812954256,1.752952967,1.988687733,1.992403576,1.818651665,1.762899772,1.572407083,1.502081635,1.53483295,1.448520622,1.853338399,1.89404704,1.548994894,1.70226351,1.59239421,1.642845673,1.691314539,1.959610696,1.591547209,1.555077308,1.531132228,1.476232322,1.495202449,1.584823748,1.742437867,1.871533426,1.538292715,1.51823173,1.574271483,1.516069178,1.761653867,1.597568902,1.631818168,1.540933965,1.852655203,1.765934134,1.792120285,1.755803084,1.899153725,1.665745521,1.871622686,1.474519688,1.607318278,1.776785644,1.719409016,1.918716103,1.972602449,1.518389013,1.578168158,1.541155969,1.525108254,1.438622997,1.736897564,1.766747034,1.821378857,1.806402316,1.605406312,1.550586581,1.490087253,1.451798255,1.689985963,1.637120181,1.608889838,1.509543599,1.578359467,1.4994143,1.718636557,1.869969653,1.655343642,1.967219397,1.931020161,1.532466438,1.499207393,1.604942157,1.637439424,1.974752958,1.95944323,1.662957275,1.619934509,1.558722197,1.687382589,1.783511411,1.156716097,0,1.631069035,1.695217623,1.590181173,1.486199292,1.631107209,1.869603461,1.52112914,1.706474565,1.896247858,1.888924369,1.833007405,1.861828746,1.752870345,1.655793989,1.634446021,1.495363336,1.600227731,1.550576033,1.912377396,1.805938337,1.899008691,1.69785671,1.429258943,1.492547813,1.861956905,1.869315676,1.832995976,1.917491739,1.854675354,1.814573554,1.955218826,1.978799817,1.380708802,1.441477666,1.744830694,1.766455731,1.754301241,1.710072975,1.889828202,1.881512941,1.889311988,1.957763899,1.856591026,1.60457246,1.836013739,1.890514036,1.954957988,1.875271071,2,1.651829399,1.943245917,1.929332992,1.506084845,1.55009149,1.441704511,1.706536944,1.412592475,1.386763629,1.80181855,1.453314947,1.925410945,1.976971822,1.787823108,1.708055958,1.833025392,1.820085346,1.747487192,1.9803611,1.893634798,1.878053313,1.914608391,1.872410312,1.775117176,1.787784139,1.80092892,1.720568538,1.672826955,1.608571763,1.853408842,1.967431156,1.89790159,1.827714845,1.738140519,1.976966908,1.93387859,1.947790156,1.99571282,1.597040572,1.826925904,1.801600884,1.873537594,1.676866367,1.864492505,1.907433588,1.785488553,1.912363062,1.864498809,1.742060286,1.808341614,1.881803672,1.8007859,1.754624684,1.872052386,1.788430922,1.753348899,2,1.99358452,1.770744115,,
CD_133_V1,1.819158234,1.749410125,1.717113954,1.82777196,1.707366633,1.340147344,1.257018563,1.730038332,1.59204095,1.848455863,1.84959236,1.839881425,1.863229775,1.611285947,1.698555929,1.605430091,1.616161459,1.474326328,1.583015658,1.652574914,1.875880822,1.711880423,1.711210417,1.742444231,1.799344324,1.797587956,1.726613882,1.65132097,1.539230376,1.717348103,1.674356668,1.430785603,1.542588953,1.587587904,1.69892223,1.948629457,1.616265569,1.919214485,1.800197548,1.724187853,1.777873665,1.739513468,1.763212783,1.897238108,1.890850131,1.883831325,1.922436628,1.759734178,1.796814303,1.749702528,1.762890351,1.918245879,1.645968571,1.783060828,1.627039499,1.689761719,1.927678139,1.883179853,1.489582939,1.692780735,1.695486191,1.54710576,1.716125862,1.7551422,1.620617067,1.626759484,1.847043717,1.342098425,1.675369199,1.507280932,1.408504876,1.400933863,1.416685082,1.921418765,1.644894132,1.701134251,1.825449502,1.921055432,1.615163145,1.609455455,1.590863702,1.752880696,2,1.315707603,1.755402409,1.68278095,1.601876821,1.789937253,1.468355864,1.454649743,1.466070518,1.882424487,1.887147303,1.584708144,1.833322145,1.781964172,1.709054767,1.528777822,1.539707524,1.724657147,1.801990622,1.571909538,1.68701051,1.693286235,1.721073772,1.420107303,1.328570361,1.81116276,1.715684538,1.792463327,1.705970002,1.75998893,1.498043045,1.786977416,1.801600195,1.636127354,1.556576313,1.728503425,1.731277819,1.833807097,1.973516724,1.7194929,1.329269399,1.600433636,1.479284466,1.704798689,1.751205286,1.6755832,1.756658479,1.322148041,1.878594846,1.939959292,1.891441169,1.855780105,1.359269504,1.860169514,1.583284648,1.667956061,1.776314526,1.694404161,1.956439982,1.548205943,1.71826781,1.764755226,1.668340301,1.714205633,1.529645615,1.631159258,1.824043773,1.962974649,1.959951744,1.575282049,1.737162401,1.79061447,1.795707439,1.794680169,1.772658946,1.475042464,1.39154044,1.664961734,1.610820719,1.874669444,1.524566868,1.472842454,1.501589947,1.535951721,1.410562122,1.544295554,1.309414611,1.322127563,1.605576097,1.928083159,1.366913396,1.35094886,1.589179095,1.7920104,1.867476991,1.474024499,1.631069035,0,1.092478537,1.801048881,1.741712947,1.259818282,1.308890777,1.718548577,1.696198843,1.881404275,1.780510291,1.818817249,1.831541793,1.853552116,1.806837604,1.817820496,1.788454144,1.786704717,1.725716978,1.459311397,1.552986392,1.891576938,1.667037001,1.494556638,1.529203381,1.835869763,1.909518367,1.860261886,1.956864477,1.873988533,1.880921178,1.720749329,1.760096776,1.678321586,1.688757572,1.845953963,1.882716207,1.847788512,1.838025447,1.77916172,1.439344847,1.585752426,1.496824951,1.298206396,1.698253534,1.81988202,1.890652286,1.706663559,1.705049831,2,1.695755025,1.960737971,1.949200155,1.571838154,1.564155564,1.689890406,1.52352779,1.698051201,1.441862444,1.82821636,1.540397523,1.436304812,1.555355701,1.746842206,1.791981649,1.949127486,1.919446397,1.385927016,1.550924079,1.882784868,1.865205121,1.947781496,1.912392855,1.931787487,1.925577593,1.878231122,1.861807049,1.762668278,1.789968971,1.806698264,1.494771039,1.428373885,1.921749615,1.826542439,1.499505916,1.473156742,1.953858039,1.992560543,1.691529818,1.808756007,1.89076801,1.922745559,1.789105969,1.897629155,1.498161021,1.7702025,1.544586408,1.871477639,1.757753717,1.811978376,1.884995903,1.854147975,1.921684475,1.958667409,1.814535875,1.830204406,2,1.989516476,1.865934998,,
CD_133_V3,1.800075786,1.779771029,1.776815066,1.781385411,1.637662835,1.291947182,1.186792482,1.752890361,1.591300795,1.793080235,1.795043791,1.766406822,1.832039049,1.618591026,1.725264341,1.553023118,1.665397357,1.417891249,1.536634432,1.713470063,1.889141871,1.693819318,1.61442907,1.706782584,1.779748184,1.812638225,1.780037048,1.658032783,1.507724993,1.607436844,1.594391341,1.355205462,1.498615514,1.573168406,1.71378554,1.9459739,1.593325491,1.896838363,1.782210411,1.739113255,1.72577378,1.690290957,1.772657022,1.879190199,1.884637753,1.869903851,1.91534224,1.71848783,1.757864234,1.720951691,1.651788444,1.912029541,1.582623773,1.738140352,1.67173883,1.729851925,1.905638901,1.878693919,1.405838833,1.753283933,1.684121739,1.463273176,1.755638003,1.813706832,1.587405697,1.552825641,1.819846921,1.310229875,1.716961106,1.49906074,1.365552172,1.302624175,1.301637867,1.9349597,1.745140568,1.785724013,1.728998108,1.872166946,1.616025812,1.622898122,1.51451193,1.733574184,2,1.254627494,1.70217814,1.61869788,1.651371578,1.807705404,1.384317759,1.418720383,1.448450466,1.867276808,1.856891287,1.519991843,1.805368036,1.71797218,1.603900944,1.445652145,1.45189777,1.721522249,1.813152694,1.562169025,1.690453767,1.569409262,1.710946006,1.36197377,1.230963558,1.844411193,1.706034615,1.801825812,1.676602074,1.773819448,1.410450416,1.772977474,1.795612265,1.593831746,1.541528413,1.777012806,1.723555585,1.786147617,1.974608611,1.718875106,1.254177802,1.586418464,1.53208074,1.705793436,1.701640958,1.544936998,1.782565546,1.216925663,1.869839876,1.946678827,1.881327984,1.871637239,1.263749657,1.834145586,1.543465,1.692867556,1.688779326,1.663199883,1.96471551,1.468300263,1.682681652,1.754843295,1.637715912,1.667038074,1.485607877,1.60598685,1.823905356,1.967675328,1.955622569,1.56489314,1.743786859,1.765106472,1.809731918,1.826134998,1.784292009,1.48005099,1.454476322,1.648484987,1.644156232,1.816732985,1.449920843,1.416481047,1.417274784,1.463038704,1.560386188,1.602696006,1.307357065,1.266998827,1.532952165,1.918344102,1.265427319,1.277908614,1.592797866,1.69625804,1.736254269,1.590965607,1.695217623,1.092478537,0,1.661228726,1.688637323,1.219857255,1.235291937,1.682445971,1.610256853,1.8709709,1.742090272,1.718170524,1.80117998,1.869796726,1.835129685,1.824185792,1.791086554,1.770469927,1.637251538,1.353794222,1.461499082,1.904835061,1.704206926,1.605953124,1.582247049,1.822614663,1.911729112,1.867387006,1.962957962,1.870648479,1.878571785,1.6686139,1.711414583,1.675819279,1.665554045,1.839425692,1.873926294,1.827344801,1.781334746,1.706863364,1.350562812,1.518066611,1.413014264,1.206251672,1.684735149,1.811342303,1.872237879,1.659184516,1.677479794,2,1.623185208,1.953083274,1.942579169,1.605810534,1.569439115,1.661068759,1.482668902,1.674052809,1.542133491,1.850295163,1.570616953,1.353358626,1.476938569,1.693764006,1.737609619,1.955339584,1.935519718,1.343864505,1.465464329,1.867090816,1.876382636,1.951959033,1.898370947,1.930538498,1.933180112,1.824140139,1.866710832,1.745464431,1.795661636,1.69401166,1.396610943,1.345248992,1.912104681,1.778947823,1.408293512,1.390059363,1.920006321,1.991081138,1.667480795,1.823460743,1.862404916,1.78373298,1.794566743,1.904339557,1.405705923,1.723321175,1.454291201,1.861473056,1.581940687,1.756231764,1.854444259,1.870562633,1.936854598,1.961276684,1.792078878,1.815794074,2,1.999904347,1.836508465,,
CD_135_V1,1.815843862,1.370774482,1.413628076,1.614096276,1.354545795,1.832456421,1.857692051,1.597864577,1.320773175,1.616604874,1.720742803,1.693877764,1.72319088,1.570694841,1.649017841,1.562778747,1.588268788,1.455280202,1.558827612,1.542360389,1.886495034,1.677474813,1.804799789,1.526443229,1.64236778,1.807353961,1.852867153,1.861858191,1.754425753,1.476041201,1.450304287,1.908615328,1.930009441,1.5517623,1.576450443,1.807937364,1.623430609,1.591555344,1.5177433,1.774388034,1.852833437,1.693978974,1.601341464,1.820983254,1.841567056,1.785887455,1.778668003,1.977466423,1.962035638,1.371412408,1.309166446,1.699149739,1.977967561,1.967157855,1.541853455,1.582275562,1.888476435,1.854019154,1.943198827,1.796712199,1.758691342,1.960738347,1.221811078,1.265774682,1.484941126,1.502428726,1.725518972,1.808022642,1.680398925,1.836391883,1.827738559,1.925136628,1.944737656,1.946956789,1.858342197,1.303749092,1.820727065,1.910708227,1.667069437,1.742535254,1.349960751,1.520335996,2,1.813709788,1.964922416,1.976872145,1.459053676,1.54339971,1.891031565,1.257471064,1.330220335,1.538590848,1.72461638,1.844294391,1.969306878,1.522853034,1.447650343,1.969678778,1.960627112,1.744903937,1.723305907,1.420800815,1.438735252,1.232282688,1.470027216,1.85326413,1.848095804,1.333093892,1.712035972,1.582709019,1.505728547,1.681959453,1.89678423,1.563673553,1.379440446,1.57715544,1.426455857,1.429660499,1.309934799,1.666406369,1.940329441,1.580032175,1.487389789,1.417388992,1.540268301,1.853405168,1.561394269,1.376539506,1.76362953,1.846403506,1.768359166,1.790082046,1.787380378,1.900629797,1.679138318,1.925207479,1.33101923,1.516958242,1.624354238,1.630671121,1.954599427,1.962761459,1.425761318,1.515590282,1.553395828,1.506242535,1.345804748,1.730517129,1.826375877,1.776115256,1.753651966,1.501343496,1.505774065,1.400631302,1.392990338,1.620482239,1.501121011,1.45305455,1.375462138,1.58820831,1.601857724,1.614990282,1.785204331,1.402832808,1.952917727,1.917832325,1.820131992,1.687361612,1.642160887,1.659683092,1.95199965,1.939727275,1.33836664,1.544022324,1.581867404,1.441181698,1.571811084,1.543337869,1.590181173,1.801048881,1.661228726,0,1.115148924,1.552014757,1.807723967,1.42405732,1.571968759,1.934321471,1.912798461,1.633354905,1.763052994,1.786082548,1.76164648,1.673174495,1.5911917,1.659102061,1.606376787,1.867965709,1.751927385,1.78903242,1.752851836,1.741708541,1.663955087,1.81477288,1.892756666,1.81841178,1.922167828,1.81347832,1.829000067,1.929697958,1.948309904,1.46503717,1.242064621,1.700324251,1.695079779,1.726989201,1.706239668,1.777492482,1.865856488,1.915150856,1.956154879,1.81584338,1.851485482,1.780733501,1.811679456,1.944521155,1.891571562,2,1.527598378,1.930215022,1.925972033,1.623574803,1.561086989,1.343833817,1.77594054,1.57704803,1.628195248,1.845713905,1.553054884,1.909874206,1.966704272,1.773549378,1.590198866,1.834834374,1.787183639,1.584754607,1.922707062,1.798860628,1.828876983,1.949930239,1.86524891,1.760820646,1.777138695,1.744422388,1.783950231,1.638365652,1.612254037,1.782848583,1.919666553,1.892125733,1.840811564,1.545686132,1.934127541,1.934015976,1.896441857,1.984684217,1.584326893,1.773272781,1.771696692,1.618339369,1.672104936,1.852848372,1.818476018,1.747470591,1.793772921,1.880224143,1.487916518,1.699293316,1.82245778,1.757980821,1.724345553,1.842882431,1.686659938,1.654450736,2,2,1.841780853,,
CD_135_V3,1.785383945,1.433557764,1.497268748,1.754275401,1.494042305,1.768213294,1.809390311,1.561887619,1.267299509,1.725008765,1.753974851,1.738451219,1.74499603,1.575627122,1.630456609,1.581808477,1.609305798,1.453478593,1.528738748,1.589997946,1.874778511,1.434116727,1.787580213,1.519847981,1.651421395,1.742095541,1.766849151,1.854828573,1.760141796,1.528987533,1.451674881,1.924587184,1.931965064,1.603448178,1.660540086,1.836293635,1.597685329,1.610704384,1.525200309,1.701107731,1.818528127,1.652059394,1.47725766,1.832905307,1.86361069,1.847672904,1.848466424,1.979880871,1.967029374,1.300266973,1.298434235,1.660713963,1.969865337,1.964091069,1.425873521,1.512123974,1.793825463,1.80036755,1.959902992,1.726958119,1.744407994,1.966169454,1.231945255,1.289673453,1.380081988,1.474275722,1.787866272,1.73111613,1.590372902,1.79627286,1.790763053,1.910978877,1.937651914,1.921189772,1.778423481,1.291562043,1.843963767,1.929597381,1.638362554,1.659269683,1.353208455,1.581611646,2,1.809408569,1.978924523,1.986960847,1.391869192,1.374177713,1.886878835,1.315162592,1.375218367,1.600733864,1.708025004,1.821436462,1.970919017,1.608989721,1.489888458,1.971878356,1.972406493,1.737690886,1.752367901,1.433608871,1.407755291,1.272220637,1.375952858,1.836964786,1.82261003,1.235814244,1.646809565,1.613080806,1.50953245,1.690777611,1.906645106,1.452694465,1.325443581,1.591012863,1.391516975,1.300993093,1.294703824,1.681241286,1.932907351,1.518491836,1.394746573,1.39592176,1.493081852,1.84346349,1.452436906,1.392806624,1.702873763,1.848988297,1.736635306,1.791716386,1.851283794,1.909628217,1.644204608,1.883589619,1.33346624,1.540651008,1.595702105,1.563540781,1.899920984,1.963901371,1.400037064,1.482771067,1.532010884,1.454929865,1.315040608,1.74934357,1.772063271,1.755489235,1.728152015,1.504312242,1.526556308,1.427130632,1.448106511,1.541385646,1.562463337,1.505308199,1.400386327,1.559693977,1.524934642,1.600005281,1.760698817,1.35320142,1.96058153,1.939146977,1.736065196,1.578830234,1.579669879,1.585114607,1.962089945,1.952653429,1.379838193,1.565181422,1.506767447,1.562105992,1.691086401,1.488957709,1.486199292,1.741712947,1.688637323,1.115148924,0,1.545047308,1.804010461,1.39944283,1.63911682,1.923385078,1.883719406,1.634479409,1.709669709,1.790615382,1.789087723,1.611413655,1.513325052,1.688364355,1.617265481,1.883604498,1.762245125,1.809700965,1.648579988,1.639156084,1.553851779,1.825997197,1.898311576,1.766240598,1.878738218,1.877746843,1.864881342,1.923398926,1.955788598,1.391705426,1.201402421,1.676678072,1.696402257,1.676844023,1.658602482,1.797171204,1.832492367,1.924464864,1.950838873,1.831858809,1.827486105,1.777340267,1.837979885,1.957942319,1.887556876,2,1.530827418,1.929539165,1.908086428,1.539684644,1.502985783,1.336062167,1.755064839,1.500123278,1.5279584,1.827242007,1.459022605,1.911309882,1.967765388,1.660379263,1.525783798,1.809307395,1.782998672,1.56416021,1.942742281,1.81931095,1.831164965,1.945720799,1.881785136,1.739989775,1.771020362,1.772722767,1.805389632,1.64716184,1.626881511,1.844642694,1.93481189,1.886323954,1.819655904,1.597444285,1.95513163,1.924551342,1.913533241,1.978000812,1.528459237,1.772972665,1.795617576,1.783983508,1.616738666,1.806027465,1.850819399,1.774415686,1.840011906,1.907513498,1.588159536,1.725413742,1.817495248,1.723821829,1.705936526,1.838362794,1.687109785,1.597263542,2,1.999077814,1.84190863,,
CD_139_V1,1.545634194,1.515166578,1.494019486,1.629322743,1.550154578,1.320759185,1.242259439,1.452760118,1.566582684,1.634755252,1.649034771,1.685082509,1.718251895,1.479381462,1.632790337,1.566750819,1.548872343,1.258816536,1.35822595,1.501115731,1.854192116,1.647812961,1.665432107,1.509349621,1.685636431,1.6910196,1.752140641,1.72449869,1.564115258,1.588070828,1.490665805,1.390739207,1.50591639,1.446729819,1.550905304,1.900332995,1.407044492,1.620400966,1.495925523,1.667522756,1.789724482,1.431332009,1.599298199,1.819558168,1.818577463,1.625246866,1.683990181,1.738448756,1.755203429,1.546685677,1.574404906,1.637299878,1.635555927,1.76777122,1.437182435,1.576420014,1.83647268,1.762340532,1.474043682,1.76903579,1.532139994,1.520057289,1.55590744,1.565507723,1.433307445,1.508020526,1.675000795,1.306162779,1.622108505,1.498106528,1.378591943,1.382275814,1.431723666,1.922712094,1.710104175,1.75720238,1.765143496,1.885591622,1.368810823,1.45525532,1.371492366,1.594364472,2,1.289150721,1.719767307,1.650388434,1.562591612,1.728964188,1.423390014,1.472304091,1.546897699,1.636063686,1.789997096,1.543040374,1.805838851,1.727100589,1.571010064,1.49868601,1.507113336,1.583529391,1.653323934,1.305433238,1.382947364,1.328783496,1.549858243,1.349281751,1.284562825,1.775617629,1.586298384,1.439995122,1.527078156,1.660691386,1.408865092,1.610362518,1.603984252,1.435897519,1.419134068,1.591202037,1.550319352,1.659622541,1.937433064,1.540968914,1.292652619,1.379292784,1.344154339,1.640532394,1.450056361,1.361444468,1.754074563,1.296669031,1.682878651,1.792976784,1.635752694,1.818140756,1.359250521,1.87031297,1.350899119,1.472986693,1.570019791,1.4576493,1.947753944,1.517567258,1.598771375,1.504772714,1.511289968,1.624390959,1.494145269,1.555770422,1.777240679,1.754622358,1.719561993,1.325355862,1.519981157,1.520813287,1.575202207,1.594763064,1.46254136,1.27291358,1.332575953,1.430701808,1.366783575,1.642086085,1.506406358,1.344885446,1.46187282,1.501925159,1.613793095,1.50426924,1.315341709,1.250075677,1.570810489,1.87691876,1.287021719,1.310599803,1.485828599,1.518413507,1.731570292,1.64881492,1.631107209,1.259818282,1.219857255,1.552014757,1.545047308,0,1.19298374,1.599940175,1.553296113,1.84832344,1.754907572,1.673307625,1.660835553,1.764500187,1.784869528,1.722970886,1.631603111,1.660406023,1.671540471,1.417809719,1.465655273,1.831799877,1.537872942,1.590024118,1.442978651,1.682891655,1.812872396,1.776421852,1.903467428,1.832617771,1.848470858,1.695576584,1.744197671,1.595769068,1.55711178,1.663098202,1.678692128,1.728155423,1.66296615,1.745788233,1.411041777,1.50657977,1.451429732,1.247442441,1.592608501,1.685195664,1.823844116,1.688092724,1.670900345,2,1.52016229,1.911641747,1.898293701,1.420691193,1.346014781,1.55568048,1.422855155,1.435961436,1.471327492,1.802370682,1.386000571,1.390483979,1.519946249,1.576626408,1.690089356,1.835352173,1.834929143,1.393301683,1.495886858,1.710090692,1.775081609,1.935627046,1.865819109,1.745779831,1.737869545,1.75409938,1.76873564,1.501707367,1.537838846,1.755103165,1.456067708,1.378938272,1.785112723,1.507568881,1.468355789,1.44719136,1.928483449,1.989219227,1.434500283,1.687553285,1.792344651,1.858233579,1.648535831,1.830263238,1.435564732,1.637848304,1.482376983,1.834041902,1.498494062,1.675713133,1.869369711,1.793494295,1.707705335,1.854324464,1.589911853,1.618582104,2,1.9999102,1.599621487,,
CD_139_V3,1.816651847,1.847090331,1.827138752,1.879692084,1.850305258,1.329340616,1.11469269,1.785755601,1.836178121,1.893564441,1.875393819,1.853342035,1.88218731,1.775782999,1.870549403,1.843217491,1.839180373,1.682038953,1.748172258,1.82668574,1.930219941,1.83340233,1.823396505,1.78820715,1.851577833,1.866856566,1.914368494,1.748206722,1.556442531,1.845923142,1.806018943,1.197779728,1.412280418,1.779220464,1.84858492,1.96938261,1.759735319,1.781308784,1.752806819,1.850769744,1.822238319,1.696057272,1.886708189,1.906677576,1.913445455,1.853697537,1.876482902,1.592659167,1.638883795,1.832862267,1.845730202,1.778105565,1.376753966,1.58777794,1.819375588,1.896290475,1.9124398,1.896580603,1.118774456,1.906630071,1.58445104,1.167289497,1.841938546,1.858402581,1.776531841,1.785812066,1.832292376,1.370155507,1.843770223,1.568097272,1.382403439,1.106820554,1.152811381,1.966031839,1.904795261,1.891112939,1.878872601,1.931801218,1.746796226,1.784116628,1.724540196,1.83988357,2,1.12164212,1.531071497,1.3917959,1.841698757,1.895589113,1.117478412,1.780895878,1.808952051,1.858271015,1.899421444,1.51977678,1.691681929,1.872970253,1.825881901,1.161676167,1.162757249,1.792487971,1.866296292,1.702309654,1.723852176,1.668356635,1.836871934,1.204462387,1.048025385,1.91811921,1.871942585,1.841920311,1.819478169,1.886156369,1.182370992,1.86971135,1.834014489,1.756795915,1.747836495,1.835253306,1.804023079,1.840511689,1.981792422,1.797454633,1.396238209,1.742253123,1.711701546,1.66720177,1.744246941,1.676218744,1.911744908,1.06258124,1.848480743,1.901711519,1.878208874,1.909771791,1.373790222,1.866337287,1.74344419,1.766792506,1.77368195,1.713044831,1.97416043,1.166128103,1.831410267,1.788805114,1.821842448,1.829681822,1.785074341,1.576758327,1.847199171,1.852357297,1.839940771,1.702060185,1.779076388,1.866660316,1.85846563,1.873941171,1.858675175,1.63757574,1.715146365,1.755047677,1.734392911,1.814781459,1.424778061,1.478852569,1.162504892,1.272002047,1.82149169,1.81843821,1.395055079,1.260561357,1.326091681,1.894458059,1.331865104,1.430133816,1.766201492,1.79914449,1.885061944,1.854440224,1.869603461,1.308890777,1.235291937,1.807723967,1.804010461,1.19298374,0,1.831549146,1.816030009,1.858105718,1.690265637,1.844701792,1.810155941,1.921783883,1.930400631,1.849619666,1.85132145,1.853462556,1.872839876,1.154736196,1.386633145,1.888907635,1.781265681,1.856266654,1.792368148,1.87270464,1.926325657,1.887212072,1.961338275,1.922182508,1.924017161,1.559700342,1.606939497,1.817711258,1.796464611,1.859210552,1.856340467,1.866968523,1.839774069,1.793765313,1.208526961,1.332815168,1.149451682,1.139083971,1.813644793,1.841174042,1.910523892,1.556447568,1.668846309,2,1.801825664,1.957530891,1.952230518,1.751410995,1.713837685,1.736121447,1.570165868,1.818879834,1.807194333,1.917174669,1.779616019,1.116245752,1.168601333,1.795488737,1.862418474,1.930720679,1.954590035,1.442041307,1.250209977,1.848858316,1.902495243,1.972907564,1.9467402,1.864633694,1.870248554,1.874905488,1.903916682,1.756484203,1.808883334,1.728428583,1.144584196,1.106086371,1.872081281,1.757727622,1.117593868,1.166374639,1.96111343,1.987594894,1.726142823,1.870053879,1.892863029,1.931983489,1.885981755,1.929324431,1.252955773,1.723006731,1.36643856,1.841546115,1.738349773,1.825353679,1.940242323,1.93388546,1.839787483,1.926129951,1.779278104,1.792323295,2,2,1.813598457,,
CD_143_V1,1.83212812,1.591186292,1.652410705,1.805509523,1.633820651,1.641518103,1.839504339,1.438593886,1.426561285,1.752710821,1.803407359,1.750884138,1.755591328,1.369138796,1.632653344,1.510691783,1.43409866,1.565697646,1.549354808,1.625703942,1.907138269,1.615198032,1.877406548,1.53885923,1.765896827,1.67433135,1.705105576,1.804362665,1.738670094,1.60907584,1.582393825,1.916513138,1.911849666,1.598651865,1.721634285,1.948404306,1.689259047,1.751111876,1.650333791,1.614676767,1.773781433,1.8592568,1.669596445,1.80972151,1.834477613,1.913573582,1.918903395,1.982384151,1.967231463,1.531412407,1.508034516,1.809007458,1.991056743,1.98309182,1.517234473,1.557396822,1.889114905,1.8608617,1.972705119,1.813071223,1.800068231,1.977220936,1.480843227,1.534528981,1.384543881,1.470564616,1.851389276,1.626955176,1.589897043,1.695904856,1.683443365,1.934060883,1.930064397,1.869658027,1.812148455,1.533039911,1.872824849,1.951747177,1.761971487,1.681379766,1.534960469,1.737409511,2,1.741375281,1.98734434,1.991006748,1.539465228,1.580159388,1.922206669,1.402514657,1.483621035,1.744089197,1.796430553,1.835446284,1.971477301,1.699422085,1.63283271,1.982638769,1.982509032,1.870478141,1.856115205,1.620441049,1.561998571,1.461723364,1.413931867,1.882366634,1.879194013,1.524101469,1.657634521,1.663646099,1.662148755,1.762215525,1.970858695,1.515446286,1.548252518,1.605823718,1.46800832,1.590171661,1.565063645,1.648427203,1.926045567,1.689509068,1.518378393,1.510106218,1.516965677,1.772717487,1.702312741,1.578832279,1.700027276,1.864968435,1.838021893,1.857605007,1.888836529,1.869551399,1.756248756,1.944726035,1.500887745,1.496196635,1.774415518,1.768302932,1.930068727,1.976381194,1.000057467,1.185532934,1.620688209,1.656993788,1.464537167,1.728748398,1.773217476,1.87978873,1.865057903,1.587592789,1.649351094,1.592562052,1.589780173,1.785130005,1.695297562,1.648033235,1.519932014,1.44311224,1.36257326,1.787060351,1.809915428,1.509487398,1.953053839,1.927426678,1.785836631,1.683870017,1.646769769,1.644459556,1.969020275,1.964429783,1.571881663,1.638834936,1.335927792,1.664845843,1.720775641,1.555169965,1.52112914,1.718548577,1.682445971,1.42405732,1.39944283,1.599940175,1.831549146,0,1.603931343,1.871070233,1.877306045,1.781815063,1.88583129,1.814904862,1.752599431,1.682797985,1.524593265,1.66991026,1.618334204,1.869408082,1.73518503,1.818925826,1.516582436,1.558477471,1.576192655,1.766775005,1.843920972,1.830518074,1.913036996,1.822041232,1.815391673,1.959907563,1.969225031,1.4301216,1.239520874,1.565072173,1.630055629,1.722957499,1.730318988,1.834608024,1.85198863,1.927833346,1.960751277,1.812255369,1.825428162,1.887646056,1.896297752,1.966452255,1.929513525,2,1.652013787,1.943418467,1.934871246,1.554845057,1.546331843,1.451803342,1.712228128,1.623732389,1.529962623,1.799890741,1.465252696,1.931567867,1.979877513,1.823266075,1.685143502,1.859595276,1.834879821,1.681261072,1.968165663,1.904739995,1.847960241,1.921409311,1.858914172,1.843337421,1.825370269,1.782138869,1.772598687,1.772791421,1.703277409,1.816198332,1.949092669,1.886219939,1.856195274,1.755580262,1.965847124,1.945694606,1.920455015,1.995995115,1.714544077,1.777149726,1.846653913,1.787064398,1.687064688,1.874283431,1.883608442,1.831697786,1.880934008,1.926299456,1.619693476,1.628502276,1.82796413,1.789874473,1.822206973,1.904139596,1.806287344,1.785455425,2,1.982696973,1.927392722,,
CD_143_V3,1.813537794,1.666012978,1.656349471,1.763660018,1.648433216,1.734330068,1.833468945,1.689659907,1.61477829,1.714025615,1.784789666,1.697192153,1.749544426,1.220139497,1.528281414,1.494894719,1.542706835,1.456696671,1.517637239,1.470625267,1.915462349,1.703624781,1.774826813,1.697782689,1.808784936,1.710098278,1.750684993,1.789926027,1.809613691,1.598837303,1.577326402,1.878495493,1.829622767,1.552021632,1.626106788,1.969047866,1.599923237,1.781314314,1.643205795,1.713217078,1.828469765,1.444578829,1.458939081,1.857387368,1.846131092,1.80183798,1.860365767,1.949543156,1.925263664,1.698913538,1.630681511,1.841774106,1.983955599,1.972169256,1.616008874,1.680329,1.876334585,1.866728886,1.962364006,1.807915717,1.758376964,1.970970969,1.731336196,1.675280108,1.551412233,1.520695115,1.752759583,1.725653718,1.644781935,1.734506265,1.760386179,1.957692697,1.969987696,1.923898504,1.643322852,1.559812334,1.828340626,1.933376739,1.663774159,1.604462816,1.51045535,1.687679743,2,1.827590266,1.946831369,1.969659997,1.627895809,1.699937613,1.934781625,1.443238371,1.547535815,1.702318097,1.81507621,1.814871524,1.96597242,1.503743486,1.403034423,1.967191343,1.960622226,1.682370151,1.726470444,1.503560081,1.577564758,1.466850431,1.582515832,1.89375562,1.867472172,1.811973377,1.544105025,1.526560153,1.541640089,1.669962144,1.868582858,1.716165141,1.709978139,1.488835253,1.477815124,1.787552226,1.744571557,1.746702108,1.966045492,1.700815845,1.636953396,1.485879569,1.531847487,1.752821229,1.634558669,1.449428291,1.758129044,1.847486199,1.81616185,1.896425163,1.871550144,1.895860598,1.625776285,1.894168604,1.544871883,1.588341255,1.652858125,1.632641864,1.954828959,1.975313253,1.60375114,1.586885242,1.631282954,1.706191885,1.537094105,1.790343223,1.870082995,1.919763935,1.909541192,1.56256581,1.703042869,1.613374777,1.647731702,1.810358048,1.693165246,1.547176293,1.630481585,1.583947497,1.560527193,1.758508743,1.673390905,1.560274151,1.913127493,1.848381842,1.687814579,1.626068307,1.718220728,1.711468516,1.947382411,1.928573334,1.505883142,1.481729654,1.557865407,1.559400106,1.64796005,1.676640281,1.706474565,1.696198843,1.610256853,1.571968759,1.63911682,1.553296113,1.816030009,1.603931343,0,1.920857897,1.919261237,1.696975702,1.767209042,1.821313275,1.757597116,1.77332463,1.722313402,1.380697441,1.380561821,1.92265086,1.782825073,1.880401177,1.65493406,1.609502285,1.485009443,1.835605492,1.891826033,1.878698547,1.964444302,1.788188491,1.825012943,1.932185218,1.946597266,1.633661947,1.534456666,1.774764861,1.804439438,1.758960115,1.723827341,1.793638374,1.831151523,1.903547156,1.943361865,1.786679163,1.690215753,1.778850114,1.853533067,1.908488815,1.8019216,2,1.307230632,1.932149248,1.916958131,1.618043823,1.534083775,1.528294642,1.596759903,1.626816913,1.629038314,1.843001071,1.567247603,1.943151307,1.981812772,1.637965297,1.682836834,1.916789074,1.892360977,1.756347798,1.90432122,1.80846624,1.852452788,1.797390648,1.64013988,1.895063443,1.896220064,1.509587998,1.520288997,1.67029659,1.696805782,1.787473262,1.938920537,1.924646544,1.873981369,1.643615571,1.946883458,1.929208114,1.903608907,1.993400568,1.602307341,1.791355253,1.857342102,1.749615052,1.708490069,1.877659844,1.846724392,1.779499556,1.733013154,1.902576251,1.514436231,1.712485211,1.762612707,1.779395713,1.848023616,1.77220874,1.7246265,1.778645287,2,1.999985356,1.830902271,,
CD_147_V1,1.590777273,1.921854164,1.952863208,1.971845534,1.952882952,1.854398154,1.858091519,1.849115748,1.908937785,1.391459402,1.371649052,1.22834549,1.334550884,1.883947241,1.898407267,1.883107152,1.838942246,1.900639265,1.868087417,1.903586971,1.180902345,1.880796907,1.979696105,1.955822025,1.961455845,1.864739832,1.91229013,1.839209458,1.841700925,1.935231369,1.936897773,1.884381508,1.910559566,1.899804118,1.925870292,1.979375512,1.933818671,1.965341039,1.958834856,1.821974085,1.911868774,1.941939072,1.901446562,1.153359734,1.16221223,1.678219273,1.824088724,1.192272666,1.180688605,1.885310189,1.90574678,1.72995133,1.433755976,1.219284994,1.913888822,1.899927924,1.197690435,1.208854099,1.901654756,1.884519294,1.218623892,1.600652003,1.856876787,1.876849961,1.872273713,1.886939841,1.195467023,1.822236475,1.867297819,1.901331129,1.871698161,1.897358387,1.90353975,1.193329755,1.942337872,1.922286271,1.358918888,1.595066732,1.941325046,1.937761745,1.939332304,1.964593311,1.428931205,1.882048385,1.201363188,1.254673881,1.918710449,1.932848614,1.499210258,1.898271053,1.92442171,1.343943253,1.183550954,1.909480666,1.958224201,1.955066251,1.926661285,1.6000197,1.579827157,1.367041521,1.360399246,1.916593842,1.893247105,1.925822255,1.839782316,1.328450485,1.8451348,1.830142969,1.938334254,1.928093483,1.958669439,1.956908931,1.414674339,1.929199063,1.958642273,1.958486167,1.945466589,1.948254952,1.962420539,1.194069729,1.354729449,1.938838007,1.849821564,1.91106582,1.93180954,1.24455835,1.894152759,1.935657965,1.854939561,1.84755621,1.326868168,1.570763135,1.540953992,1.229880391,1.810552675,1.885911403,1.931580012,1.928877055,1.244730771,1.372018719,1.439386161,1.640655132,1.870624196,1.89359277,1.923489975,1.946479567,1.916758163,1.236900912,1.168383379,1.684606616,1.569733228,1.930656164,1.949847441,1.928036282,1.938558966,1.968571538,1.936031345,1.953015884,1.934666792,1.890070146,1.850988938,1.300840908,1.882882116,1.875023163,1.398096423,1.260130083,1.791619433,1.872189968,1.815389763,1.796438022,1.435089342,1.208781461,1.89220173,1.905817435,1.914107822,1.410842854,1.248920734,1.889543448,1.896247858,1.881404275,1.8709709,1.934321471,1.923385078,1.84832344,1.858105718,1.871070233,1.920857897,0,1.024120105,1.206297903,1.211107069,1.192526107,1.22574036,1.907667491,1.921368585,1.923684531,1.922843359,1.402937352,1.229138561,1.958223265,1.911758683,1.923401794,1.922443486,1.187930097,1.174079695,1.165238553,1.598978959,1.301714889,1.203837389,1.253079895,1.328497932,1.884257985,1.860797881,1.25888651,1.24588688,1.19513031,1.197806724,1.178527315,1.294255451,1.232466225,1.431353536,1.862988596,1.812825886,1.197308971,1.18375534,1.279275353,1.44450943,1.428931205,1.901230751,1.264302976,1.238937952,1.918402875,1.929852713,1.903832095,1.909393187,1.905999203,1.854183919,1.904043595,1.890297634,1.444038314,1.613380338,1.943591157,1.942179574,1.306139426,1.221676824,1.884305168,1.310037452,1.192030695,1.165593544,1.243098851,1.260212088,1.460945961,1.632883999,1.308036539,1.30492134,1.281013284,1.307557639,1.182745519,1.447064851,1.511483372,1.191869478,1.32377457,1.772316887,1.342048403,1.333243917,1.528695651,1.342332424,1.190435645,1.276988938,1.262207171,1.436584897,1.448202329,1.255598374,1.281550935,1.218380186,1.180965702,1.434488635,1.263813961,1.153359947,1.192312238,1.439072777,1.276394464,1.239225054,1.361193511,1.428931205,1.497970284,1.978582358,,
CD_147_V3,1.540799224,1.931658945,1.939098114,1.963942079,1.955350523,1.761695872,1.691326622,1.898916212,1.922528013,1.335541141,1.315930435,1.176421828,1.280029871,1.912448752,1.88546858,1.863514145,1.860466865,1.865349278,1.834126801,1.881481846,1.123497043,1.834676221,1.966712353,1.936467342,1.9460961,1.818536404,1.897163502,1.834085692,1.798665118,1.92444612,1.919424211,1.68369661,1.795353558,1.862501369,1.884507523,1.988818196,1.926868675,1.9438414,1.937360802,1.766772798,1.865098781,1.901361757,1.91851009,1.100181664,1.107022225,1.64349564,1.797468883,1.118303644,1.114302877,1.846040297,1.882889172,1.691635969,1.287054952,1.131131584,1.882757474,1.87842349,1.145405621,1.157611016,1.730055245,1.882807483,1.147962051,1.459292814,1.866575608,1.876605895,1.851926327,1.888826291,1.141855831,1.741505895,1.860392684,1.833004405,1.767596202,1.718548425,1.739280658,1.143363086,1.951042453,1.94193136,1.318595751,1.576835478,1.934654602,1.924128228,1.914015286,1.94948923,1.383319735,1.722530411,1.122542402,1.1613585,1.907416967,1.917670511,1.352738183,1.862887665,1.907993829,1.285949873,1.12298064,1.784751472,1.863507999,1.945192707,1.905040253,1.460993584,1.442135051,1.31784091,1.313518039,1.869342668,1.846188666,1.903770355,1.828513861,1.21722527,1.648460743,1.816686511,1.925478269,1.898755329,1.954447321,1.958564089,1.271721612,1.8972379,1.945274796,1.943490826,1.933245949,1.945484538,1.961659355,1.142981249,1.325569021,1.895720004,1.742437586,1.886571444,1.908693315,1.199024253,1.872949153,1.92063587,1.839431008,1.653081649,1.274678748,1.521643049,1.501002765,1.178482458,1.725079061,1.884253112,1.908825808,1.894625614,1.188258088,1.317863745,1.386236951,1.495519326,1.876702682,1.869025536,1.894634464,1.923290252,1.90886906,1.16244531,1.105239901,1.647756058,1.526063893,1.900384516,1.924623497,1.903095168,1.917782165,1.958300445,1.903339963,1.935274913,1.932911787,1.893255979,1.845261192,1.247812905,1.698227938,1.805666353,1.271138823,1.158411291,1.801314682,1.865259336,1.724154292,1.6732672,1.315253736,1.154935848,1.793210044,1.821808906,1.874646718,1.367747049,1.20488418,1.908027558,1.888924369,1.780510291,1.742090272,1.912798461,1.883719406,1.754907572,1.690265637,1.877306045,1.919261237,1.024120105,0,1.145898424,1.152442311,1.136131265,1.169873986,1.888203267,1.892361309,1.917025568,1.919816555,1.278551138,1.146571679,1.956007852,1.928568797,1.899437298,1.899713323,1.140313255,1.1245648,1.102365836,1.552190217,1.253124302,1.151413558,1.14902438,1.212046074,1.852594021,1.856059796,1.205602096,1.191704569,1.147499797,1.148813182,1.120274145,1.18787288,1.143090685,1.301454989,1.675404724,1.844546081,1.148538455,1.131031821,1.199331902,1.372702713,1.383319735,1.865509018,1.213076456,1.187610024,1.882614861,1.901093004,1.887859112,1.839844571,1.869818163,1.8362879,1.895176006,1.864943018,1.306405193,1.473026723,1.878361156,1.887869147,1.261734152,1.164411567,1.782529402,1.201635067,1.135117397,1.111580873,1.194135784,1.210213878,1.421613866,1.602971128,1.255788043,1.254177339,1.216347627,1.238960237,1.124509374,1.318898054,1.361450406,1.146472019,1.27087558,1.609410512,1.223321578,1.237578256,1.423190663,1.284210387,1.135195926,1.220394494,1.207167029,1.376533046,1.409760807,1.156997678,1.223662534,1.129218641,1.141450633,1.381963617,1.202885224,1.105705436,1.13614647,1.388213952,1.223524816,1.175350106,1.302178975,1.383319735,1.458213088,1.963131823,,
CD_150_V1,1.420357861,1.789345459,1.774641351,1.830305362,1.751428867,1.842369442,1.882251037,1.864742268,1.792014348,1.242359816,1.234930136,1.094985925,1.220199989,1.781876993,1.843165805,1.72814078,1.845042035,1.535123769,1.585257554,1.71881346,1.108748474,1.782148233,1.745418788,1.738426822,1.804212826,1.81581116,1.877770449,1.93640983,1.945383588,1.7125248,1.693785397,1.922303037,1.946583867,1.670690019,1.753150533,1.940776652,1.642270757,1.725829075,1.689749696,1.809472545,1.883865115,1.539805002,1.785866266,1.075868981,1.080744134,1.550065165,1.733074594,1.155143441,1.136836518,1.68416452,1.677102928,1.533220023,1.43239669,1.18269951,1.698401059,1.763507829,1.095140293,1.100019351,1.974022534,1.921700838,1.130009409,1.617833294,1.836582597,1.816600344,1.719265993,1.708107193,1.063512245,1.85872515,1.82694512,1.926019578,1.896484176,1.924814705,1.948603971,1.135307332,1.894291408,1.940948257,1.284292635,1.582961474,1.741790823,1.700634315,1.598639065,1.739874121,1.408421444,1.905931563,1.163479858,1.230630377,1.824769801,1.823416728,1.492204145,1.612356217,1.677828303,1.181365189,1.069191642,1.887389672,1.985760109,1.767770615,1.706007197,1.614476447,1.587375327,1.175605656,1.219878094,1.544425694,1.585132421,1.512287459,1.709356126,1.268792879,1.832558046,1.846232669,1.798430512,1.736109021,1.736452889,1.789766659,1.329877792,1.791356285,1.772716027,1.694255931,1.722614856,1.677249336,1.736391379,1.071831147,1.394676544,1.678112769,1.763107414,1.619321769,1.635692736,1.163656144,1.549225847,1.492048688,1.84038387,1.84253706,1.208052317,1.48454989,1.463473595,1.174344868,1.77448866,1.935928642,1.622607275,1.684786975,1.046146489,1.129957446,1.388659156,1.662638867,1.781783644,1.693300833,1.671188654,1.746714627,1.684489458,1.153225463,1.098800568,1.559393613,1.442964771,1.643647649,1.747244341,1.686041443,1.738203063,1.752918347,1.766030812,1.597326994,1.726625187,1.674951067,1.659384067,1.122023297,1.877708882,1.757407554,1.386559028,1.235012532,1.865159903,1.728465117,1.842123794,1.837334004,1.419681992,1.152701463,1.725204581,1.73484435,1.655956375,1.186544285,1.108752764,1.864030844,1.833007405,1.818817249,1.718170524,1.633354905,1.634479409,1.673307625,1.844701792,1.781815063,1.696975702,1.206297903,1.145898424,0,1.037831754,1.098900954,1.14315736,1.821212777,1.802334377,1.796981564,1.757058436,1.370378162,1.14531257,1.918776087,1.809592244,1.814250917,1.712525545,1.130252764,1.129274525,1.07473955,1.483208063,1.218318997,1.118432912,1.209871742,1.299127064,1.704100865,1.721323644,1.158350893,1.138501263,1.079732571,1.076525591,1.090480281,1.257439187,1.178508861,1.416626564,1.857178493,1.798915415,1.071242259,1.093437702,1.238389373,1.358181884,1.408421444,1.631249743,1.204076797,1.178728916,1.635171478,1.579790951,1.830189547,1.803545443,1.699008845,1.778946766,1.779755832,1.633558753,1.445157136,1.635197901,1.65398696,1.76649248,1.281503309,1.169155923,1.898219912,1.260521458,1.072663333,1.081537568,1.191629171,1.182258687,1.317852903,1.469719665,1.193501711,1.206586363,1.091889371,1.146876249,1.090160399,1.445546534,1.49427817,1.11937795,1.130438303,1.810245177,1.333016505,1.276499822,1.515924558,1.122126879,1.087004835,1.171269047,1.126780983,1.289780705,1.43383169,1.184229344,1.169322926,1.132543397,1.154334548,1.15948638,1.12097769,1.079235288,1.101736632,1.304424931,1.19794937,1.071518704,1.184652089,1.408421444,1.467395669,1.760634782,,
CD_150_V3,1.412801292,1.823788844,1.810240094,1.918280893,1.916559592,1.854607082,1.887239035,1.92920541,1.896586095,1.301245013,1.269863271,1.108622873,1.238902392,1.825712308,1.86973755,1.809992509,1.894601208,1.580783933,1.623313966,1.760222916,1.083509565,1.855416988,1.687724735,1.748582732,1.814429174,1.832785536,1.89332346,1.959173353,1.968650299,1.836194967,1.790620465,1.930326044,1.95767231,1.737195278,1.789702318,1.953109091,1.656070145,1.693018776,1.701300557,1.888416748,1.922219347,1.4782627,1.847466118,1.06354619,1.064888483,1.535981821,1.731359473,1.130260294,1.102229051,1.749340225,1.783482572,1.467258839,1.400846027,1.138365874,1.769560944,1.847351362,1.081991051,1.096611676,1.990708519,1.946379085,1.137622494,1.580883972,1.877099769,1.877298354,1.796153597,1.821107501,1.03727994,1.887323854,1.868850568,1.944332453,1.906251054,1.9108542,1.942989305,1.122107772,1.904894379,1.960913407,1.292260414,1.561277705,1.750069755,1.695186714,1.635491305,1.757792665,1.32680378,1.91632565,1.118892746,1.180928782,1.899371152,1.903353177,1.460745749,1.753668335,1.82402741,1.178146926,1.061314024,1.930586119,1.98819442,1.828575665,1.790781374,1.576312572,1.547332551,1.163205084,1.233873447,1.549629495,1.586331046,1.530318984,1.820417596,1.266939841,1.841733102,1.886499797,1.853819364,1.775854896,1.742016936,1.809318872,1.277474694,1.857388728,1.783684246,1.70639844,1.753063,1.656515277,1.717655614,1.08642815,1.379920683,1.669199101,1.85173553,1.646046765,1.649992952,1.16637652,1.522291791,1.486503727,1.88849419,1.888748567,1.200253245,1.469496584,1.460434092,1.135132332,1.837634557,1.958062924,1.664471656,1.694565215,1.049181064,1.125591653,1.376190581,1.622222657,1.885506325,1.747181123,1.759835982,1.783282668,1.777644368,1.19686166,1.107627306,1.486447619,1.376845308,1.639222068,1.755980656,1.747198451,1.779500485,1.738735221,1.807099254,1.584856904,1.734825118,1.70632583,1.69506844,1.115205151,1.920329581,1.790693849,1.357089812,1.225550441,1.884078604,1.736115324,1.896621602,1.892959913,1.39461903,1.115352721,1.772901553,1.777322268,1.690530466,1.239697473,1.161993021,1.884960653,1.861828746,1.831541793,1.80117998,1.763052994,1.709669709,1.660835553,1.810155941,1.88583129,1.767209042,1.211107069,1.152442311,1.037831754,0,1.107153783,1.154182525,1.846930583,1.848978732,1.845630561,1.871604015,1.355006522,1.172903729,1.911125205,1.823112852,1.882699881,1.767691731,1.130433946,1.123296672,1.080437875,1.465080748,1.239287587,1.13043568,1.197642851,1.285865533,1.803240836,1.835853391,1.199814223,1.140357882,1.09660509,1.09647122,1.103831795,1.268631623,1.145327056,1.376322756,1.900854558,1.794693332,1.05368829,1.071017066,1.231023268,1.374502479,1.32680378,1.678101093,1.179749542,1.161674034,1.648620172,1.58178961,1.84378493,1.820736888,1.739186204,1.837783767,1.837592679,1.696194032,1.427994433,1.590461118,1.655372522,1.816396271,1.271185976,1.16871468,1.917617572,1.217679102,1.032146404,1.062046881,1.181391207,1.195734468,1.296863133,1.463435628,1.22756458,1.230838347,1.087958083,1.168379798,1.104877625,1.42291375,1.468899457,1.088158967,1.118618504,1.806031424,1.31732533,1.275230426,1.463740422,1.137319123,1.081618316,1.160241824,1.167038618,1.323060616,1.438148627,1.184294181,1.196241229,1.147734071,1.143274289,1.197478345,1.139840564,1.095144392,1.129509047,1.262067546,1.164149305,1.042739989,1.154236177,1.32680378,1.428765567,1.720918825,,
CD_161_V1,1.353142506,1.755790588,1.773856171,1.646730108,1.694330192,1.925392471,1.937902393,1.741849127,1.779856661,1.137826123,1.174006836,1.115473986,1.211529138,1.794392336,1.844676483,1.749744437,1.734436733,1.727812575,1.699472825,1.670697339,1.094087622,1.83028113,1.9174563,1.863759331,1.896793957,1.821520953,1.824154896,1.95208661,1.954473564,1.822532329,1.806079895,1.964853574,1.976032172,1.536253937,1.529574592,1.855436024,1.569519527,1.863184385,1.741644259,1.796913932,1.897181034,1.757520687,1.732904621,1.069008453,1.072445519,1.406117251,1.516613202,1.142116638,1.125586365,1.692548661,1.744685797,1.689733439,1.422682267,1.171569065,1.669545996,1.668618063,1.11836068,1.10666382,1.993260737,1.934392304,1.117460741,1.616704201,1.687431552,1.596337227,1.835382342,1.852337549,1.08447302,1.854803551,1.786236167,1.928502463,1.92912487,1.956414022,1.971288725,1.069596032,1.852380098,1.914338316,1.287996328,1.572098427,1.777396814,1.725226684,1.812140823,1.758308753,1.382016782,1.895754761,1.153256431,1.21735917,1.829802812,1.803700892,1.490531102,1.728661439,1.792968502,1.189190908,1.091794856,1.953296228,1.987611558,1.893403457,1.850669936,1.617667776,1.593917412,1.224084793,1.202546072,1.702638682,1.733895933,1.741809107,1.801590485,1.272760419,1.915755631,1.819827721,1.795097196,1.604366657,1.842986717,1.822691616,1.376085585,1.808487905,1.866672409,1.8031181,1.79498766,1.837531314,1.828778298,1.088717395,1.352952722,1.857706801,1.847221914,1.753410562,1.707587438,1.154059905,1.789507138,1.707155964,1.820980145,1.913432839,1.216245992,1.47730751,1.309399103,1.127341299,1.877005967,1.93647346,1.679256762,1.711779951,1.142574923,1.246432167,1.354039873,1.657665878,1.814057561,1.79540703,1.772764009,1.854479195,1.835558207,1.126786558,1.095076405,1.662366416,1.53613675,1.748647141,1.825596758,1.625268776,1.626566986,1.840848698,1.668999396,1.733653883,1.804252322,1.776693838,1.706694233,1.207329992,1.935146082,1.871794264,1.383947472,1.224349456,1.858117464,1.805385764,1.868667653,1.852596325,1.41807298,1.136935924,1.888167348,1.845537554,1.723542212,1.208911215,1.145254134,1.832151239,1.752870345,1.853552116,1.869796726,1.786082548,1.790615382,1.764500187,1.921783883,1.814904862,1.821313275,1.192526107,1.136131265,1.098900954,1.107153783,0,1.061511691,1.855670556,1.8626572,1.82631721,1.875170878,1.375247756,1.158323766,1.936964767,1.861121086,1.730807017,1.74467248,1.082515145,1.076510248,1.061516184,1.465163216,1.215298778,1.105764599,1.201365567,1.292610488,1.783453567,1.789691331,1.150813671,1.140693027,1.110102766,1.110040097,1.102832003,1.264344078,1.155987361,1.409436774,1.91725025,1.891982569,1.091398812,1.089909893,1.229426144,1.381388858,1.382016782,1.799784543,1.193179577,1.172894309,1.729499898,1.700055268,1.842913452,1.869704004,1.699455972,1.708916881,1.632120444,1.692399537,1.427244678,1.628371949,1.852736235,1.880491488,1.282522751,1.10595432,1.938083039,1.274692886,1.082171989,1.053385092,1.165406499,1.170988838,1.326462261,1.434784524,1.211388518,1.187081592,1.125627362,1.14001629,1.112087533,1.451791249,1.493697904,1.133967739,1.178082243,1.83181334,1.322443754,1.283933437,1.501442142,1.192927792,1.058048309,1.204000325,1.198719636,1.23181413,1.381169455,1.203068921,1.186185629,1.157246366,1.137817997,1.30360121,1.132415504,1.076507496,1.075743766,1.367868222,1.205582398,1.124109423,1.276295608,1.382016782,1.449566628,1.682859468,,
CD_161_V3,1.466683827,1.750372018,1.772649938,1.761608868,1.755590976,1.937642186,1.950197838,1.714942959,1.73418135,1.222421158,1.264376598,1.125933191,1.225739811,1.749770535,1.816571071,1.692345966,1.622870571,1.762360858,1.655740481,1.682371266,1.130793663,1.830734097,1.941181138,1.884720483,1.892914906,1.731962694,1.683062278,1.93791271,1.933886421,1.784968219,1.775290072,1.966618581,1.940814265,1.556088062,1.524671884,1.833946392,1.678315758,1.881915011,1.795873578,1.755869684,1.852856589,1.80805944,1.762231879,1.098203082,1.102714781,1.499585911,1.599590763,1.168801365,1.157410567,1.755851801,1.771468057,1.712724148,1.45139395,1.204826526,1.66745141,1.619775759,1.146600296,1.14486466,1.990875506,1.892092864,1.159306981,1.636470778,1.703042483,1.644969438,1.762413259,1.769370669,1.124067553,1.837093078,1.718533153,1.873680655,1.905090918,1.96713727,1.977863864,1.113149537,1.79122578,1.807985396,1.319232476,1.591813462,1.834841636,1.764854373,1.826747602,1.751715805,1.408954409,1.91740969,1.184587638,1.250159443,1.825807559,1.83335461,1.512714434,1.671042401,1.725361818,1.222023179,1.130833143,1.94516479,1.985980091,1.897882409,1.8553979,1.639323378,1.616494244,1.260902462,1.233838866,1.729175232,1.744183378,1.721730713,1.627407399,1.313433519,1.915890482,1.86150187,1.85383686,1.67491904,1.856489886,1.832495425,1.415272081,1.790177762,1.881188814,1.843948342,1.844166144,1.855443203,1.81121184,1.119601743,1.371660392,1.868464244,1.850981013,1.756880892,1.742428062,1.132490162,1.859913405,1.782937432,1.835475055,1.922401389,1.256578981,1.493679797,1.402226927,1.171487558,1.846463797,1.907091456,1.734268252,1.733252762,1.178874876,1.283027961,1.389288887,1.674385386,1.750178343,1.759095493,1.806865988,1.842362631,1.815846699,1.169192449,1.115804233,1.68035135,1.558646449,1.790938673,1.835997214,1.60733595,1.5734526,1.852343298,1.671465131,1.752587156,1.772755254,1.766508397,1.729433109,1.23280329,1.942875386,1.881478045,1.401845301,1.234834981,1.664267329,1.624809596,1.869342063,1.850995761,1.443117826,1.162708947,1.878501166,1.785611752,1.761254324,1.273975535,1.187619763,1.626454555,1.655793989,1.806837604,1.835129685,1.76164648,1.789087723,1.784869528,1.930400631,1.752599431,1.757597116,1.22574036,1.169873986,1.14315736,1.154182525,1.061511691,0,1.847322328,1.792121045,1.794569776,1.828926414,1.407435091,1.193574962,1.942749671,1.85696373,1.604964652,1.664548277,1.11315657,1.110627095,1.100737419,1.533050653,1.243033162,1.120714952,1.241435208,1.32521352,1.78776205,1.740575485,1.198185151,1.182986217,1.137142286,1.144181449,1.138505193,1.293759689,1.19366715,1.441856973,1.926802303,1.912976195,1.136498596,1.128129642,1.251998935,1.364157953,1.408954409,1.779331631,1.223478401,1.202389437,1.794641998,1.787644526,1.778588062,1.848598558,1.720567638,1.739630441,1.803882259,1.745908558,1.455149169,1.648205484,1.874559696,1.903282048,1.316245671,1.161920543,1.916753036,1.309784965,1.117634061,1.085774145,1.190254731,1.195376577,1.421682278,1.580202579,1.219709658,1.164283889,1.17275577,1.188739913,1.123145954,1.476539032,1.519651012,1.145052088,1.205995506,1.834416322,1.334176418,1.314713328,1.526579872,1.251688459,1.089308288,1.235243418,1.224993962,1.308173054,1.42704779,1.232382146,1.216655582,1.193671024,1.174391326,1.325311871,1.148485959,1.110556582,1.108487687,1.391276576,1.237186572,1.160360397,1.313139843,1.408954409,1.476856866,1.832724847,,
CD_164_V1,1.873819871,1.803791341,1.801367498,1.88387952,1.821414765,1.829576344,1.894939639,1.796268792,1.658654505,1.871015066,1.868852897,1.823832088,1.830405472,1.722718944,1.814942605,1.681430152,1.713490376,1.642491898,1.68368811,1.788274239,1.895026986,1.753129281,1.864560787,1.695270725,1.81073376,1.796753645,1.824164799,1.920339876,1.904061257,1.691706143,1.630019657,1.923748336,1.95152158,1.687678556,1.803466522,1.982489033,1.750825505,1.655509548,1.507990778,1.761632436,1.870649607,1.766311317,1.789301173,1.87931651,1.886519953,1.883784784,1.885280184,1.971839051,1.962847631,1.672681098,1.709963482,1.724782649,1.983026613,1.974397529,1.653142943,1.787580712,1.887860341,1.859858817,1.971799902,1.88481885,1.820427101,1.977870779,1.618533852,1.656384099,1.66089392,1.689102168,1.83872806,1.797237953,1.796222845,1.851904758,1.858846914,1.925653333,1.956549752,1.895103825,1.862003383,1.751180206,1.844068668,1.920473566,1.771128534,1.747074461,1.610791407,1.779938091,2,1.770344001,1.979246831,1.98685027,1.605747743,1.657312928,1.904185901,1.629949382,1.695767584,1.789950166,1.839455991,1.892382516,1.965224898,1.800155327,1.739131515,1.982226838,1.983691041,1.819611688,1.857822084,1.660943136,1.625234658,1.589929837,1.63747085,1.872197968,1.884543082,1.738494237,1.812751916,1.833551698,1.794109387,1.861344757,1.928943953,1.750949476,1.762338833,1.735528327,1.672511644,1.713289289,1.682955994,1.777213762,1.955803388,1.702151028,1.705303524,1.647145234,1.601089531,1.870027034,1.678812702,1.66206378,1.76965311,1.862577139,1.841829932,1.86608035,1.894504245,1.848585511,1.790883775,1.907011286,1.712277586,1.620167179,1.758173618,1.719797671,1.916026001,1.96622648,1.681343722,1.659938285,1.744865158,1.738829736,1.659173203,1.831793838,1.829710673,1.805864083,1.795652514,1.659049593,1.724473856,1.812717026,1.780484055,1.821356893,1.775294457,1.728849131,1.733682484,1.73797489,1.69819156,1.788315138,1.820718274,1.7168689,1.965489904,1.943717747,1.779570837,1.801351919,1.762398671,1.748471759,1.965604041,1.961537571,1.701198545,1.738812317,1.588563307,1.720272221,1.795385895,1.737740085,1.634446021,1.817820496,1.824185792,1.673174495,1.611413655,1.722970886,1.849619666,1.682797985,1.77332463,1.907667491,1.888203267,1.821212777,1.846930583,1.855670556,1.847322328,0,1.212222647,1.801277906,1.786024351,1.916188641,1.816705192,1.883723168,1.764762007,1.688232409,1.686795182,1.86406379,1.908938992,1.863821837,1.851471476,1.871729054,1.860551309,1.951115842,1.965560897,1.641764033,1.634184471,1.796453616,1.799647792,1.844626558,1.806285387,1.868910413,1.884014387,1.929868878,1.957147247,1.868492866,1.811385946,1.837320728,1.878393859,1.963744668,1.921819816,2,1.730175839,1.939032696,1.934685518,1.65192036,1.648832869,1.737553733,1.849889914,1.738067676,1.74920707,1.864163477,1.69247736,1.935917056,1.96943609,1.782329483,1.764617244,1.856364113,1.868836943,1.850396861,1.955411563,1.885144298,1.88850393,1.947062567,1.915516683,1.800494481,1.798240635,1.83326575,1.831413893,1.769149943,1.755549734,1.892865069,1.959193557,1.912523427,1.845782294,1.748350752,1.969968416,1.954723115,1.945582536,1.995722169,1.710083009,1.84759994,1.833641198,1.859969627,1.787811863,1.882012531,1.907381987,1.860668306,1.886498477,1.930768837,1.760660817,1.817094691,1.889561067,1.858751273,1.768017696,1.887224112,1.767281593,1.740265189,2,1.905470823,1.900450001,,
CD_164_V3,1.873108676,1.70784394,1.703234335,1.898382693,1.762221888,1.776789163,1.836894341,1.719531399,1.558902065,1.859722748,1.861636904,1.78192265,1.791962062,1.620188025,1.766157583,1.588465578,1.589013508,1.573763431,1.534235063,1.786943244,1.907687865,1.63065511,1.859049754,1.635888025,1.775608199,1.650966194,1.720626348,1.902122618,1.863272544,1.634163908,1.540628142,1.911838205,1.916010449,1.713557654,1.824170282,1.95388957,1.671627865,1.659633669,1.5481672,1.506209601,1.777070572,1.790479991,1.693951884,1.885075118,1.902099199,1.89986089,1.935699139,1.982053211,1.970297804,1.552273491,1.591543186,1.691438168,1.98805826,1.978745857,1.587145227,1.710189205,1.867726994,1.815683556,1.973201081,1.811867819,1.767933979,1.979886005,1.615914329,1.673509996,1.437937427,1.545983994,1.853823288,1.647828623,1.688441822,1.723507284,1.795355362,1.92046305,1.943260943,1.861531101,1.789136719,1.685242876,1.87032202,1.95647828,1.54070797,1.688332936,1.520065485,1.738335123,2,1.689228631,1.982132282,1.988080465,1.480213379,1.565395104,1.912489904,1.563834457,1.658071591,1.760787055,1.821948947,1.743190917,1.971596259,1.812859717,1.696275481,1.985232282,1.987648839,1.831496515,1.814469263,1.599286943,1.53290059,1.522163606,1.479141927,1.842308939,1.873890163,1.660103693,1.70955467,1.736089234,1.704699609,1.810483591,1.937362114,1.502520835,1.459251877,1.688200296,1.6129383,1.584143918,1.639342877,1.761742033,1.949099431,1.619882932,1.543668316,1.446499286,1.538208855,1.813049198,1.604005747,1.66001876,1.658958912,1.860177417,1.831530432,1.84278659,1.907253132,1.904469198,1.787039298,1.756891944,1.620196211,1.630110241,1.750014275,1.732654064,1.688607355,1.972495705,1.523671169,1.449843413,1.578819722,1.70171223,1.586170139,1.797923268,1.806749476,1.776727691,1.754693173,1.599727934,1.653754645,1.712960278,1.643159623,1.708283815,1.638285287,1.708153457,1.615688671,1.615858184,1.550196225,1.749075264,1.755720299,1.588154707,1.957923524,1.928647985,1.796555107,1.697077886,1.675143748,1.673119497,1.960803075,1.963538872,1.633851224,1.689987932,1.564661961,1.699319986,1.769236059,1.56822081,1.495363336,1.788454144,1.791086554,1.5911917,1.513325052,1.631603111,1.85132145,1.524593265,1.722313402,1.921368585,1.892361309,1.802334377,1.848978732,1.8626572,1.792121045,1.212222647,0,1.781120716,1.717490954,1.906243835,1.82360704,1.873300884,1.702175436,1.457767343,1.531241825,1.840924914,1.898823323,1.831746811,1.835777199,1.801504151,1.816788961,1.959697408,1.972991046,1.555902596,1.469261249,1.731242842,1.753406613,1.814572269,1.785626725,1.857928025,1.896419108,1.94269777,1.931794611,1.76368947,1.689166634,1.843466877,1.898603718,1.970059667,1.902695902,2,1.645438693,1.940460449,1.930817499,1.582750599,1.577458985,1.565511211,1.700339191,1.596842815,1.657623049,1.609457445,1.500791091,1.916296147,1.971562321,1.78334679,1.726095247,1.835106133,1.851541881,1.760021606,1.96262651,1.890487393,1.889586047,1.950019911,1.906796624,1.747328542,1.731971536,1.748922418,1.746330046,1.746154554,1.687846453,1.808512632,1.944565737,1.912005623,1.822818816,1.724880654,1.970974184,1.951670423,1.883491614,1.994888333,1.654304073,1.845691573,1.814630595,1.847794048,1.721242422,1.861112518,1.899502914,1.811590906,1.886542718,1.9346486,1.733136651,1.808301901,1.884189449,1.829889593,1.712265486,1.870149934,1.760579929,1.713639722,2,1.956676019,1.922840795,,
CD_165_V1,1.871700106,1.62526844,1.613727053,1.746737097,1.725503879,1.786275741,1.855605276,1.59757562,1.695493027,1.745280652,1.819631414,1.799244602,1.776307176,1.506064702,1.55481725,1.641824738,1.610396913,1.595674473,1.643203804,1.30784111,1.901165892,1.725632832,1.604359004,1.592653809,1.611613802,1.810495371,1.842086866,1.907647281,1.882282913,1.41768604,1.394875232,1.923155679,1.931932808,1.642328331,1.642403368,1.93539424,1.727436504,1.615991139,1.546184659,1.742747235,1.852625879,1.384157251,1.241865021,1.856347885,1.876978585,1.829377187,1.82624374,1.965869127,1.915880026,1.467882566,1.500559715,1.687212748,1.984482168,1.980619155,1.586874087,1.54708821,1.874338907,1.809871862,1.979063532,1.879243667,1.755137493,1.975855961,1.757467716,1.678611615,1.571073351,1.466994092,1.800781408,1.757224848,1.665194887,1.762234715,1.792426264,1.883978535,1.945825645,1.903619533,1.470473692,1.432301188,1.858368947,1.933833953,1.793324848,1.677658331,1.474194063,1.443082924,2,1.804991387,1.974701244,1.986149478,1.689815457,1.618914103,1.897125751,1.570043914,1.663316631,1.620449724,1.791625351,1.879733043,1.969032932,1.320525375,1.242147405,1.98291561,1.985558397,1.826913315,1.684192033,1.557301243,1.515369798,1.61735483,1.617296404,1.846886154,1.874439996,1.868294853,1.397252104,1.353396104,1.670848914,1.560672412,1.951422948,1.761156851,1.868293734,1.304492267,1.381009877,1.700995732,1.799413226,1.742947842,1.95672488,1.381253471,1.669036531,1.651945432,1.604477276,1.710551419,1.639588846,1.731248571,1.703448626,1.764306786,1.806011448,1.804776151,1.821666207,1.893870611,1.661962832,1.698134219,1.662819887,1.569569204,1.717555012,1.640359194,1.936384321,1.970033212,1.668310988,1.625623109,1.66431491,1.630960723,1.620633342,1.729195142,1.795077454,1.777441508,1.760806093,1.643309459,1.590037652,1.541929333,1.579648898,1.677442635,1.616741827,1.773200511,1.813957556,1.478431345,1.48793,1.721356159,1.860924488,1.819913184,1.938167068,1.890772133,1.758751823,1.690012426,1.75848901,1.719880402,1.970534043,1.961588894,1.742765655,1.666413954,1.587834784,1.59926623,1.729156711,1.614535956,1.600227731,1.786704717,1.770469927,1.659102061,1.688364355,1.660406023,1.853462556,1.66991026,1.380697441,1.923684531,1.917025568,1.796981564,1.845630561,1.82631721,1.794569776,1.801277906,1.781120716,0,1.050206953,1.89720601,1.789768945,1.876462213,1.628791083,1.712460076,1.631887266,1.847709777,1.89184998,1.825177971,1.925058307,1.834557216,1.878098272,1.949882152,1.965871825,1.449217642,1.58813614,1.722991284,1.715221692,1.75110868,1.741092371,1.797049271,1.784205188,1.9157022,1.965506968,1.879013466,1.887359903,1.855115537,1.871443721,1.940178091,1.872777724,2,1.255502438,1.940243392,1.894259228,1.525073616,1.571717689,1.505105361,1.593912272,1.459126488,1.56423036,1.825456889,1.546455518,1.898497595,1.96730659,1.804502616,1.835586062,1.837721779,1.818522099,1.88439236,1.959818579,1.857072757,1.863531879,1.870025351,1.49814864,1.770154237,1.789291445,1.28780086,1.316959923,1.724037478,1.649456292,1.882603982,1.949911174,1.82845444,1.826272529,1.626557734,1.956276355,1.947207467,1.91671948,1.994422671,1.671620118,1.817148709,1.671599827,1.733493514,1.699258449,1.873599258,1.870056146,1.762179666,1.858589922,1.883860646,1.697196855,1.792460834,1.677484589,1.691717245,1.670685086,1.510609549,1.75783202,1.720837192,2,1.999993505,1.897871839,,
CD_165_V3,1.876868587,1.689092151,1.684074961,1.74847157,1.598683856,1.713296977,1.803967777,1.531497404,1.502836247,1.758961603,1.792503249,1.769572072,1.805176652,1.516647897,1.564281107,1.52375175,1.618648032,1.521525791,1.641754632,1.34876226,1.898335669,1.626518565,1.629990778,1.564335077,1.578592633,1.836889796,1.817127737,1.848327427,1.851464739,1.263785201,1.302039054,1.886174801,1.901765835,1.591894128,1.722681887,1.917611642,1.681823548,1.739680727,1.649872268,1.742999166,1.839577248,1.451799407,1.261340749,1.86060245,1.887775344,1.887513347,1.895814274,1.957817089,1.881779179,1.479742521,1.423456163,1.793166524,1.984357725,1.979736929,1.549061731,1.475764409,1.820416634,1.778863605,1.958949475,1.837780686,1.827386828,1.972719809,1.747987863,1.756999375,1.501809713,1.354996123,1.836416885,1.717425263,1.662262516,1.747479183,1.783178339,1.894840586,1.929491336,1.905016706,1.412158781,1.44753474,1.841888175,1.926290758,1.69944442,1.653522991,1.400000622,1.476741359,2,1.79809164,1.968668793,1.981865901,1.597688535,1.559602726,1.912567579,1.449996817,1.504020417,1.755889853,1.816164006,1.779881039,1.968893955,1.323567043,1.225210469,1.980326304,1.974994509,1.803951085,1.643936622,1.586362464,1.611003409,1.571319984,1.580425205,1.865077635,1.856016911,1.837949673,1.347862549,1.437500508,1.670110513,1.54891401,1.960291711,1.677935699,1.805426248,1.259080869,1.329048997,1.692091884,1.737657631,1.7338879,1.962324259,1.457148285,1.56077438,1.601348158,1.574774626,1.70553782,1.654232303,1.65021105,1.678734486,1.7544179,1.848461999,1.870735784,1.850165442,1.865971033,1.550319356,1.594199532,1.567742899,1.61645191,1.651302488,1.622684478,1.934443548,1.97260115,1.617255181,1.684730089,1.580335352,1.543103011,1.436285737,1.807289736,1.837257642,1.864598731,1.84629468,1.598351275,1.637078397,1.613711563,1.656854124,1.649644203,1.666103596,1.69554929,1.678917368,1.40583955,1.496429581,1.744973266,1.820007107,1.725831243,1.947955734,1.900897539,1.750562859,1.626783122,1.705261523,1.714602862,1.966075355,1.961200386,1.619159613,1.58262845,1.582284375,1.612640874,1.654430314,1.5505118,1.550576033,1.725716978,1.637251538,1.606376787,1.617265481,1.671540471,1.872839876,1.618334204,1.380561821,1.922843359,1.919816555,1.757058436,1.871604015,1.875170878,1.828926414,1.786024351,1.717490954,1.050206953,0,1.893601815,1.764673701,1.884036671,1.580341591,1.659866946,1.563787824,1.807992329,1.896660552,1.849488545,1.932407718,1.80501758,1.884760326,1.947241004,1.953523945,1.414963355,1.532650073,1.768225319,1.767438653,1.777722867,1.755516617,1.740701476,1.768164988,1.898403831,1.960805282,1.77649361,1.801248493,1.860504347,1.871113533,1.935345067,1.885211529,2,1.262147259,1.941577755,1.876857603,1.490259319,1.562844872,1.515542644,1.580398079,1.406429492,1.49957199,1.81586497,1.489448209,1.90189379,1.977858498,1.720450309,1.707685524,1.896971278,1.895792436,1.818859696,1.9488279,1.90478822,1.885256721,1.875762388,1.545801634,1.830386215,1.85088628,1.332884949,1.391736004,1.776299271,1.737622407,1.811487233,1.926674266,1.860483566,1.845676613,1.701892451,1.938922943,1.941818907,1.863715556,1.992839838,1.684809826,1.842848786,1.685832905,1.632548482,1.777983292,1.907805628,1.834837656,1.759868576,1.816600484,1.897946592,1.598892225,1.765122096,1.690278862,1.745834462,1.785529964,1.606605981,1.810770315,1.773591335,2,2,1.910479335,,
CD_169_V1,1.668993279,1.883042104,1.858651729,1.875621928,1.859782322,1.478207655,1.247822016,1.926829835,1.921170521,1.517671188,1.499154891,1.39301256,1.489608627,1.931353093,1.96425414,1.918022722,1.936376019,1.867863117,1.908094641,1.916056561,1.335063025,1.900225655,1.688132924,1.875748595,1.911735415,1.954525648,1.963262948,1.851144578,1.69107699,1.839988988,1.814728199,1.380252377,1.627479021,1.888282325,1.911006622,1.977410729,1.921312645,1.723873604,1.769987566,1.889899169,1.813111073,1.92809844,1.915235614,1.313953973,1.324417077,1.695483104,1.787157308,1.201951061,1.205971122,1.827697539,1.828411113,1.602296329,1.209209698,1.184019689,1.880693357,1.928370545,1.357060487,1.378059662,1.164573349,1.95640964,1.234526008,1.099035114,1.921501417,1.903884901,1.855470287,1.80985187,1.331821732,1.49882068,1.903471707,1.682444171,1.523343296,1.141422159,1.14024142,1.371195871,1.961426504,1.978316448,1.529824339,1.710169028,1.929760578,1.924737758,1.836278094,1.863253824,1.503295392,1.228535618,1.152384141,1.105216316,1.924656571,1.915985817,1.046867768,1.855203863,1.883009131,1.42179158,1.332997543,1.680634924,1.797368756,1.941155414,1.922238095,1.106223004,1.093364287,1.515851003,1.521577316,1.86409063,1.79585571,1.809484035,1.861907053,1.087598015,1.141019546,1.951495053,1.928519819,1.880027251,1.917844152,1.91412103,1.093531578,1.945844294,1.967007783,1.901178919,1.906191722,1.863647057,1.921305884,1.330096052,1.567087247,1.774317051,1.544115719,1.887422811,1.849885467,1.333255993,1.804268651,1.893948348,1.930849671,1.136744992,1.47428513,1.633403378,1.593981091,1.364275582,1.508188447,1.892008915,1.898949069,1.831634999,1.383937753,1.507106052,1.573067312,1.111424744,1.869390123,1.813897157,1.915114171,1.921821256,1.90989855,1.274260274,1.325432299,1.591736276,1.513720757,1.889950198,1.858203358,1.871642084,1.893790235,1.858448178,1.847263684,1.821412017,1.940384616,1.892000977,1.858318679,1.390795946,1.560506272,1.706999583,1.051368707,1.079352021,1.936005775,1.938883852,1.540536355,1.407417527,1.190903442,1.338853896,1.500978881,1.598922781,1.809207018,1.478922157,1.384000455,1.941749859,1.912377396,1.459311397,1.353794222,1.867965709,1.883604498,1.417809719,1.154736196,1.869408082,1.92265086,1.402937352,1.278551138,1.370378162,1.355006522,1.375247756,1.407435091,1.916188641,1.906243835,1.89720601,1.893601815,0,1.131616636,1.925835028,1.872419102,1.94100266,1.921166906,1.365028302,1.359432188,1.328240557,1.638540162,1.488835929,1.388072017,1.239697937,1.310823226,1.86541031,1.894200522,1.415921466,1.349104502,1.389840885,1.389290422,1.296573901,1.081007054,1.096722914,1.049263672,1.280077622,1.935498667,1.357597634,1.3243707,1.257805644,1.437288249,1.503295392,1.899934002,1.415585819,1.407151761,1.881961565,1.858034433,1.855595934,1.702714947,1.899045968,1.902655144,1.962595104,1.905905098,1.036975909,1.09477654,1.954203365,1.944896926,1.475656064,1.405739313,1.589438463,1.07072992,1.335300519,1.332083772,1.414313984,1.437273229,1.490820715,1.632548854,1.436852385,1.462754846,1.428337578,1.445799397,1.267972002,1.048683918,1.055287473,1.330564329,1.398213279,1.121987202,1.037937862,1.485326062,1.626599438,1.47175502,1.367867472,1.385050197,1.385760051,1.569914725,1.645822154,1.064060002,1.338437513,1.134101383,1.332772422,1.498551616,1.357213139,1.350869492,1.393448789,1.441418578,1.383601409,1.361116954,1.414087165,1.503295392,1.604004376,1.900922482,,
CD_169_V3,1.482483391,1.735686274,1.698395231,1.773300089,1.737879855,1.56318334,1.425107804,1.760909658,1.760164458,1.303233547,1.290466712,1.167954775,1.274157395,1.788070958,1.871711674,1.714153219,1.752479076,1.708959493,1.744718606,1.759019408,1.178506054,1.780932553,1.835245789,1.773497661,1.861034782,1.842253546,1.893524368,1.805979443,1.685107707,1.716693878,1.702141105,1.551709393,1.706094242,1.706202739,1.786249382,1.968489738,1.750817106,1.730811147,1.727607198,1.769652921,1.810422249,1.743173294,1.821427689,1.138782713,1.149873428,1.557252436,1.672167381,1.129138356,1.133295878,1.753637556,1.752939369,1.587785387,1.302831093,1.170698655,1.743537587,1.786006406,1.172424467,1.176226476,1.506637724,1.883219322,1.107890204,1.349672752,1.832525894,1.808141358,1.705719359,1.64702192,1.150760737,1.523915692,1.780885582,1.706357164,1.587561745,1.45841031,1.486784926,1.205339111,1.891375159,1.932208221,1.313738282,1.598876922,1.827158614,1.808816232,1.703367203,1.807852146,1.471207713,1.434715933,1.141001498,1.159671709,1.789028278,1.812248599,1.229501729,1.686780868,1.745366257,1.2651637,1.154892189,1.713326746,1.858379008,1.847968824,1.787608612,1.338876715,1.329456517,1.278461832,1.282022325,1.712971164,1.685200586,1.665057808,1.72554482,1.1171729,1.398272716,1.873031643,1.833201152,1.77420682,1.840364296,1.850142303,1.203841538,1.788306969,1.845750814,1.782129606,1.759884347,1.835427373,1.861083722,1.115920324,1.408829242,1.74577819,1.555717537,1.729438607,1.721574646,1.173032435,1.684179326,1.68052829,1.838101864,1.39087968,1.285084285,1.533317479,1.448770936,1.217316047,1.566950953,1.907139312,1.718687892,1.667541184,1.151502885,1.243092375,1.438678527,1.372368716,1.734321803,1.692266601,1.751269192,1.793256301,1.740455527,1.136639085,1.147407326,1.601047326,1.494131536,1.764815873,1.790720115,1.791640927,1.819347918,1.8116049,1.768310336,1.669302489,1.822058225,1.731362756,1.695649027,1.222167798,1.664285244,1.684616495,1.193773062,1.117274226,1.847475345,1.786600189,1.592980884,1.498419108,1.280288119,1.207572481,1.547682234,1.59146316,1.645556214,1.253607875,1.170051963,1.870844771,1.805938337,1.552986392,1.461499082,1.751927385,1.762245125,1.465655273,1.386633145,1.73518503,1.782825073,1.229138561,1.146571679,1.14531257,1.172903729,1.158323766,1.193574962,1.816705192,1.82360704,1.789768945,1.764673701,1.131616636,0,1.887066175,1.73396005,1.808266482,1.765821078,1.168486728,1.165931929,1.129399419,1.556266462,1.269683947,1.165884448,1.17778214,1.262432999,1.718106849,1.731954745,1.18878667,1.180737449,1.152877614,1.148239145,1.128297675,1.098227791,1.103932525,1.20979774,1.457261715,1.861468101,1.15636438,1.156363958,1.201589283,1.315595026,1.471207713,1.756566407,1.263881996,1.23781742,1.740477846,1.730863001,1.799239733,1.714431229,1.767364316,1.738838072,1.874484108,1.752127093,1.173691387,1.349321009,1.815139372,1.813860041,1.31494861,1.23041622,1.627415567,1.154007651,1.170102314,1.150253975,1.225232932,1.222804718,1.389014775,1.548525802,1.2186097,1.239028843,1.191217804,1.211157125,1.114573635,1.216172816,1.226909574,1.177738,1.208536407,1.423926876,1.142678066,1.31257877,1.568628929,1.231375334,1.155896808,1.23563269,1.210575478,1.368321346,1.473639959,1.071770575,1.168120609,1.065762339,1.181811324,1.283770854,1.163746688,1.131415656,1.14355149,1.357404154,1.262335455,1.178944184,1.278966968,1.471207713,1.517003223,1.820747404,,
CD_172_V1,1.915941735,1.856221479,1.88089118,1.921971381,1.885083551,1.84841812,1.863876324,1.854526651,1.843105717,1.931497286,1.930857674,1.91762349,1.927263169,1.823811589,1.896988597,1.82528497,1.826791989,1.785424953,1.851273541,1.828622302,1.940913537,1.914607252,1.870366419,1.811749514,1.884571122,1.862188216,1.92844431,1.903407652,1.789070549,1.886427165,1.868288967,1.953384405,1.968618965,1.838233665,1.866492225,1.978594315,1.866614932,1.883997695,1.850515158,1.922993267,1.948289546,1.886728607,1.905520544,1.931838567,1.930153856,1.926625212,1.94101885,1.978644121,1.963471681,1.857075906,1.866787397,1.891596874,1.981504143,1.972360989,1.864966074,1.903392785,1.957985654,1.943115998,1.793181884,1.937702057,1.913564191,1.988473511,1.830180197,1.859473325,1.810109651,1.804229148,1.892834297,1.869088402,1.896961522,1.476737179,1.332964293,1.947243873,1.955132933,1.966766802,1.940344339,1.865427739,1.917817908,1.953373964,1.866601692,1.900627381,1.800819931,1.892043771,2,1.918269292,1.972370886,1.978560084,1.8527578,1.890101495,1.960746511,1.811857998,1.848991903,1.886301915,1.915635495,1.558338914,1.471851467,1.884486267,1.871223077,1.978553949,1.98505603,1.883816128,1.909296941,1.800338253,1.828603414,1.788479293,1.84438809,1.932292515,1.9441394,1.877784456,1.881738204,1.888651464,1.863871601,1.917550398,1.957650269,1.863557308,1.850732916,1.822323635,1.796438398,1.85947715,1.832381386,1.909640799,1.985805047,1.838033232,1.873116147,1.838538253,1.819464961,1.90964737,1.857767081,1.816305525,1.934854169,1.945100339,1.929487482,1.947306105,1.925515585,1.891674736,1.933648712,1.979124987,1.805837647,1.7874013,1.893239263,1.844536982,1.96949128,1.984815928,1.819185055,1.828086749,1.850630621,1.872696682,1.839548906,1.922981467,1.940523306,1.941443039,1.934210612,1.770723009,1.808184761,1.894394522,1.874413877,1.899161576,1.879033887,1.772305631,1.81895186,1.834233475,1.80840383,1.921299644,1.926575878,1.839098503,1.977414321,1.966848445,1.895950428,1.920387,1.906374856,1.902369293,1.974540933,1.966469312,1.852362427,1.870405748,1.818856287,1.877946715,1.908363729,1.898113144,1.899008691,1.891576938,1.904835061,1.78903242,1.809700965,1.831799877,1.888907635,1.818925826,1.880401177,1.958223265,1.956007852,1.918776087,1.911125205,1.936964767,1.942749671,1.883723168,1.873300884,1.876462213,1.884036671,1.925835028,1.887066175,0,1.253454734,1.905777259,1.883094375,1.884006375,1.927218612,1.933990919,1.957009885,1.935413767,1.94294735,1.960418257,1.971246857,1.842968356,1.789938914,1.892542723,1.909069257,1.904471854,1.907659837,1.921645842,1.940957616,1.953735252,1.96821526,1.932247807,1.925401137,1.912811226,1.932769376,1.97519339,1.919758703,2,1.876050654,1.975806911,1.972540353,1.814086834,1.80195019,1.86692866,1.902832561,1.881996217,1.876394924,1.912047036,1.83100766,1.952151273,1.974712242,1.897138325,1.898602429,1.957738115,1.967209578,1.87517201,1.967601396,1.929448343,1.927107212,1.97336196,1.95388081,1.935395245,1.925600363,1.900120416,1.914619996,1.874364317,1.868195111,1.958482747,1.979095004,1.939842668,1.93962869,1.887243826,1.980099503,1.968330307,1.966340023,1.993585577,1.848765997,1.904175,1.883933856,1.914882549,1.892544743,1.947917734,1.918764686,1.891364692,1.912205981,1.95728755,1.866712069,1.867985592,1.931122659,1.923792762,1.886861903,1.955082388,1.88652301,1.878198703,2,2,1.924817106,,
CD_172_V3,1.821884205,1.707043783,1.721535982,1.847462831,1.799693973,1.621404238,1.742176669,1.485541813,1.553014359,1.842580543,1.848262052,1.806523916,1.820798189,1.4888479,1.71363663,1.498081297,1.448371835,1.441225606,1.535456459,1.470923433,1.896761222,1.660307445,1.75255261,1.645216077,1.779263842,1.747833786,1.805742751,1.768982677,1.673364543,1.542774373,1.547098008,1.884444905,1.885557545,1.608835321,1.664585068,1.943406299,1.602566548,1.797341195,1.697757144,1.633536238,1.819564259,1.699780824,1.631983588,1.853251364,1.867282458,1.842266239,1.877366515,1.951410361,1.90044663,1.631169879,1.623087141,1.824804377,1.969596812,1.956661358,1.532033367,1.525665415,1.827462619,1.79840557,1.899722559,1.823030594,1.80127161,1.981834505,1.765502526,1.782708895,1.454734952,1.419422779,1.791967957,1.60140735,1.631779214,1.365882002,1.271445951,1.911598278,1.924516512,1.926098755,1.671534981,1.847142201,1.810229548,1.918012854,1.583341374,1.651444389,1.511839853,1.754325957,2,1.801087078,1.951727216,1.964580194,1.550467821,1.613002789,1.928994673,1.591400325,1.682064107,1.760097111,1.831975446,1.493707407,1.627768068,1.793725631,1.703494144,1.965011602,1.975736784,1.72827859,1.676392087,1.51907426,1.597770181,1.578619673,1.535723557,1.862411721,1.876222228,1.886612585,1.605180199,1.629005622,1.66718052,1.625541914,1.912964584,1.587845953,1.728023687,1.40227996,1.453106619,1.701419785,1.701631005,1.786393803,1.973341842,1.618932685,1.631131864,1.545386663,1.527611627,1.685343838,1.646777298,1.594008956,1.79887817,1.885656251,1.822217158,1.89450294,1.83936671,1.831085133,1.690876452,1.778543184,1.517801129,1.509465174,1.705032775,1.581368967,1.924717413,1.976392845,1.515060674,1.545792309,1.577192984,1.68401268,1.589458188,1.796439325,1.869193154,1.911750931,1.893001057,1.459097404,1.548948602,1.703473423,1.74044267,1.688916922,1.658369629,1.503575431,1.6156077,1.369807999,1.356857637,1.835378665,1.825795818,1.6274344,1.961971884,1.941518501,1.817378922,1.745587229,1.749946862,1.74308364,1.965897101,1.939937441,1.701036447,1.628478538,1.506828085,1.706838413,1.791212911,1.755410735,1.69785671,1.667037001,1.704206926,1.752851836,1.648579988,1.537872942,1.781265681,1.516582436,1.65493406,1.911758683,1.928568797,1.809592244,1.823112852,1.861121086,1.85696373,1.764762007,1.702175436,1.628791083,1.580341591,1.872419102,1.73396005,1.253454734,0,1.545374015,1.533813398,1.753492566,1.843512731,1.848870427,1.911424229,1.804084172,1.860159301,1.918272029,1.941570227,1.583531986,1.524670711,1.713245477,1.784779871,1.763944216,1.773199359,1.826110102,1.838031681,1.900948405,1.945000639,1.817740687,1.74112512,1.814203992,1.876096821,1.949392408,1.817612704,2,1.670760482,1.952701053,1.910027636,1.462738986,1.479821529,1.773959959,1.695757229,1.522791249,1.526540007,1.781674064,1.417184105,1.902444915,1.963753079,1.670637072,1.737756732,1.909868795,1.924688832,1.737699206,1.936854362,1.858780552,1.86700586,1.946522253,1.890307236,1.880789041,1.872818042,1.77492963,1.797256687,1.717433681,1.690778096,1.902924334,1.959334339,1.891647508,1.863657765,1.722344655,1.962880988,1.943499122,1.91708822,1.989876496,1.615100621,1.817462112,1.807256185,1.866787865,1.73581962,1.891601959,1.822713935,1.7353616,1.794496141,1.902549326,1.700818815,1.728801289,1.832842342,1.805514076,1.80172388,1.926773401,1.782939927,1.777344931,2,2,1.858114288,,
CD_176_V1,1.69650787,1.674585126,1.660808533,1.649090548,1.576386132,1.835874905,1.875881122,1.511836143,1.389042783,1.647310586,1.695198716,1.725259901,1.728745121,1.516266367,1.61049154,1.43137722,1.3692054,1.537017282,1.444757789,1.564554011,1.889136475,1.58120142,1.885502325,1.716405633,1.8419454,1.65208131,1.590015294,1.820318059,1.835653245,1.634899783,1.59369938,1.903934027,1.862575958,1.496562961,1.577000116,1.914991312,1.522407345,1.868605557,1.708915197,1.41992686,1.744284824,1.720105574,1.538731725,1.873619947,1.876317817,1.704619812,1.721622195,1.957271023,1.956032309,1.615012226,1.60853452,1.926393911,1.985297741,1.975502395,1.439097748,1.482025526,1.774739079,1.751253742,1.962496012,1.70101994,1.787856354,1.981557275,1.617130977,1.521048242,1.436950909,1.468402759,1.852809784,1.586127785,1.528731452,1.714364328,1.807073268,1.957726203,1.950271033,1.835496323,1.495182229,1.632671857,1.832974054,1.934933362,1.625944547,1.528338123,1.639698929,1.773319924,2,1.814143382,1.974644014,1.986024739,1.425538674,1.518553245,1.932758804,1.433314431,1.466330989,1.791773871,1.87443592,1.805363567,1.955611653,1.82746927,1.72436206,1.98559996,1.987494646,1.71974636,1.684633409,1.54757462,1.586451299,1.66849873,1.430017214,1.796989564,1.893091328,1.823971513,1.62546527,1.55013068,1.744383526,1.758726037,1.943496061,1.545228607,1.715943834,1.575851821,1.519495921,1.78989993,1.765487881,1.773043634,1.890823468,1.804041531,1.626708842,1.368097211,1.437099254,1.750339666,1.740038816,1.648102194,1.738467673,1.901833107,1.807375001,1.864652111,1.718015451,1.853366882,1.712598224,1.905181041,1.45021221,1.578148754,1.78300076,1.720045668,1.657041507,1.976727498,1.555474161,1.576777591,1.436656176,1.694767314,1.500844208,1.733858637,1.826043989,1.983985312,1.976536005,1.603599389,1.699429493,1.62378681,1.605642928,1.743930797,1.662396228,1.514505624,1.471173734,1.633023202,1.558054176,1.864497162,1.842037818,1.688773021,1.941272832,1.89320327,1.42504903,1.481398235,1.588505432,1.673052547,1.963604612,1.941143591,1.709912405,1.589120255,1.523385054,1.685713005,1.797303186,1.379519514,1.429258943,1.494556638,1.605953124,1.741708541,1.639156084,1.590024118,1.856266654,1.558477471,1.609502285,1.923401794,1.899437298,1.814250917,1.882699881,1.730807017,1.604964652,1.688232409,1.457767343,1.712460076,1.659866946,1.94100266,1.808266482,1.905777259,1.545374015,0,1.187223449,1.810634447,1.843984408,1.801296078,1.893195843,1.795465588,1.769361898,1.951287799,1.961145819,1.569587448,1.514212259,1.773748779,1.849403743,1.779589597,1.741592852,1.873178898,1.871804748,1.886679276,1.94261595,1.846344484,1.796720599,1.838585023,1.882367491,1.933743595,1.867912699,2,1.65876057,1.938753905,1.922197649,1.527169259,1.572800668,1.611148588,1.694744905,1.584528832,1.433866483,1.564953726,1.458071108,1.931456422,1.984558999,1.706168932,1.719825184,1.904403149,1.837484232,1.808459629,1.952942686,1.875308152,1.836610797,1.900768709,1.862332283,1.921445618,1.921082405,1.786028715,1.71146509,1.709230672,1.681038135,1.813873353,1.963366521,1.933453553,1.878080018,1.743643497,1.972947481,1.937995385,1.921382884,1.995541199,1.703997993,1.767109013,1.89267565,1.880935565,1.734314614,1.858148795,1.903171615,1.830462379,1.864362499,1.903946422,1.763476197,1.786116344,1.820276066,1.72968495,1.840396535,1.952014301,1.828067693,1.886331383,2,1.999922505,1.753189703,,
CD_176_V3,1.650908605,1.522355822,1.528573985,1.662117622,1.552437297,1.712818786,1.792638606,1.499925927,1.370371256,1.648985987,1.686269507,1.678002969,1.709533977,1.421562593,1.501936605,1.392774008,1.433855914,1.399804309,1.388058636,1.529223799,1.871059579,1.503292446,1.786579911,1.662084683,1.771223101,1.671041821,1.648241042,1.799473216,1.819073749,1.54981676,1.495326859,1.873421284,1.842129933,1.428665574,1.545170136,1.90812743,1.354466587,1.795198932,1.641905127,1.49518815,1.765899739,1.540930875,1.524801482,1.854641784,1.862156285,1.703321368,1.734435436,1.957544254,1.942589361,1.561701814,1.541385985,1.821171958,1.980027959,1.968063411,1.403686903,1.457282611,1.741743143,1.79844016,1.96278273,1.716869871,1.77329827,1.973881748,1.61909809,1.595686179,1.461946941,1.490884964,1.768809155,1.5931095,1.589666937,1.718824073,1.774652459,1.946370345,1.948412673,1.875537846,1.635643994,1.731210722,1.794612558,1.921469085,1.559503784,1.458822098,1.482616597,1.699201979,2,1.814673884,1.955056094,1.972807541,1.404465723,1.488112417,1.921235898,1.395105918,1.458925178,1.759842189,1.8473218,1.755360714,1.954063399,1.751566639,1.633978132,1.973712059,1.972355061,1.602253771,1.632321183,1.436682733,1.545278685,1.460631886,1.414139971,1.824328444,1.858315426,1.818161491,1.566698306,1.535296724,1.586358254,1.668731612,1.864873919,1.544822603,1.648625197,1.499319251,1.436835742,1.68190533,1.641279888,1.707405969,1.870191097,1.70823817,1.52080335,1.324453362,1.359068229,1.7639001,1.604345816,1.468856641,1.744003858,1.879207366,1.750582482,1.851427053,1.734708401,1.836325881,1.622700676,1.910263229,1.380610102,1.524292927,1.63643509,1.551165598,1.850403959,1.968600944,1.574241329,1.550710698,1.442935997,1.604737469,1.423406699,1.75001976,1.835185236,1.916644869,1.901369379,1.485431009,1.642118988,1.615597722,1.577614207,1.721086711,1.633711002,1.416329664,1.457583048,1.526533527,1.454770321,1.754062848,1.807047877,1.553639548,1.892498009,1.820983894,1.503017518,1.451647451,1.556812168,1.604151295,1.950044298,1.932872657,1.569840139,1.428795415,1.472087622,1.60354705,1.729677036,1.500843609,1.492547813,1.529203381,1.582247049,1.663955087,1.553851779,1.442978651,1.792368148,1.576192655,1.485009443,1.922443486,1.899713323,1.712525545,1.767691731,1.74467248,1.664548277,1.686795182,1.531241825,1.631887266,1.563787824,1.921166906,1.765821078,1.883094375,1.533813398,1.187223449,0,1.786481389,1.842633668,1.796522307,1.904349069,1.790211326,1.780988326,1.925552951,1.944082113,1.537389125,1.502853843,1.76183516,1.802042292,1.777513278,1.741716845,1.826325058,1.84691569,1.857741454,1.925142801,1.795327695,1.719264357,1.74787919,1.848360563,1.888617338,1.805323438,2,1.54725506,1.913162776,1.885283428,1.438870844,1.423152838,1.612983539,1.633227145,1.52924929,1.431737426,1.746324734,1.400438542,1.92262372,1.976977469,1.549477825,1.624548863,1.846333302,1.836928835,1.752743571,1.891523395,1.804165398,1.82099722,1.921882792,1.861697459,1.874841539,1.895546978,1.755920353,1.731943849,1.590047971,1.613470476,1.809970258,1.950806415,1.916517032,1.841217978,1.626676495,1.96296139,1.942379436,1.901668344,1.994081172,1.553197221,1.7453613,1.846080644,1.827708231,1.691976611,1.788837692,1.863991104,1.788230832,1.816033855,1.893294885,1.579496009,1.697574416,1.837470894,1.776058619,1.830237513,1.924196258,1.696566573,1.760249761,2,1.999663736,1.70949684,,
CD_181_V1,1.403496669,1.814145699,1.84084647,1.714815965,1.67689552,1.881763253,1.899677366,1.680602873,1.781474998,1.227637179,1.221518178,1.135815725,1.254499142,1.767085716,1.856018587,1.794557115,1.796874806,1.59729954,1.726571644,1.761054948,1.087283984,1.857764085,1.887120232,1.733579972,1.815420067,1.88155338,1.886384265,1.928938381,1.920723214,1.738676432,1.71942266,1.960894057,1.955760584,1.516391721,1.562928158,1.90418108,1.721690611,1.916045219,1.808552679,1.844648551,1.90846593,1.903063043,1.832237484,1.060592338,1.067544872,1.450950363,1.575916585,1.12887717,1.106958005,1.816152936,1.841450522,1.679027338,1.40763625,1.152190956,1.684431102,1.787785667,1.118228433,1.119055488,1.973778116,1.886855867,1.140980346,1.605471706,1.77569924,1.800847468,1.762140968,1.795220876,1.091027313,1.801557234,1.84988587,1.894876776,1.908605052,1.955372623,1.945114895,1.121682493,1.886457998,1.932868769,1.281839609,1.554768689,1.61128328,1.789084295,1.694663308,1.803557916,1.35138569,1.905395595,1.13805617,1.199276574,1.759720708,1.878285378,1.484477473,1.706822165,1.757563739,1.251148329,1.090259166,1.917882873,1.9797513,1.862982535,1.760493929,1.602156011,1.577007641,1.267839727,1.259082885,1.739548927,1.818845372,1.707070785,1.726873033,1.26817485,1.893415117,1.881915841,1.77746395,1.743599669,1.868955665,1.915425309,1.393641254,1.726338543,1.893279214,1.749661499,1.728075941,1.901649899,1.86520483,1.105110806,1.320245672,1.83613028,1.79836607,1.808229836,1.726932331,1.184316119,1.771288871,1.769518292,1.882542511,1.907732233,1.255119828,1.515471275,1.305897748,1.072414283,1.907445559,1.96249211,1.677002444,1.685874071,1.15442165,1.271792219,1.365493433,1.647288767,1.7669236,1.816620922,1.744447889,1.855777312,1.801799158,1.177901011,1.109404265,1.627534017,1.48582724,1.57969176,1.733561021,1.770699467,1.791255351,1.788687464,1.646603332,1.684622552,1.673069965,1.764339056,1.678766727,1.222678858,1.913275271,1.845970858,1.373353766,1.215337984,1.890937216,1.800462453,1.825659718,1.866305275,1.412529697,1.124995789,1.848605979,1.846155685,1.748496499,1.320214847,1.173451363,1.907804414,1.861956905,1.835869763,1.822614663,1.81477288,1.825997197,1.682891655,1.87270464,1.766775005,1.835605492,1.187930097,1.140313255,1.130252764,1.130433946,1.082515145,1.11315657,1.86406379,1.840924914,1.847709777,1.807992329,1.365028302,1.168486728,1.884006375,1.753492566,1.810634447,1.786481389,0,1.033861132,1.068332982,1.535824773,1.218710447,1.120281956,1.195021243,1.277644818,1.832153483,1.780642894,1.192754319,1.168006758,1.120620052,1.133305598,1.075463976,1.253459254,1.143973506,1.391346385,1.860314052,1.900714515,1.112278085,1.089358106,1.217799004,1.392830617,1.35138569,1.813272775,1.185265768,1.165272812,1.744018034,1.730134786,1.900481153,1.825735871,1.698975864,1.736409592,1.863988044,1.692806,1.422458421,1.614729835,1.898827902,1.893959423,1.269054543,1.173930519,1.874023574,1.25733488,1.093785933,1.051742993,1.159655728,1.174376584,1.408407481,1.58718487,1.217906247,1.224284548,1.175075007,1.191051469,1.110767006,1.431303723,1.504940141,1.120268134,1.227498218,1.826752195,1.319634894,1.272053234,1.480806073,1.223583778,1.064330013,1.17812895,1.175632121,1.364370321,1.387598816,1.192785114,1.197622624,1.158358906,1.133986549,1.302887334,1.130138437,1.077823772,1.109962437,1.368269312,1.19687025,1.148856022,1.269380381,1.35138569,1.434115188,1.747173945,,
CD_181_V3,1.404533608,1.881300663,1.897378466,1.713678818,1.751234801,1.935227349,1.944941128,1.757890551,1.849823195,1.222031545,1.215633071,1.139481284,1.251983007,1.858766584,1.895115906,1.858164758,1.839390016,1.780900358,1.827786156,1.807343832,1.083288699,1.791764857,1.948379309,1.849884825,1.886744929,1.892774584,1.911371543,1.956433255,1.945087967,1.84216097,1.819665833,1.977115991,1.974031391,1.621545777,1.621217443,1.934907817,1.78510588,1.932174109,1.877597602,1.87042716,1.914712129,1.909671083,1.862021903,1.05871655,1.064703556,1.432949069,1.546976739,1.11526097,1.093902674,1.841682263,1.870528652,1.684324885,1.394958744,1.135139379,1.758199425,1.820832263,1.104105495,1.11648706,1.988346959,1.669285201,1.129683792,1.595819692,1.842440862,1.819897951,1.84934864,1.879835324,1.090332936,1.843959372,1.874999064,1.926533685,1.943522282,1.97063406,1.967808076,1.111924094,1.884095192,1.945912431,1.285869618,1.555653114,1.781624459,1.842123532,1.829409141,1.846724077,1.329737481,1.938724333,1.120109059,1.180993619,1.849525938,1.887953038,1.478174595,1.800676447,1.867021426,1.247088759,1.09007111,1.954647811,1.985918146,1.930045079,1.876597441,1.594344839,1.568240657,1.272372484,1.259790251,1.825924935,1.858209501,1.798288427,1.781255249,1.267811122,1.932722079,1.90704891,1.835728692,1.762033558,1.913504948,1.926178766,1.381320813,1.796618212,1.917024811,1.847615939,1.831114297,1.9354882,1.933625199,1.107660939,1.284021331,1.904219657,1.851471111,1.858032743,1.839301878,1.180015398,1.813005842,1.83079675,1.898173395,1.939828591,1.246290833,1.505499289,1.315848245,1.091309911,1.93252317,1.971800201,1.752885197,1.771252724,1.161921211,1.288736228,1.34739615,1.640113267,1.843893129,1.850862681,1.784638516,1.906668862,1.892391958,1.173146777,1.104711632,1.628320879,1.49193325,1.765921048,1.8363868,1.816815273,1.807137946,1.865616585,1.768462283,1.804137244,1.827181753,1.839299448,1.761208821,1.223081345,1.951579563,1.909243173,1.360452051,1.204769929,1.929621964,1.893078851,1.87253215,1.890614143,1.400593437,1.111640085,1.91621252,1.899082262,1.835610071,1.330728117,1.178142952,1.925362691,1.869315676,1.909518367,1.911729112,1.892756666,1.898311576,1.812872396,1.926325657,1.843920972,1.891826033,1.174079695,1.1245648,1.129274525,1.123296672,1.076510248,1.110627095,1.908938992,1.898823323,1.89184998,1.896660552,1.359432188,1.165931929,1.927218612,1.843512731,1.843984408,1.842633668,1.033861132,0,1.065213332,1.530271931,1.219504869,1.111112219,1.184866649,1.268523754,1.88109584,1.852167222,1.198355446,1.168529128,1.11904235,1.132397844,1.087162209,1.215189649,1.137582935,1.380854026,1.926604651,1.929088137,1.11064852,1.083026328,1.211201015,1.392472094,1.329737481,1.883041176,1.17376079,1.152098385,1.851561186,1.85054778,1.88427369,1.809362602,1.785283378,1.793169056,1.896449999,1.799179806,1.41713904,1.604044245,1.941802876,1.940676375,1.239479657,1.152694515,1.938779515,1.246781771,1.085240092,1.053517686,1.149496119,1.171985757,1.39730509,1.584982988,1.22345944,1.221294066,1.174015656,1.192410018,1.104550449,1.424542986,1.499889366,1.112485922,1.225204894,1.828710332,1.306841864,1.261320632,1.465224323,1.250655517,1.075324922,1.181783406,1.178758078,1.36988331,1.36181595,1.191561722,1.195233449,1.156396421,1.113934059,1.337751682,1.141070036,1.07212619,1.10541583,1.35260439,1.185420179,1.144663882,1.27538891,1.329737481,1.41808354,1.739835222,,
CD_182_V1,1.408545453,1.782653987,1.813813461,1.784739501,1.781667646,1.895546621,1.89552728,1.823527048,1.839945552,1.221945997,1.2074421,1.107050759,1.211583377,1.883195933,1.872464441,1.831820092,1.839607024,1.735028192,1.756267393,1.750646847,1.063846313,1.814529168,1.900029727,1.758027464,1.860845279,1.855653085,1.881118679,1.942679414,1.929151693,1.818458414,1.776478724,1.948463908,1.958932255,1.730642306,1.739212599,1.926463417,1.809053881,1.780788562,1.765920948,1.788244453,1.871030166,1.825337043,1.818616963,1.045002254,1.051709867,1.49782957,1.640791003,1.107294981,1.089722095,1.740323161,1.7908551,1.563376528,1.385935555,1.135044514,1.699560614,1.756499728,1.083111792,1.088767796,1.953567079,1.93217763,1.092464967,1.572969169,1.811891531,1.784186053,1.789951882,1.817699358,1.0667065,1.824038864,1.829825663,1.910442702,1.920762359,1.91302522,1.923802641,1.088599047,1.882924795,1.935778487,1.259256479,1.536571664,1.789254486,1.830488445,1.790354357,1.838912417,1.349588301,1.890228719,1.117840889,1.180232595,1.82899183,1.809632924,1.437232167,1.754961762,1.814231352,1.185063692,1.056866282,1.929780752,1.979338338,1.909912281,1.846481566,1.576932334,1.553648974,1.236294738,1.224260538,1.73756555,1.707651279,1.77051243,1.773409977,1.22035012,1.86062087,1.836589023,1.83840342,1.736651937,1.855575788,1.805662386,1.351795792,1.748599803,1.883390784,1.823352287,1.818278693,1.801312133,1.862263264,1.065898293,1.346961854,1.740640406,1.808692838,1.769797774,1.759789367,1.143570924,1.737804764,1.804826139,1.838389996,1.856802088,1.208914997,1.454906101,1.366616287,1.115443034,1.868147671,1.951703812,1.754207484,1.766418417,1.107993467,1.226519127,1.301672932,1.617487539,1.829329788,1.788895457,1.774080576,1.849342792,1.83737573,1.114131213,1.049212607,1.556579303,1.429136804,1.763493025,1.791404298,1.768854126,1.80945347,1.828236541,1.7426163,1.818352848,1.843861098,1.785411385,1.693245642,1.156390676,1.925127308,1.886406366,1.342348471,1.187710136,1.87368847,1.808437321,1.81783516,1.804476815,1.383830054,1.111243818,1.88252347,1.868080738,1.770775882,1.262823909,1.139712978,1.894884778,1.832995976,1.860261886,1.867387006,1.81841178,1.766240598,1.776421852,1.887212072,1.830518074,1.878698547,1.165238553,1.102365836,1.07473955,1.080437875,1.061516184,1.100737419,1.863821837,1.831746811,1.825177971,1.849488545,1.328240557,1.129399419,1.933990919,1.848870427,1.801296078,1.796522307,1.068332982,1.065213332,0,1.461332425,1.202688375,1.096512452,1.168768164,1.256834944,1.769516197,1.784302772,1.143316002,1.123085889,1.087345395,1.090393668,1.064767722,1.222367602,1.130693797,1.367292647,1.879228726,1.905541951,1.077482616,1.067761253,1.197887764,1.357995013,1.349588301,1.797390015,1.165088546,1.142425568,1.754040725,1.751270271,1.867677995,1.828354969,1.734255888,1.769059478,1.793281088,1.734304236,1.38355893,1.582050186,1.844637863,1.89419477,1.249200334,1.126542205,1.924207029,1.238024704,1.07164873,1.046944496,1.141827256,1.151060817,1.315245009,1.475615026,1.197232751,1.193459861,1.124419682,1.135649412,1.087728851,1.404717362,1.441779537,1.090228243,1.167931592,1.790155832,1.278118032,1.25314739,1.47504426,1.172270159,1.062414195,1.158362477,1.160137544,1.28895649,1.423933049,1.168296663,1.159298253,1.125663292,1.117141277,1.300161478,1.131589705,1.053907905,1.068165073,1.272486553,1.154425821,1.097758045,1.221652047,1.349588301,1.42272391,1.815027398,,
CD_182_V3,1.635916568,1.926146424,1.922926174,1.889043363,1.892004489,1.938679916,1.945249139,1.961452309,1.954792088,1.63574845,1.600149529,1.554962451,1.615460693,1.965586864,1.963521401,1.945428749,1.957112121,1.886832177,1.877406855,1.869903821,1.490682479,1.933227486,1.951969022,1.88188058,1.91027385,1.927174095,1.941078847,1.990363799,1.985747954,1.932044258,1.914739401,1.990052532,1.992713755,1.919374989,1.929822614,1.980192423,1.946601461,1.819051073,1.805583227,1.909843583,1.926744666,1.903898737,1.902692565,1.496666537,1.502447744,1.680074311,1.793196042,1.548902904,1.5237416,1.831145909,1.897889762,1.761268233,1.712994,1.539909906,1.838534649,1.859407156,1.502312021,1.363389652,1.991150107,1.931428729,1.506608222,1.7948879,1.807769672,1.791267397,1.887990737,1.912021294,1.513285169,1.945718825,1.928173643,1.962232805,1.980614749,1.923644733,1.958902961,1.524676351,1.908171727,1.964178306,1.654933959,1.799348574,1.908626518,1.897131658,1.914204397,1.922870725,1.631601924,1.868847179,1.532494899,1.570071053,1.910813494,1.890168725,1.725934786,1.890829314,1.924012765,1.602503322,1.51241209,1.985914122,1.995290967,1.963832879,1.944575926,1.800203734,1.792799257,1.660273582,1.660744946,1.874463562,1.809902941,1.896078413,1.918127606,1.635726243,1.924951138,1.8112685,1.895542257,1.850677857,1.954136517,1.944680975,1.606741325,1.912870824,1.930219287,1.939370467,1.93571969,1.609860202,1.673902103,1.394555081,1.675971343,1.872619079,1.940521525,1.87699665,1.883159711,1.601698263,1.822572409,1.907626739,1.839109606,1.827129122,1.616715737,1.730930904,1.582685311,1.517364005,1.942269845,1.946980852,1.922402985,1.836650223,1.493440322,1.592297303,1.642459913,1.82092199,1.913039986,1.904667847,1.925609981,1.934159989,1.9415911,1.577365833,1.499355548,1.736871435,1.67067128,1.897274338,1.893411802,1.888974567,1.908492304,1.803273372,1.857607435,1.945572066,1.952144747,1.907665761,1.864812378,1.536228727,1.978467483,1.940322032,1.687040336,1.604158455,1.946633892,1.922127969,1.916169489,1.904761828,1.709328533,1.526350884,1.950116207,1.941677578,1.864355392,1.569383248,1.56316544,1.96108166,1.917491739,1.956864477,1.962957962,1.922167828,1.878738218,1.903467428,1.961338275,1.913036996,1.964444302,1.598978959,1.552190217,1.483208063,1.465080748,1.465163216,1.533050653,1.851471476,1.835777199,1.925058307,1.932407718,1.638540162,1.556266462,1.957009885,1.911424229,1.893195843,1.904349069,1.535824773,1.530271931,1.461332425,0,1.646439414,1.559853314,1.60171265,1.654645217,1.882814352,1.901803856,1.592274622,1.545332311,1.557748018,1.559661608,1.525865837,1.638401473,1.551590674,1.684403896,1.966267862,1.960224226,1.486315081,1.492818905,1.624061676,1.718707467,1.631601924,1.914795237,1.566277358,1.562217058,1.872151068,1.887431691,1.937274427,1.948216683,1.89283405,1.908242358,1.908301552,1.893124105,1.68519742,1.76074364,1.952922595,1.969634381,1.498153774,1.524673321,1.984097277,1.601611453,1.479862657,1.494024795,1.569506103,1.592533212,1.645545661,1.727983583,1.624083282,1.512141883,1.571671454,1.572631963,1.544612213,1.720584942,1.698081923,1.517045891,1.587737216,1.909706518,1.642907812,1.650670976,1.736945197,1.534988575,1.522456384,1.569405256,1.579288379,1.679402637,1.732790146,1.589249624,1.58386727,1.583985715,1.526884777,1.679839224,1.562525285,1.520938091,1.531143732,1.563409881,1.550098567,1.516061369,1.596674309,1.631601924,1.723123322,1.726582078,,
CD_186_V1,1.474253069,1.889353859,1.891444894,1.881499525,1.878492404,1.95212058,1.959397458,1.83869934,1.78810909,1.376222113,1.338365589,1.231742573,1.348329557,1.801201743,1.88800075,1.697380439,1.804684877,1.766497529,1.769105205,1.647746873,1.238516792,1.850397524,1.930508178,1.870842834,1.926086161,1.884505845,1.883979006,1.926489281,1.92937879,1.659950467,1.742535595,1.928109034,1.934664256,1.776984781,1.788935259,1.969375611,1.810694651,1.887833435,1.846234165,1.848118756,1.920619779,1.852793063,1.856539959,1.20618374,1.208682158,1.602185559,1.77001352,1.265665868,1.241218226,1.863140742,1.819738492,1.729736398,1.53578623,1.313060206,1.732237056,1.747457179,1.226637917,1.216113307,1.983572707,1.952596677,1.230966935,1.706126419,1.907581063,1.864864586,1.847261681,1.823561102,1.214348498,1.823246451,1.87085004,1.918667861,1.938936966,1.929845273,1.967548951,1.250971854,1.803436675,1.93085699,1.381961159,1.666319205,1.842953097,1.787989513,1.80714968,1.888619822,1.531521352,1.916208444,1.286610805,1.352533932,1.626889135,1.809527242,1.599637178,1.808632832,1.867574881,1.314015486,1.201247739,1.917633451,1.990903537,1.638226367,1.650774429,1.702927932,1.689416859,1.335357338,1.283482408,1.784849899,1.803464297,1.820547898,1.786288967,1.375427417,1.869769336,1.921580138,1.787457162,1.787366074,1.863552762,1.798268058,1.501920387,1.853955357,1.902525633,1.762295694,1.838855542,1.918913756,1.923883269,1.21877589,1.495861331,1.881444993,1.806066573,1.751706712,1.768047637,1.219232825,1.776504765,1.775871686,1.868556499,1.941636813,1.35303595,1.602413315,1.519281239,1.267387621,1.778990553,1.783452414,1.800008395,1.724796303,1.219916148,1.281726839,1.464844445,1.746375887,1.822002382,1.774370833,1.801053768,1.902434761,1.834305499,1.245218636,1.218369988,1.710681317,1.604990021,1.753386346,1.818532316,1.84863492,1.856491455,1.86053593,1.83953309,1.839024096,1.846452611,1.709548985,1.737708098,1.312687445,1.950101892,1.887863874,1.491195106,1.313146069,1.920848293,1.885080523,1.878304683,1.852780261,1.51512215,1.271064581,1.724226242,1.741119613,1.761689569,1.374357943,1.235650856,1.874508471,1.854675354,1.873988533,1.870648479,1.81347832,1.877746843,1.832617771,1.922182508,1.822041232,1.788188491,1.301714889,1.253124302,1.218318997,1.239287587,1.215298778,1.243033162,1.871729054,1.801504151,1.834557216,1.80501758,1.488835929,1.269683947,1.935413767,1.804084172,1.795465588,1.790211326,1.218710447,1.219504869,1.202688375,1.646439414,0,1.063184597,1.321325898,1.402634066,1.787703113,1.638699889,1.255467288,1.253567394,1.205844033,1.207520033,1.215015507,1.365914646,1.294544933,1.527583243,1.92895326,1.926644358,1.214458665,1.210696942,1.333007573,1.456201518,1.531521352,1.744092082,1.314353092,1.276338265,1.797086292,1.764850936,1.881124929,1.846673143,1.735533231,1.817556033,1.839870552,1.718285406,1.521848515,1.722094366,1.892753125,1.913663967,1.411082735,1.313604851,1.923679564,1.400679309,1.240404441,1.209605433,1.29310713,1.287892629,1.488117975,1.629861763,1.26735756,1.269038957,1.215766677,1.22583468,1.198712821,1.541075451,1.595605316,1.249182059,1.311284225,1.848672483,1.441289693,1.385138634,1.617964086,1.290336232,1.211943835,1.315888694,1.299001426,1.3958586,1.564876885,1.298567326,1.20312606,1.219590983,1.249486221,1.409638315,1.270034377,1.189937681,1.198592878,1.458267396,1.32694074,1.269159091,1.373812585,1.531521352,1.562882542,1.887339813,,
CD_186_V3,1.472314974,1.90195452,1.897793236,1.895135125,1.895628179,1.94810587,1.951452591,1.879221708,1.831018674,1.298812843,1.275419021,1.13005674,1.252465773,1.818536158,1.902065791,1.727072623,1.798183395,1.798976318,1.75064226,1.737039719,1.120446388,1.857109132,1.926212032,1.888726063,1.92777543,1.866428139,1.865503749,1.96215166,1.956149995,1.827553654,1.821981886,1.952745242,1.960701048,1.78548939,1.82707935,1.975864105,1.804539881,1.855796307,1.835338681,1.876536448,1.91387381,1.827995127,1.867669705,1.087505875,1.09141601,1.575016134,1.729574243,1.148262687,1.136852943,1.861002798,1.867873116,1.65942114,1.432011576,1.183698456,1.813403534,1.851646518,1.118051933,1.127861037,1.989438631,1.953295213,1.13646481,1.628759707,1.906828572,1.875177563,1.843669439,1.86140179,1.104385903,1.878964523,1.875265273,1.924217729,1.941687095,1.950657219,1.975318288,1.134392466,1.909551558,1.91749923,1.280674519,1.576752077,1.848224074,1.796788825,1.825242113,1.884223649,1.407047266,1.935069205,1.16324316,1.228626112,1.748445937,1.834351537,1.508579465,1.826536305,1.872346288,1.24294112,1.106414944,1.948904918,1.985717334,1.651598695,1.680133112,1.628146874,1.606952052,1.248369139,1.248770007,1.795455906,1.804997904,1.802844553,1.763398848,1.276892174,1.875311791,1.925182441,1.869758719,1.840734717,1.867248138,1.888019367,1.395645589,1.854148419,1.897338202,1.855695459,1.845613193,1.920379389,1.918555295,1.112574823,1.390656972,1.871508513,1.840855424,1.792603907,1.79335582,1.161602251,1.828193282,1.802961893,1.889463983,1.946364643,1.251761349,1.518819511,1.449822025,1.149702771,1.89667496,1.968975551,1.809321954,1.705667804,1.139670228,1.22965935,1.359019457,1.674309013,1.814788557,1.780038842,1.82327724,1.88416724,1.846085529,1.166735661,1.116107178,1.63466613,1.512709432,1.807324502,1.848255844,1.853390043,1.839980233,1.917037067,1.86837197,1.832106112,1.866741641,1.830650081,1.806544315,1.212644953,1.957007054,1.907205424,1.393277009,1.223010648,1.909840518,1.882994149,1.910689458,1.889489618,1.426019378,1.150537977,1.816245385,1.808853483,1.756900572,1.288009288,1.159977544,1.83088213,1.814573554,1.880921178,1.878571785,1.829000067,1.864881342,1.848470858,1.924017161,1.815391673,1.825012943,1.203837389,1.151413558,1.118432912,1.13043568,1.105764599,1.120714952,1.860551309,1.816788961,1.878098272,1.884760326,1.388072017,1.165884448,1.94294735,1.860159301,1.769361898,1.780988326,1.120281956,1.111112219,1.096512452,1.559853314,1.063184597,0,1.209881155,1.29579428,1.813320665,1.734982504,1.188855938,1.174467948,1.112627003,1.117186965,1.11123554,1.266234602,1.185325965,1.429603793,1.949694744,1.931176631,1.111464358,1.100618618,1.231295287,1.377426543,1.407047266,1.810797849,1.198121292,1.180943275,1.796321909,1.792089214,1.859857179,1.852549765,1.850771889,1.864304477,1.877113036,1.773101335,1.451081252,1.6422698,1.887047833,1.914332265,1.310080115,1.201767653,1.948676888,1.283118042,1.119728455,1.096107102,1.171507295,1.182883037,1.38615583,1.550665312,1.190354497,1.177303884,1.154179303,1.180771239,1.09514882,1.449131993,1.518910613,1.133492134,1.214099445,1.832960575,1.338281745,1.287652538,1.517903161,1.228319236,1.11010685,1.205425272,1.1929832,1.370231466,1.499021689,1.203791771,1.16895998,1.147524551,1.151018203,1.336156836,1.180820353,1.090125747,1.106887488,1.354257682,1.214146446,1.155578261,1.268712238,1.407047266,1.460709684,1.894396666,,
CD_190_V1,1.596257118,1.916731957,1.912140334,1.97084156,1.957552121,1.663260319,1.561548015,1.958260619,1.935863984,1.420275694,1.387664844,1.235245884,1.357990218,1.93704051,1.940317303,1.923337998,1.944793145,1.874147374,1.907532244,1.916823871,1.177892599,1.929413241,1.944658244,1.935089837,1.955540327,1.959446495,1.972103849,1.84771885,1.766535929,1.932673923,1.91886639,1.453307835,1.637567107,1.922701439,1.942635011,1.989151933,1.925712621,1.934430692,1.934018186,1.93850144,1.918492997,1.905041274,1.937205936,1.155734799,1.161477817,1.667294058,1.811222587,1.075518151,1.132941306,1.93731427,1.942639414,1.696030089,1.107796103,1.079364262,1.935037672,1.952411265,1.186494484,1.209821116,1.597369044,1.972305256,1.193446083,1.387549938,1.951010706,1.955391169,1.932279517,1.931218326,1.176407542,1.741452877,1.937963809,1.799467351,1.647514509,1.591283976,1.618860613,1.209644526,1.974230826,1.983837141,1.373621267,1.617398955,1.924289349,1.928334387,1.888251678,1.940076124,1.400779529,1.598559203,1.092522219,1.107894246,1.939333758,1.928372785,1.30302714,1.917948906,1.938279072,1.343748181,1.18830523,1.546556993,1.528487525,1.943446637,1.931401576,1.376452159,1.36290396,1.348955504,1.358728072,1.893924876,1.904626057,1.89099754,1.937542314,1.201732154,1.546599801,1.96618124,1.944334859,1.956675068,1.934184351,1.952412778,1.173327601,1.932513299,1.95957456,1.920798049,1.914149048,1.940370573,1.938348915,1.2053839,1.445888251,1.920003279,1.754759872,1.920325245,1.912102104,1.23793212,1.923279145,1.902099577,1.960750543,1.55409404,1.338362725,1.589721311,1.526086252,1.207554789,1.721536805,1.936557743,1.912664,1.89977297,1.238694531,1.361312121,1.439925056,1.418224157,1.959585096,1.941353303,1.930545231,1.932902815,1.923330939,1.237473754,1.200712098,1.656605876,1.540978437,1.898179507,1.927465465,1.959270586,1.965395288,1.956898282,1.949952132,1.90001942,1.926097129,1.917968624,1.913279196,1.296287598,1.405115861,1.691686906,1.233529535,1.157224676,1.959610254,1.949496138,1.74632497,1.675338397,1.266577689,1.189224934,1.726137808,1.764510123,1.908603313,1.410652935,1.262808754,1.962124836,1.955218826,1.720749329,1.6686139,1.929697958,1.923398926,1.695576584,1.559700342,1.959907563,1.932185218,1.253079895,1.14902438,1.209871742,1.197642851,1.201365567,1.241435208,1.951115842,1.959697408,1.949882152,1.947241004,1.239697937,1.17778214,1.960418257,1.918272029,1.951287799,1.925552951,1.195021243,1.184866649,1.168768164,1.60171265,1.321325898,1.209881155,0,1.016277727,1.945058051,1.943940077,1.304474945,1.264927834,1.224091389,1.232024463,1.16583815,1.185963829,1.138965962,1.252626347,1.439601085,1.907494052,1.191319213,1.169368917,1.126257168,1.309694214,1.400779529,1.919054415,1.261307852,1.244707488,1.914145083,1.89960448,1.913353733,1.829323475,1.930778861,1.925015451,1.968587645,1.92425153,1.268217026,1.394320465,1.766934207,1.798268551,1.376999105,1.283090587,1.674067922,1.161144588,1.179691002,1.164107152,1.243695012,1.269162329,1.456734799,1.643915476,1.314157594,1.319134967,1.284807131,1.325559442,1.165764122,1.27074732,1.312379819,1.193435867,1.304031311,1.504772961,1.201712107,1.149417064,1.28251562,1.334401715,1.197147528,1.268174249,1.261725479,1.4820296,1.566309235,1.148186538,1.265917523,1.103754779,1.192882475,1.429651253,1.27057792,1.169084084,1.213350169,1.411330752,1.267205137,1.232827443,1.337920482,1.400779529,1.485325075,1.951277009,,
CD_190_V3,1.658853993,1.93600894,1.936362884,1.972614462,1.953948001,1.671912024,1.58369138,1.965962203,1.949307913,1.493789501,1.46452439,1.3198579,1.438299129,1.952741563,1.960808749,1.934165409,1.955585093,1.910402457,1.941452911,1.940369659,1.25910317,1.952320326,1.964634346,1.955600577,1.96869453,1.974567639,1.983239642,1.828508612,1.757750924,1.945758464,1.94283305,1.389334205,1.577906558,1.936750721,1.957431531,1.992509933,1.950867791,1.97438485,1.966391272,1.940431046,1.8625389,1.942726739,1.970834288,1.238347226,1.243755591,1.71541553,1.838303286,1.136801487,1.209956494,1.973384642,1.966174838,1.766399062,1.090549627,1.118762535,1.952083833,1.964148545,1.270622954,1.29816644,1.628772502,1.978613885,1.285841652,1.439571898,1.967280456,1.974984957,1.953799873,1.947255331,1.263394464,1.780586017,1.960128582,1.798663107,1.6416227,1.627577231,1.646227791,1.291015759,1.982548654,1.989955514,1.449832528,1.665209921,1.939814804,1.939496665,1.923853521,1.965711559,1.456342792,1.643712559,1.151937215,1.164243717,1.950481027,1.95773604,1.36625423,1.934419822,1.946609927,1.430467881,1.274736656,1.471439518,1.399612863,1.95274161,1.941337912,1.425972672,1.414505028,1.433494739,1.443887883,1.932859876,1.954228935,1.92952418,1.957334059,1.283565593,1.593415052,1.988024733,1.964160494,1.977747616,1.957860202,1.972374951,1.1922868,1.948932213,1.973374958,1.944746659,1.938059489,1.972020306,1.962887481,1.295552201,1.512075451,1.961910678,1.793792405,1.948944837,1.945876118,1.323157621,1.954074998,1.922811329,1.975716381,1.60006566,1.422295297,1.651188957,1.586140963,1.283777084,1.763987575,1.951984082,1.935884724,1.924932251,1.327290224,1.447987338,1.509641546,1.467657094,1.969038841,1.96170853,1.947842243,1.949881365,1.935418323,1.326285568,1.287727864,1.719834658,1.613974947,1.924116518,1.952717797,1.982508779,1.983040721,1.973688134,1.966708784,1.927920932,1.945673835,1.947910876,1.947685635,1.384060647,1.302723015,1.671506944,1.300690005,1.233587858,1.965437939,1.962922978,1.78330457,1.722207764,1.299087008,1.265299044,1.760909842,1.801764681,1.939951608,1.492713176,1.345304463,1.979664652,1.978799817,1.760096776,1.711414583,1.948309904,1.955788598,1.744197671,1.606939497,1.969225031,1.946597266,1.328497932,1.212046074,1.299127064,1.285865533,1.292610488,1.32521352,1.965560897,1.972991046,1.965871825,1.953523945,1.310823226,1.262432999,1.971246857,1.941570227,1.961145819,1.944082113,1.277644818,1.268523754,1.256834944,1.654645217,1.402634066,1.29579428,1.016277727,0,1.960410082,1.955596069,1.391993405,1.352789717,1.310805258,1.321131392,1.250013569,1.264497978,1.216512418,1.317830447,1.417896587,1.919064064,1.28036276,1.252592156,1.143202111,1.312779771,1.456342792,1.942296965,1.33887965,1.324866118,1.943453603,1.938268372,1.932374659,1.859706105,1.957310859,1.956728516,1.975830596,1.945387289,1.33729563,1.446569884,1.716389326,1.744076965,1.456641397,1.36461649,1.663390263,1.217214195,1.263359458,1.249196133,1.324470044,1.351969828,1.535820669,1.707489928,1.397437135,1.403536109,1.37534163,1.415841819,1.247061359,1.333744593,1.378567083,1.279083673,1.395008857,1.54669385,1.273619719,1.124518982,1.2163192,1.431408851,1.285014768,1.347901419,1.335074634,1.569027112,1.63090693,1.228562297,1.354618227,1.181411657,1.273373052,1.505219607,1.356357759,1.257188723,1.305870869,1.496566967,1.347901085,1.324392676,1.431444006,1.456342792,1.543553584,1.970744159,,
CD_198_V1,1.848475022,1.590131803,1.562737951,1.766556349,1.593053228,1.712215857,1.811090618,1.550935606,1.542054132,1.690116033,1.766459449,1.756201616,1.726566488,1.517743494,1.647630591,1.513257452,1.512190919,1.499291926,1.547986274,1.538774889,1.873645873,1.551151108,1.76203509,1.393070825,1.40822707,1.716018294,1.771643386,1.838939254,1.805125339,1.39080173,1.252838448,1.922951378,1.922368144,1.533947051,1.643365568,1.934653239,1.690826457,1.529579142,1.410049699,1.586407795,1.792269429,1.789082772,1.553625837,1.822496627,1.846617537,1.884362778,1.862675465,1.975741262,1.958367689,1.19761628,1.316444663,1.610276654,1.986818548,1.965907942,1.413480564,1.558262188,1.88525336,1.839832011,1.970127094,1.812660027,1.6876817,1.967410079,1.55951932,1.52607056,1.365686,1.395392653,1.802961495,1.574048789,1.477497396,1.749017555,1.758898638,1.802537501,1.906167815,1.827979563,1.772825899,1.664572226,1.819103038,1.928242304,1.723449546,1.72752847,1.247348266,1.268380791,2,1.71349114,1.984900341,1.992670433,1.420315085,1.346094277,1.868717355,1.370312668,1.525271318,1.566810053,1.705295923,1.86091008,1.964714021,1.721458936,1.638146839,1.979914909,1.983440157,1.843439026,1.808862777,1.478205241,1.392057879,1.437082664,1.407829075,1.781410197,1.825281402,1.60736908,1.659066063,1.589218717,1.595590496,1.651027226,1.947437412,1.592213225,1.665547816,1.513510124,1.457428399,1.491445079,1.624977319,1.669841269,1.955069006,1.440963751,1.469648063,1.446983747,1.424599039,1.777412977,1.502909684,1.598996795,1.620241434,1.782322048,1.756184975,1.749324608,1.879052738,1.906772173,1.699223914,1.925572429,1.508497844,1.454905486,1.658099957,1.596146774,1.902116294,1.965292555,1.428868818,1.433641079,1.476293107,1.382038306,1.346106751,1.674680154,1.717497491,1.717095751,1.693455389,1.49924886,1.443973449,1.395937351,1.400099386,1.634315866,1.578874113,1.697247077,1.67375905,1.478502407,1.365374627,1.631307007,1.792193575,1.632821329,1.941878465,1.90944191,1.744093731,1.671103275,1.589878212,1.547403421,1.962626126,1.962501387,1.590500102,1.532492192,1.459701809,1.489452802,1.619659841,1.378691685,1.380708802,1.678321586,1.675819279,1.46503717,1.391705426,1.595769068,1.817711258,1.4301216,1.633661947,1.884257985,1.852594021,1.704100865,1.803240836,1.783453567,1.78776205,1.641764033,1.555902596,1.449217642,1.414963355,1.86541031,1.718106849,1.842968356,1.583531986,1.569587448,1.537389125,1.832153483,1.88109584,1.769516197,1.882814352,1.787703113,1.813320665,1.945058051,1.960410082,0,1.215081424,1.572064083,1.647990843,1.644982017,1.633485509,1.782123649,1.805544716,1.951851386,1.95228655,1.810559106,1.849095819,1.80645889,1.844139872,1.96599879,1.897097526,2,1.595750584,1.924222968,1.91203833,1.403519228,1.445095458,1.617973163,1.700779993,1.347057862,1.453891454,1.59645905,1.284851527,1.89546331,1.961507602,1.711826843,1.684378267,1.788107357,1.727905993,1.782843908,1.963965379,1.857207715,1.853263351,1.926053168,1.858010757,1.637974978,1.625299242,1.712278564,1.740977671,1.639895993,1.543960983,1.834301634,1.939183836,1.848904176,1.786753102,1.591147709,1.954511536,1.92769696,1.910564445,1.99605695,1.541984215,1.798198239,1.687586032,1.677610459,1.54497537,1.781655999,1.834854405,1.682949349,1.82330307,1.887477089,1.599591794,1.716115356,1.804651997,1.709791238,1.640914756,1.825579452,1.690742138,1.628088784,2,2,1.940620514,,
CD_198_V3,1.780261456,1.544597685,1.562241026,1.768759616,1.50775478,1.681750704,1.812966737,1.461530837,1.32213547,1.707666883,1.747367372,1.720247167,1.721243832,1.333823881,1.54830651,1.495452514,1.428848266,1.512492045,1.507847536,1.559438391,1.875578481,1.491712909,1.774624839,1.55991424,1.666501116,1.644082351,1.688708224,1.751839534,1.660242772,1.525872065,1.469012576,1.921622737,1.888290776,1.562584927,1.684891033,1.933973979,1.673161999,1.669210572,1.583660027,1.618740165,1.777725296,1.767854979,1.548422351,1.813547586,1.841163076,1.911400725,1.907951638,1.966682626,1.951153708,1.370389667,1.364029493,1.7242456,1.984871752,1.974563715,1.446121136,1.560497526,1.859814387,1.839710018,1.962688316,1.7486001,1.723646963,1.970348673,1.347461392,1.411234877,1.295426177,1.326804635,1.827000096,1.564799148,1.439114639,1.683234187,1.7002375,1.876490217,1.927011005,1.809589239,1.745600892,1.362048817,1.819653276,1.930400308,1.714384685,1.719330928,1.410909555,1.628139091,2,1.82041771,1.979876373,1.987840052,1.382427739,1.40094585,1.895609617,1.30146744,1.417791157,1.677754663,1.74971771,1.811262039,1.963706621,1.640128222,1.541372627,1.979069599,1.979838836,1.825153621,1.790175796,1.477407206,1.43493796,1.342094571,1.315475372,1.827526514,1.852882397,1.325395396,1.635254238,1.634775224,1.524765369,1.660900973,1.954957668,1.440206217,1.387685753,1.548271423,1.363339983,1.454630889,1.447945081,1.699928882,1.943530797,1.537575796,1.394388866,1.379875026,1.468849563,1.730352788,1.603635652,1.515077881,1.644834908,1.831156686,1.792500071,1.815347062,1.89108052,1.870732264,1.647209588,1.898288489,1.386370692,1.452580093,1.686347763,1.598676718,1.885139125,1.969855824,1.240464327,1.388613056,1.485747588,1.529957614,1.359841939,1.688226789,1.73521928,1.815095299,1.795827384,1.543808909,1.561629595,1.495527982,1.465234031,1.67448376,1.633729381,1.607602038,1.482384521,1.454823219,1.346347424,1.706010253,1.78823106,1.384538004,1.948714525,1.912488115,1.72608614,1.672156879,1.550746793,1.53013701,1.96147067,1.958689417,1.388645805,1.467913695,1.480495262,1.557483873,1.651760463,1.432834353,1.441477666,1.688757572,1.665554045,1.242064621,1.201402421,1.55711178,1.796464611,1.239520874,1.534456666,1.860797881,1.856059796,1.721323644,1.835853391,1.789691331,1.740575485,1.634184471,1.469261249,1.58813614,1.532650073,1.894200522,1.731954745,1.789938914,1.524670711,1.514212259,1.502853843,1.780642894,1.852167222,1.784302772,1.901803856,1.638699889,1.734982504,1.943940077,1.955596069,1.215081424,0,1.624125493,1.714200471,1.663512887,1.657323403,1.785768685,1.805554184,1.939801558,1.953962409,1.823817645,1.817455097,1.835668037,1.852827424,1.954593891,1.889869729,2,1.537578935,1.934519709,1.919454924,1.45463623,1.490088912,1.336558193,1.721931719,1.537154702,1.481078171,1.64019569,1.374630195,1.905433266,1.971028611,1.739617616,1.581239897,1.834590455,1.776074328,1.579948048,1.958386921,1.876256315,1.859677211,1.871872693,1.827629525,1.736132584,1.721730293,1.731417534,1.743890368,1.640545379,1.564950978,1.781359888,1.936374178,1.868227888,1.80368893,1.669438724,1.956328889,1.927153929,1.90510645,1.996166611,1.607950365,1.806378294,1.721570921,1.701824193,1.604022669,1.822089807,1.856558716,1.701212863,1.83289612,1.892968348,1.62665707,1.735641167,1.792466858,1.734940381,1.734997114,1.87677007,1.738411595,1.721092036,2,1.999981829,1.929500031,,
CD_200_V1,1.528309694,1.697432145,1.647003665,1.84334271,1.843388182,1.851622317,1.924561129,1.718542255,1.837769388,1.284306963,1.312950462,1.207388554,1.276139481,1.700607675,1.838751823,1.71105313,1.676189439,1.643065051,1.637280403,1.618736733,1.207353439,1.755350714,1.876370522,1.729117991,1.824047886,1.796579205,1.862331662,1.907681468,1.928196512,1.684240233,1.608978632,1.955776913,1.956710013,1.736403479,1.7208267,1.89215974,1.738829014,1.538245693,1.509238979,1.639869769,1.830229803,1.826435025,1.709648456,1.146602822,1.159985403,1.626905408,1.753992271,1.260194803,1.237481946,1.542424459,1.611717682,1.457215075,1.528575008,1.300217636,1.587298071,1.64065806,1.201779324,1.174982065,1.986453616,1.917215885,1.132947031,1.695968498,1.814143489,1.774965464,1.63454129,1.688723063,1.185549844,1.679752898,1.670100769,1.919763128,1.884017502,1.918129344,1.953954145,1.17364902,1.87778001,1.885136497,1.359542709,1.637611353,1.741232536,1.819349265,1.614266562,1.700260757,1.523409124,1.854551165,1.285109789,1.350683222,1.750529567,1.764480373,1.533988399,1.652148687,1.797208449,1.183752635,1.13380976,1.940531087,1.98086059,1.861677277,1.815874652,1.694252459,1.685650975,1.353267241,1.304664361,1.617396483,1.499362565,1.631034749,1.605612023,1.307369718,1.881478041,1.800678989,1.812382843,1.63553578,1.780732192,1.771198389,1.49005881,1.769045296,1.869627297,1.768282091,1.817738855,1.713006755,1.82566709,1.110444623,1.447577221,1.55853808,1.747938045,1.706079002,1.65951554,1.158258224,1.594397399,1.802242656,1.778728805,1.870592453,1.275727325,1.475986331,1.510514368,1.275071058,1.853917083,1.919647822,1.784797611,1.594477865,1.188296767,1.267976346,1.452209095,1.724989074,1.564295499,1.425971837,1.810374921,1.809594054,1.818421598,1.167559748,1.125570515,1.4915861,1.39655353,1.649378978,1.616289942,1.605100447,1.645787283,1.72760554,1.609075174,1.825598769,1.835620374,1.605122701,1.485599953,1.200902467,1.920530782,1.852295431,1.471186294,1.297725081,1.844663146,1.79242157,1.787047735,1.73229491,1.498585579,1.251099898,1.926060368,1.917024225,1.478119828,1.181068294,1.124877011,1.820082437,1.744830694,1.845953963,1.839425692,1.700324251,1.676678072,1.663098202,1.859210552,1.565072173,1.774764861,1.25888651,1.205602096,1.158350893,1.199814223,1.150813671,1.198185151,1.796453616,1.731242842,1.722991284,1.768225319,1.415921466,1.18878667,1.892542723,1.713245477,1.773748779,1.76183516,1.192754319,1.198355446,1.143316002,1.592274622,1.255467288,1.188855938,1.304474945,1.391993405,1.572064083,1.624125493,0,1.044894908,1.146750966,1.135177649,1.186989097,1.327075207,1.301425116,1.51662922,1.900374517,1.909412962,1.175710659,1.192181167,1.335301231,1.433729635,1.523409124,1.718618619,1.295632793,1.26234044,1.617988999,1.550583496,1.891250625,1.860381869,1.548797235,1.577584696,1.570402999,1.561007499,1.483927753,1.695321544,1.853428883,1.849476485,1.296565948,1.159109443,1.916036663,1.399504389,1.201988963,1.174668212,1.279446645,1.265689781,1.257120079,1.348073431,1.235653219,1.216703994,1.184528541,1.153597093,1.202843773,1.529981888,1.538002738,1.188447425,1.19737996,1.845490787,1.409892957,1.372337442,1.610352037,1.206251552,1.169436705,1.242459505,1.249863226,1.208506476,1.408119952,1.280337447,1.182022142,1.231741642,1.234272078,1.316039407,1.161195798,1.16228589,1.13591129,1.291332945,1.252550846,1.167760303,1.237131796,1.523409124,1.556001644,1.935487792,,
CD_200_V3,1.528886376,1.686681859,1.634675797,1.854620125,1.833713457,1.889312032,1.943827848,1.816707301,1.853760325,1.305457261,1.320050706,1.178669678,1.260575118,1.770157146,1.872200108,1.756708088,1.774000678,1.653544906,1.68912681,1.678946098,1.1536159,1.837048571,1.818564754,1.690120339,1.790011958,1.848718243,1.877595141,1.939766598,1.96371798,1.609357365,1.553321114,1.957748812,1.970671243,1.762997177,1.767891025,1.827412423,1.750945842,1.395260122,1.431631624,1.737419941,1.882938557,1.795967568,1.746998386,1.105638825,1.119658437,1.609397109,1.734949407,1.206677276,1.171359749,1.554726415,1.600946774,1.299060081,1.473836422,1.228665163,1.660698752,1.706874218,1.157246115,1.142016631,1.986700571,1.917015691,1.103200475,1.642569677,1.825493142,1.782691761,1.681350485,1.701323482,1.120024231,1.763514307,1.758163835,1.937215768,1.926282056,1.886376534,1.943418497,1.146191388,1.856513301,1.893930848,1.348810083,1.608447395,1.8063701,1.831963364,1.600592898,1.642955346,1.427629232,1.845547032,1.21465101,1.27535133,1.814155654,1.787251186,1.476894453,1.667441536,1.781401531,1.130225021,1.099608789,1.955020278,1.99079976,1.894689412,1.848280456,1.6479779,1.630778842,1.316915167,1.272676349,1.605146216,1.451640335,1.53806026,1.623193589,1.273485713,1.884674953,1.847645433,1.830812562,1.665873237,1.767952982,1.713426757,1.422683629,1.873235483,1.925194789,1.732736527,1.804587496,1.637570556,1.747431639,1.062329377,1.388654374,1.480149623,1.825382524,1.676273101,1.583904022,1.146993101,1.540971809,1.810988796,1.835700887,1.87065293,1.236134219,1.417753671,1.479863897,1.201251049,1.847445926,1.854334018,1.822056596,1.581996736,1.139091529,1.24860731,1.417833238,1.675609632,1.629446005,1.435804473,1.864291776,1.828348113,1.83540927,1.167331743,1.105723684,1.335557057,1.248968197,1.672441123,1.608112438,1.606286827,1.658946193,1.686265684,1.616212242,1.832025443,1.85888799,1.6267967,1.548841022,1.113432506,1.952890427,1.869322694,1.422526117,1.260741347,1.874201333,1.838393764,1.827047774,1.785253701,1.456041485,1.192160977,1.919860232,1.905926447,1.482067208,1.169408046,1.10499879,1.838704081,1.766455731,1.882716207,1.873926294,1.695079779,1.696402257,1.678692128,1.856340467,1.630055629,1.804439438,1.24588688,1.191704569,1.138501263,1.140357882,1.140693027,1.182986217,1.799647792,1.753406613,1.715221692,1.767438653,1.349104502,1.180737449,1.909069257,1.784779871,1.849403743,1.802042292,1.168006758,1.168529128,1.123085889,1.545332311,1.253567394,1.174467948,1.264927834,1.352789717,1.647990843,1.714200471,1.044894908,0,1.157257735,1.136480841,1.154012726,1.309903959,1.238660442,1.46526828,1.916713839,1.924586481,1.133123167,1.133099648,1.294533889,1.416184642,1.427629232,1.749717481,1.240929023,1.213180758,1.642155955,1.542249433,1.906083836,1.886188212,1.597394109,1.646511416,1.709772455,1.677032383,1.439849233,1.632475556,1.872790331,1.888734956,1.228693081,1.131089561,1.938635315,1.333655781,1.134576116,1.125080808,1.235423821,1.240481642,1.188278592,1.309279794,1.230434425,1.220392172,1.168259599,1.154978679,1.165600216,1.472984777,1.48724618,1.110607698,1.116542994,1.821793641,1.368657025,1.334799133,1.543205684,1.1895183,1.136032721,1.176462221,1.210006622,1.236211516,1.389013978,1.237630698,1.166265491,1.210785192,1.185117364,1.259421343,1.127960473,1.140585075,1.139978472,1.168941024,1.169999071,1.103805598,1.139242969,1.427629232,1.497232113,1.914883204,,
CD_202_V1,1.467911549,1.788403044,1.770911108,1.772619812,1.772419948,1.849987362,1.903377486,1.664512382,1.809139333,1.257784921,1.255596509,1.120222956,1.213945392,1.707120152,1.84653621,1.745573161,1.71047903,1.686601064,1.716208437,1.649293385,1.138824734,1.86051544,1.85859691,1.798509399,1.863300252,1.807399864,1.856236233,1.937870122,1.925368759,1.766937825,1.733244351,1.955322138,1.963483363,1.708184274,1.70312458,1.955269605,1.758844272,1.751595755,1.735206074,1.801906609,1.87730794,1.830361096,1.816693975,1.09337262,1.098850935,1.501393974,1.643082131,1.167331618,1.156364054,1.705163058,1.755821319,1.586874205,1.452107907,1.205928277,1.61694231,1.711750494,1.13037942,1.126333228,1.986826708,1.925679723,1.11754129,1.646749905,1.798676112,1.770870458,1.719643866,1.74607089,1.105132132,1.810839695,1.794992528,1.910642748,1.88301393,1.937590293,1.963806708,1.155912918,1.894871912,1.919757661,1.283022354,1.586119778,1.827213701,1.785826609,1.711259991,1.79229439,1.436521395,1.908291302,1.189061863,1.257029256,1.78446807,1.827405114,1.503714329,1.696540451,1.775153065,1.150752567,1.059152093,1.936051431,1.976120454,1.851678925,1.824359759,1.637884473,1.621835145,1.264875864,1.254506462,1.71977716,1.685369078,1.731723967,1.711520403,1.27007074,1.878492402,1.862178594,1.834206362,1.720561073,1.806438373,1.825772068,1.410957619,1.807804251,1.872835387,1.74250881,1.760460996,1.624783015,1.852409628,1.09982041,1.405536216,1.679968264,1.832560064,1.765216876,1.733651138,1.16080546,1.492800136,1.635789995,1.848585885,1.903049937,1.231614025,1.481401743,1.408418813,1.176233669,1.86118249,1.947383675,1.673689706,1.637585619,1.100446241,1.193629137,1.404270358,1.684990215,1.722209577,1.698892468,1.751198193,1.838913958,1.794519417,1.156667889,1.112785121,1.588406006,1.474537456,1.702463707,1.672672367,1.589270992,1.705854582,1.645237894,1.74871448,1.796530201,1.83364528,1.686781679,1.631449805,1.158473195,1.902755474,1.861537297,1.405356398,1.238887097,1.797902133,1.69748887,1.819231929,1.788306311,1.447210138,1.175487578,1.866874357,1.847944729,1.644881449,1.23855513,1.146776642,1.818713227,1.754301241,1.847788512,1.827344801,1.726989201,1.676844023,1.728155423,1.866968523,1.722957499,1.758960115,1.19513031,1.147499797,1.079732571,1.09660509,1.110102766,1.137142286,1.844626558,1.814572269,1.75110868,1.777722867,1.389840885,1.152877614,1.904471854,1.763944216,1.779589597,1.777513278,1.120620052,1.11904235,1.087345395,1.557748018,1.205844033,1.112627003,1.224091389,1.310805258,1.644982017,1.663512887,1.146750966,1.157257735,0,1.022585089,1.110103675,1.25739407,1.197750015,1.438090155,1.917445034,1.889872953,1.112753286,1.116486649,1.24790484,1.383806011,1.436521395,1.755489466,1.223393053,1.197319138,1.751636235,1.727718764,1.859470177,1.847631499,1.685818855,1.735300357,1.809444879,1.606264838,1.459000504,1.653794591,1.89069645,1.904737764,1.304490921,1.197189533,1.936859258,1.307405373,1.130208415,1.103792721,1.177117184,1.177283049,1.361029564,1.538275574,1.195746679,1.191081589,1.146771554,1.1508482,1.115600138,1.462389601,1.517854522,1.135875062,1.187505333,1.838582308,1.351066995,1.29172765,1.539741592,1.175084815,1.110238691,1.191823411,1.173962863,1.311929484,1.481213899,1.208404255,1.1715963,1.155656251,1.164516858,1.292043293,1.169598606,1.080157312,1.085790308,1.326512986,1.217249551,1.153874694,1.255208313,1.436521395,1.481971866,1.831913367,,
CD_202_V3,1.441585296,1.787970755,1.760782166,1.778190191,1.764968444,1.862729994,1.90601976,1.7129919,1.778417907,1.250527591,1.245090579,1.095603821,1.176211015,1.720840897,1.832616583,1.708676517,1.742532591,1.593636698,1.651525672,1.678804195,1.14368028,1.822843875,1.822948566,1.720399906,1.812478309,1.773006261,1.809113995,1.934428921,1.928127044,1.711444078,1.674193605,1.944657397,1.959535807,1.658081446,1.697584133,1.942825768,1.700008784,1.653466988,1.649014371,1.778469256,1.84741721,1.731959027,1.797147112,1.100652138,1.108213966,1.503116389,1.654106826,1.180885482,1.170606035,1.642541344,1.693964263,1.495441623,1.46511771,1.224638121,1.62553841,1.737509345,1.131004167,1.117597591,1.982732362,1.922520974,1.111211175,1.652519454,1.803164642,1.779451916,1.642382214,1.669525947,1.10025009,1.802592425,1.777184893,1.913137008,1.897926856,1.923547152,1.957648029,1.151261972,1.852504021,1.901101809,1.277802796,1.590946091,1.81151857,1.748722975,1.632525599,1.749804289,1.456747787,1.90656851,1.203553889,1.273067799,1.801655111,1.809784673,1.498257844,1.617604073,1.709601512,1.146666372,1.064914641,1.92241635,1.97740521,1.844981741,1.794064345,1.647361072,1.629835023,1.247518125,1.249677717,1.63368649,1.569829478,1.611538537,1.687070508,1.257957039,1.865400983,1.845810926,1.820469354,1.712791648,1.776299619,1.808266917,1.40596166,1.8116084,1.857433467,1.68769508,1.704353337,1.626873111,1.807552899,1.084512239,1.41411096,1.6156124,1.798078675,1.685438733,1.633418768,1.164484222,1.473063266,1.579754168,1.823325758,1.867697052,1.206751164,1.452427477,1.422917399,1.185160166,1.819986737,1.940040924,1.653443822,1.60831913,1.086780419,1.17958431,1.410735764,1.68921605,1.729347872,1.676862316,1.730006642,1.790495299,1.727891926,1.14774361,1.104083138,1.530962315,1.425049728,1.642329401,1.619028122,1.59999037,1.690713186,1.675777153,1.756948017,1.745515915,1.799005564,1.649101896,1.589731419,1.136117677,1.895591878,1.798586264,1.419659231,1.252617277,1.794998303,1.697359281,1.764341267,1.719449464,1.455837951,1.189648337,1.832981816,1.803087344,1.600342803,1.200302037,1.125946225,1.792563966,1.710072975,1.838025447,1.781334746,1.706239668,1.658602482,1.66296615,1.839774069,1.730318988,1.723827341,1.197806724,1.148813182,1.076525591,1.09647122,1.110040097,1.144181449,1.806285387,1.785626725,1.741092371,1.755516617,1.389290422,1.148239145,1.907659837,1.773199359,1.741592852,1.741716845,1.133305598,1.132397844,1.090393668,1.559661608,1.207520033,1.117186965,1.232024463,1.321131392,1.633485509,1.657323403,1.135177649,1.136480841,1.022585089,0,1.112186083,1.263283101,1.20449483,1.449461533,1.903377453,1.876763654,1.101459895,1.118397532,1.252201634,1.371801211,1.456747787,1.683388757,1.230414154,1.203036246,1.659719973,1.61741702,1.840117506,1.850027032,1.673439423,1.717382564,1.776598831,1.625665052,1.460195981,1.65861181,1.833587505,1.867146929,1.294819709,1.186227852,1.937024092,1.316858593,1.128597161,1.107103091,1.189443035,1.182133778,1.306834734,1.464804896,1.19175888,1.194873882,1.121945466,1.128213614,1.117510236,1.458630821,1.513860535,1.131103423,1.160401786,1.834440836,1.357995305,1.299205674,1.554138142,1.137270094,1.105472394,1.191765455,1.182310236,1.266575686,1.457020217,1.210023075,1.158515074,1.154137237,1.174416058,1.237468294,1.151535028,1.086899325,1.08773391,1.278725387,1.212487934,1.12664001,1.213762939,1.456747787,1.496432367,1.795166022,,
CD_204_V1,1.509290638,1.859427081,1.868695317,1.881269554,1.75682375,1.79070797,1.769263687,1.889621158,1.806968589,1.290008322,1.266381807,1.117071575,1.24858736,1.83661403,1.866926451,1.763088273,1.853720378,1.667662367,1.781835933,1.742325607,1.085567338,1.879683164,1.86945381,1.781368692,1.840790412,1.916324991,1.921215928,1.887978132,1.878637668,1.738549108,1.739950772,1.831093059,1.895668028,1.711715837,1.802845932,1.961609628,1.856998887,1.838454273,1.8122433,1.859217699,1.894470221,1.84010753,1.841534302,1.061133451,1.07101504,1.599492822,1.762006744,1.106263976,1.088971309,1.841146748,1.826755208,1.608643427,1.362507366,1.13025881,1.803250847,1.870797618,1.099889213,1.112885008,1.843211918,1.936616485,1.12191647,1.517880586,1.874983849,1.901648493,1.790562201,1.765733365,1.074336455,1.812560778,1.900596383,1.872426309,1.853872446,1.770235693,1.808021518,1.118933444,1.919116452,1.924362635,1.268647857,1.548407453,1.76403409,1.862845574,1.714934285,1.850093833,1.351430839,1.785951079,1.112276673,1.165533104,1.82777731,1.853716728,1.403514412,1.696485657,1.731753604,1.229275631,1.077612665,1.854839287,1.947174551,1.793140457,1.707041284,1.519709406,1.49274683,1.252733979,1.264544513,1.778214487,1.804338164,1.713476405,1.801403426,1.211364254,1.760310012,1.860020634,1.815988468,1.85843689,1.85602132,1.892520726,1.322130146,1.851938791,1.92538369,1.76899452,1.764005735,1.853505185,1.874589609,1.089040874,1.373832728,1.780329481,1.778717005,1.785195639,1.737553813,1.16628127,1.770752492,1.769004811,1.891122866,1.760305381,1.248951062,1.508793226,1.431019645,1.10676245,1.790097966,1.938311958,1.756120872,1.772539795,1.107941578,1.238053334,1.360896399,1.565420304,1.834540608,1.838910063,1.793603935,1.832123508,1.757985628,1.155760777,1.09339531,1.581674172,1.452543855,1.711629447,1.782721856,1.846501892,1.888476166,1.842710298,1.792279884,1.803235095,1.807835708,1.808615208,1.787973181,1.175565277,1.853143206,1.817401073,1.293269916,1.167526999,1.916387648,1.854614392,1.796879813,1.780613014,1.360479909,1.118542414,1.753238033,1.771544594,1.7987893,1.272702564,1.123241435,1.909388874,1.889828202,1.77916172,1.706863364,1.777492482,1.797171204,1.745788233,1.793765313,1.834608024,1.793638374,1.178527315,1.120274145,1.090480281,1.103831795,1.102832003,1.138505193,1.868910413,1.857928025,1.797049271,1.740701476,1.296573901,1.128297675,1.921645842,1.826110102,1.873178898,1.826325058,1.075463976,1.087162209,1.064767722,1.525865837,1.215015507,1.11123554,1.16583815,1.250013569,1.782123649,1.785768685,1.186989097,1.154012726,1.110103675,1.112186083,0,1.163421691,1.132451105,1.337496791,1.761771934,1.881085625,1.0950703,1.07596354,1.193875801,1.361344195,1.351430839,1.756726439,1.17709891,1.15682883,1.803793107,1.780033251,1.866609817,1.815630936,1.811442694,1.833024994,1.892565397,1.779339113,1.359309006,1.531999782,1.854725144,1.762356016,1.285288326,1.180425099,1.819393097,1.20737057,1.089278398,1.060840749,1.156004363,1.15199349,1.364754274,1.547876593,1.175596634,1.19695445,1.169778494,1.193536599,1.073166599,1.353405795,1.41700228,1.106698835,1.199230576,1.702967272,1.256095068,1.255876957,1.477758195,1.196431281,1.078998946,1.156973588,1.126860913,1.35491833,1.469543708,1.137175883,1.165830986,1.108017793,1.123449888,1.256254059,1.141349114,1.061007202,1.104363347,1.306456838,1.169303209,1.126768324,1.233977784,1.351430839,1.428666649,1.928027009,,
CD_204_V3,1.627637387,1.927803891,1.924739352,1.930197703,1.883247152,1.445921827,1.249500881,1.848383418,1.819488488,1.448000157,1.425707462,1.282196681,1.390321696,1.84151341,1.878876871,1.83144781,1.859123698,1.809025404,1.853335227,1.793258998,1.255545268,1.733766467,1.911750901,1.878514214,1.911657279,1.906450061,1.936026581,1.815371771,1.65322381,1.808253622,1.799422584,1.391551943,1.611545137,1.816583474,1.868462373,1.987532407,1.879434983,1.861338633,1.863135129,1.849522805,1.831732373,1.838919644,1.839914974,1.223578385,1.236068856,1.691284139,1.809217321,1.149695866,1.156097028,1.842059577,1.841355401,1.691744405,1.226967194,1.171785614,1.834304743,1.865749425,1.246012916,1.271297051,1.273017736,1.724692164,1.17636771,1.183456585,1.935662379,1.942431552,1.837169914,1.827887062,1.246083018,1.4768574,1.860556805,1.641630082,1.489722754,1.223946383,1.285418842,1.285035851,1.915606058,1.899558444,1.407197309,1.649519335,1.893988774,1.90377284,1.801984138,1.897079072,1.498993709,1.262275808,1.138185105,1.118722911,1.828820257,1.809532928,1.100528015,1.810215544,1.829060075,1.375299136,1.241811177,1.638306009,1.800110466,1.838151544,1.791457001,1.179605109,1.170395286,1.393471198,1.405195024,1.852992747,1.835738758,1.812861077,1.803563864,1.064885017,1.188348226,1.891218887,1.855089345,1.871435168,1.918664779,1.930513912,1.119253044,1.857827178,1.9111627,1.836875179,1.81337575,1.89019346,1.921839422,1.247432575,1.477814233,1.831195455,1.468723088,1.850237359,1.827955601,1.238648758,1.807365198,1.844513845,1.892502309,1.192329007,1.386352323,1.614891818,1.569611337,1.282185331,1.451871509,1.875710912,1.839173278,1.815196929,1.267879551,1.363982133,1.489753585,1.203231529,1.851812547,1.866511323,1.853211239,1.85472384,1.814368667,1.188224592,1.231603166,1.679547668,1.577805919,1.837800183,1.853497793,1.898789931,1.918595793,1.906635696,1.897127249,1.887183597,1.902615709,1.846665841,1.820917826,1.333270633,1.548355106,1.639209226,1.081991812,1.062475598,1.893216095,1.903667584,1.4979148,1.359447626,1.200720639,1.269301586,1.452361386,1.526950009,1.793668632,1.415676152,1.289949929,1.91611643,1.881512941,1.439344847,1.350562812,1.865856488,1.832492367,1.411041777,1.208526961,1.85198863,1.831151523,1.294255451,1.18787288,1.257439187,1.268631623,1.264344078,1.293759689,1.884014387,1.896419108,1.784205188,1.768164988,1.081007054,1.098227791,1.940957616,1.838031681,1.871804748,1.84691569,1.253459254,1.215189649,1.222367602,1.638401473,1.365914646,1.266234602,1.185963829,1.264497978,1.805544716,1.805554184,1.327075207,1.309903959,1.25739407,1.263283101,1.163421691,0,1.08157608,1.092185086,1.278630369,1.877855329,1.259384899,1.243172472,1.205079968,1.393142614,1.498993709,1.804531039,1.335801762,1.312407216,1.850465506,1.847167141,1.767662407,1.598767191,1.872586416,1.846087954,1.935072995,1.837085622,1.079243547,1.192086759,1.870398441,1.875131195,1.404640762,1.328463588,1.550815914,1.087566762,1.255980294,1.23183874,1.312703755,1.301358705,1.49598505,1.648685749,1.308541718,1.323456794,1.326500383,1.353641877,1.183654984,1.094913695,1.097511035,1.263473684,1.34177381,1.219592862,1.053553405,1.407012771,1.603952349,1.360972739,1.249647654,1.324302815,1.305475607,1.497397529,1.557500259,1.044957451,1.272111485,1.077870998,1.238196858,1.428475856,1.311691883,1.21541018,1.254971203,1.453303113,1.31701696,1.292066553,1.389650067,1.498993709,1.56022736,1.944002474,,
CD_205_V1,1.396254741,1.929220488,1.925055442,1.688060065,1.763290586,1.615103671,1.422115398,1.78164562,1.826786932,1.294378539,1.250224518,1.188876813,1.321342253,1.900181695,1.919239562,1.845829519,1.878133616,1.816364826,1.854721342,1.848050373,1.130076773,1.914677947,1.89796389,1.901618449,1.934209611,1.914213041,1.914568952,1.88737373,1.772211394,1.868438434,1.909900618,1.52411838,1.724974619,1.778494847,1.822904224,1.904972776,1.724127343,1.958773154,1.926794451,1.933088453,1.903421237,1.771566296,1.941269621,1.110713489,1.109333306,1.432170477,1.539792522,1.077306049,1.060151665,1.947797256,1.925586082,1.685323197,1.203095418,1.073428007,1.842426118,1.886825688,1.142126064,1.173837363,1.35763884,1.958893569,1.136899322,1.191256955,1.846316764,1.846719494,1.902416269,1.894308083,1.124607636,1.598894589,1.927115619,1.766719141,1.649100612,1.376930595,1.411655474,1.166784081,1.86949232,1.954955797,1.321866989,1.520410212,1.841744923,1.789916969,1.869691823,1.936871349,1.321316547,1.417114901,1.049714542,1.048036238,1.930322076,1.948104918,1.127755431,1.860250542,1.859598736,1.324169142,1.162147125,1.752152576,1.857441171,1.918835795,1.896646045,1.195852444,1.174973942,1.296260676,1.310260059,1.830559458,1.880756967,1.81572111,1.919227593,1.090787148,1.326783248,1.978508676,1.870251006,1.807034561,1.90443797,1.893261458,1.102237504,1.908025891,1.913349365,1.812105212,1.834037238,1.940372761,1.880772771,1.16590343,1.380853474,1.933728667,1.654999548,1.837368307,1.812794506,1.183441862,1.832972667,1.722332413,1.945792412,1.343377994,1.294233253,1.548555842,1.33849527,1.133572608,1.602705423,1.852718648,1.74573038,1.869449745,1.191896332,1.308169951,1.408978389,1.212354576,1.927407548,1.899745882,1.814853246,1.917026532,1.889418076,1.18690996,1.165938492,1.642511919,1.52042605,1.829280063,1.92116926,1.917339129,1.922470344,1.916011554,1.919391493,1.751601339,1.804152733,1.828187906,1.838031742,1.261061368,1.666412798,1.733990767,1.081344826,1.051217772,1.907225452,1.827644669,1.665138461,1.561948755,1.192183607,1.136911011,1.590743233,1.658118374,1.855928623,1.384640606,1.244355908,1.939933513,1.889311988,1.585752426,1.518066611,1.915150856,1.924464864,1.50657977,1.332815168,1.927833346,1.903547156,1.232466225,1.143090685,1.178508861,1.145327056,1.155987361,1.19366715,1.929868878,1.94269777,1.9157022,1.898403831,1.096722914,1.103932525,1.953735252,1.900948405,1.886679276,1.857741454,1.143973506,1.137582935,1.130693797,1.551590674,1.294544933,1.185325965,1.138965962,1.216512418,1.951851386,1.939801558,1.301425116,1.238660442,1.197750015,1.20449483,1.132451105,1.08157608,0,1.076091309,1.439259574,1.894689616,1.152015204,1.126597224,1.158153462,1.369973801,1.321316547,1.870682826,1.217927907,1.202135051,1.859712213,1.834913522,1.839969139,1.738756558,1.845983707,1.887301888,1.953411753,1.870650957,1.108374372,1.198476774,1.858916894,1.910705399,1.350947373,1.248828557,1.681266553,1.051327486,1.123143569,1.118141744,1.210237268,1.241505009,1.443985923,1.63739769,1.30169488,1.303809313,1.217191794,1.270583912,1.114855805,1.10462077,1.142241206,1.155036777,1.266059356,1.279101452,1.066356334,1.301972594,1.474060288,1.307258986,1.153846147,1.229024695,1.22413282,1.480156247,1.542557871,1.04357085,1.230221749,1.073434335,1.161417996,1.3869294,1.246376082,1.152441293,1.210435499,1.386656249,1.226648573,1.183744011,1.30969244,1.321316547,1.443192716,1.633257106,,
CD_205_V3,1.638710462,1.96236973,1.958000771,1.856878526,1.891425751,1.510899501,1.260127204,1.902428984,1.927378094,1.546480165,1.513807243,1.435710855,1.540986717,1.95368791,1.962531241,1.9316414,1.946556845,1.890298792,1.922742967,1.934101869,1.357216265,1.911034851,1.942390809,1.940605453,1.960817763,1.955781782,1.965767132,1.870132411,1.710001171,1.957945174,1.953210622,1.381863252,1.642098655,1.900607228,1.901874773,1.957563597,1.864778444,1.957407669,1.951760093,1.900770277,1.867124411,1.879631829,1.965011846,1.34310905,1.344820618,1.652218836,1.739009214,1.204969349,1.202227742,1.961624716,1.963251766,1.78077347,1.187084,1.171657157,1.925212483,1.957386814,1.376675139,1.420632273,1.099546496,1.968654174,1.302016885,1.035031822,1.940504824,1.936165285,1.947285162,1.951434951,1.361640711,1.53501023,1.935499011,1.712312363,1.558457839,1.159189521,1.195154983,1.395272074,1.959713203,1.983475447,1.554088352,1.694277007,1.894630242,1.904896447,1.906143086,1.956707728,1.458701288,1.23674204,1.143124133,1.080895635,1.942526583,1.957639123,1.017148711,1.936594462,1.949518729,1.517776215,1.382417239,1.685270917,1.794290927,1.961012945,1.945609943,1.053354239,1.03304017,1.535413966,1.561093402,1.902365178,1.926075125,1.899342481,1.928519395,1.107730014,1.122760703,1.983864223,1.938729381,1.910049615,1.926714005,1.964687292,1.065805,1.932832357,1.922888155,1.921302241,1.925198598,1.969009333,1.945731202,1.41978469,1.574474026,1.95533699,1.572852046,1.920090522,1.917494943,1.377412939,1.898137342,1.853139297,1.95358795,1.143255129,1.517559599,1.697461411,1.579026499,1.360316974,1.529547997,1.89456497,1.878877151,1.919034344,1.443023931,1.545448435,1.585980223,1.043222515,1.960764556,1.913999445,1.907636548,1.954560744,1.948531257,1.331644906,1.380703405,1.738034516,1.650479606,1.89585322,1.933180496,1.970395843,1.942748556,1.958327989,1.950119495,1.879831399,1.911959226,1.932995723,1.920367608,1.487672587,1.554297366,1.706915337,1.017177583,1.073758662,1.944691321,1.941468067,1.571282718,1.439527751,1.16941027,1.342211687,1.512007239,1.615010449,1.920442248,1.602037238,1.47919229,1.969896673,1.957763899,1.496824951,1.413014264,1.956154879,1.950838873,1.451429732,1.149451682,1.960751277,1.943361865,1.431353536,1.301454989,1.416626564,1.376322756,1.409436774,1.441856973,1.957147247,1.931794611,1.965506968,1.960805282,1.049263672,1.20979774,1.96821526,1.945000639,1.94261595,1.925142801,1.391346385,1.380854026,1.367292647,1.684403896,1.527583243,1.429603793,1.252626347,1.317830447,1.95228655,1.953962409,1.51662922,1.46526828,1.438090155,1.449461533,1.337496791,1.092185086,1.076091309,0,1.282054307,1.915441569,1.389760369,1.354567041,1.268745068,1.505956434,1.458701288,1.9176017,1.434392972,1.428505224,1.929932141,1.916309802,1.855557821,1.698711944,1.937983288,1.953900884,1.959580035,1.917394481,1.032463375,1.039250128,1.919534467,1.948560418,1.544689105,1.459137363,1.608372433,1.0486786,1.35064414,1.358312772,1.44011486,1.475422149,1.615184185,1.760685502,1.524191848,1.530605029,1.465091361,1.511050846,1.298196228,1.014537191,1.039822017,1.380797511,1.491806826,1.06425972,1.02819443,1.501653276,1.611647288,1.537723925,1.403838633,1.439285532,1.43628312,1.654180797,1.691804516,1.087022011,1.435858323,1.172715945,1.363514372,1.596659431,1.476163867,1.393577352,1.454277662,1.566093251,1.435016583,1.413538585,1.519014611,1.458701288,1.602669398,1.822168745,,
CD_206_V1,1.86551075,1.710119961,1.690941174,1.845248956,1.750922541,1.219064697,1.103038462,1.832735213,1.778686907,1.860348458,1.858372923,1.86563962,1.899928485,1.79341791,1.865567708,1.744102802,1.810891287,1.640734254,1.744998472,1.825187516,1.933208883,1.756763812,1.889319831,1.795534639,1.854720678,1.90575105,1.886253951,1.667200536,1.492937066,1.748285867,1.729252031,1.163712304,1.365332223,1.744945686,1.838821784,1.927839501,1.725470966,1.919550424,1.814651108,1.727183284,1.777703851,1.844491748,1.866461888,1.926544618,1.931902429,1.898334634,1.924271009,1.57110114,1.691792885,1.85889497,1.814269372,1.941196756,1.296533749,1.571765992,1.771878724,1.828091532,1.947483468,1.925006904,1.271991915,1.85175049,1.648322181,1.325965297,1.81854985,1.835855365,1.767821236,1.756087852,1.894999295,1.323152361,1.834417919,1.47801802,1.294030092,1.222812459,1.267806026,1.962560023,1.876029043,1.913894979,1.896209095,1.947681884,1.683020129,1.8034496,1.723370885,1.873964667,2,1.124214753,1.594637251,1.487954991,1.781039368,1.86846888,1.258165534,1.723978492,1.753057512,1.915737043,1.913917176,1.35438556,1.447059002,1.833679149,1.758624132,1.311404386,1.316647367,1.841714995,1.883667114,1.751961829,1.824113205,1.71642628,1.837389402,1.279474902,1.1382663,1.883152729,1.801415375,1.843749286,1.832006195,1.89251162,1.263579704,1.796417986,1.774228083,1.740233778,1.70843992,1.811360027,1.767560415,1.86974988,1.978715043,1.839529398,1.324897932,1.769096815,1.737317523,1.743625884,1.813338046,1.734047999,1.816481089,1.13826385,1.925732596,1.961751824,1.8853844,1.916453394,1.312130799,1.840770892,1.719761099,1.817273287,1.831840495,1.835132214,1.964089781,1.33184183,1.812109707,1.798330613,1.791196833,1.814700134,1.703926073,1.595181582,1.874542575,1.97379342,1.958118377,1.706107827,1.825422642,1.858273981,1.897045894,1.853804381,1.813783816,1.727120355,1.716267884,1.809972453,1.806320683,1.88482848,1.191493234,1.370476669,1.291437683,1.362056915,1.864953809,1.836986538,1.350990966,1.238784588,1.392302032,1.917144006,1.305879711,1.374242018,1.803361031,1.82876601,1.8286349,1.866240768,1.856591026,1.298206396,1.206251672,1.81584338,1.831858809,1.247442441,1.139083971,1.812255369,1.786679163,1.862988596,1.675404724,1.857178493,1.900854558,1.91725025,1.926802303,1.868492866,1.76368947,1.879013466,1.77649361,1.280077622,1.457261715,1.932247807,1.817740687,1.846344484,1.795327695,1.860314052,1.926604651,1.879228726,1.966267862,1.92895326,1.949694744,1.439601085,1.417896587,1.810559106,1.823817645,1.900374517,1.916713839,1.917445034,1.903377453,1.761771934,1.278630369,1.439259574,1.282054307,0,1.597241872,1.898031499,1.931062801,1.430879691,1.556655927,2,1.789756234,1.969946339,1.964726668,1.762099105,1.720866325,1.696968226,1.511686302,1.789335892,1.755523539,1.884365868,1.723342388,1.231764998,1.336919368,1.691781645,1.721350666,1.968390587,1.960358489,1.335578507,1.362785566,1.917177074,1.917584692,1.950322134,1.917516387,1.963055918,1.935730802,1.874299931,1.908482113,1.860973331,1.873745029,1.735019769,1.276466133,1.225209738,1.943712917,1.871345708,1.270596703,1.272134933,1.680049451,1.755816239,1.761289393,1.887502454,1.918774132,1.868336809,1.866251392,1.934562892,1.340029149,1.765540012,1.414720358,1.853917428,1.748573956,1.850878502,1.911668142,1.911301051,1.968806466,1.973911094,1.890012799,1.906247174,2,2,1.884269835,,
CD_206_V3,1.813328841,1.800695767,1.800367193,1.914865542,1.876225156,1.609284555,1.698127784,1.812404124,1.739834995,1.899605157,1.875068956,1.831030542,1.881461128,1.663406628,1.653896983,1.643575172,1.653619225,1.585162882,1.508582144,1.767644835,1.925807615,1.520281014,1.814330534,1.774757171,1.847784921,1.76451671,1.744135618,1.73143277,1.750430144,1.825746254,1.802989133,1.817430845,1.780873978,1.776383479,1.864023857,1.926347993,1.553759304,1.954062331,1.863436932,1.654350557,1.8132185,1.614013769,1.837660776,1.925066414,1.903435632,1.895070724,1.946571838,1.918707373,1.900580256,1.85955193,1.759000002,1.926344645,1.927971939,1.950526082,1.813457698,1.795213131,1.904863789,1.867230909,1.951913896,1.717151118,1.831293948,1.952651614,1.660109836,1.724921492,1.636357745,1.688812956,1.841019987,1.63356818,1.646039769,1.691440551,1.710147365,1.931074044,1.929488265,1.963637827,1.67069692,1.682878969,1.878493793,1.959220289,1.60931895,1.675706127,1.678722448,1.8438424,2,1.76672636,1.948315371,1.954797371,1.778306716,1.842925228,1.937214969,1.736860178,1.789642228,1.951370612,1.935407485,1.752813011,1.930694193,1.811939961,1.728201047,1.946639034,1.94602943,1.69393351,1.796273668,1.599816748,1.64654583,1.617697951,1.733005215,1.880257827,1.847395644,1.580155601,1.731768012,1.801176085,1.642685558,1.739208237,1.831432692,1.658634836,1.510558575,1.657740192,1.646463394,1.634987916,1.638210224,1.834917762,1.946741645,1.807647668,1.609905677,1.625221189,1.683766765,1.866628391,1.761181063,1.579253825,1.518768667,1.871427468,1.840090437,1.952420661,1.940060368,1.957512995,1.434989859,1.718399038,1.625903771,1.794881117,1.741174917,1.672517347,1.940888344,1.954642127,1.824330613,1.719491821,1.703578672,1.77620474,1.68985509,1.883932947,1.926583266,1.990657719,1.985508165,1.671144483,1.845870991,1.785164409,1.829733719,1.820194041,1.798198893,1.577440335,1.580873011,1.689984245,1.731765394,1.879869989,1.727612489,1.568387289,1.935880103,1.934314184,1.601786953,1.612890765,1.703546473,1.735191861,1.932135239,1.942532571,1.657122441,1.635169091,1.732517389,1.828114321,1.872146756,1.613422782,1.60457246,1.698253534,1.684735149,1.851485482,1.827486105,1.592608501,1.813644793,1.825428162,1.690215753,1.812825886,1.844546081,1.798915415,1.794693332,1.891982569,1.912976195,1.811385946,1.689166634,1.887359903,1.801248493,1.935498667,1.861468101,1.925401137,1.74112512,1.796720599,1.719264357,1.900714515,1.929088137,1.905541951,1.960224226,1.926644358,1.931176631,1.907494052,1.919064064,1.849095819,1.817455097,1.909412962,1.924586481,1.889872953,1.876763654,1.881085625,1.877855329,1.894689616,1.915441569,1.597241872,0,1.820258164,1.931001531,1.926317935,1.867849577,2,1.65395126,1.956590835,1.939112527,1.695239744,1.64607286,1.550733213,1.666059823,1.690058423,1.677515313,1.851300066,1.623935315,1.915175018,1.964092977,1.607986123,1.694426946,1.957688398,1.954980357,1.671601245,1.895102583,1.842107134,1.893453025,1.929113362,1.903351649,1.972236184,1.904552701,1.872663075,1.851857046,1.739552009,1.814809961,1.909952651,1.948416343,1.914588585,1.88688004,1.810741388,1.945907671,1.919925245,1.905339469,1.970189797,1.6613834,1.852899349,1.940661415,1.945403372,1.801421891,1.904128542,1.886939038,1.868007596,1.863691838,1.669756294,1.708243266,1.837494761,1.877457515,1.878152278,1.960022173,1.976301668,1.788830566,1.874720794,2,1.999931817,1.847492744,,
CD_207_V1,1.443335274,1.786747847,1.791464488,1.87316609,1.803212468,1.853342184,1.899561913,1.866024922,1.847589043,1.288782351,1.268358749,1.108428958,1.237831678,1.81837138,1.867529066,1.786437056,1.842556421,1.59695714,1.686199517,1.776549099,1.087413719,1.896888686,1.78737938,1.758393366,1.834489613,1.860425849,1.899658355,1.959054399,1.963824143,1.787465611,1.747233149,1.942601226,1.965171073,1.713251085,1.744689503,1.927872937,1.674148528,1.705098772,1.679728671,1.907583918,1.940122461,1.622967748,1.839750567,1.067126262,1.069248923,1.507669063,1.69596321,1.129370911,1.110354416,1.782804972,1.793146977,1.49809669,1.409325352,1.154464697,1.770638757,1.805913139,1.094349685,1.096408671,1.987654514,1.916825804,1.120696161,1.604750785,1.805963247,1.805297853,1.807606203,1.81143781,1.040263741,1.887691796,1.856406595,1.930273311,1.913060704,1.93534312,1.952882856,1.110252469,1.867642982,1.928718802,1.274749557,1.557271333,1.761465884,1.75827505,1.623230165,1.716131183,1.364445867,1.9015092,1.132813848,1.19920102,1.820952911,1.834820249,1.474814866,1.736505225,1.795605768,1.169962842,1.077386431,1.930433102,1.985092081,1.862836842,1.81900018,1.595205642,1.571381577,1.17123457,1.196201678,1.594701641,1.626232993,1.597631283,1.803881828,1.204768058,1.901875807,1.927394525,1.828303488,1.772261706,1.765267356,1.813250589,1.318299738,1.863390041,1.834153353,1.738272529,1.737538051,1.743525422,1.738313063,1.072227541,1.377169831,1.741409807,1.877657891,1.665857936,1.635970613,1.136002142,1.640261872,1.587980985,1.913738587,1.922120165,1.211628057,1.486153385,1.429648068,1.123819904,1.873497698,1.967958811,1.723627066,1.687607999,1.082741499,1.166195847,1.377625426,1.645520943,1.88705219,1.777077891,1.79368102,1.812264396,1.783918737,1.176159034,1.113133146,1.518686146,1.4030343,1.631268812,1.726399718,1.76812731,1.780085778,1.840119795,1.785140695,1.653344079,1.751172067,1.748647461,1.726583153,1.139572259,1.928764942,1.822841617,1.373081978,1.224462482,1.897342855,1.808069112,1.884412833,1.908124299,1.40828812,1.123826424,1.812054513,1.797015239,1.679797948,1.189868534,1.121366605,1.861266654,1.836013739,1.81988202,1.811342303,1.780733501,1.777340267,1.685195664,1.841174042,1.887646056,1.778850114,1.197308971,1.148538455,1.071242259,1.05368829,1.091398812,1.136498596,1.837320728,1.843466877,1.855115537,1.860504347,1.357597634,1.15636438,1.912811226,1.814203992,1.838585023,1.74787919,1.112278085,1.11064852,1.077482616,1.486315081,1.214458665,1.111464358,1.191319213,1.28036276,1.80645889,1.835668037,1.175710659,1.133123167,1.112753286,1.101459895,1.0950703,1.259384899,1.152015204,1.389760369,1.898031499,1.820258164,0,1.028183223,1.221630935,1.362301659,1.364445867,1.714531135,1.181466985,1.15942587,1.653400541,1.592072656,1.862712658,1.838179089,1.788557899,1.813247662,1.829676316,1.76231438,1.429409836,1.607810589,1.741434489,1.84653201,1.274423759,1.172472434,1.923944953,1.239520613,1.061683666,1.062527317,1.172215225,1.181729509,1.241530137,1.450406774,1.209205798,1.208563564,1.111562196,1.171657042,1.098941257,1.430635373,1.481106597,1.080581896,1.1189274,1.821696227,1.324275139,1.270119284,1.485924195,1.135647479,1.07697429,1.167916495,1.178892154,1.279478095,1.436751785,1.178243757,1.17264561,1.139705922,1.136086486,1.237961849,1.144350988,1.081637064,1.117392234,1.272151541,1.169067009,1.078667068,1.177835221,1.364445867,1.438743194,1.788437482,,
CD_207_V3,1.481551821,1.834730159,1.838080662,1.866007905,1.818564496,1.931949129,1.946437283,1.895230386,1.874684112,1.289614483,1.26506722,1.119080844,1.244762281,1.872431301,1.925699448,1.833176008,1.870793835,1.733211799,1.824959434,1.831351206,1.056212686,1.947804066,1.892694158,1.837674978,1.89089446,1.936099725,1.945134126,1.971778675,1.975287358,1.804904441,1.788213343,1.96405116,1.981622389,1.779600118,1.800769457,1.946184452,1.814795771,1.750028034,1.734286647,1.931051443,1.952327596,1.84274026,1.882173814,1.033982507,1.038004939,1.534117796,1.695363543,1.094594872,1.067161025,1.85033657,1.847670663,1.535915015,1.362975073,1.095039585,1.819327571,1.85288186,1.078792186,1.105583819,1.983551183,1.954201229,1.125422044,1.557300413,1.873634907,1.852144406,1.871311014,1.847062658,1.037340606,1.923061965,1.907445514,1.953077719,1.946848922,1.951375213,1.967035119,1.093676316,1.933499338,1.955617136,1.274149123,1.524180156,1.877516713,1.885038832,1.745202962,1.7758852,1.265382952,1.92086073,1.083354846,1.141149816,1.842880044,1.858668389,1.438671917,1.793215203,1.826097469,1.17659846,1.064791396,1.956956694,1.986647851,1.901353978,1.873101076,1.557630301,1.526110682,1.229271765,1.234137547,1.771140395,1.768897476,1.752588049,1.848951939,1.209541559,1.938068757,1.960933358,1.887178731,1.839660301,1.871138067,1.878675602,1.328360737,1.916989789,1.927893275,1.83906509,1.830033526,1.854553315,1.863867078,1.087689551,1.344098317,1.810713433,1.924228554,1.808670192,1.753983121,1.152341631,1.754851359,1.77889913,1.949834927,1.94107936,1.229620939,1.476714424,1.408475571,1.071761994,1.933873127,1.982820648,1.822608722,1.754741414,1.119801608,1.244587347,1.339151734,1.602980349,1.896168231,1.850473161,1.849543175,1.874388953,1.842247723,1.185940948,1.101191565,1.510536147,1.389824135,1.768854399,1.800955018,1.82551939,1.849416866,1.872830322,1.817843364,1.827079109,1.874079575,1.854101475,1.830191321,1.157098704,1.951423158,1.910222913,1.329696914,1.186513634,1.943879583,1.910163066,1.926392925,1.935085992,1.377067916,1.081067972,1.892510488,1.879007552,1.762776158,1.23160724,1.119522747,1.920005644,1.890514036,1.890652286,1.872237879,1.811679456,1.837979885,1.823844116,1.910523892,1.896297752,1.853533067,1.18375534,1.131031821,1.093437702,1.071017066,1.089909893,1.128129642,1.878393859,1.898603718,1.871443721,1.871113533,1.3243707,1.156363958,1.932769376,1.876096821,1.882367491,1.848360563,1.089358106,1.083026328,1.067761253,1.492818905,1.210696942,1.100618618,1.169368917,1.252592156,1.844139872,1.852827424,1.192181167,1.133099648,1.116486649,1.118397532,1.07596354,1.243172472,1.126597224,1.354567041,1.931062801,1.931001531,1.028183223,0,1.198422628,1.38527173,1.265382952,1.84112454,1.146563117,1.134201265,1.79643469,1.75505773,1.936078769,1.920391134,1.860577023,1.870293393,1.910947852,1.853166168,1.396164031,1.559988952,1.887133363,1.90849021,1.25901689,1.152958103,1.959486929,1.210377469,1.051567122,1.043717285,1.142586982,1.169567941,1.253503608,1.49024977,1.215379232,1.220991268,1.157510859,1.199889306,1.075612607,1.381289591,1.462316251,1.069642046,1.153211764,1.805255434,1.287559678,1.235985975,1.416995722,1.22055137,1.079365524,1.139567579,1.133659376,1.343923118,1.453019555,1.163797493,1.18304992,1.143102124,1.108755632,1.2971507,1.160403146,1.069168315,1.119642,1.263071701,1.135879198,1.101789675,1.185777145,1.265382952,1.386071845,1.860876833,,
CD_209_V1,1.619352334,1.897065012,1.89653123,1.971618229,1.950273386,1.686837572,1.547919657,1.957239794,1.938259865,1.44179344,1.411022404,1.260761855,1.385201554,1.917496576,1.917923184,1.923666471,1.948042025,1.897590264,1.936278366,1.956706618,1.204213281,1.916575433,1.96580504,1.958097989,1.971613411,1.939763845,1.922982322,1.809902385,1.728800318,1.936430879,1.942609524,1.563069723,1.65910692,1.921980439,1.953749213,1.970458543,1.923404187,1.986157122,1.966193407,1.902135328,1.789940121,1.936138951,1.952087222,1.182395333,1.187213782,1.687642851,1.828488157,1.124020978,1.155024964,1.972606238,1.96410091,1.743186219,1.267999993,1.1611737,1.95113004,1.968533928,1.214153439,1.234831221,1.593646519,1.961318483,1.221226629,1.39965866,1.9536751,1.962345955,1.941969311,1.92919328,1.207573296,1.746231216,1.932777151,1.770647934,1.703140823,1.58156028,1.600754657,1.232784212,1.964110609,1.958967196,1.400799563,1.639512548,1.951076774,1.95282027,1.927545403,1.966359374,1.427523097,1.603443878,1.131374605,1.163171529,1.933355459,1.951570549,1.319713683,1.931068603,1.933511565,1.378383773,1.218091357,1.613461272,1.315553767,1.956734224,1.940771937,1.393904373,1.378415549,1.378241134,1.385568833,1.934350416,1.953595522,1.929679856,1.935123254,1.220750327,1.549222077,1.976101148,1.963668872,1.982564932,1.95174993,1.968876693,1.245867064,1.959589326,1.975260618,1.944844737,1.930858575,1.968920215,1.950824277,1.233200356,1.466146863,1.965726816,1.740618131,1.934662231,1.912442729,1.253293346,1.957463254,1.929173443,1.968508532,1.553481877,1.350052746,1.587682097,1.549743205,1.230979164,1.697381423,1.923082984,1.94573108,1.944118635,1.269696958,1.396717405,1.467094327,1.429316005,1.966447902,1.97182273,1.960995796,1.96021579,1.931616502,1.256724352,1.224617908,1.69660191,1.581475841,1.921169229,1.960454729,1.977087076,1.978710815,1.977590787,1.973053865,1.927296085,1.936131036,1.95460812,1.952401411,1.32225631,1.436794563,1.643097574,1.24135863,1.160529955,1.880483243,1.893636555,1.675750613,1.643351974,1.302507505,1.20931242,1.702781298,1.725871397,1.928972788,1.440607494,1.283874234,1.951731219,1.954957988,1.706663559,1.659184516,1.944521155,1.957942319,1.688092724,1.556447568,1.966452255,1.908488815,1.279275353,1.199331902,1.238389373,1.231023268,1.229426144,1.251998935,1.963744668,1.970059667,1.940178091,1.935345067,1.257805644,1.201589283,1.97519339,1.949392408,1.933743595,1.888617338,1.217799004,1.211201015,1.197887764,1.624061676,1.333007573,1.231295287,1.126257168,1.143202111,1.96599879,1.954593891,1.335301231,1.294533889,1.24790484,1.252201634,1.193875801,1.205079968,1.158153462,1.268745068,1.430879691,1.926317935,1.221630935,1.198422628,0,1.177568715,1.427523097,1.923483402,1.275825749,1.257717495,1.932992561,1.923672978,1.919296569,1.840266494,1.948129258,1.945079291,1.981416867,1.953540451,1.281973217,1.407847922,1.887095168,1.901024543,1.400662265,1.308370535,1.710288583,1.193402742,1.210813398,1.189395177,1.259160264,1.284353126,1.488696904,1.671476167,1.337111319,1.338822954,1.318718333,1.360497138,1.186724174,1.281886624,1.327973304,1.223810752,1.34192231,1.507542717,1.215264992,1.290147037,1.453506855,1.373522092,1.220437208,1.296373822,1.28575263,1.517796006,1.591790435,1.165196136,1.283340355,1.161855361,1.226662896,1.454961479,1.298098455,1.194560204,1.24254995,1.456545405,1.295772716,1.272418066,1.38187925,1.427523097,1.506553827,1.967858097,,
CD_209_V3,1.677447248,1.857545111,1.846865709,1.948046384,1.943566838,1.619762023,1.547571301,1.949924292,1.905747641,1.55134185,1.52708551,1.39281701,1.496725005,1.83056012,1.839037466,1.835638865,1.854853522,1.779526997,1.814933725,1.879091482,1.399885818,1.793116634,1.904480106,1.882207252,1.923966617,1.871528773,1.843533266,1.561262777,1.490220619,1.882104866,1.851333827,1.568518289,1.421891977,1.870842423,1.912588085,1.957900553,1.808420029,1.858091553,1.841542557,1.724826931,1.346999711,1.80453908,1.872285224,1.375520527,1.380323909,1.752685253,1.867940588,1.315408506,1.344801369,1.876120908,1.882488471,1.715741574,1.459226745,1.387288315,1.894368986,1.936145125,1.386479769,1.36897177,1.781423445,1.868657649,1.341697279,1.636634037,1.930967489,1.934418827,1.805543733,1.756509814,1.362883103,1.73494718,1.812284589,1.525542423,1.608121869,1.675434635,1.657214728,1.41626106,1.880064575,1.884030685,1.516405454,1.7507433,1.901814858,1.885839629,1.797516506,1.875675523,1.654586747,1.712350708,1.352843295,1.397965264,1.908365608,1.896917915,1.545408321,1.841552863,1.879114329,1.478828756,1.379687536,1.399276403,1.388852393,1.919015007,1.89207477,1.621875381,1.616282316,1.45602345,1.467655751,1.794054966,1.791327621,1.772784911,1.771168642,1.388898219,1.697064124,1.926453084,1.916905791,1.915781354,1.873795894,1.901072664,1.432800715,1.921437117,1.901427409,1.84783618,1.836424478,1.87383949,1.87573824,1.351984176,1.625567109,1.834772232,1.701258313,1.807298393,1.781437514,1.349640827,1.832128694,1.823570991,1.92841043,1.701724409,1.475004678,1.693568566,1.671648049,1.436289227,1.667095303,1.8886696,1.86766877,1.854301231,1.367780683,1.444814422,1.618680712,1.660092506,1.929259397,1.861306057,1.889938968,1.904520773,1.874954872,1.376748522,1.372562753,1.734859873,1.651407546,1.843698231,1.88666786,1.906484181,1.892030525,1.922079831,1.92370649,1.737633433,1.872511377,1.852888043,1.836691503,1.414829094,1.49768839,1.606396967,1.475293239,1.366758555,1.739187363,1.783285947,1.718985115,1.699198259,1.509235886,1.41757797,1.708073467,1.661958476,1.816342589,1.477815998,1.394914295,1.837851909,1.875271071,1.705049831,1.677479794,1.891571562,1.887556876,1.670900345,1.668846309,1.929513525,1.8019216,1.44450943,1.372702713,1.358181884,1.374502479,1.381388858,1.364157953,1.921819816,1.902695902,1.872777724,1.885211529,1.437288249,1.315595026,1.919758703,1.817612704,1.867912699,1.805323438,1.392830617,1.392472094,1.357995013,1.718707467,1.456201518,1.377426543,1.309694214,1.312779771,1.897097526,1.889869729,1.433729635,1.416184642,1.383806011,1.371801211,1.361344195,1.393142614,1.369973801,1.505956434,1.556655927,1.867849577,1.362301659,1.38527173,1.177568715,0,1.654586747,1.826323658,1.468676714,1.443161363,1.830291676,1.780427782,1.821457632,1.808847347,1.864044137,1.869562429,1.941881033,1.862968702,1.484575719,1.631993375,1.793088297,1.841762229,1.535872741,1.473982504,1.667522737,1.420881469,1.384723894,1.368904611,1.381198299,1.379834778,1.558526596,1.682888884,1.41096386,1.410689815,1.402034089,1.431074522,1.350042943,1.521216235,1.534782952,1.392707711,1.422574498,1.706715624,1.419105355,1.429658967,1.607782452,1.403936376,1.367844659,1.456680713,1.459333531,1.551609467,1.677357307,1.338602498,1.353329336,1.301999771,1.402013122,1.486588515,1.376985101,1.346843803,1.364573564,1.529081249,1.466446731,1.38778804,1.466420953,1.654586747,1.675555759,1.928383483,,
CD_215_V1,1.734827212,2,2,2,2,2,2,2,2,1.590363057,1.561766601,1.420104008,1.532577339,2,2,2,2,2,2,2,1.256299678,2,2,2,2,2,2,2,2,2,2,2,2,2,2,2,2,2,2,2,2,2,2,1.249921086,1.252987511,1.755321657,1.854009824,1.292994584,1.229313157,2,2,1.762907317,1.485220647,1.197723023,2,2,1.312819765,1.392227658,2,2,1.447977852,1.555967398,2,2,2,2,1.304217994,2,2,2,2,2,2,1.29851123,2,2,1.556217716,1.650696261,2,2,2,2,1,2,1.205382359,1.225161717,2,2,1.554323778,2,2,1.501459085,1.334257986,2,2,2,2,1.600469777,1.543826068,1.558877343,1.580504241,2,2,2,2,1.520837091,2,2,2,2,2,2,1.491481429,2,2,2,2,2,2,1.413567231,1.496233631,2,2,2,2,1.468828207,2,2,2,2,1.505235611,1.65972029,1.625905687,1.243453019,2,2,2,2,1.450557093,1.592494623,1.508163025,1.597014024,2,2,2,2,2,1.516003749,1.371998565,1.633239991,1.541670885,2,2,2,2,2,2,2,2,2,2,1.465459584,2,2,1.447062235,1.386510765,2,2,2,2,1.517344084,1.235506591,2,2,2,1.625056831,1.462683772,2,2,2,2,2,2,2,2,2,2,1.428931205,1.383319735,1.408421444,1.32680378,1.382016782,1.408954409,2,2,2,2,1.503295392,1.471207713,2,2,2,2,1.35138569,1.329737481,1.349588301,1.631601924,1.531521352,1.407047266,1.400779529,1.456342792,2,2,1.523409124,1.427629232,1.436521395,1.456747787,1.351430839,1.498993709,1.321316547,1.458701288,2,2,1.364445867,1.265382952,1.427523097,1.654586747,0,2,1.33699726,1.352733592,2,2,2,2,2,2,2,2,1.565326032,1.55792366,2,2,1.481784528,1.376078737,2,1.350897742,1.25909404,1.284774753,1.367333448,1.440815921,1.560636773,1.735657462,1.530300678,1.536054726,1.495887525,1.549705447,1.342862437,1.48833717,1.619928735,1.293460789,1.48448006,1.834446528,1.454798565,1.446562823,1.395382793,1.59678677,1.372828121,1.36189536,1.359884423,1.688545715,1.671025381,1.417726061,1.5149766,1.438318722,1.344428148,1.630852594,1.471932844,1.359680218,1.448707387,1.499162201,1.328112061,1.378706715,1.486768505,1,1.463091518,1.997249133,,
CD_215_V3,1.711814622,1.669703419,1.648045893,1.773394206,1.648090812,1.760325519,1.822753593,1.697737579,1.577971865,1.709465356,1.742341853,1.685926058,1.727798518,1.46176245,1.538444683,1.566984766,1.680209355,1.391174217,1.457229668,1.427046946,1.86356782,1.639470988,1.670967345,1.484988634,1.367722972,1.708979076,1.749403904,1.824547095,1.827124419,1.595755796,1.559467952,1.885439331,1.878293439,1.541935036,1.626186046,1.954417493,1.55237559,1.724691242,1.624236354,1.69078526,1.81035728,1.273829717,1.328657556,1.837631614,1.820688649,1.772902079,1.853694473,1.947506306,1.930508442,1.579264913,1.580287592,1.736672938,1.984911192,1.968060082,1.568655492,1.656975327,1.851847644,1.819148809,1.964323551,1.830654983,1.706079273,1.961116639,1.659736602,1.656954642,1.50793368,1.540703559,1.722050194,1.737204693,1.6603222,1.746113662,1.782143114,1.929741073,1.944142001,1.891811931,1.553191117,1.424487097,1.833964341,1.939526226,1.550273169,1.491611196,1.439593191,1.672760629,2,1.828734031,1.938060136,1.964224661,1.535960195,1.667798286,1.894117906,1.475793122,1.586916298,1.667595405,1.755481681,1.80513,1.973794881,1.359517802,1.245981498,1.963354767,1.959494002,1.642835219,1.719009189,1.400124938,1.471063604,1.400776045,1.58436534,1.855396617,1.829531929,1.702657544,1.399534416,1.40140148,1.539789007,1.690155799,1.825068768,1.627657153,1.60842489,1.358725483,1.351285526,1.653842117,1.631801919,1.703405757,1.958703864,1.558203751,1.599752289,1.414550044,1.475680103,1.806114098,1.536644463,1.382147345,1.666268454,1.784198574,1.738045315,1.834164963,1.847708149,1.905297211,1.653002378,1.914476017,1.482289518,1.565293624,1.58461621,1.530984608,1.927048451,1.958691687,1.651666758,1.596188991,1.599302958,1.531369079,1.43742281,1.767845398,1.790631443,1.843764349,1.824423994,1.439997263,1.582702684,1.602913657,1.627507778,1.674653841,1.590343037,1.455641683,1.537357016,1.533838704,1.511498875,1.690755205,1.827845197,1.584783794,1.918621784,1.877402803,1.762956444,1.615076051,1.686599281,1.689030206,1.936551633,1.924439303,1.511466858,1.515883743,1.518375985,1.571814963,1.692139436,1.681970451,1.651829399,1.695755025,1.623185208,1.527598378,1.530827418,1.52016229,1.801825664,1.652013787,1.307230632,1.901230751,1.865509018,1.631249743,1.678101093,1.799784543,1.779331631,1.730175839,1.645438693,1.255502438,1.262147259,1.899934002,1.756566407,1.876050654,1.670760482,1.65876057,1.54725506,1.813272775,1.883041176,1.797390015,1.914795237,1.744092082,1.810797849,1.919054415,1.942296965,1.595750584,1.537578935,1.718618619,1.749717481,1.755489466,1.683388757,1.756726439,1.804531039,1.870682826,1.9176017,1.789756234,1.65395126,1.714531135,1.84112454,1.923483402,1.826323658,2,0,1.913088729,1.891027545,1.513107926,1.459896113,1.404515155,1.498391964,1.573794045,1.631533655,1.808613032,1.517051107,1.900986184,1.975136701,1.589402528,1.649211237,1.859566043,1.820298974,1.747226891,1.892669735,1.752182126,1.816740695,1.784432586,1.53454778,1.816302168,1.816097986,1.362101762,1.399313275,1.560466639,1.604671754,1.811196277,1.933365937,1.89200513,1.836709863,1.595533313,1.942878465,1.920358128,1.883713437,1.989988458,1.488900149,1.74315334,1.814587286,1.773776154,1.588029413,1.811084615,1.836387859,1.776582249,1.761081752,1.897596136,1.46856844,1.666239948,1.727721308,1.721050452,1.790926635,1.468263891,1.627445461,1.692651221,2,1.999811366,1.772633769,,
CD_229_V1,1.591968827,1.942712945,1.933573689,1.96679525,1.960523844,1.972301327,1.977082897,1.934016009,1.920945695,1.404892179,1.38043713,1.218785884,1.331977999,1.938783053,1.942925446,1.927584284,1.95128816,1.899998562,1.912112816,1.931616788,1.153398714,1.939356113,1.950107661,1.936793064,1.952023235,1.632049927,1.56615668,1.97894255,1.982092927,1.922137345,1.916743365,1.982141828,1.985528568,1.90666948,1.923992908,1.981887617,1.926083446,1.900074005,1.899074697,1.934084012,1.965421967,1.902533111,1.943941286,1.130950926,1.134482561,1.655371228,1.790583937,1.182659929,1.154528024,1.918493099,1.925320377,1.662116562,1.441387025,1.182180552,1.918766199,1.934315468,1.167780778,1.203269698,1.991983196,1.967174352,1.231161129,1.615036579,1.945785574,1.945433773,1.929328849,1.931172976,1.157454161,1.952089876,1.947816937,1.978417578,1.977126986,1.965894606,1.984609286,1.185580044,1.955351006,1.958895229,1.380194205,1.598787687,1.944208676,1.937809477,1.906069132,1.928910609,1.33699726,1.964286478,1.169242111,1.223853653,1.930823059,1.929644963,1.519593473,1.895905564,1.907984396,1.323184374,1.170734424,1.978884428,1.995477809,1.958801793,1.941765044,1.619668576,1.590381789,1.356084208,1.36817563,1.898284459,1.885221543,1.878030224,1.913551096,1.34867632,1.954673794,1.927613435,1.955896417,1.937716593,1.946168514,1.956776003,1.416210169,1.955150591,1.961124071,1.936370893,1.940157231,1.940891485,1.940376031,1.199297061,1.407191185,1.916115999,1.941876614,1.906043817,1.894624259,1.268923865,1.901785458,1.902949892,1.871264284,1.934163313,1.128435668,1.219114884,1.519059458,1.17986623,1.909620471,1.981553003,1.924162354,1.912970999,1.235666087,1.368080546,1.407887612,1.657916448,1.942963732,1.923242967,1.934898748,1.671192001,1.723911826,1.290215965,1.189488562,1.612419306,1.495808759,1.913847855,1.932492227,1.891743807,1.887556748,1.951149449,1.928415153,1.911780564,1.918558858,1.929261312,1.916047976,1.278335107,1.971266324,1.946888126,1.401544442,1.264758615,1.94578393,1.902633636,1.945399711,1.933910249,1.214145472,1.074377712,1.935465044,1.931968387,1.904150062,1.40796474,1.251816347,1.961608095,1.943245917,1.960737971,1.953083274,1.930215022,1.929539165,1.911641747,1.957530891,1.943418467,1.932149248,1.264302976,1.213076456,1.204076797,1.179749542,1.193179577,1.223478401,1.939032696,1.940460449,1.940243392,1.941577755,1.415585819,1.263881996,1.975806911,1.952701053,1.938753905,1.913162776,1.185265768,1.17376079,1.165088546,1.566277358,1.314353092,1.198121292,1.261307852,1.33887965,1.924222968,1.934519709,1.295632793,1.240929023,1.223393053,1.230414154,1.17709891,1.335801762,1.217927907,1.434392972,1.969946339,1.956590835,1.181466985,1.146563117,1.275825749,1.468676714,1.33699726,1.913088729,0,1.024582379,1.910180654,1.897684933,1.961739235,1.957992521,1.923305669,1.928670157,1.963986695,1.928709433,1.475559708,1.621846709,1.931375161,1.946030848,1.341698864,1.243224927,1.978040978,1.297638436,1.150893895,1.142660407,1.228991147,1.262052158,1.426130442,1.608220814,1.312961549,1.314212578,1.276005659,1.317590019,1.179156012,1.460853054,1.544318874,1.172995391,1.292511325,1.83748711,1.366176611,1.327464673,1.488964735,1.349792546,1.182525602,1.242912614,1.238432076,1.479341445,1.52864167,1.213269819,1.195420278,1.240160472,1.201777047,1.424851781,1.263571961,1.15917998,1.216805437,1.37766516,1.235447808,1.20985944,1.323178038,1.33699726,1.456038067,1.946299822,,
CD_229_V3,1.572870716,1.929592791,1.922558894,1.968869289,1.966480508,1.962410872,1.968454437,1.884895738,1.887712845,1.384603872,1.360130059,1.197765835,1.309005288,1.921500397,1.911583972,1.91960557,1.940386337,1.879882477,1.882989412,1.867162798,1.141136173,1.908834248,1.941836782,1.931055192,1.946380514,1.553666997,1.474139662,1.97256577,1.975538154,1.815805306,1.868370203,1.969811612,1.981110894,1.903493603,1.908912744,1.978259705,1.913694621,1.903711492,1.905241214,1.902104618,1.949844254,1.872950409,1.921001577,1.117851251,1.122142134,1.641227713,1.784795072,1.166063233,1.133859298,1.885588684,1.861904056,1.658837843,1.4357086,1.179023411,1.883703901,1.849245371,1.139929858,1.163442875,1.992216583,1.923720996,1.204572776,1.61767351,1.940517046,1.941313762,1.913850484,1.89833959,1.141777311,1.90909579,1.923184065,1.970858826,1.971071197,1.958142273,1.981368757,1.167919349,1.881653183,1.947917328,1.357114449,1.591011515,1.931233741,1.922024161,1.885565256,1.921400015,1.352733592,1.965442783,1.163562979,1.221637958,1.919872411,1.906587174,1.514164507,1.882401082,1.89844459,1.302830615,1.15045913,1.952544613,1.99337606,1.95124567,1.931313675,1.619290088,1.592057876,1.322960437,1.29887313,1.875270561,1.865155083,1.865210431,1.867224942,1.329096824,1.943708612,1.904880814,1.920494577,1.907717014,1.927168053,1.862466314,1.406513462,1.935916749,1.94726075,1.86871054,1.928942552,1.933404029,1.929557487,1.173825321,1.350425639,1.903955078,1.912996737,1.874285091,1.886464291,1.217494883,1.862644478,1.881767173,1.844152977,1.932832921,1.072178589,1.153838221,1.507643546,1.173832168,1.829902648,1.829766159,1.907981184,1.901651064,1.198331819,1.324510112,1.400565609,1.660055217,1.934309781,1.907729222,1.908335909,1.796193632,1.817679362,1.254127401,1.165928123,1.61493686,1.494692649,1.897773027,1.918931758,1.885123259,1.886250079,1.929133434,1.920868701,1.895633448,1.905659068,1.821409543,1.861685842,1.25950662,1.963041395,1.928287015,1.395452591,1.250924951,1.931140982,1.879798226,1.915955282,1.911971165,1.165013624,1.048764489,1.923152323,1.917405447,1.888770943,1.387176286,1.232787182,1.949940995,1.929332992,1.949200155,1.942579169,1.925972033,1.908086428,1.898293701,1.952230518,1.934871246,1.916958131,1.238937952,1.187610024,1.178728916,1.161674034,1.172894309,1.202389437,1.934685518,1.930817499,1.894259228,1.876857603,1.407151761,1.23781742,1.972540353,1.910027636,1.922197649,1.885283428,1.165272812,1.152098385,1.142425568,1.562217058,1.276338265,1.180943275,1.244707488,1.324866118,1.91203833,1.919454924,1.26234044,1.213180758,1.197319138,1.203036246,1.15682883,1.312407216,1.202135051,1.428505224,1.964726668,1.939112527,1.15942587,1.134201265,1.257717495,1.443161363,1.352733592,1.891027545,1.024582379,0,1.900710814,1.884974564,1.949818674,1.947346457,1.851162178,1.867754588,1.95434443,1.905557445,1.455780658,1.625056118,1.909172243,1.928286373,1.291775721,1.210345796,1.969142401,1.289695788,1.138257915,1.127517081,1.209754622,1.240186521,1.414669707,1.606166964,1.291147118,1.294211033,1.247490628,1.287195505,1.160345012,1.457846802,1.528198875,1.156333674,1.269251873,1.829819013,1.355399393,1.309007327,1.493668938,1.315182669,1.161708617,1.231579329,1.22383412,1.441539407,1.456438219,1.181085224,1.144011836,1.209613511,1.173430735,1.402014789,1.237895995,1.136176975,1.189730721,1.366800681,1.225821181,1.190224511,1.307896894,1.352733592,1.454020454,1.94312175,,
CD_230_V1,1.680079131,1.615485436,1.611475712,1.83604268,1.712246455,1.63972913,1.776763604,1.696283371,1.641622261,1.70915257,1.736420019,1.707264502,1.727433609,1.535343225,1.639094414,1.437618444,1.594768892,1.255549914,1.335901805,1.562804913,1.798382603,1.609085749,1.401475748,1.491401645,1.64207002,1.711288808,1.727743975,1.825162575,1.852444701,1.533311998,1.429620339,1.884979163,1.902548378,1.393674007,1.575011704,1.920902023,1.398713182,1.570681047,1.456359144,1.599071498,1.803888554,1.414720204,1.486733337,1.797559515,1.802306054,1.825391114,1.878548528,1.959337349,1.935088367,1.436886375,1.518135803,1.57788312,1.972895897,1.962003586,1.419540777,1.565443803,1.830192809,1.756219692,1.981840415,1.836811569,1.722456597,1.964623093,1.674414293,1.721969601,1.361391116,1.262596461,1.687097675,1.637117376,1.622090555,1.783451775,1.784796684,1.828527332,1.899708626,1.784783004,1.76591569,1.853072084,1.758466443,1.900947514,1.509427984,1.493429685,1.315881358,1.574248707,2,1.715994561,1.958282863,1.973646344,1.559388402,1.613868747,1.868405065,1.44301515,1.582746839,1.626137991,1.71053317,1.812292617,1.964907646,1.687013982,1.612350918,1.96541552,1.967616365,1.579275249,1.678013474,1.200172477,1.291106395,1.359163643,1.496540416,1.759663429,1.80768695,1.775463721,1.611225644,1.619270572,1.453941983,1.523014274,1.824901636,1.548024785,1.638486452,1.297271152,1.280676339,1.538224997,1.579882967,1.635925432,1.953969487,1.244169191,1.535611598,1.363189779,1.278916595,1.742029069,1.461499624,1.41940228,1.705910661,1.790432862,1.686507973,1.773624239,1.839020173,1.778375665,1.688772106,1.932614614,1.436684146,1.373301695,1.558060284,1.326048084,1.908990473,1.951131565,1.553771008,1.489296438,1.527422309,1.547791544,1.472359168,1.676525211,1.720205153,1.72489465,1.697341195,1.29694521,1.445832992,1.583277458,1.588840689,1.701793905,1.611029535,1.429088896,1.492903601,1.438279787,1.328450022,1.617848861,1.804393666,1.558961257,1.948875613,1.935511188,1.789954009,1.646427546,1.638351215,1.60951056,1.934688572,1.920954471,1.583557706,1.460515445,1.314382843,1.466790616,1.656252299,1.6068644,1.506084845,1.571838154,1.605810534,1.623574803,1.539684644,1.420691193,1.751410995,1.554845057,1.618043823,1.918402875,1.882614861,1.635171478,1.648620172,1.729499898,1.794641998,1.65192036,1.582750599,1.525073616,1.490259319,1.881961565,1.740477846,1.814086834,1.462738986,1.527169259,1.438870844,1.744018034,1.851561186,1.754040725,1.872151068,1.797086292,1.796321909,1.914145083,1.943453603,1.403519228,1.45463623,1.617988999,1.642155955,1.751636235,1.659719973,1.803793107,1.850465506,1.859712213,1.929932141,1.762099105,1.695239744,1.653400541,1.79643469,1.932992561,1.830291676,2,1.513107926,1.910180654,1.900710814,0,1.081606885,1.67272257,1.607214529,1.471414463,1.490211796,1.620806847,1.305685878,1.909441501,1.961224894,1.515874915,1.657443776,1.804605862,1.755468584,1.746057044,1.895221201,1.748276055,1.773879576,1.912712239,1.859188805,1.620229924,1.613152334,1.735182865,1.752658732,1.499592806,1.529521072,1.87407974,1.950759056,1.751014103,1.767953586,1.531084633,1.955122383,1.937739312,1.929020633,1.990834732,1.407760148,1.680083411,1.476175497,1.632484829,1.543220686,1.76086714,1.84433881,1.73236742,1.79839698,1.887522729,1.497190328,1.66280636,1.837079338,1.745015441,1.664245643,1.816829757,1.553536022,1.539777896,2,2,1.760399172,,
CD_230_V3,1.653601459,1.538569117,1.523924102,1.790497403,1.683078844,1.573449819,1.752001609,1.673728253,1.616833952,1.679202981,1.718979065,1.665981986,1.692751291,1.439622959,1.638877948,1.423754021,1.571924892,1.151395454,1.206771415,1.464987195,1.806091982,1.629259917,1.518220327,1.428076689,1.622849726,1.706584493,1.725794779,1.794806487,1.844714097,1.483770727,1.367450604,1.87158546,1.890556701,1.355814006,1.511045753,1.903991768,1.324428516,1.457438756,1.341408256,1.675523711,1.849704367,1.402982893,1.522770998,1.770300173,1.77402513,1.791406992,1.86084812,1.952217574,1.916507304,1.376461758,1.447920133,1.459418278,1.963423201,1.95450501,1.403274482,1.557776159,1.796500214,1.711933009,1.980374662,1.820785701,1.637466778,1.960242364,1.656460082,1.688079731,1.362005815,1.377539351,1.601707605,1.5707977,1.586467073,1.782369179,1.774539962,1.848750345,1.902262419,1.772519014,1.754462277,1.841404246,1.754147246,1.892616997,1.477307062,1.372789019,1.243561331,1.513519612,2,1.665239552,1.951382201,1.968734642,1.549242259,1.621097451,1.854367732,1.369372289,1.516990354,1.510683821,1.671756898,1.799391639,1.965740131,1.663322202,1.574983616,1.954833779,1.958534816,1.516488416,1.611677115,1.197979557,1.241258273,1.25845489,1.438804804,1.709924345,1.79563751,1.802049105,1.56786742,1.52941913,1.461068036,1.525495149,1.782443768,1.595483434,1.637364551,1.280332998,1.269658735,1.456330263,1.521066656,1.582473056,1.950334335,1.279545696,1.538566698,1.298444625,1.193007537,1.662720891,1.361917243,1.35094178,1.742660182,1.81211802,1.629646433,1.726011522,1.80683762,1.739645736,1.638322646,1.919086211,1.393501624,1.325788661,1.494621713,1.351762199,1.91638409,1.945900058,1.546037376,1.426419365,1.503125407,1.570439424,1.4885694,1.603041923,1.691986205,1.623913694,1.591454906,1.222250218,1.351661148,1.475045569,1.50404418,1.605174721,1.52378206,1.369666464,1.461590631,1.371017802,1.253930352,1.521795938,1.770403423,1.49122255,1.935579342,1.914118225,1.801114071,1.643045016,1.674498311,1.638257206,1.931777006,1.900346667,1.580540669,1.487502795,1.254106041,1.352813474,1.55579935,1.653489536,1.55009149,1.564155564,1.569439115,1.561086989,1.502985783,1.346014781,1.713837685,1.546331843,1.534083775,1.929852713,1.901093004,1.579790951,1.58178961,1.700055268,1.787644526,1.648832869,1.577458985,1.571717689,1.562844872,1.858034433,1.730863001,1.80195019,1.479821529,1.572800668,1.423152838,1.730134786,1.85054778,1.751270271,1.887431691,1.764850936,1.792089214,1.89960448,1.938268372,1.445095458,1.490088912,1.550583496,1.542249433,1.727718764,1.61741702,1.780033251,1.847167141,1.834913522,1.916309802,1.720866325,1.64607286,1.592072656,1.75505773,1.923672978,1.780427782,2,1.459896113,1.897684933,1.884974564,1.081606885,0,1.626837735,1.513383207,1.417422097,1.449977093,1.568552667,1.257064405,1.887775626,1.947976096,1.495204474,1.637408188,1.758862891,1.726228284,1.690458536,1.877906348,1.688067271,1.731814697,1.905700891,1.841027997,1.51978081,1.519981711,1.694089298,1.710066214,1.428990352,1.449045595,1.853731378,1.937832047,1.796098229,1.710859185,1.418272952,1.950811861,1.938875845,1.922462218,1.98839088,1.306103003,1.627391145,1.59845835,1.732889565,1.457601068,1.723711913,1.807024644,1.635975361,1.765013317,1.848605422,1.403826439,1.609550004,1.815267527,1.723733536,1.531865812,1.765098734,1.472227785,1.435867944,2,1.999986034,1.717859006,,
CD_237_V1,1.766160946,1.597834991,1.676222815,1.766717141,1.632199168,1.643769791,1.719163161,1.644733435,1.420504994,1.791948948,1.800647344,1.795820067,1.825948576,1.459277538,1.48391583,1.647306799,1.541651059,1.612675315,1.505856814,1.614783842,1.93499873,1.446435278,1.824839032,1.645857622,1.708091282,1.710414901,1.664485564,1.619491976,1.524331734,1.799968912,1.739797902,1.823308714,1.772516088,1.712008736,1.743618556,1.952013875,1.653606773,1.895937997,1.814845524,1.657017278,1.821089203,1.549653043,1.530599978,1.919951353,1.921368142,1.808481827,1.846323283,1.858391458,1.88977364,1.556559976,1.515786904,1.912029518,1.91997152,1.944232947,1.678623184,1.724154697,1.920891784,1.886552641,1.874154547,1.575417293,1.83254856,1.892869668,1.347714039,1.431694997,1.497978161,1.627570062,1.865995259,1.549764015,1.605115154,1.608150077,1.614037513,1.824472396,1.851438327,1.906833486,1.610491953,1.240163267,1.903095439,1.96573757,1.699268686,1.572030686,1.546585593,1.71790481,2,1.685036827,1.9337682,1.923911279,1.629232314,1.64369569,1.855520295,1.510586939,1.586232567,1.860114002,1.905468403,1.763404931,1.945622054,1.521381146,1.412170599,1.884151498,1.886574544,1.771754916,1.799512487,1.565783048,1.628044556,1.454951495,1.537212622,1.816616324,1.774185288,1.37799064,1.524629419,1.565029492,1.553138032,1.708183737,1.823718683,1.589073786,1.38718993,1.549316187,1.380742682,1.569800146,1.461784203,1.837564211,1.922574935,1.73922937,1.377022298,1.496623157,1.663505979,1.798874429,1.759799677,1.49466685,1.665241776,1.758786971,1.86086837,1.917333269,1.839566307,1.953891759,1.578702612,1.875147848,1.437364441,1.758483874,1.805265138,1.747431528,1.956486921,1.891052757,1.45298663,1.609495897,1.625206703,1.617931209,1.486735967,1.79040887,1.876278752,1.963483928,1.955612975,1.668765948,1.775006053,1.662978181,1.522559352,1.797374129,1.762479657,1.547138616,1.466641368,1.650987096,1.653655396,1.880234091,1.753388799,1.364062083,1.869246173,1.87748805,1.746389141,1.694046738,1.619044126,1.600003999,1.895864645,1.955630918,1.421378015,1.556666464,1.731601257,1.805768666,1.892237009,1.430390509,1.441704511,1.689890406,1.661068759,1.343833817,1.336062167,1.55568048,1.736121447,1.451803342,1.528294642,1.903832095,1.887859112,1.830189547,1.84378493,1.842913452,1.778588062,1.737553733,1.565511211,1.505105361,1.515542644,1.855595934,1.799239733,1.86692866,1.773959959,1.611148588,1.612983539,1.900481153,1.88427369,1.867677995,1.937274427,1.881124929,1.859857179,1.913353733,1.932374659,1.617973163,1.336558193,1.891250625,1.906083836,1.859470177,1.840117506,1.866609817,1.767662407,1.839969139,1.855557821,1.696968226,1.550733213,1.862712658,1.936078769,1.919296569,1.821457632,2,1.404515155,1.961739235,1.949818674,1.67272257,1.626837735,0,1.420219282,1.699696767,1.739293202,1.856417371,1.606886249,1.840798346,1.897308446,1.732576081,1.624020065,1.944525938,1.919338575,1.441048932,1.867026297,1.883423921,1.911839518,1.745026561,1.615386285,1.946009863,1.927310053,1.613478183,1.589660637,1.762059471,1.785584757,1.808686825,1.867168353,1.825026379,1.89662644,1.813900903,1.878633656,1.860244408,1.962787449,1.996017349,1.71262708,1.871272473,1.92943115,1.941396072,1.817926313,1.919648443,1.834315788,1.853458105,1.823705229,1.914464789,1.762586059,1.849568648,1.827984009,1.834112946,1.916736738,1.789573788,1.825463853,1.880377347,2,1.999993035,1.812205367,,
CD_237_V3,1.769780712,1.746316102,1.768489969,1.815793461,1.733079755,1.525855981,1.516297232,1.687476246,1.72755661,1.813720304,1.81613569,1.820282479,1.852176173,1.623675797,1.701069186,1.612046424,1.640320284,1.477755375,1.426799091,1.619450966,1.909188497,1.570859862,1.783096051,1.653345554,1.741826923,1.714653071,1.77724044,1.747216599,1.666733895,1.741880474,1.660768171,1.652418887,1.712574743,1.645330826,1.689335608,1.946416314,1.656110766,1.894254338,1.793832779,1.738873147,1.835887562,1.600624902,1.609513581,1.908516963,1.9064409,1.82720673,1.871500495,1.845343334,1.864001873,1.721287063,1.747565037,1.906374304,1.814158657,1.882848813,1.643401187,1.715225394,1.916874037,1.87125706,1.727335685,1.572635297,1.763617462,1.755079146,1.77494694,1.778463034,1.593727212,1.685462368,1.842247863,1.490201022,1.714344493,1.565182809,1.55333253,1.649653573,1.68363366,1.937812067,1.699544963,1.730788303,1.871976321,1.951185532,1.553051823,1.445244758,1.572385498,1.743480539,2,1.531412703,1.862428849,1.829161984,1.69683568,1.803176283,1.696115483,1.696865724,1.782375217,1.841697289,1.874800861,1.696938204,1.904281389,1.677280234,1.549064548,1.739171511,1.746017443,1.739086856,1.791144893,1.56427155,1.696513609,1.631776062,1.665756431,1.641477921,1.574433517,1.858070539,1.550661191,1.591135138,1.660618413,1.723412369,1.684538548,1.668406447,1.763990748,1.51180186,1.518823075,1.803750762,1.75762349,1.839413112,1.963401636,1.71316212,1.453049397,1.589637733,1.619320715,1.793001836,1.726293146,1.613316306,1.760106337,1.567447618,1.867228215,1.930757359,1.831471314,1.916626318,1.544206759,1.904939604,1.588133547,1.694779321,1.773593757,1.692677742,1.943978712,1.755005276,1.711280268,1.68687168,1.66598898,1.745107188,1.680014592,1.682212601,1.832240225,1.962147233,1.944505895,1.545099989,1.694648971,1.739539571,1.74297232,1.745013233,1.650226793,1.584520709,1.61475823,1.624633748,1.583346136,1.866904536,1.68478424,1.566014547,1.715703315,1.738674197,1.840796942,1.744998402,1.58635251,1.539726151,1.774130544,1.939454555,1.533631792,1.53021089,1.705836257,1.801529572,1.878544492,1.729021325,1.706536944,1.52352779,1.482668902,1.77594054,1.755064839,1.422855155,1.570165868,1.712228128,1.596759903,1.909393187,1.839844571,1.803545443,1.820736888,1.869704004,1.848598558,1.849889914,1.700339191,1.593912272,1.580398079,1.702714947,1.714431229,1.902832561,1.695757229,1.694744905,1.633227145,1.825735871,1.809362602,1.828354969,1.948216683,1.846673143,1.852549765,1.829323475,1.859706105,1.700779993,1.721931719,1.860381869,1.886188212,1.847631499,1.850027032,1.815630936,1.598767191,1.738756558,1.698711944,1.511686302,1.666059823,1.838179089,1.920391134,1.840266494,1.808847347,2,1.498391964,1.957992521,1.947346457,1.607214529,1.513383207,1.420219282,0,1.625195885,1.696671433,1.828942631,1.452438615,1.66706782,1.761407845,1.698622474,1.782293354,1.953661361,1.916827452,1.544767432,1.73414523,1.862119349,1.889609143,1.873651793,1.758102072,1.95847978,1.929977792,1.67542016,1.689124894,1.746559099,1.765227792,1.830329285,1.714844155,1.652073473,1.921822635,1.794502116,1.726201078,1.70216447,1.948809915,1.994575299,1.649329203,1.844498515,1.892829643,1.915303346,1.80310766,1.915089494,1.690985867,1.817116411,1.703680307,1.908398479,1.72214083,1.81874338,1.858909932,1.830301635,1.923587722,1.844868237,1.80958307,1.869078,2,1.99972723,1.827088377,,
CD_239_V1,1.60014378,1.4993895,1.512442473,1.620331767,1.595932108,1.705238689,1.801313333,1.440560819,1.546224604,1.592052959,1.632142476,1.757414573,1.729334545,1.552116186,1.639870152,1.484786591,1.488367307,1.350565004,1.365830591,1.356088767,1.847630719,1.560757339,1.780529201,1.434191616,1.508316052,1.701466455,1.746047793,1.86144444,1.854877523,1.288514799,1.2560955,1.887491965,1.914073588,1.475087367,1.495416221,1.732167671,1.423448032,1.646673932,1.478846328,1.598319143,1.825749161,1.63319305,1.524350604,1.816215342,1.810962338,1.65672491,1.665646906,1.959169399,1.873742926,1.280248815,1.351936668,1.704137526,1.980870466,1.974313345,1.317964451,1.311248836,1.84283055,1.702301665,1.978870627,1.812772845,1.659652433,1.973708851,1.542494627,1.508610364,1.425143016,1.467952054,1.78221534,1.557641244,1.504424977,1.76148085,1.810895056,1.895378391,1.930927728,1.833061104,1.453978145,1.73692363,1.818103501,1.924174163,1.450324422,1.541799166,1.293063883,1.339001643,2,1.750574428,1.974586139,1.98439446,1.5596145,1.539688004,1.891904818,1.465992901,1.619503364,1.607241924,1.72431906,1.805698302,1.965319637,1.776251279,1.622912614,1.97843487,1.982926387,1.686448927,1.49749968,1.408649905,1.406779214,1.451887659,1.534320565,1.810731298,1.817734509,1.751358361,1.528047554,1.382999382,1.573473569,1.469096076,1.905458724,1.518789358,1.715786042,1.37790027,1.516854441,1.474628544,1.570422931,1.685476815,1.878261247,1.492542417,1.489882332,1.422210046,1.447068453,1.617963645,1.431982492,1.527506995,1.600943395,1.814513533,1.724465762,1.77937573,1.661018709,1.848543235,1.504190699,1.579695094,1.416888577,1.481024858,1.589813846,1.517511651,1.810228989,1.96163954,1.620021447,1.51512483,1.431451117,1.51145156,1.504923859,1.694581173,1.759526639,1.794744416,1.766064641,1.417813573,1.492997558,1.34943615,1.447213546,1.457868489,1.391298639,1.500311388,1.530992485,1.266765033,1.283005738,1.629798672,1.798339573,1.659030466,1.946063066,1.907587787,1.679305545,1.481772526,1.641845465,1.645727652,1.953414727,1.933467643,1.686694817,1.633845889,1.468026547,1.550251341,1.701031513,1.493267212,1.412592475,1.698051201,1.674052809,1.57704803,1.500123278,1.435961436,1.818879834,1.623732389,1.626816913,1.905999203,1.869818163,1.699008845,1.739186204,1.699455972,1.720567638,1.738067676,1.596842815,1.459126488,1.406429492,1.899045968,1.767364316,1.881996217,1.522791249,1.584528832,1.52924929,1.698975864,1.785283378,1.734255888,1.89283405,1.735533231,1.850771889,1.930778861,1.957310859,1.347057862,1.537154702,1.548797235,1.597394109,1.685818855,1.673439423,1.811442694,1.872586416,1.845983707,1.937983288,1.789335892,1.690058423,1.788557899,1.860577023,1.948129258,1.864044137,2,1.573794045,1.923305669,1.851162178,1.471414463,1.417422097,1.699696767,1.625195885,0,1.196905769,1.590762986,1.246276578,1.854244648,1.970642929,1.7016705,1.756814515,1.795000289,1.719743681,1.740752079,1.936300953,1.794988665,1.794167777,1.896774426,1.858030075,1.733738486,1.683977183,1.775968022,1.744623884,1.572033987,1.512405849,1.897980824,1.95797227,1.858090192,1.813611953,1.597636487,1.953085417,1.934927238,1.914731261,1.992324054,1.502343623,1.715199496,1.817114392,1.855231799,1.551179004,1.74423776,1.850158488,1.661168793,1.820734673,1.863694458,1.640680568,1.700928293,1.83334854,1.698432716,1.735185791,1.846662154,1.682983793,1.711370142,2,1.999767476,1.713493696,,
CD_239_V3,1.73161874,1.570098696,1.511293838,1.665924857,1.589329392,1.569380003,1.739306624,1.400858274,1.441097752,1.681652391,1.716420917,1.783592156,1.734648566,1.461061253,1.556614026,1.452912324,1.428118242,1.382685273,1.41401689,1.451969329,1.857397343,1.529020813,1.83863857,1.605133117,1.733760856,1.698632388,1.678476449,1.760308658,1.77223041,1.427394424,1.376903763,1.8768793,1.85868225,1.5011835,1.564845423,1.766318494,1.468200609,1.683289499,1.551502516,1.527190454,1.795146524,1.75881221,1.506855032,1.823403459,1.82840548,1.764321443,1.75461322,1.962947579,1.915596311,1.413314641,1.458477076,1.724630107,1.979183635,1.976644498,1.37201695,1.371092187,1.893185072,1.774556362,1.960469454,1.552191059,1.683936669,1.976325307,1.547343853,1.519227219,1.376520583,1.450255437,1.834010292,1.512886264,1.475349789,1.700929407,1.756942291,1.921192465,1.937302938,1.849090067,1.444462366,1.625354818,1.803014497,1.909035384,1.550783203,1.577875182,1.464915775,1.631930704,2,1.808509981,1.975927644,1.986532319,1.484932837,1.584517772,1.889981007,1.337164564,1.430758191,1.693439761,1.779834255,1.824091209,1.957091286,1.770000953,1.658662034,1.981873619,1.989096211,1.740400291,1.61186634,1.462378451,1.433863081,1.522930706,1.481717511,1.790498662,1.842177963,1.600872333,1.562658672,1.511197289,1.669218091,1.586561195,1.951069753,1.548227138,1.74905002,1.436366182,1.421999056,1.530230988,1.574577474,1.67622568,1.703863761,1.509586121,1.480501175,1.435051198,1.373892567,1.704036219,1.522062943,1.69469656,1.596144121,1.846394537,1.768630439,1.804504074,1.765165059,1.853759697,1.544989954,1.713683906,1.480797773,1.485444507,1.697457122,1.619506128,1.863222041,1.962477381,1.526114042,1.520643492,1.540451821,1.65931574,1.476339853,1.675162796,1.752782285,1.820104839,1.796394481,1.506022481,1.541336368,1.474040471,1.592807789,1.570751343,1.513271606,1.469560634,1.37854514,1.375512346,1.311378999,1.693661758,1.76282655,1.60361038,1.952018888,1.895844218,1.448049229,1.456850793,1.430349786,1.585701945,1.957901383,1.944949277,1.633360361,1.541218569,1.419433114,1.602943413,1.723431242,1.436035243,1.386763629,1.441862444,1.542133491,1.628195248,1.5279584,1.471327492,1.807194333,1.529962623,1.629038314,1.854183919,1.8362879,1.778946766,1.837783767,1.708916881,1.739630441,1.74920707,1.657623049,1.56423036,1.49957199,1.902655144,1.738838072,1.876394924,1.526540007,1.433866483,1.431737426,1.736409592,1.793169056,1.769059478,1.908242358,1.817556033,1.864304477,1.925015451,1.956728516,1.453891454,1.481078171,1.577584696,1.646511416,1.735300357,1.717382564,1.833024994,1.846087954,1.887301888,1.953900884,1.755523539,1.677515313,1.813247662,1.870293393,1.945079291,1.869562429,2,1.631533655,1.928670157,1.867754588,1.490211796,1.449977093,1.739293202,1.696671433,1.196905769,0,1.677163654,1.328682722,1.863370678,1.97115033,1.782784231,1.780733495,1.652235332,1.674397593,1.706680657,1.955289024,1.865248201,1.823090775,1.882378824,1.859946626,1.762863697,1.73298769,1.786324877,1.755528129,1.66870215,1.592342433,1.903476521,1.960788815,1.884315359,1.820256081,1.671731434,1.962288829,1.930540331,1.923431603,1.994651875,1.557914842,1.754283668,1.834370583,1.887117373,1.566693703,1.595479502,1.874599793,1.710007983,1.859635534,1.841064238,1.742182728,1.755916091,1.806732322,1.712229129,1.753228876,1.865372132,1.744200492,1.736521618,2,1.999934355,1.83214097,,
CD_241_V1,1.754259052,1.859214276,1.845610479,1.863546031,1.856502124,1.881570055,1.898422282,1.815776697,1.856608277,1.584420868,1.712538898,1.868725367,1.856579684,1.794655357,1.867350087,1.779436559,1.777725093,1.698898659,1.66935444,1.730526181,1.874784563,1.812640215,1.907245596,1.792222751,1.810010768,1.856245145,1.877864784,1.925578513,1.940405988,1.850183515,1.804106121,1.955965632,1.956687673,1.684985965,1.760884441,1.874097984,1.533705218,1.848138046,1.711877409,1.734402379,1.884829121,1.837302034,1.844254415,1.868475428,1.862888657,1.92677923,1.934406364,1.981975742,1.957535071,1.595673891,1.678389113,1.933134614,1.98594246,1.975916674,1.773742598,1.81329911,1.93645527,1.796217311,1.988006914,1.936853363,1.871558841,1.982005405,1.852864438,1.855507011,1.783853622,1.772745311,1.900188403,1.736512392,1.702292443,1.894358167,1.902412727,1.96888083,1.956279548,1.533365445,1.861590124,1.858238101,1.903620645,1.958528476,1.596762724,1.69510409,1.747147979,1.79948705,2,1.849309743,1.984055036,1.988734109,1.80064925,1.854353028,1.944850169,1.739185955,1.828009694,1.824285751,1.818766589,1.92145726,1.980023226,1.869385021,1.817697383,1.983631207,1.98874586,1.862509065,1.81497891,1.766075739,1.795517498,1.807614343,1.735100381,1.901343453,1.90350616,1.883394338,1.776940055,1.717215813,1.843751903,1.863816182,1.941873906,1.702693348,1.821904003,1.752204049,1.770592125,1.890482854,1.900629388,1.869416967,1.947805453,1.808625999,1.792798947,1.54423934,1.744431369,1.70320028,1.753538368,1.691194147,1.835040629,1.918158014,1.86276674,1.897839151,1.917919788,1.911446022,1.883644425,1.959060784,1.695269548,1.784331397,1.855544469,1.8188454,1.384646726,1.977657603,1.799000968,1.757428596,1.517013518,1.820650008,1.827975464,1.723992156,1.795746546,1.97209231,1.963359303,1.68559705,1.730309416,1.642570388,1.664295657,1.851388996,1.796585554,1.777503996,1.780110894,1.739893807,1.634374406,1.907746964,1.882487004,1.848228071,1.954039644,1.92882679,1.749933709,1.610976675,1.846779938,1.827826097,1.965203297,1.938358743,1.864840819,1.844876576,1.726710869,1.567399348,1.688740042,1.799535418,1.80181855,1.82821636,1.850295163,1.845713905,1.827242007,1.802370682,1.917174669,1.799890741,1.843001071,1.904043595,1.895176006,1.779755832,1.837592679,1.632120444,1.803882259,1.864163477,1.609457445,1.825456889,1.81586497,1.962595104,1.874484108,1.912047036,1.781674064,1.564953726,1.746324734,1.863988044,1.896449999,1.793281088,1.908301552,1.839870552,1.877113036,1.968587645,1.975830596,1.59645905,1.64019569,1.570402999,1.709772455,1.809444879,1.776598831,1.892565397,1.935072995,1.953411753,1.959580035,1.884365868,1.851300066,1.829676316,1.910947852,1.981416867,1.941881033,2,1.808613032,1.963986695,1.95434443,1.620806847,1.568552667,1.856417371,1.828942631,1.590762986,1.677163654,0,1.439806275,1.945908886,1.986942644,1.810317673,1.836489271,1.933542053,1.555695534,1.888352575,1.964175734,1.892098126,1.845467999,1.942168781,1.921330763,1.506494432,1.364124202,1.872570008,1.85119397,1.763559781,1.714585877,1.894723193,1.973007893,1.942532316,1.951795707,1.898572165,1.978072905,1.957505895,1.950871159,1.997291961,1.740812647,1.792929377,1.891713568,1.882574558,1.487040587,1.671820306,1.935491073,1.843586448,1.935079042,1.954485226,1.83546962,1.846339749,1.897428178,1.821673136,1.906394151,1.952953744,1.808965348,1.898755515,2,2,1.896766218,,
CD_241_V3,1.631193999,1.535731445,1.500201453,1.666948531,1.601171983,1.643421958,1.739866495,1.392775767,1.459658052,1.580260921,1.649394483,1.726834299,1.723540155,1.436709095,1.624297648,1.417040339,1.426042562,1.247403937,1.235746312,1.368956235,1.840046229,1.469723939,1.708850578,1.454297504,1.585651515,1.661504655,1.708926644,1.808372157,1.829948755,1.49854097,1.354642219,1.88340668,1.892101584,1.384549357,1.466563633,1.880841456,1.342677313,1.69229175,1.509690339,1.533643359,1.794728197,1.596524698,1.5256597,1.803851389,1.81111347,1.721259787,1.763660036,1.962998491,1.941725364,1.30775828,1.413144926,1.773030719,1.976288431,1.964555665,1.273195064,1.417216795,1.821361596,1.746646708,1.97286038,1.773893734,1.722642742,1.971968791,1.604942837,1.577836689,1.321102218,1.439684507,1.730673911,1.495348564,1.477316049,1.681411322,1.703595646,1.904666159,1.923707419,1.798552247,1.706741017,1.795483994,1.75756033,1.907732504,1.340533228,1.350911597,1.275856636,1.483393149,2,1.701712057,1.963390528,1.975279339,1.367784629,1.484409668,1.893100559,1.390726722,1.543506802,1.60486383,1.674628489,1.74991919,1.955896976,1.663749541,1.538045544,1.968131081,1.973391424,1.664321969,1.670223698,1.315282521,1.42235396,1.42771031,1.366030034,1.803105563,1.790340354,1.752671101,1.502298912,1.421243705,1.528953378,1.606133706,1.875958088,1.399972086,1.578023924,1.326202491,1.335247505,1.537191765,1.638703567,1.707072039,1.934838808,1.466417743,1.407484796,1.36488885,1.350384542,1.722802905,1.412147041,1.40636984,1.601161584,1.823879147,1.718185257,1.801488952,1.715690411,1.817337269,1.620255068,1.910952146,1.309939383,1.35255639,1.600966131,1.477191722,1.866714718,1.95909404,1.463273038,1.398079535,1.378018396,1.517383648,1.424799367,1.610119901,1.716774699,1.86018032,1.830733207,1.274686765,1.396362695,1.392023488,1.46632059,1.499058028,1.42062902,1.395694139,1.419328111,1.360826387,1.249678034,1.693016025,1.721980645,1.504550336,1.945606595,1.921448178,1.683746823,1.494084151,1.578172784,1.601563302,1.94791277,1.924162264,1.566645986,1.49063537,1.345419778,1.506206538,1.683626334,1.506622829,1.453314947,1.540397523,1.570616953,1.553054884,1.459022605,1.386000571,1.779616019,1.465252696,1.567247603,1.890297634,1.864943018,1.633558753,1.696194032,1.692399537,1.745908558,1.69247736,1.500791091,1.546455518,1.489448209,1.905905098,1.752127093,1.83100766,1.417184105,1.458071108,1.400438542,1.692806,1.799179806,1.734304236,1.893124105,1.718285406,1.773101335,1.92425153,1.945387289,1.284851527,1.374630195,1.561007499,1.677032383,1.606264838,1.625665052,1.779339113,1.837085622,1.870650957,1.917394481,1.723342388,1.623935315,1.76231438,1.853166168,1.953540451,1.862968702,2,1.517051107,1.928709433,1.905557445,1.305685878,1.257064405,1.606886249,1.452438615,1.246276578,1.328682722,1.439806275,0,1.900466389,1.972495632,1.545517607,1.632439591,1.846424422,1.725669011,1.640903468,1.911276317,1.784004856,1.793845049,1.92850502,1.851355977,1.724780498,1.668530573,1.736252775,1.735617476,1.518463603,1.469342578,1.854545395,1.950217013,1.875360716,1.858795546,1.62425549,1.964847103,1.939566949,1.91134819,1.993475772,1.448771277,1.708628053,1.765079742,1.779482574,1.53582807,1.778613282,1.849187507,1.706272815,1.83690035,1.894967004,1.580316684,1.695500405,1.796442639,1.692848963,1.778366237,1.874953268,1.657860578,1.713463582,2,2,1.753398812,,
CD_247_V1,1.7227867,1.871973721,1.849791411,1.908810754,1.908300263,1.439713687,1.198291205,1.891849573,1.9236478,1.58049628,1.575861912,1.463645695,1.537941347,1.936729299,1.935562464,1.936121665,1.927578201,1.87568174,1.888008578,1.858609316,1.40493831,1.871523486,1.951001883,1.909768147,1.934122363,1.949922779,1.95572779,1.837525632,1.657416922,1.864789276,1.867345644,1.335433823,1.595573217,1.898277982,1.879397235,1.979637472,1.941100583,1.846158647,1.84759104,1.848835789,1.840627031,1.936305838,1.910706892,1.387523308,1.391400625,1.761805637,1.851855136,1.23624049,1.240378288,1.860636243,1.872303192,1.719879672,1.20829456,1.22328242,1.878991876,1.873363572,1.426724621,1.433743783,1.113754556,1.913649092,1.268187608,1.071897437,1.91855679,1.898932012,1.870902274,1.841645858,1.407716832,1.445679461,1.859162925,1.657926344,1.492703775,1.130353566,1.172698201,1.429427654,1.935048191,1.977694,1.582472799,1.752875445,1.929833913,1.956355508,1.896893104,1.890540251,1.565326032,1.17608109,1.190423935,1.125177992,1.92769512,1.923257852,1.026132455,1.89260604,1.920753878,1.494495467,1.405736218,1.653274763,1.778301813,1.952754966,1.928884755,1.080309923,1.069520893,1.559261569,1.515704582,1.87258668,1.843300726,1.885774081,1.883061962,1.088042454,1.090343372,1.91169561,1.925980902,1.871377954,1.93168128,1.900701369,1.087271182,1.934709705,1.963425806,1.899352028,1.929473044,1.905928308,1.935251279,1.426516258,1.556969522,1.857356286,1.496369771,1.892604908,1.875272661,1.365663864,1.830437322,1.921948102,1.91336621,1.099743668,1.534246668,1.684623628,1.661244073,1.435428329,1.445671895,1.810749177,1.92640676,1.872362229,1.466136033,1.569524733,1.603982209,1.080309854,1.931375938,1.898103974,1.926919093,1.949076758,1.946507764,1.28704268,1.381819021,1.707551985,1.629502446,1.886992872,1.883830402,1.851236152,1.883891626,1.858204931,1.809321564,1.890641771,1.938587985,1.869084305,1.864626618,1.488933378,1.516029864,1.665808322,1.036758823,1.080608069,1.911573033,1.89383271,1.488790759,1.349229585,1.182163362,1.401721003,1.467183231,1.57091891,1.886771939,1.557219752,1.473122352,1.950308912,1.925410945,1.436304812,1.353358626,1.909874206,1.911309882,1.390483979,1.116245752,1.931567867,1.943151307,1.444038314,1.306405193,1.445157136,1.427994433,1.427244678,1.455149169,1.935917056,1.916296147,1.898497595,1.90189379,1.036975909,1.173691387,1.952151273,1.902444915,1.931456422,1.92262372,1.422458421,1.41713904,1.38355893,1.68519742,1.521848515,1.451081252,1.268217026,1.33729563,1.89546331,1.905433266,1.483927753,1.439849233,1.459000504,1.460195981,1.359309006,1.079243547,1.108374372,1.032463375,1.231764998,1.915175018,1.429409836,1.396164031,1.281973217,1.484575719,1.565326032,1.900986184,1.475559708,1.455780658,1.909441501,1.887775626,1.840798346,1.66706782,1.854244648,1.863370678,1.945908886,1.900466389,0,1.073537825,1.948351353,1.919692247,1.496474631,1.43417361,1.548393991,1.080289877,1.401156485,1.395363682,1.477393246,1.498074077,1.585004841,1.696434206,1.52280569,1.524660639,1.480625978,1.489289201,1.324536098,1.028176251,1.030786527,1.413733763,1.474858341,1.082630033,1.029885326,1.515342378,1.672394302,1.537758825,1.425348977,1.467903395,1.477890762,1.585252277,1.609444196,1.081091966,1.400043653,1.159991029,1.375176465,1.605203265,1.463261332,1.415861248,1.442379657,1.540983831,1.464094942,1.438993684,1.520515123,1.565326032,1.655303413,1.961653584,,
CD_247_V3,1.843548918,1.970180753,1.961644054,1.982005246,1.981752394,1.557853931,1.307510377,1.987149954,1.983781309,1.758751261,1.742647892,1.647061722,1.716013438,1.981618165,1.98894058,1.978671839,1.981479459,1.952324094,1.967435431,1.966985018,1.564037784,1.942382879,1.969844791,1.956916576,1.968289952,1.986556683,1.988930751,1.893345195,1.74865957,1.956761344,1.943720299,1.420403904,1.682012992,1.974381306,1.975712019,1.994660902,1.982215581,1.871660873,1.911774253,1.942888318,1.895523059,1.973393049,1.977319027,1.552708186,1.557383167,1.857831546,1.911451782,1.354294209,1.35394676,1.95461663,1.963465315,1.773072948,1.245382067,1.288939221,1.967950794,1.980969238,1.59259034,1.625208503,1.04511581,1.979390909,1.46317919,1.003594089,1.98227892,1.979728921,1.962716602,1.95727743,1.573126637,1.603805979,1.961820154,1.751222754,1.606154765,1.151374281,1.183948035,1.593076974,1.990132329,1.99282589,1.732640956,1.81537152,1.981437129,1.986691354,1.944379163,1.952179533,1.55792366,1.276632391,1.2618055,1.156788761,1.976886188,1.973396472,1.02970105,1.959238206,1.97087803,1.670751316,1.587144118,1.737488544,1.806131647,1.984964921,1.981511912,1.042417886,1.014181054,1.732762981,1.745777239,1.950950842,1.92476918,1.933507146,1.956155025,1.206398965,1.137507774,1.98489756,1.983536634,1.970159559,1.974465456,1.972316915,1.124907927,1.988496795,1.992159279,1.968228574,1.972408853,1.949926373,1.968164856,1.620541564,1.731611129,1.920952227,1.632933948,1.961201015,1.946854518,1.549828691,1.935314558,1.977757348,1.971966746,1.159936874,1.698382883,1.790767684,1.78456196,1.561104389,1.585946107,1.900698066,1.975833528,1.938932036,1.649205327,1.733783017,1.730448025,1.003607724,1.979735774,1.958113877,1.974979916,1.978269388,1.980938314,1.485314455,1.568783138,1.738657814,1.68736249,1.960872719,1.94793116,1.960213178,1.967035492,1.962338089,1.958485006,1.951992637,1.980505059,1.96603809,1.955024202,1.647595815,1.604721752,1.768795699,1.058283252,1.169394672,1.963638779,1.9842537,1.622688847,1.495352881,1.232608521,1.531642966,1.574392837,1.677245802,1.950524062,1.738900881,1.66137865,1.984562305,1.976971822,1.555355701,1.476938569,1.966704272,1.967765388,1.519946249,1.168601333,1.979877513,1.981812772,1.613380338,1.473026723,1.635197901,1.590461118,1.628371949,1.648205484,1.96943609,1.971562321,1.96730659,1.977858498,1.09477654,1.349321009,1.974712242,1.963753079,1.984558999,1.976977469,1.614729835,1.604044245,1.582050186,1.76074364,1.722094366,1.6422698,1.394320465,1.446569884,1.961507602,1.971028611,1.695321544,1.632475556,1.653794591,1.65861181,1.531999782,1.192086759,1.198476774,1.039250128,1.336919368,1.964092977,1.607810589,1.559988952,1.407847922,1.631993375,1.55792366,1.975136701,1.621846709,1.625056118,1.961224894,1.947976096,1.897308446,1.761407845,1.970642929,1.97115033,1.986942644,1.972495632,1.073537825,0,1.985485893,1.991141856,1.683361586,1.629168045,1.660873026,1.120353041,1.558269657,1.572403887,1.636044771,1.672267621,1.703041295,1.800627596,1.702664012,1.708932205,1.678886166,1.701533232,1.490077276,1.039059794,1.068293383,1.56805463,1.655825582,1.021890699,1.088223881,1.692395303,1.720889757,1.723507389,1.619074016,1.614301467,1.627673984,1.786455207,1.804819908,1.194013437,1.599725811,1.315405903,1.545573167,1.7569609,1.658173343,1.613116949,1.659753865,1.649255745,1.59886368,1.602156958,1.653216666,1.55792366,1.731211698,1.979318125,,
CD_249_V1,1.726270082,1.858019686,1.846216446,1.889600365,1.840841271,1.697559625,1.784981541,1.757467828,1.593417944,1.823832441,1.81155264,1.726894251,1.806635556,1.717799395,1.768193837,1.627399346,1.770007696,1.489923953,1.514497914,1.699937189,1.881790383,1.612215833,1.653129294,1.712619977,1.779172346,1.773593394,1.827494282,1.815516869,1.853890612,1.729693113,1.694723892,1.632192865,1.721413146,1.642565074,1.776526511,1.954446989,1.500900312,1.903267946,1.787380063,1.855975697,1.905300171,1.394634899,1.74537889,1.877423494,1.874969439,1.856225048,1.920231903,1.944212807,1.923099405,1.711278333,1.683273803,1.878755595,1.734612341,1.864239599,1.718701414,1.758863598,1.726902095,1.794303399,1.973088962,1.869582044,1.894552285,1.970303989,1.841318631,1.840499181,1.675888729,1.634890839,1.737378324,1.754645162,1.764344289,1.837871524,1.714002794,1.950449988,1.950376181,1.93397781,1.822557498,1.85275348,1.836478451,1.933325507,1.619895089,1.574899032,1.541522762,1.756653554,2,1.878084463,1.927701217,1.948971441,1.679776743,1.644321789,1.94933907,1.671026599,1.695497669,1.932836461,1.911938835,1.617986144,1.804128856,1.763853763,1.662680938,1.959157223,1.953085246,1.56207083,1.707584481,1.456639434,1.626152037,1.465325504,1.673223705,1.895012031,1.834326866,1.871508982,1.734851376,1.762526357,1.624836694,1.724391039,1.637670704,1.684348333,1.636196909,1.580718587,1.583137823,1.806431501,1.666528079,1.781990024,1.97653825,1.75248168,1.658433431,1.516250373,1.569103593,1.791127901,1.70569291,1.405301771,1.840398909,1.888361146,1.757548812,1.93521537,1.93040418,1.921818907,1.692857179,1.929591183,1.519515947,1.741474095,1.578407459,1.459717548,1.928604383,1.963795056,1.82279066,1.71804642,1.6141543,1.632461688,1.558822204,1.874327977,1.89389228,1.984324245,1.972731221,1.582900762,1.847660096,1.857949642,1.807354944,1.87568878,1.84688282,1.433750289,1.586070936,1.640105634,1.660013586,1.789180283,1.527847346,1.518241493,1.944973824,1.955203145,1.867143718,1.692966859,1.817460734,1.822821636,1.842377531,1.909564047,1.614667793,1.572844098,1.639516563,1.706608837,1.799547308,1.782598899,1.787823108,1.746842206,1.693764006,1.773549378,1.660379263,1.576626408,1.795488737,1.823266075,1.637965297,1.943591157,1.878361156,1.65398696,1.655372522,1.852736235,1.874559696,1.782329483,1.78334679,1.804502616,1.720450309,1.954203365,1.815139372,1.897138325,1.670637072,1.706168932,1.549477825,1.898827902,1.941802876,1.844637863,1.952922595,1.892753125,1.887047833,1.766934207,1.716389326,1.711826843,1.739617616,1.853428883,1.872790331,1.89069645,1.833587505,1.854725144,1.870398441,1.858916894,1.919534467,1.691781645,1.607986123,1.741434489,1.887133363,1.887095168,1.793088297,2,1.589402528,1.931375161,1.909172243,1.515874915,1.495204474,1.732576081,1.698622474,1.7016705,1.782784231,1.810317673,1.545517607,1.948351353,1.985485893,0,1.100089921,1.959547193,1.936372151,1.680356143,1.823601274,1.738852219,1.84759487,1.965547066,1.905960578,1.943655351,1.936997661,1.845084922,1.872725002,1.584358452,1.727175459,1.857630029,1.952063277,1.914911488,1.890920292,1.651832722,1.957836586,1.958135703,1.617443253,1.713512175,1.588864265,1.78510608,1.827700895,1.826531251,1.838673884,1.901099693,1.871242515,1.851122845,1.824042745,1.925484949,1.534204376,1.745653527,1.88347118,1.896009569,1.932550115,1.966948796,1.639883485,1.785948775,2,1.999952846,1.749642673,,
CD_249_V3,1.830288242,1.752551247,1.772868061,1.849556569,1.726141397,1.72381254,1.811666057,1.69773397,1.481261135,1.832744901,1.845852311,1.808533606,1.856474238,1.691635168,1.756304536,1.651881373,1.753703308,1.610469979,1.659834298,1.738842215,1.92434419,1.613109801,1.824135781,1.719226728,1.804076572,1.831566253,1.834801615,1.773844296,1.750006059,1.708455017,1.692483199,1.617339685,1.702984164,1.679734797,1.805194717,1.962003988,1.634153059,1.91706702,1.798667042,1.859790885,1.907401124,1.653559718,1.758845228,1.906233381,1.916699742,1.911055992,1.943782374,1.963610023,1.952572006,1.664096348,1.611752031,1.932775562,1.763255626,1.889818442,1.719189781,1.762376222,1.806480509,1.864302601,1.961518871,1.829892999,1.893362109,1.979148559,1.662007692,1.699316683,1.632580836,1.603949833,1.846409558,1.723538304,1.704246842,1.818776946,1.717163434,1.969430249,1.957562578,1.930921159,1.839308711,1.640986586,1.883899134,1.948851216,1.732876536,1.705510596,1.587922655,1.792686924,2,1.828668417,1.957682502,1.970493858,1.640174146,1.600689788,1.953650647,1.601337373,1.615819893,1.9305636,1.917964742,1.622645462,1.800798985,1.755033075,1.653127347,1.97799785,1.972053439,1.72629957,1.786131266,1.621356118,1.728418655,1.532308955,1.624795353,1.919958965,1.881989488,1.657934575,1.760992752,1.815574749,1.671976832,1.789992735,1.757880674,1.673239666,1.596748868,1.688925355,1.59542311,1.745881308,1.635329834,1.835386713,1.967088371,1.845253344,1.613093381,1.586449368,1.635444565,1.864935519,1.763558027,1.518381954,1.814835649,1.912463248,1.847211556,1.95136913,1.930105395,1.916738775,1.724255909,1.933124242,1.556648051,1.775319329,1.720782251,1.675084384,1.938628614,1.974425385,1.686013844,1.739325095,1.662719404,1.655218021,1.531093736,1.891849809,1.91380669,1.990749853,1.983231223,1.681592178,1.856955538,1.825947089,1.764617549,1.841045816,1.811870379,1.575057924,1.60692198,1.731524469,1.738095466,1.86166557,1.541628334,1.488854688,1.904404874,1.955198812,1.870552075,1.730484428,1.775323557,1.789400384,1.877522488,1.945174241,1.608896223,1.647857506,1.697721176,1.737569069,1.790970641,1.716982819,1.708055958,1.791981649,1.737609619,1.590198866,1.525783798,1.690089356,1.862418474,1.685143502,1.682836834,1.942179574,1.887869147,1.76649248,1.816396271,1.880491488,1.903282048,1.764617244,1.726095247,1.835586062,1.707685524,1.944896926,1.813860041,1.898602429,1.737756732,1.719825184,1.624548863,1.893959423,1.940676375,1.89419477,1.969634381,1.913663967,1.914332265,1.798268551,1.744076965,1.684378267,1.581239897,1.849476485,1.888734956,1.904737764,1.867146929,1.762356016,1.875131195,1.910705399,1.948560418,1.721350666,1.694426946,1.84653201,1.90849021,1.901024543,1.841762229,2,1.649211237,1.946030848,1.928286373,1.657443776,1.637408188,1.624020065,1.782293354,1.756814515,1.780733495,1.836489271,1.632439591,1.919692247,1.991141856,1.100089921,0,1.957186863,1.930825463,1.619085729,1.890234251,1.859900615,1.883196421,1.961997012,1.920887625,1.931708598,1.929363019,1.872710263,1.911895949,1.741400405,1.804290991,1.862318504,1.942302436,1.952568241,1.929488232,1.765887909,1.965803301,1.96494629,1.613921612,1.743002236,1.731031036,1.831204951,1.885609902,1.833064674,1.864994462,1.919419656,1.90585557,1.890956378,1.870351404,1.936857252,1.658250161,1.814199686,1.890738383,1.905929133,1.95923471,1.978914596,1.797030096,1.866642759,2,1.999892275,1.862152646,,
CD_251_V1,1.641932942,1.816295625,1.779086792,1.935495304,1.935930227,1.934079925,1.969127914,1.845777671,1.931464693,1.461465547,1.458824165,1.32025331,1.360011051,1.904504753,1.859466983,1.93291894,1.920264011,1.825908087,1.778850134,1.855845824,1.271203619,1.880174984,1.898436872,1.814572748,1.871237082,1.907625424,1.922691488,1.988356162,1.980407506,1.804562155,1.734647489,1.994404184,1.988621812,1.888694255,1.869967463,1.962856915,1.927704103,1.555773306,1.617934023,1.716856282,1.885006954,1.883011635,1.839816933,1.239265017,1.252722481,1.693634278,1.810869681,1.316748071,1.29489159,1.576657775,1.648274965,1.446424276,1.55233422,1.325219156,1.803651018,1.804686151,1.280152634,1.243073447,1.997801361,1.626843296,1.242086597,1.694427009,1.892468203,1.846813284,1.81696159,1.85197282,1.252833642,1.757910707,1.798276696,1.961660728,1.969189386,1.918014514,1.95954731,1.289797346,1.947421171,1.954350816,1.475787936,1.690622318,1.955799387,1.945585167,1.771140575,1.769316826,1.481784528,1.90400061,1.312317914,1.365064629,1.894261637,1.855723068,1.565429477,1.815105808,1.878627645,1.28838406,1.237026985,1.984654405,1.996657852,1.962969725,1.946344696,1.705394575,1.686501502,1.447893098,1.404973791,1.768442665,1.620396095,1.730820776,1.542016362,1.409270841,1.890792932,1.755631696,1.918611296,1.799752603,1.872748652,1.853644869,1.516649634,1.92087486,1.951812862,1.891379573,1.909200679,1.713875037,1.776811118,1.215393906,1.060097892,1.636663298,1.891540498,1.751784443,1.75716367,1.349394534,1.501115095,1.915861561,1.875905689,1.904845533,1.373869378,1.530181182,1.577966077,1.316953193,1.939878872,1.971043182,1.910820333,1.729131633,1.30341759,1.425122549,1.485840881,1.725806786,1.858706587,1.771187275,1.820067657,1.907250382,1.919211042,1.235303726,1.232455403,1.442595763,1.360972373,1.847114116,1.767124707,1.749707486,1.781218359,1.760935142,1.75311782,1.951859679,1.955681781,1.82681993,1.732373269,1.279298292,1.984835119,1.890902577,1.516995707,1.376008643,1.913526882,1.908771901,1.751623586,1.83027345,1.540207688,1.306879078,1.969351631,1.945877925,1.766629507,1.377353401,1.308927093,1.901478191,1.833025392,1.949127486,1.955339584,1.834834374,1.809307395,1.835352173,1.930720679,1.859595276,1.916789074,1.306139426,1.261734152,1.281503309,1.271185976,1.282522751,1.316245671,1.856364113,1.835106133,1.837721779,1.896971278,1.475656064,1.31494861,1.957738115,1.909868795,1.904403149,1.846333302,1.269054543,1.239479657,1.249200334,1.498153774,1.411082735,1.310080115,1.376999105,1.456641397,1.788107357,1.834590455,1.296565948,1.228693081,1.304490921,1.294819709,1.285288326,1.404640762,1.350947373,1.544689105,1.968390587,1.957688398,1.274423759,1.25901689,1.400662265,1.535872741,1.481784528,1.859566043,1.341698864,1.291775721,1.804605862,1.758862891,1.944525938,1.953661361,1.795000289,1.652235332,1.933542053,1.846424422,1.496474631,1.683361586,1.959547193,1.957186863,0,1.098715267,1.98498813,1.421886332,1.255844807,1.25095915,1.34655714,1.361877936,1.370357646,1.503085825,1.389685947,1.376425992,1.322726911,1.318415516,1.29498633,1.559878961,1.578047755,1.242612388,1.284153794,1.868906476,1.467845548,1.440454875,1.602091865,1.35809778,1.275532516,1.309126066,1.344694204,1.369804197,1.083544743,1.368773347,1.342990615,1.354497534,1.217217246,1.465852204,1.338004974,1.256233529,1.28682613,1.30436337,1.292444694,1.249611216,1.292299486,1.481784528,1.567570763,1.942067057,,
CD_251_V3,1.521163795,1.746799914,1.728617115,1.863845522,1.867412389,1.95400082,1.973094327,1.847301901,1.920330081,1.252080192,1.306455798,1.206899021,1.259873504,1.892301398,1.850509216,1.885966577,1.854618909,1.811223675,1.728611387,1.753767688,1.141039731,1.824526252,1.929525319,1.849781435,1.888529954,1.860536457,1.879345931,1.991150161,1.988754517,1.839241731,1.782281387,1.99670288,1.993827988,1.756009966,1.717392745,1.84496848,1.752652841,1.640011424,1.629859467,1.673262964,1.849712782,1.865011174,1.801899958,1.116107357,1.12726953,1.617443136,1.730200951,1.210910864,1.186097818,1.568315834,1.644176197,1.531938362,1.466495211,1.215690638,1.756717136,1.71681284,1.191489098,1.167929668,1.998473907,1.768016817,1.17177093,1.621865815,1.815376015,1.730778669,1.827679116,1.866413313,1.156858141,1.821011905,1.754242108,1.966513657,1.972220277,1.943867423,1.967652675,1.093240183,1.923761645,1.914488787,1.388339441,1.626388502,1.842248542,1.860767733,1.839432156,1.766988429,1.376078737,1.902633252,1.203215425,1.257837378,1.898652614,1.875232686,1.488871088,1.784384582,1.861045306,1.19696092,1.128354511,1.991314407,1.998083777,1.949205412,1.903457459,1.642792966,1.617422606,1.355831097,1.30445495,1.722944719,1.62848217,1.773900618,1.647256361,1.33806859,1.885272239,1.75465909,1.9092192,1.68332158,1.869669081,1.831816382,1.438605722,1.878629287,1.932973754,1.909931174,1.936488336,1.813302666,1.870541072,1.153848603,1.156999249,1.694430024,1.852940588,1.759975853,1.764460208,1.233843903,1.635980238,1.870811203,1.815587786,1.893440936,1.275110827,1.454093738,1.490813686,1.214407937,1.93269182,1.964927264,1.860240776,1.741010286,1.227610256,1.356970493,1.393571412,1.660327555,1.833695654,1.760450184,1.836456162,1.895817143,1.917890993,1.142142632,1.108368691,1.510954391,1.412949729,1.824055567,1.781253336,1.626424804,1.671075126,1.837835337,1.668585325,1.913080567,1.935175646,1.811431505,1.705639951,1.224186239,1.980109628,1.926115951,1.422204092,1.279382701,1.858895382,1.843592775,1.785205499,1.816554411,1.454659796,1.193500862,1.978093973,1.958432698,1.789497096,1.2537511,1.202436352,1.878144766,1.820085346,1.919446397,1.935519718,1.787183639,1.782998672,1.834929143,1.954590035,1.834879821,1.892360977,1.221676824,1.164411567,1.169155923,1.16871468,1.10595432,1.161920543,1.868836943,1.851541881,1.818522099,1.895792436,1.405739313,1.23041622,1.967209578,1.924688832,1.837484232,1.836928835,1.173930519,1.152694515,1.126542205,1.524673321,1.313604851,1.201767653,1.283090587,1.36461649,1.727905993,1.776074328,1.159109443,1.131089561,1.197189533,1.186227852,1.180425099,1.328463588,1.248828557,1.459137363,1.960358489,1.954980357,1.172472434,1.152958103,1.308370535,1.473982504,1.376078737,1.820298974,1.243224927,1.210345796,1.755468584,1.726228284,1.919338575,1.916827452,1.719743681,1.674397593,1.555695534,1.725669011,1.43417361,1.629168045,1.936372151,1.930825463,1.098715267,0,1.990471666,1.329224642,1.138760593,1.127469453,1.23740125,1.252448268,1.252091897,1.333580072,1.305086079,1.289508375,1.209265516,1.202544925,1.192662517,1.479492698,1.500252389,1.172839607,1.22240553,1.835761255,1.363570832,1.351005862,1.516951858,1.291341154,1.148789293,1.230643114,1.244548988,1.218056395,1.152754893,1.281604071,1.275942337,1.261639078,1.161232726,1.397844284,1.224052937,1.158947305,1.162196251,1.304726132,1.214807004,1.154718927,1.269241376,1.376078737,1.481773951,1.936127782,,
CD_256_V1,1.918671667,1.707873656,1.73763522,1.893075233,1.786625499,1.342120534,1.306874831,1.772797022,1.60929879,1.952917081,1.939314905,1.917471216,1.944871353,1.611673783,1.620796571,1.661892911,1.680472143,1.592844525,1.649109445,1.733800952,1.94557272,1.581230981,1.900613006,1.772460777,1.849541633,1.860515774,1.814873822,1.372613506,1.325999312,1.816497566,1.769105379,1.366325159,1.41104659,1.745169252,1.81207577,1.954653592,1.723777204,1.973821478,1.889312363,1.752354862,1.82093403,1.867268074,1.850350024,1.949622199,1.945411572,1.958996127,1.976564206,1.74382479,1.807728119,1.757861148,1.712493373,1.96395436,1.604594002,1.785153933,1.774706839,1.849246636,1.953712604,1.915205788,1.608551806,1.762963072,1.774960954,1.655109663,1.607778678,1.706665182,1.609773019,1.716072555,1.915275956,1.367527126,1.656403087,1.431474446,1.351279297,1.541479488,1.56901149,1.967731474,1.808673257,1.582125403,1.896872306,1.952613473,1.734258842,1.789358736,1.630236942,1.843693778,2,1.433704633,1.804253493,1.749938983,1.68074458,1.784798334,1.59244088,1.629202582,1.685040374,1.976570516,1.945454124,1.37632275,1.709419374,1.773411837,1.670920813,1.629300369,1.642565097,1.860893073,1.890894101,1.6851357,1.7800364,1.645531122,1.70638161,1.536646364,1.449802718,1.589941512,1.792129197,1.898943469,1.70645537,1.865903639,1.548814263,1.714964432,1.637955388,1.686857654,1.548323095,1.713899503,1.62829362,1.91604994,1.988917858,1.818573771,1.266754963,1.637083376,1.661730395,1.797257419,1.884435117,1.714658132,1.795133287,1.447220972,1.950629726,1.986025043,1.929797911,1.909906896,1.337272336,1.848428818,1.640011184,1.802881372,1.873768055,1.835354757,1.982122415,1.657083476,1.682404766,1.786369477,1.742927473,1.766616475,1.635348319,1.690998395,1.887634983,1.990120801,1.980160866,1.670371988,1.823889799,1.838248115,1.781874468,1.852492963,1.830197827,1.67008212,1.595233293,1.754306239,1.744796224,1.938956046,1.356411993,1.27034919,1.605749569,1.622458418,1.804945753,1.757467806,1.437253988,1.366074424,1.647449841,1.922510982,1.331173583,1.383680782,1.72078259,1.906544934,1.897756772,1.716110155,1.747487192,1.385927016,1.343864505,1.584754607,1.56416021,1.393301683,1.442041307,1.681261072,1.756347798,1.884305168,1.782529402,1.898219912,1.917617572,1.938083039,1.916753036,1.850396861,1.760021606,1.88439236,1.818859696,1.589438463,1.627415567,1.87517201,1.737699206,1.808459629,1.752743571,1.874023574,1.938779515,1.924207029,1.984097277,1.923679564,1.948676888,1.674067922,1.663390263,1.782843908,1.579948048,1.916036663,1.938635315,1.936859258,1.937024092,1.819393097,1.550815914,1.681266553,1.608372433,1.335578507,1.671601245,1.923944953,1.959486929,1.710288583,1.667522737,2,1.747226891,1.978040978,1.969142401,1.746057044,1.690458536,1.441048932,1.544767432,1.740752079,1.706680657,1.888352575,1.640903468,1.548393991,1.660873026,1.680356143,1.619085729,1.98498813,1.990471666,0,1.632618294,1.943490478,1.922794063,1.884539898,1.874520607,1.993842372,1.991249814,1.903635803,1.898714518,1.889017137,1.891151086,1.848559621,1.6060905,1.555369695,1.966770114,1.925966783,1.610824836,1.577936412,1.7463219,1.821508351,1.803524974,1.886042713,1.944354151,1.96127196,1.924306708,1.972682155,1.603780108,1.804415199,1.624184645,1.900266631,1.85903269,1.902204138,1.920720776,1.921132817,1.968027746,1.987580298,1.913033999,1.918507873,2,2,1.943081498,,
CD_273_V1,1.601753798,1.949313847,1.946728516,1.955334363,1.930714363,1.553105278,1.34385141,1.966013491,1.950687397,1.472273211,1.438510741,1.285725259,1.417585878,1.936957782,1.945574775,1.922511147,1.961929032,1.845461588,1.872530897,1.922803225,1.212761981,1.919056242,1.821733432,1.92324823,1.941204263,1.950058926,1.972269546,1.872974516,1.743438548,1.950360547,1.94978483,1.405784804,1.653845459,1.892914733,1.938707996,1.982087832,1.863566129,1.968695092,1.955470357,1.931818196,1.880952532,1.769023136,1.961720636,1.1979777,1.200801796,1.668934066,1.801415313,1.119364923,1.112234916,1.965432902,1.94788699,1.732876532,1.160417536,1.091712904,1.960874425,1.977045902,1.228308202,1.271632929,1.235167342,1.968123772,1.225104366,1.113577988,1.961818296,1.965679162,1.947993477,1.945679386,1.208657243,1.614061905,1.95823308,1.7500882,1.600465823,1.268138587,1.285452666,1.257889627,1.970292034,1.991065531,1.435136814,1.630427952,1.878756235,1.878375979,1.88049271,1.9463479,1.350897742,1.345455643,1.07524694,1.050049551,1.960852844,1.980371828,1.078177731,1.924930716,1.942317128,1.417804285,1.249130728,1.686932475,1.758677148,1.926124961,1.904213078,1.074262671,1.077667345,1.380795086,1.425777498,1.842306057,1.905238155,1.825148793,1.948455262,1.106144316,1.232414535,1.980654262,1.93338974,1.946540058,1.912576836,1.9547984,1.057627935,1.9477649,1.922455857,1.892637636,1.901691196,1.969349349,1.914611473,1.275556854,1.466808675,1.957180682,1.627947641,1.872486336,1.892423699,1.27020991,1.901845672,1.790752685,1.968920848,1.251947349,1.389614075,1.62526794,1.557004841,1.232000746,1.579694878,1.909433678,1.86810542,1.893315686,1.279447014,1.387432068,1.482744803,1.130297282,1.968217985,1.927690578,1.901379601,1.928888803,1.915404717,1.26064182,1.258345508,1.679981576,1.570208308,1.861804236,1.943540999,1.981663613,1.964352013,1.963413376,1.959785389,1.813371647,1.884313733,1.91085214,1.928292717,1.347376239,1.566240876,1.704841074,1.046916732,1.057015044,1.943839834,1.911958852,1.631874888,1.519403452,1.166610596,1.205532085,1.545441553,1.632444562,1.923807276,1.473928119,1.337274042,1.97505431,1.9803611,1.550924079,1.465464329,1.922707062,1.942742281,1.495886858,1.250209977,1.968165663,1.90432122,1.310037452,1.201635067,1.260521458,1.217679102,1.274692886,1.309784965,1.955411563,1.96262651,1.959818579,1.9488279,1.07072992,1.154007651,1.967601396,1.936854362,1.952942686,1.891523395,1.25733488,1.246781771,1.238024704,1.601611453,1.400679309,1.283118042,1.161144588,1.217214195,1.963965379,1.958386921,1.399504389,1.333655781,1.307405373,1.316858593,1.20737057,1.087566762,1.051327486,1.0486786,1.362785566,1.895102583,1.239520613,1.210377469,1.193402742,1.420881469,1.350897742,1.892669735,1.297638436,1.289695788,1.895221201,1.877906348,1.867026297,1.73414523,1.936300953,1.955289024,1.964175734,1.911276317,1.080289877,1.120353041,1.823601274,1.890234251,1.421886332,1.329224642,1.632618294,0,1.193068751,1.208198735,1.303401099,1.340482737,1.514344833,1.691870475,1.398856058,1.406301567,1.321261399,1.396376879,1.185391617,1.06212411,1.096802499,1.238342676,1.347510597,1.176136007,1.049495312,1.337632381,1.445931212,1.404186817,1.253036152,1.307313952,1.291955776,1.579494264,1.598430838,1.064437699,1.327238573,1.11786588,1.239583126,1.441723343,1.332408145,1.249126236,1.318095969,1.466443895,1.307260839,1.258446214,1.38921937,1.350897742,1.496574687,1.879827596,,
CD_278_V1,1.432982953,1.811407572,1.795115168,1.877665398,1.878391494,1.899637925,1.920767632,1.894785251,1.904504478,1.272104178,1.266471699,1.103463074,1.225504401,1.848182307,1.885124524,1.846735934,1.873348362,1.666057568,1.690765814,1.747032676,1.056846386,1.876284812,1.763897324,1.787486223,1.836274047,1.857430983,1.908521994,1.97370559,1.979678245,1.848326963,1.812808151,1.948206803,1.965763003,1.691110747,1.696416928,1.956608265,1.722595698,1.749207684,1.735211885,1.889616049,1.932583698,1.575697689,1.847978958,1.037233135,1.039596889,1.521557879,1.685996935,1.100960811,1.068198408,1.785189371,1.806617941,1.517939062,1.372274633,1.099477385,1.820181828,1.833746925,1.071332444,1.102581286,1.992845523,1.95283218,1.130955486,1.548257324,1.869602916,1.821371186,1.831282963,1.851143102,1.025878624,1.921165042,1.877744687,1.951536515,1.926602348,1.931471968,1.94638576,1.101868026,1.92519011,1.970255909,1.285880728,1.540115643,1.792778779,1.77772738,1.728987285,1.755171947,1.25909404,1.926678247,1.081440134,1.138621363,1.901631886,1.89549047,1.438465343,1.776772676,1.847796322,1.183200482,1.073476031,1.946186895,1.989948138,1.885363094,1.838381233,1.552565621,1.517988398,1.173661154,1.2307509,1.623246733,1.656121748,1.604064675,1.845540653,1.259353327,1.887161942,1.904388472,1.876561907,1.746502884,1.794331175,1.837110049,1.275679667,1.874830332,1.83201688,1.760404968,1.809913418,1.84276856,1.799264633,1.091983228,1.35023922,1.780430967,1.885864628,1.703262449,1.7133574,1.167902103,1.728994508,1.629606653,1.906956966,1.920046083,1.197166071,1.45192754,1.419740351,1.096688171,1.883616158,1.965024595,1.734736102,1.745091673,1.08950038,1.187841909,1.34270406,1.593825454,1.904255512,1.783961233,1.808403047,1.837952504,1.841015796,1.186445635,1.095743471,1.499376693,1.377815432,1.682387496,1.752787662,1.751622639,1.740964196,1.839156529,1.75170623,1.648915558,1.781470183,1.756374781,1.745878867,1.136384211,1.953224458,1.850912648,1.325886508,1.197049254,1.933739013,1.843279516,1.918981312,1.907154286,1.369727466,1.081138107,1.827899722,1.835825019,1.785283622,1.251492359,1.161190454,1.913059301,1.893634798,1.882784868,1.867090816,1.798860628,1.81931095,1.710090692,1.848858316,1.904739995,1.80846624,1.192030695,1.135117397,1.072663333,1.032146404,1.082171989,1.117634061,1.885144298,1.890487393,1.857072757,1.90478822,1.335300519,1.170102314,1.929448343,1.858780552,1.875308152,1.804165398,1.093785933,1.085240092,1.07164873,1.479862657,1.240404441,1.119728455,1.179691002,1.263359458,1.857207715,1.876256315,1.201988963,1.134576116,1.130208415,1.128597161,1.089278398,1.255980294,1.123143569,1.35064414,1.917177074,1.842107134,1.061683666,1.051567122,1.210813398,1.384723894,1.25909404,1.752182126,1.150893895,1.138257915,1.748276055,1.688067271,1.883423921,1.862119349,1.794988665,1.865248201,1.892098126,1.784004856,1.401156485,1.558269657,1.738852219,1.859900615,1.255844807,1.138760593,1.943490478,1.193068751,0,1.024605218,1.154657929,1.177425987,1.320131574,1.503106447,1.228682232,1.226682326,1.100000381,1.166497488,1.089921314,1.392111448,1.454501887,1.074643403,1.120555533,1.795117794,1.287582082,1.253763852,1.421677457,1.179836819,1.048776941,1.147696946,1.152299233,1.343383782,1.423330914,1.172908844,1.196990725,1.146047251,1.115856021,1.222537507,1.125388902,1.082961464,1.122142139,1.25944667,1.143036674,1.048885302,1.185099274,1.25909404,1.390850388,1.765100179,,
CD_278_V3,1.449639571,1.785842152,1.813502173,1.877596135,1.843498923,1.898328785,1.918965481,1.853855678,1.86760369,1.250826292,1.254248766,1.102876866,1.221787472,1.837967423,1.884484125,1.827292102,1.847562294,1.709448464,1.75530945,1.748498622,1.048373331,1.877668474,1.86876261,1.73253448,1.854459594,1.893560682,1.903379656,1.951538619,1.964394045,1.827603713,1.80954004,1.965631975,1.974431701,1.634077325,1.643276948,1.91003746,1.751282938,1.840363046,1.787319295,1.875776365,1.935269798,1.778003771,1.843404975,1.025145311,1.028701663,1.53373335,1.688565502,1.08928256,1.064068331,1.809205632,1.833947904,1.595658795,1.367382221,1.100938879,1.772822766,1.789868778,1.069803039,1.090135761,1.991132995,1.948918845,1.114847954,1.562443211,1.820059838,1.790640906,1.84508761,1.860125368,1.037345232,1.906932099,1.874494931,1.943327832,1.932070436,1.957710427,1.952649551,1.080601213,1.916014631,1.93284631,1.269394619,1.535419214,1.831330729,1.835126233,1.77876526,1.788277203,1.284774753,1.914897476,1.085681395,1.145251254,1.873444236,1.891181245,1.443962223,1.760464986,1.811320619,1.182947699,1.059166363,1.945013357,1.989883334,1.901313054,1.855567876,1.564702604,1.534396558,1.210117485,1.226529622,1.72192316,1.74655963,1.710836398,1.840700186,1.240457627,1.913241296,1.869326346,1.868842077,1.781650961,1.859052769,1.871071773,1.320882695,1.834756609,1.879516572,1.803235211,1.812587144,1.861236648,1.836669501,1.078545334,1.334495184,1.8243388,1.876149763,1.758694022,1.713631477,1.155309752,1.824710846,1.775120383,1.905253802,1.932254181,1.204744983,1.463933942,1.400863745,1.069339484,1.900487,1.959112485,1.786122135,1.76145915,1.109062865,1.226627644,1.308139481,1.607993773,1.847403511,1.829437277,1.828503551,1.87548835,1.858213555,1.154513292,1.074411381,1.557794144,1.423134524,1.712281292,1.779850641,1.746026128,1.756804218,1.854242216,1.749021791,1.751850682,1.799242647,1.802255225,1.765447024,1.147017484,1.944402546,1.876088852,1.328067752,1.17979656,1.892263166,1.827628007,1.89554541,1.891642289,1.371735093,1.079659555,1.886555136,1.876178824,1.773231973,1.260010598,1.144704405,1.912885749,1.878053313,1.865205121,1.876382636,1.828876983,1.831164965,1.775081609,1.902495243,1.847960241,1.852452788,1.165593544,1.111580873,1.081537568,1.062046881,1.053385092,1.085774145,1.88850393,1.889586047,1.863531879,1.885256721,1.332083772,1.150253975,1.927107212,1.86700586,1.836610797,1.82099722,1.051742993,1.053517686,1.046944496,1.494024795,1.209605433,1.096107102,1.164107152,1.249196133,1.853263351,1.859677211,1.174668212,1.125080808,1.103792721,1.107103091,1.060840749,1.23183874,1.118141744,1.358312772,1.917584692,1.893453025,1.062527317,1.043717285,1.189395177,1.368904611,1.284774753,1.816740695,1.142660407,1.127517081,1.773879576,1.731814697,1.911839518,1.889609143,1.794167777,1.823090775,1.845467999,1.793845049,1.395363682,1.572403887,1.84759487,1.883196421,1.25095915,1.127469453,1.922794063,1.208198735,1.024605218,0,1.130255263,1.150422831,1.339731802,1.524340875,1.203332124,1.200994656,1.125414947,1.165787218,1.07696413,1.392506683,1.449406493,1.073600319,1.150880695,1.804769363,1.278742014,1.240696267,1.432177914,1.193441787,1.012287915,1.144242501,1.146805077,1.322397606,1.414039375,1.163139915,1.178568459,1.130262436,1.098683909,1.267089963,1.113122102,1.054058444,1.087102074,1.285304487,1.141869746,1.081066545,1.209095684,1.284774753,1.389757362,1.86846381,,
CD_280_V1,1.586360472,1.952586073,1.951859971,1.971140527,1.951762707,1.940037641,1.954514712,1.924645892,1.92479601,1.383760057,1.359523823,1.205880544,1.3263613,1.790240605,1.881082059,1.914170465,1.926239588,1.913909576,1.911654277,1.906710234,1.14279243,1.762041047,1.969733244,1.956060292,1.967559752,1.923912877,1.921663316,1.812845331,1.770987073,1.933764674,1.931698166,1.984771027,1.903097601,1.890879018,1.925104437,1.952012838,1.916389208,1.961194635,1.943043725,1.801681972,1.900879144,1.926173872,1.90898528,1.119316898,1.105569175,1.655999247,1.802661053,1.115099745,1.114008071,1.94033526,1.947618659,1.703656253,1.440323033,1.183743088,1.915188054,1.927990427,1.162023558,1.18636846,1.987981025,1.835959728,1.15729715,1.626280961,1.9317155,1.932340969,1.916628354,1.926117051,1.150235713,1.922795656,1.919216546,1.869082433,1.896547213,1.989882291,1.992273114,1.167192128,1.922863766,1.847258454,1.359902732,1.605813576,1.89281729,1.937853452,1.945254292,1.963552395,1.367333448,1.954289211,1.170171967,1.229796077,1.948896581,1.939198681,1.525019331,1.909691434,1.910392311,1.319189386,1.160683983,1.906239116,1.987604801,1.910511839,1.896734291,1.626470339,1.60063196,1.340719966,1.340358268,1.926298344,1.919518712,1.92958811,1.919375763,1.33482939,1.968109652,1.955279726,1.887001602,1.915267919,1.818883511,1.871352022,1.426977284,1.939943139,1.97306578,1.927321098,1.910630405,1.957403323,1.944951865,1.178080711,1.408742894,1.935513248,1.830927247,1.88165878,1.877324515,1.240158103,1.956022527,1.955652641,1.88774397,1.958136636,1.315624615,1.562498689,1.507956461,1.171279276,1.941034969,1.972046463,1.943756176,1.911855278,1.225901477,1.364220366,1.412565956,1.670473439,1.92112731,1.939637046,1.951908484,1.959224036,1.929415165,1.241592329,1.164246334,1.651828927,1.53212235,1.919001646,1.946396454,1.853455118,1.924605669,1.970359867,1.949824264,1.949105994,1.919717105,1.937880707,1.922512618,1.270072879,1.970612121,1.928206071,1.402638053,1.250700155,1.897617695,1.885352204,1.940758493,1.921482793,1.448223824,1.16774409,1.953683302,1.933530074,1.857021376,1.393323524,1.235999361,1.929106841,1.914608391,1.947781496,1.951959033,1.949930239,1.945720799,1.935627046,1.972907564,1.921409311,1.797390648,1.243098851,1.194135784,1.191629171,1.181391207,1.165406499,1.190254731,1.947062567,1.950019911,1.870025351,1.875762388,1.414313984,1.225232932,1.97336196,1.946522253,1.900768709,1.921882792,1.159655728,1.149496119,1.141827256,1.569506103,1.29310713,1.171507295,1.243695012,1.324470044,1.926053168,1.871872693,1.279446645,1.235423821,1.177117184,1.189443035,1.156004363,1.312703755,1.210237268,1.44011486,1.950322134,1.929113362,1.172215225,1.142586982,1.259160264,1.381198299,1.367333448,1.784432586,1.228991147,1.209754622,1.912712239,1.905700891,1.745026561,1.873651793,1.896774426,1.882378824,1.942168781,1.92850502,1.477393246,1.636044771,1.965547066,1.961997012,1.34655714,1.23740125,1.884539898,1.303401099,1.154657929,1.130255263,0,1.052808738,1.440985325,1.632558528,1.262588417,1.249143321,1.267012313,1.299250279,1.131925053,1.462543712,1.546714065,1.165820913,1.291301561,1.842621714,1.354823018,1.318157313,1.502971841,1.328381301,1.162454668,1.241733384,1.234079853,1.457675845,1.542193283,1.252593722,1.267348496,1.218071281,1.188155314,1.42512429,1.247374035,1.134331338,1.181420251,1.396894673,1.221271796,1.216221679,1.328457113,1.367333448,1.459426595,1.97211697,,
CD_280_V3,1.572656902,1.882403144,1.878955945,1.924107122,1.879482549,1.915789144,1.932226804,1.872298979,1.867299643,1.35825569,1.349791945,1.200147125,1.318871162,1.73378882,1.788304942,1.848847137,1.87467968,1.820528483,1.827889815,1.701072927,1.174012998,1.739508463,1.881554178,1.888668905,1.916065512,1.895713162,1.897466754,1.809357511,1.77410338,1.853193658,1.857119703,1.968222827,1.892556184,1.789646887,1.824152678,1.958155087,1.861287857,1.909111462,1.878409253,1.767595068,1.880095173,1.659679645,1.648612532,1.147204361,1.140640289,1.640686612,1.788211443,1.158173195,1.15956789,1.865193373,1.868077846,1.695579569,1.478123211,1.234436832,1.845921135,1.8624591,1.184930727,1.200235349,1.983452426,1.844933748,1.177010877,1.659610711,1.891426911,1.887071509,1.846149238,1.849572726,1.155636101,1.915583168,1.902230815,1.82440454,1.855442709,1.976853037,1.983825805,1.199452334,1.780149635,1.660437375,1.362703154,1.628980712,1.862483037,1.830568562,1.85708793,1.893957398,1.440815921,1.93852028,1.218531533,1.28168252,1.905196498,1.903382645,1.550825328,1.794443535,1.812191462,1.30317471,1.171776624,1.883569426,1.984795829,1.611425681,1.570176948,1.657836188,1.635247524,1.329444619,1.328035363,1.848199208,1.846773311,1.824019256,1.854093964,1.338814214,1.944711192,1.931690261,1.695591738,1.713019092,1.825063305,1.866443252,1.450150502,1.897001539,1.929777307,1.722265248,1.724784196,1.91813396,1.908737473,1.176872118,1.441832574,1.815171755,1.787646781,1.826890772,1.785622817,1.245905209,1.873614739,1.856222203,1.865685822,1.89743699,1.314441169,1.562658333,1.517137517,1.214900892,1.892146609,1.959119822,1.863083037,1.850412242,1.215736588,1.343597384,1.44086684,1.702327997,1.858489604,1.867386896,1.890874795,1.903927525,1.845367623,1.211712126,1.174352659,1.666250296,1.551435985,1.832503166,1.855759938,1.794323407,1.845277381,1.918665592,1.871272945,1.875435337,1.867331249,1.856829167,1.845242697,1.266848143,1.947124647,1.869418995,1.437945403,1.280812087,1.897174911,1.863318388,1.908133434,1.888690794,1.477214072,1.210161127,1.915440155,1.900577741,1.806994139,1.354982719,1.223652135,1.896171882,1.872410312,1.912392855,1.898370947,1.86524891,1.881785136,1.865819109,1.9467402,1.858914172,1.64013988,1.260212088,1.210213878,1.182258687,1.195734468,1.170988838,1.195376577,1.915516683,1.906796624,1.49814864,1.545801634,1.437273229,1.222804718,1.95388081,1.890307236,1.862332283,1.861697459,1.174376584,1.171985757,1.151060817,1.592533212,1.287892629,1.182883037,1.269162329,1.351969828,1.858010757,1.827629525,1.265689781,1.240481642,1.177283049,1.182133778,1.15199349,1.301358705,1.241505009,1.475422149,1.917516387,1.903351649,1.181729509,1.169567941,1.284353126,1.379834778,1.440815921,1.53454778,1.262052158,1.240186521,1.859188805,1.841027997,1.615386285,1.758102072,1.858030075,1.859946626,1.921330763,1.851355977,1.498074077,1.672267621,1.905960578,1.920887625,1.361877936,1.252448268,1.874520607,1.340482737,1.177425987,1.150422831,1.052808738,0,1.446893043,1.619930696,1.123760676,1.130405416,1.246733145,1.265396943,1.145912529,1.492849805,1.561741031,1.19567451,1.280986973,1.849570284,1.385073925,1.34021303,1.552490007,1.286700041,1.166326667,1.260945795,1.240625354,1.402349827,1.529196791,1.264883548,1.256632124,1.224304072,1.211343128,1.366692518,1.226879953,1.117864769,1.162671781,1.398289454,1.16999729,1.221801469,1.33461207,1.440815921,1.501965015,1.941370869,,
CD_293_V1,1.645016351,1.724015852,1.66425804,1.897885462,1.926882766,1.878213699,1.947959012,1.967877948,1.953333859,1.459573836,1.488593461,1.378041168,1.441520521,1.890498499,1.960882026,1.932563587,1.947121148,1.750049161,1.813386658,1.912684071,1.347002944,1.902475749,1.801248881,1.675438355,1.778841636,1.923190698,1.9341806,1.985451097,1.989021852,1.651747953,1.537848041,1.994431124,1.995959229,1.929311436,1.966995112,1.934913051,1.782121593,1.235558971,1.326148965,1.915989285,1.946018124,1.890223264,1.801448378,1.309705079,1.329245127,1.754270814,1.867907529,1.411338927,1.386917556,1.522710185,1.594196848,1.190930512,1.623166589,1.417822079,1.768784018,1.88822328,1.364600109,1.320826711,1.992832581,1.946549421,1.257770831,1.731289612,1.948316553,1.969217951,1.704862021,1.73409376,1.284332668,1.861226055,1.780596184,1.953852251,1.95452693,1.808676683,1.897228278,1.240251636,1.933625097,1.917744016,1.549191084,1.739990022,1.85868892,1.924428784,1.567413175,1.593973973,1.560636773,1.806422355,1.406083134,1.455367155,1.824305447,1.742407657,1.576060269,1.728527593,1.821079519,1.235879346,1.261965326,1.990648478,1.99860128,1.91954639,1.929331874,1.751762799,1.736263391,1.506639733,1.47861509,1.677649469,1.433999907,1.53785632,1.622664539,1.350163576,1.917739903,1.921677301,1.893942752,1.756470286,1.778001137,1.778089369,1.572925606,1.944175593,1.963874941,1.811058849,1.829728958,1.570573802,1.795721153,1.269571642,1.590114392,1.398248239,1.901276164,1.761689375,1.625292348,1.310971117,1.428998627,1.827331161,1.913551971,1.888190593,1.39703092,1.496122392,1.662257117,1.420262351,1.920560371,1.971336418,1.941741872,1.624560049,1.327836859,1.450382185,1.575512314,1.760486681,1.842042232,1.671211018,1.946337764,1.819835877,1.853199197,1.357875938,1.297983914,1.23167672,1.171445752,1.774457083,1.603865782,1.618413842,1.66937716,1.660739518,1.703588435,1.933321718,1.950016631,1.723167378,1.603085755,1.190640258,1.988153076,1.969431259,1.589528239,1.469074263,1.93231166,1.901275054,1.897796223,1.864604274,1.629935913,1.39611893,1.962093041,1.940861299,1.64840893,1.205707864,1.220813875,1.829758397,1.775117176,1.931787487,1.930538498,1.760820646,1.739989775,1.745779831,1.864633694,1.843337421,1.895063443,1.460945961,1.421613866,1.317852903,1.296863133,1.326462261,1.421682278,1.800494481,1.747328542,1.770154237,1.830386215,1.490820715,1.389014775,1.935395245,1.880789041,1.921445618,1.874841539,1.408407481,1.39730509,1.315245009,1.645545661,1.488117975,1.38615583,1.456734799,1.535820669,1.637974978,1.736132584,1.257120079,1.188278592,1.361029564,1.306834734,1.364754274,1.49598505,1.443985923,1.615184185,1.963055918,1.972236184,1.241530137,1.253503608,1.488696904,1.558526596,1.560636773,1.816302168,1.426130442,1.414669707,1.620229924,1.51978081,1.946009863,1.95847978,1.733738486,1.762863697,1.506494432,1.724780498,1.585004841,1.703041295,1.943655351,1.931708598,1.370357646,1.252091897,1.993842372,1.514344833,1.320131574,1.339731802,1.440985325,1.446893043,0,1.079505595,1.426001352,1.436892361,1.359527494,1.341849092,1.376246241,1.605359451,1.598805515,1.237884146,1.231583238,1.87853172,1.539281121,1.520656221,1.663036339,1.332161746,1.364477719,1.303873857,1.375525801,1.272084045,1.454281635,1.423021962,1.343728943,1.429726474,1.393884094,1.404656159,1.386034668,1.356826794,1.365049838,1.155595882,1.281997571,1.239544202,1.182496564,1.560636773,1.636783453,1.932863237,,
CD_293_V3,1.667832059,1.697656668,1.664538586,1.890432585,1.919212498,1.893227934,1.947638609,1.976522519,1.971045953,1.497065737,1.554393251,1.548547486,1.572866597,1.897599093,1.953366206,1.944578478,1.946166913,1.752966369,1.815866348,1.891658191,1.515094899,1.901606073,1.818582735,1.600824019,1.772939634,1.902786906,1.925301496,1.993334477,1.994155512,1.694641272,1.582278256,1.996370811,1.996131719,1.906884025,1.951960965,1.906006222,1.708855532,1.287847416,1.330146517,1.904779803,1.945078828,1.880069923,1.806860205,1.496626607,1.501682781,1.78507088,1.888487948,1.618601482,1.598990682,1.51107908,1.598460428,1.285906134,1.769559515,1.626585356,1.739040683,1.927130474,1.567175477,1.464479498,1.994702513,1.949236989,1.393868974,1.829423145,1.974648532,1.971797162,1.709599015,1.736307957,1.472807985,1.863687815,1.758070567,1.944388465,1.949945217,1.813025607,1.899516723,1.327251306,1.914438918,1.899115823,1.688436276,1.840775735,1.757490622,1.887356798,1.61105489,1.650838002,1.735657462,1.831230174,1.617784015,1.65570461,1.843141511,1.777034837,1.691906317,1.746924467,1.842385234,1.353628039,1.419822818,1.99083975,1.998622876,1.921505252,1.906557369,1.851359694,1.843878579,1.575621384,1.561969133,1.688852285,1.457565999,1.573703463,1.64209959,1.523349523,1.910258837,1.908240947,1.877656981,1.718589885,1.805510145,1.796863208,1.716542816,1.886292099,1.938422732,1.833231712,1.859609225,1.609560536,1.79473046,1.430283373,1.720830812,1.443600966,1.898247715,1.761702548,1.63140044,1.458505344,1.383415738,1.79059417,1.890903097,1.883450661,1.538344297,1.595011943,1.730955384,1.622653704,1.930251884,1.974093668,1.933544206,1.645484606,1.488228146,1.578673791,1.661774019,1.849342627,1.825025349,1.687318958,1.899544666,1.833610917,1.861378553,1.484145542,1.468380798,1.334581662,1.285253199,1.749646056,1.602882259,1.592105634,1.628879372,1.619849646,1.649337748,1.927308634,1.944276959,1.732435448,1.60962116,1.329245035,1.988822205,1.964802714,1.742278215,1.651288665,1.920500912,1.883835145,1.89749859,1.863890001,1.766478331,1.594897945,1.962757307,1.941396546,1.636343782,1.284761631,1.352175903,1.850347117,1.787784139,1.925577593,1.933180112,1.777138695,1.771020362,1.737869545,1.870248554,1.825370269,1.896220064,1.632883999,1.602971128,1.469719665,1.463435628,1.434784524,1.580202579,1.798240635,1.731971536,1.789291445,1.85088628,1.632548854,1.548525802,1.925600363,1.872818042,1.921082405,1.895546978,1.58718487,1.584982988,1.475615026,1.727983583,1.629861763,1.550665312,1.643915476,1.707489928,1.625299242,1.721730293,1.348073431,1.309279794,1.538275574,1.464804896,1.547876593,1.648685749,1.63739769,1.760685502,1.935730802,1.904552701,1.450406774,1.49024977,1.671476167,1.682888884,1.735657462,1.816097986,1.608220814,1.606166964,1.613152334,1.519981711,1.927310053,1.929977792,1.683977183,1.73298769,1.364124202,1.668530573,1.696434206,1.800627596,1.936997661,1.929363019,1.503085825,1.333580072,1.991249814,1.691870475,1.503106447,1.524340875,1.632558528,1.619930696,1.079505595,0,1.571804418,1.570886408,1.510837393,1.471391084,1.576070425,1.744493358,1.686688647,1.416379715,1.370491874,1.919255553,1.697361857,1.697281415,1.796916031,1.436576173,1.527174202,1.476614888,1.55624998,1.289982432,1.469921419,1.589703892,1.474338069,1.611203894,1.581596865,1.529480306,1.545355692,1.548738142,1.516983801,1.285021368,1.438243872,1.393556813,1.324136321,1.735657462,1.780453405,1.892360671,,
CD_295_V1,1.573776695,1.851531559,1.810122404,1.871493007,1.806491697,1.901639231,1.919711463,1.825107325,1.788619837,1.370745474,1.368262429,1.217293228,1.328863694,1.671225249,1.708763822,1.703149701,1.761351734,1.70373727,1.745156325,1.519733245,1.241600557,1.861383517,1.796362635,1.800230388,1.858471413,1.863403001,1.86676971,1.899251731,1.917779509,1.694110552,1.673352013,1.930725713,1.929869311,1.715961446,1.769223442,1.966244838,1.787214651,1.72831709,1.717325917,1.766930635,1.87778568,1.474099355,1.445700582,1.198068991,1.205569534,1.645835924,1.772324039,1.265489869,1.250762871,1.776346025,1.770159748,1.590858963,1.529888763,1.304029063,1.737458827,1.792973746,1.223484109,1.21669234,1.97862381,1.929963702,1.210816293,1.706464273,1.880344901,1.867411659,1.724622378,1.685115147,1.202925741,1.779113706,1.826243097,1.839269309,1.851095052,1.900254649,1.945048291,1.258342513,1.674329886,1.547747248,1.368394262,1.648180027,1.77022075,1.713550517,1.685537232,1.782415296,1.530300678,1.89777331,1.283714822,1.349980244,1.738371832,1.795023177,1.579023365,1.664373081,1.740366259,1.290325951,1.20041803,1.887042164,1.977497294,1.424041171,1.362470948,1.695533859,1.680511417,1.342779173,1.339732212,1.718350322,1.689941911,1.649527706,1.707512369,1.356447326,1.903185585,1.907937341,1.558299192,1.571728357,1.820379915,1.840919354,1.487616238,1.807774188,1.83087294,1.549343784,1.552484691,1.815442008,1.864357472,1.180100413,1.496597723,1.635543974,1.821872969,1.73817011,1.701816855,1.238767516,1.720802109,1.748671627,1.801275871,1.840766717,1.335451759,1.570968577,1.536517228,1.279752995,1.834766993,1.951058142,1.777937698,1.701462737,1.200780138,1.294604161,1.475837574,1.739889762,1.780981978,1.710146255,1.810396969,1.816680537,1.752913615,1.258938119,1.214684145,1.609777724,1.510349432,1.725576862,1.755762809,1.744815476,1.756770512,1.830927538,1.789590851,1.697525559,1.787046402,1.752492528,1.723157099,1.254553646,1.890625219,1.809718968,1.483998024,1.315389781,1.870066988,1.808778733,1.838475755,1.797171957,1.520292177,1.271425547,1.778497987,1.762001419,1.695666283,1.289771529,1.188815729,1.82523662,1.80092892,1.878231122,1.824140139,1.744422388,1.772722767,1.75409938,1.874905488,1.782138869,1.509587998,1.308036539,1.255788043,1.193501711,1.22756458,1.211388518,1.219709658,1.83326575,1.748922418,1.28780086,1.332884949,1.436852385,1.2186097,1.900120416,1.77492963,1.786028715,1.755920353,1.217906247,1.22345944,1.197232751,1.624083282,1.26735756,1.190354497,1.314157594,1.397437135,1.712278564,1.731417534,1.235653219,1.230434425,1.195746679,1.19175888,1.175596634,1.308541718,1.30169488,1.524191848,1.874299931,1.872663075,1.209205798,1.215379232,1.337111319,1.41096386,1.530300678,1.362101762,1.312961549,1.291147118,1.735182865,1.694089298,1.613478183,1.67542016,1.775968022,1.786324877,1.872570008,1.736252775,1.52280569,1.702664012,1.845084922,1.872710263,1.389685947,1.305086079,1.903635803,1.398856058,1.228682232,1.203332124,1.262588417,1.123760676,1.426001352,1.571804418,0,1.023840852,1.250666098,1.260678452,1.19835862,1.543424413,1.589614968,1.228616672,1.256288162,1.844073657,1.417620969,1.37540759,1.614883196,1.265848077,1.203289061,1.281602811,1.254522387,1.390567173,1.541177091,1.272466143,1.21226501,1.216741503,1.254402216,1.318254364,1.213868298,1.129391392,1.153128519,1.381842282,1.159738976,1.229350823,1.305528232,1.530300678,1.564401448,1.906525561,,
CD_295_V3,1.561993914,1.808930308,1.785625265,1.855483447,1.859898529,1.912705845,1.937322567,1.807490991,1.828800628,1.35883273,1.369166004,1.216982506,1.313356827,1.637473518,1.700970521,1.690705066,1.667367432,1.749464107,1.697980176,1.474976966,1.243533993,1.869601307,1.824791938,1.829319657,1.879622789,1.802633732,1.786394114,1.891166691,1.913041522,1.764220476,1.719513732,1.945614699,1.924522884,1.725235779,1.718096727,1.962504472,1.791515454,1.738891569,1.710827484,1.740255818,1.867084878,1.510345144,1.452667601,1.201899416,1.2020654,1.612704545,1.736532684,1.264567145,1.250174914,1.758128417,1.788282942,1.614655902,1.537744666,1.312213885,1.714821401,1.73177946,1.230057557,1.194319688,1.990175392,1.90021564,1.188724171,1.712316166,1.825936769,1.784575767,1.727510542,1.738926389,1.208842121,1.743182561,1.756196656,1.820021685,1.854997426,1.929318734,1.963578108,1.245117203,1.657808553,1.545189025,1.376108965,1.657905114,1.808953501,1.719351767,1.740835409,1.770276485,1.536054726,1.895413551,1.292188374,1.359580208,1.774250836,1.813639819,1.584502508,1.711120449,1.805462967,1.275292539,1.206033988,1.923447758,1.980631449,1.479652758,1.42831797,1.701842981,1.690859761,1.340415441,1.318333425,1.71697367,1.674736591,1.707301258,1.669368877,1.359515251,1.913079995,1.871924989,1.588844944,1.5365011,1.818689503,1.823710417,1.488649438,1.813873587,1.857116411,1.601161284,1.612581727,1.776588041,1.837621854,1.17602115,1.483622357,1.652473656,1.850928343,1.755858352,1.738498753,1.194642077,1.746224877,1.80167054,1.77031199,1.848980008,1.331632556,1.559661123,1.508861735,1.289555588,1.834587251,1.934732265,1.804388735,1.695673303,1.220460879,1.307940726,1.467240785,1.744360908,1.770553306,1.689830194,1.840660069,1.850014885,1.825432595,1.240194437,1.202842528,1.628477115,1.529034359,1.736176365,1.754258188,1.679942825,1.675224564,1.822179949,1.746604222,1.776514084,1.823242443,1.756368329,1.705482984,1.271513102,1.917705403,1.832803649,1.483292924,1.30628288,1.791559956,1.76026299,1.861844327,1.802648992,1.520897625,1.267781544,1.846207438,1.789143787,1.701508262,1.289799459,1.198813501,1.724625655,1.720568538,1.861807049,1.866710832,1.783950231,1.805389632,1.76873564,1.903916682,1.772598687,1.520288997,1.30492134,1.254177339,1.206586363,1.230838347,1.187081592,1.164283889,1.831413893,1.746330046,1.316959923,1.391736004,1.462754846,1.239028843,1.914619996,1.797256687,1.71146509,1.731943849,1.224284548,1.221294066,1.193459861,1.512141883,1.269038957,1.177303884,1.319134967,1.403536109,1.740977671,1.743890368,1.216703994,1.220392172,1.191081589,1.194873882,1.19695445,1.323456794,1.303809313,1.530605029,1.908482113,1.851857046,1.208563564,1.220991268,1.338822954,1.410689815,1.536054726,1.399313275,1.314212578,1.294211033,1.752658732,1.710066214,1.589660637,1.689124894,1.744623884,1.755528129,1.85119397,1.735617476,1.524660639,1.708932205,1.872725002,1.911895949,1.376425992,1.289508375,1.898714518,1.406301567,1.226682326,1.200994656,1.249143321,1.130405416,1.436892361,1.570886408,1.023840852,0,1.247637514,1.245260556,1.209118308,1.55670908,1.584177278,1.230622471,1.257968931,1.854210195,1.416558878,1.391620166,1.621720732,1.266833045,1.198093044,1.29956017,1.294395064,1.378395506,1.535889456,1.294528722,1.218158842,1.240560415,1.24050706,1.372772491,1.237939227,1.135462568,1.137450969,1.38747462,1.175677039,1.236408096,1.3259106,1.536054726,1.567309843,1.885462429,,
CD_324_V1,1.252212202,1.634790671,1.611650472,1.584609689,1.627176932,1.819687279,1.85420234,1.697361113,1.719358965,1.193598973,1.180233491,1.131450299,1.233130664,1.720229541,1.770906762,1.655789632,1.719799693,1.431444614,1.44067672,1.524709076,1.177722993,1.732320878,1.676240798,1.604333276,1.707391288,1.70192906,1.78081301,1.948844204,1.960005094,1.739451235,1.670266939,1.913411361,1.94393062,1.47901127,1.537105395,1.893359702,1.463572827,1.628757154,1.585754511,1.7420779,1.849583443,1.375070409,1.706529937,1.146530083,1.150702279,1.380593259,1.501052906,1.236724605,1.220464317,1.557213144,1.622042719,1.481227357,1.506177673,1.274772523,1.582919896,1.671103074,1.167490612,1.167204268,1.987892692,1.915567645,1.142519028,1.667291278,1.695817225,1.629287876,1.619591779,1.676326637,1.091509065,1.768996993,1.752181872,1.897631611,1.868928145,1.916371743,1.940009175,1.216804254,1.801574326,1.921818123,1.319449734,1.622392236,1.638822992,1.544236045,1.521265304,1.64830081,1.495887525,1.85333122,1.248614167,1.31509785,1.765630523,1.778355719,1.522310441,1.567406008,1.702846455,1.187213671,1.133245737,1.899552905,1.98190756,1.767669703,1.711417104,1.664928946,1.645478257,1.171240025,1.220351753,1.384148596,1.430576889,1.403740759,1.662671254,1.301811125,1.822982866,1.833156526,1.706469996,1.496487453,1.642174792,1.708972664,1.355941126,1.727055101,1.696876024,1.503060873,1.568170663,1.684939441,1.654968819,1.113578841,1.444713594,1.593788049,1.742591996,1.472406509,1.48327015,1.213972529,1.516752729,1.377813655,1.777848076,1.862583062,1.193594462,1.440612346,1.34270995,1.222571661,1.78564891,1.951427688,1.419567819,1.527213926,1.085810441,1.117273358,1.430835915,1.69765351,1.772023208,1.585698654,1.53731842,1.690968048,1.679331396,1.174199769,1.139808226,1.546138481,1.442684324,1.435712001,1.506359935,1.586956947,1.572900803,1.755383461,1.610232027,1.429086869,1.616500487,1.52692521,1.473738177,1.160411698,1.913571759,1.731121942,1.455621254,1.31603221,1.84418989,1.691426302,1.815995157,1.784531303,1.479985792,1.230892277,1.716999367,1.698531269,1.580100435,1.197614463,1.194655289,1.773803775,1.672826955,1.762668278,1.745464431,1.638365652,1.64716184,1.501707367,1.756484203,1.772791421,1.67029659,1.281013284,1.216347627,1.091889371,1.087958083,1.125627362,1.17275577,1.769149943,1.746154554,1.724037478,1.776299271,1.428337578,1.191217804,1.874364317,1.717433681,1.709230672,1.590047971,1.175075007,1.174015656,1.124419682,1.571671454,1.215766677,1.154179303,1.284807131,1.37534163,1.639895993,1.640545379,1.184528541,1.168259599,1.146771554,1.121945466,1.169778494,1.326500383,1.217191794,1.465091361,1.860973331,1.739552009,1.111562196,1.157510859,1.318718333,1.402034089,1.495887525,1.560466639,1.276005659,1.247490628,1.499592806,1.428990352,1.762059471,1.746559099,1.572033987,1.66870215,1.763559781,1.518463603,1.480625978,1.678886166,1.584358452,1.741400405,1.322726911,1.209265516,1.889017137,1.321261399,1.100000381,1.125414947,1.267012313,1.246733145,1.359527494,1.510837393,1.250666098,1.247637514,0,1.034063354,1.174876565,1.519399701,1.520617479,1.176519162,1.114603482,1.837392184,1.40257572,1.357147491,1.589492239,1.083891022,1.108286554,1.233749602,1.23425591,1.277865415,1.461861922,1.254588085,1.181198436,1.204547605,1.224584148,1.155937505,1.142051516,1.162679592,1.153481752,1.302511625,1.256881913,1.069151566,1.200708544,1.495887525,1.540681773,1.510241621,,
CD_324_V3,1.274235771,1.550906176,1.523158901,1.503433503,1.561587887,1.823937483,1.856265131,1.622731344,1.691782496,1.166396572,1.176430108,1.1790525,1.248645629,1.70230344,1.766295025,1.634656427,1.639795713,1.459078142,1.472164077,1.440030475,1.221825525,1.713312919,1.762931462,1.572103249,1.696742317,1.705003743,1.763785598,1.942279419,1.950504279,1.679080185,1.580424347,1.941392025,1.961533159,1.458833446,1.464501116,1.890923564,1.529177518,1.531068165,1.489223528,1.65082087,1.813148439,1.573293773,1.652899664,1.182978707,1.191666849,1.359972029,1.459698767,1.285158093,1.272968285,1.453444166,1.551997266,1.442893012,1.544365382,1.328868007,1.493197378,1.589716558,1.22327734,1.200466948,1.98808454,1.9047455,1.122698437,1.700197429,1.644804059,1.54612593,1.549878343,1.624309529,1.139605515,1.695289113,1.693307107,1.865632701,1.876167972,1.900939604,1.936461091,1.245060567,1.782349462,1.910845032,1.347333227,1.653302089,1.673514312,1.617992576,1.528059684,1.600016926,1.549705447,1.8183114,1.310148019,1.374430797,1.711897357,1.70482924,1.537954229,1.51257249,1.676251993,1.148884652,1.14287209,1.913902797,1.980088274,1.809474321,1.746311791,1.704295151,1.692664278,1.268353414,1.255676946,1.432798906,1.395565882,1.463295107,1.562477072,1.310432811,1.839507239,1.787456251,1.682971449,1.405554235,1.670349276,1.671556793,1.452305193,1.705226811,1.774429771,1.496677346,1.579254607,1.638478216,1.71408108,1.134768841,1.471811195,1.496409974,1.712094661,1.509891434,1.473054588,1.238606678,1.49260091,1.520115831,1.719573893,1.84508906,1.225167038,1.422381194,1.307149608,1.256971352,1.809035554,1.944692018,1.430887429,1.476784333,1.153914221,1.208270277,1.450304686,1.728777091,1.702280881,1.527335404,1.518930932,1.727684849,1.72483022,1.137768387,1.136700468,1.508404727,1.41415833,1.445028536,1.417029831,1.467337243,1.485459609,1.668888723,1.486559108,1.563501758,1.705680542,1.511774233,1.398570292,1.185290065,1.915557298,1.796731805,1.496228785,1.341252882,1.829130257,1.72762922,1.772359523,1.71731762,1.52426119,1.285102019,1.814101649,1.777581319,1.558753148,1.193061212,1.195512598,1.752755973,1.608571763,1.789968971,1.795661636,1.612254037,1.626881511,1.537838846,1.808883334,1.703277409,1.696805782,1.307557639,1.238960237,1.146876249,1.168379798,1.14001629,1.188739913,1.755549734,1.687846453,1.649456292,1.737622407,1.445799397,1.211157125,1.868195111,1.690778096,1.681038135,1.613470476,1.191051469,1.192410018,1.135649412,1.572631963,1.22583468,1.180771239,1.325559442,1.415841819,1.543960983,1.564950978,1.153597093,1.154978679,1.1508482,1.128213614,1.193536599,1.353641877,1.270583912,1.511050846,1.873745029,1.814809961,1.171657042,1.199889306,1.360497138,1.431074522,1.549705447,1.604671754,1.317590019,1.287195505,1.529521072,1.449045595,1.785584757,1.765227792,1.512405849,1.592342433,1.714585877,1.469342578,1.489289201,1.701533232,1.727175459,1.804290991,1.318415516,1.202544925,1.891151086,1.396376879,1.166497488,1.165787218,1.299250279,1.265396943,1.341849092,1.471391084,1.260678452,1.245260556,1.034063354,0,1.216672005,1.552182004,1.528891607,1.213443413,1.142961991,1.855851127,1.43498677,1.395719775,1.630051344,1.102793657,1.142864508,1.252854013,1.270414597,1.225329624,1.46167798,1.29315473,1.172245075,1.251230776,1.253543667,1.228859278,1.170785339,1.184692889,1.145942264,1.259769451,1.274656878,1.121219645,1.216824614,1.549705447,1.580222949,1.546475807,,
CD_336_V1,1.510544198,1.922476899,1.888583776,1.867805253,1.763138404,1.825485982,1.764847684,1.86151839,1.820611742,1.290790262,1.268432508,1.101476465,1.237946984,1.813583221,1.930440583,1.769204743,1.836791523,1.774513264,1.792303859,1.87603913,1.098482552,1.862721865,1.915776425,1.872808905,1.902236316,1.895855934,1.898339735,1.88674862,1.849189793,1.777973212,1.805090784,1.808228306,1.869735701,1.819332695,1.896736681,1.980898272,1.869238556,1.872632186,1.861034328,1.84337507,1.897025892,1.827910263,1.90954334,1.06114647,1.073018297,1.594375067,1.764377374,1.088691906,1.076566866,1.898648277,1.837402482,1.641047299,1.340179576,1.118066519,1.878278853,1.896959529,1.092387779,1.118207708,1.772645018,1.924665446,1.130703072,1.474757415,1.93175136,1.919020644,1.81603135,1.758770651,1.080468652,1.788852108,1.901878351,1.869886749,1.820115464,1.779209979,1.79819435,1.119648334,1.936621175,1.966667641,1.283243404,1.560548735,1.880573709,1.857929228,1.803046659,1.878787097,1.342862437,1.76480191,1.099407136,1.146039628,1.907822184,1.906742124,1.372199951,1.735546791,1.755814578,1.241183725,1.094700448,1.851072712,1.950705369,1.816899533,1.785238657,1.474036256,1.44625457,1.249245063,1.259578743,1.827492017,1.841407027,1.735309651,1.82671936,1.211001065,1.699154862,1.951539727,1.899437367,1.899871405,1.882104967,1.906683477,1.28155958,1.911089944,1.904656249,1.838816622,1.845153371,1.931412681,1.917669551,1.095596933,1.36450591,1.901284215,1.772461041,1.798992213,1.811876589,1.149811546,1.821799688,1.73849114,1.916409185,1.716477973,1.252443159,1.519556675,1.462212639,1.136190988,1.786122902,1.955768967,1.818340457,1.861527967,1.116133825,1.260399125,1.345065126,1.518885067,1.81609098,1.812426025,1.832311269,1.866753621,1.785205677,1.171636707,1.112208573,1.602995814,1.478057507,1.854629332,1.886805611,1.879782372,1.853249575,1.905840535,1.883072441,1.830333204,1.872458784,1.842553832,1.853850199,1.177843835,1.851776068,1.830382382,1.271443127,1.148724549,1.936403485,1.875387765,1.822559797,1.78852935,1.334357128,1.115010641,1.747672158,1.784479247,1.863226174,1.261810372,1.113130715,1.846484801,1.853408842,1.806698264,1.69401166,1.782848583,1.844642694,1.755103165,1.728428583,1.816198332,1.787473262,1.182745519,1.124509374,1.090160399,1.104877625,1.112087533,1.123145954,1.892865069,1.808512632,1.882603982,1.811487233,1.267972002,1.114573635,1.958482747,1.902924334,1.813873353,1.809970258,1.110767006,1.104550449,1.087728851,1.544612213,1.198712821,1.09514882,1.165764122,1.247061359,1.834301634,1.781359888,1.202843773,1.165600216,1.115600138,1.117510236,1.073166599,1.183654984,1.114855805,1.298196228,1.735019769,1.909952651,1.098941257,1.075612607,1.186724174,1.350042943,1.342862437,1.811196277,1.179156012,1.160345012,1.87407974,1.853731378,1.808686825,1.830329285,1.897980824,1.903476521,1.894723193,1.854545395,1.324536098,1.490077276,1.857630029,1.862318504,1.29498633,1.192662517,1.848559621,1.185391617,1.089921314,1.07696413,1.131925053,1.145912529,1.376246241,1.576070425,1.19835862,1.209118308,1.174876565,1.216672005,0,1.285759189,1.389625974,1.100772484,1.190438235,1.643715153,1.229121268,1.241115429,1.470786315,1.235241543,1.104428786,1.168777329,1.116557077,1.394727879,1.489072478,1.124621189,1.1740665,1.106514217,1.131765238,1.243134022,1.158582767,1.072979109,1.125198484,1.335594273,1.187734658,1.137047829,1.245100821,1.342862437,1.425257497,1.905963034,,
CD_336_V3,1.749301532,1.953016726,1.942009057,1.945073999,1.911894893,1.504313201,1.254325338,1.942541823,1.934971892,1.604702464,1.586291926,1.462098971,1.562518374,1.956584277,1.979834729,1.930291148,1.959532726,1.902730321,1.947838563,1.944147071,1.393246201,1.906394477,1.966697227,1.93546813,1.956480795,1.977631952,1.982043414,1.861870655,1.701253502,1.905734452,1.908084497,1.374615505,1.63588677,1.937459245,1.953886523,1.991523374,1.958777366,1.898733491,1.913959746,1.909071624,1.867234818,1.96178915,1.962062384,1.37195497,1.380564045,1.781100305,1.874754142,1.224377854,1.224611577,1.944653944,1.931130847,1.751610833,1.194630291,1.19269918,1.947012314,1.961957943,1.410256171,1.45558022,1.089221524,1.966954595,1.31988205,1.03396406,1.97516838,1.972706328,1.931282325,1.90885377,1.398913841,1.53986448,1.938586454,1.71027313,1.552640521,1.149396369,1.18683051,1.425521455,1.984120418,1.981334598,1.58433115,1.732116999,1.953773732,1.973387705,1.912008411,1.942020757,1.48833717,1.229689519,1.164300071,1.09574129,1.952212158,1.952792107,1.016439292,1.907392246,1.912894433,1.529073579,1.408653374,1.686040301,1.79190593,1.907647055,1.904731852,1.054204453,1.033980649,1.584293877,1.595102271,1.939502166,1.9280986,1.900611221,1.930999998,1.114768236,1.10872756,1.979226558,1.962127719,1.958737421,1.960144785,1.966387628,1.079486699,1.964074361,1.970100898,1.947257342,1.947761324,1.95982026,1.96942302,1.444648446,1.611281184,1.932025245,1.558881891,1.940609613,1.928965839,1.397248804,1.912510997,1.92109721,1.950980992,1.128391804,1.543247042,1.702760103,1.680468424,1.405791506,1.519299742,1.891484674,1.945495656,1.931012038,1.472515315,1.595196884,1.604839182,1.043338409,1.949204241,1.941974433,1.953927656,1.952821958,1.925559694,1.341824491,1.403417504,1.713738104,1.634414553,1.934286603,1.938645279,1.947868771,1.953895804,1.945861514,1.934414713,1.955425627,1.962551775,1.947022635,1.942156514,1.496363704,1.553542789,1.704748275,1.022369642,1.080563953,1.950001777,1.957336809,1.55484988,1.419654559,1.175972076,1.374321044,1.509947253,1.618100958,1.936898808,1.589323725,1.467153896,1.971148858,1.967431156,1.494771039,1.396610943,1.919666553,1.93481189,1.456067708,1.144584196,1.949092669,1.938920537,1.447064851,1.318898054,1.445546534,1.42291375,1.451791249,1.476539032,1.959193557,1.944565737,1.949911174,1.926674266,1.048683918,1.216172816,1.979095004,1.959334339,1.963366521,1.950806415,1.431303723,1.424542986,1.404717362,1.720584942,1.541075451,1.449131993,1.27074732,1.333744593,1.939183836,1.936374178,1.529981888,1.472984777,1.462389601,1.458630821,1.353405795,1.094913695,1.10462077,1.014537191,1.276466133,1.948416343,1.430635373,1.381289591,1.281886624,1.521216235,1.48833717,1.933365937,1.460853054,1.457846802,1.950759056,1.937832047,1.867168353,1.714844155,1.95797227,1.960788815,1.973007893,1.950217013,1.028176251,1.039059794,1.952063277,1.942302436,1.559878961,1.479492698,1.6060905,1.06212411,1.392111448,1.392506683,1.462543712,1.492849805,1.605359451,1.744493358,1.543424413,1.55670908,1.519399701,1.552182004,1.285759189,0,1.039362651,1.404980995,1.505801333,1.057828936,1.032161521,1.517132865,1.631841481,1.579325147,1.438715987,1.454937828,1.434220358,1.668896423,1.709217632,1.095128751,1.449189031,1.186821231,1.38894767,1.59631042,1.498932009,1.417192117,1.47846227,1.565661954,1.455770372,1.451034152,1.525910203,1.48833717,1.624928467,1.971475122,,
CD_342_V1,1.718348886,1.846670919,1.863918702,1.93022892,1.934003927,1.429348075,1.192108866,1.942432868,1.946987662,1.624711794,1.623077716,1.520398292,1.58734784,1.930099159,1.934584973,1.905177533,1.922744815,1.845226147,1.861464121,1.847708022,1.461530896,1.858093071,1.719609961,1.774794796,1.901593944,1.934435014,1.946012782,1.850580819,1.667551621,1.848645228,1.842202151,1.329397327,1.596214448,1.886459163,1.87656432,1.979266812,1.920523174,1.764158432,1.794301341,1.853834936,1.830027066,1.843314312,1.862748303,1.449994505,1.456906906,1.779780219,1.853394134,1.285467092,1.292207954,1.848270487,1.863330821,1.674573841,1.226429828,1.269629095,1.866599445,1.876868126,1.492764857,1.497082044,1.09940092,1.955662055,1.318231915,1.065864736,1.925563166,1.903643789,1.862352452,1.78633784,1.457625119,1.482338772,1.903361549,1.657762121,1.4933414,1.10144012,1.150284092,1.490743646,1.930937223,1.970390141,1.625696874,1.776710212,1.922702363,1.931939657,1.849163827,1.863587927,1.619928735,1.175656759,1.234905366,1.156327104,1.921610201,1.9106096,1.024829184,1.876458411,1.917967181,1.517319709,1.454181975,1.653298556,1.773512551,1.942201117,1.929122627,1.077569249,1.065661438,1.608597978,1.595698031,1.765894235,1.748446109,1.820778848,1.877138309,1.102076403,1.076459516,1.922435585,1.927216765,1.854339572,1.875101727,1.847974738,1.091667232,1.904622453,1.942991049,1.832115002,1.888529872,1.868488226,1.912284651,1.480222383,1.67322544,1.684132848,1.492558032,1.860027131,1.84038164,1.414186614,1.828650539,1.907150904,1.899212948,1.079736697,1.577756375,1.699889601,1.699819278,1.495667522,1.45076979,1.814322455,1.892774401,1.82039038,1.500301043,1.533092157,1.657519653,1.073314863,1.885919497,1.864457184,1.902591812,1.915861514,1.923332988,1.32827098,1.424665049,1.678429362,1.615830043,1.868071931,1.859840026,1.855550511,1.878365366,1.882575417,1.843665409,1.909554396,1.939118799,1.839085869,1.829325985,1.51490913,1.518656682,1.677316776,1.045557487,1.106820112,1.921432226,1.934700401,1.493896333,1.343811288,1.196666045,1.471122792,1.452511253,1.545030783,1.84867813,1.589111097,1.533997577,1.93260383,1.89790159,1.428373885,1.345248992,1.892125733,1.886323954,1.378938272,1.106086371,1.886219939,1.924646544,1.511483372,1.361450406,1.49427817,1.468899457,1.493697904,1.519651012,1.912523427,1.912005623,1.82845444,1.860483566,1.055287473,1.226909574,1.939842668,1.891647508,1.933453553,1.916517032,1.504940141,1.499889366,1.441779537,1.698081923,1.595605316,1.518910613,1.312379819,1.378567083,1.848904176,1.868227888,1.538002738,1.48724618,1.517854522,1.513860535,1.41700228,1.097511035,1.142241206,1.039822017,1.225209738,1.914588585,1.481106597,1.462316251,1.327973304,1.534782952,1.619928735,1.89200513,1.544318874,1.528198875,1.751014103,1.796098229,1.825026379,1.652073473,1.858090192,1.884315359,1.942532316,1.875360716,1.030786527,1.068293383,1.914911488,1.952568241,1.578047755,1.500252389,1.555369695,1.096802499,1.454501887,1.449406493,1.546714065,1.561741031,1.598805515,1.686688647,1.589614968,1.584177278,1.520617479,1.528891607,1.389625974,1.039362651,0,1.469622226,1.507858972,1.06971963,1.045502256,1.620396555,1.722259113,1.550818964,1.464634547,1.411058715,1.47405099,1.621823408,1.705936863,1.110331621,1.470920698,1.202875467,1.447135798,1.628488002,1.529186064,1.490727145,1.50983908,1.539469071,1.510111569,1.461533803,1.527934417,1.619928735,1.705266219,1.933252406,,
CD_347_V1,1.543614031,1.857120921,1.814526227,1.950976771,1.892081907,1.912996807,1.957738858,1.891520328,1.89620017,1.362818787,1.326334669,1.137719873,1.256984485,1.844501986,1.916597907,1.887956961,1.866695542,1.768403099,1.792848504,1.875615346,1.088355341,1.907294008,1.848069999,1.788379036,1.848704172,1.79755654,1.869743182,1.964330993,1.955300296,1.734324103,1.69607795,1.973663679,1.970945071,1.890537031,1.93685222,1.922480273,1.86606596,1.544974127,1.629853318,1.906624822,1.941132421,1.814654909,1.871804372,1.057632765,1.070869745,1.613501077,1.771945413,1.117454631,1.085361293,1.763697136,1.77958233,1.351366458,1.392371735,1.125635818,1.830980888,1.887945814,1.0908342,1.115039884,1.990091143,1.959758594,1.121079313,1.574231351,1.876934427,1.896074885,1.786597643,1.791982754,1.06978911,1.877629014,1.861061058,1.946033372,1.937016255,1.919828495,1.960183552,1.101222457,1.837523502,1.924671052,1.316023036,1.561989652,1.908348928,1.904061388,1.711642671,1.776204363,1.293460789,1.911252862,1.110777293,1.169016992,1.879474351,1.839412765,1.440381112,1.815232707,1.867082108,1.179879818,1.077583128,1.957420412,1.992845532,1.929454991,1.906850023,1.57892331,1.550067156,1.26896524,1.270816253,1.739829912,1.627104518,1.658241634,1.742012224,1.246508565,1.919361029,1.915023946,1.884327777,1.859925266,1.845709382,1.827484746,1.345559078,1.827926071,1.899547058,1.81983441,1.838685095,1.750733333,1.830623882,1.088294746,1.361739717,1.646236958,1.90055649,1.785251406,1.719555379,1.142627962,1.689230957,1.844449097,1.922891003,1.922320228,1.225838189,1.442585694,1.469511025,1.119970338,1.859670067,1.865023007,1.899671556,1.74259018,1.119128829,1.243827849,1.36573395,1.617706896,1.855572403,1.772777104,1.923795075,1.880538058,1.882867851,1.207210216,1.10426864,1.358623366,1.2619777,1.79847728,1.757044788,1.827550654,1.830693159,1.817565531,1.835384961,1.872445047,1.907420511,1.75954762,1.730000902,1.123307049,1.963775961,1.912692271,1.352714875,1.211673912,1.863157509,1.889107689,1.894149215,1.876635224,1.401196694,1.110357212,1.914805987,1.896407666,1.763003531,1.258721668,1.143461145,1.778395401,1.827714845,1.921749615,1.912104681,1.840811564,1.819655904,1.785112723,1.872081281,1.856195274,1.873981369,1.191869478,1.146472019,1.11937795,1.088158967,1.133967739,1.145052088,1.845782294,1.822818816,1.826272529,1.845676613,1.330564329,1.177738,1.93962869,1.863657765,1.878080018,1.841217978,1.120268134,1.112485922,1.090228243,1.517045891,1.249182059,1.133492134,1.193435867,1.279083673,1.786753102,1.80368893,1.188447425,1.110607698,1.135875062,1.131103423,1.106698835,1.263473684,1.155036777,1.380797511,1.943712917,1.88688004,1.080581896,1.069642046,1.223810752,1.392707711,1.293460789,1.836709863,1.172995391,1.156333674,1.767953586,1.710859185,1.89662644,1.921822635,1.813611953,1.820256081,1.951795707,1.858795546,1.413733763,1.56805463,1.890920292,1.929488232,1.242612388,1.172839607,1.966770114,1.238342676,1.074643403,1.073600319,1.165820913,1.19567451,1.237884146,1.416379715,1.228616672,1.230622471,1.176519162,1.213443413,1.100772484,1.404980995,1.469622226,0,1.106717707,1.808193109,1.309875409,1.267396449,1.447216338,1.211103067,1.110945582,1.138815613,1.159548189,1.359887269,1.460647307,1.18648499,1.185652716,1.163523841,1.1333986,1.30499195,1.185690333,1.088831053,1.14032571,1.181829696,1.127611903,1.09061637,1.145280859,1.293460789,1.410223878,1.930938367,,
CD_347_V3,1.501752461,1.553492954,1.501520505,1.717283545,1.652260295,1.843372049,1.907259842,1.717597008,1.720255036,1.302413517,1.342654917,1.158393384,1.243689464,1.6834715,1.791289607,1.68434782,1.690242025,1.467829937,1.536726012,1.544252269,1.211503193,1.79308915,1.675342171,1.57887377,1.708183671,1.752065048,1.852145432,1.936984187,1.936108484,1.498294916,1.419573796,1.921167691,1.943838545,1.5916555,1.589630972,1.891740029,1.5798978,1.308933849,1.321658491,1.813876343,1.892096878,1.483910431,1.623295403,1.160503941,1.175286284,1.530542269,1.645144513,1.256837836,1.228432794,1.473970254,1.488759581,1.243125053,1.519875886,1.285285484,1.564613617,1.607266082,1.17675791,1.187202435,1.978454128,1.89458428,1.127324834,1.667682958,1.720466874,1.607098769,1.617643752,1.604199913,1.095908092,1.832204057,1.704288821,1.896154543,1.869328724,1.871051387,1.934267882,1.247280314,1.810180251,1.906734428,1.35978197,1.629921803,1.730527327,1.708812993,1.439437686,1.475885143,1.48448006,1.795197452,1.261431368,1.325834882,1.691106867,1.626488444,1.502953066,1.565561577,1.660403654,1.089566677,1.148533493,1.896111255,1.983481565,1.809012006,1.735084222,1.67128777,1.648311395,1.222516689,1.21847648,1.376556569,1.311740165,1.325880479,1.536464564,1.291122699,1.835691561,1.907777709,1.731720246,1.49473823,1.598748723,1.584254826,1.379215382,1.744098468,1.759735107,1.589647609,1.641948771,1.558254613,1.643258539,1.101302147,1.483788803,1.424829655,1.798364686,1.477121353,1.423229776,1.201200962,1.434247292,1.507002684,1.855300705,1.849901194,1.218481139,1.419630308,1.459473204,1.262210647,1.777747418,1.897017066,1.600408716,1.451160774,1.096598267,1.163504489,1.469622459,1.697891318,1.754299495,1.53064886,1.720071866,1.702040925,1.679229113,1.206687085,1.193341862,1.322919329,1.245821013,1.533831053,1.527796808,1.464507513,1.506793982,1.611074747,1.470600852,1.559855563,1.731477056,1.53271391,1.500483488,1.103241852,1.916465547,1.759204332,1.473097104,1.339820772,1.89656141,1.792120637,1.814212632,1.785922273,1.504672068,1.246744359,1.742502467,1.71270221,1.519382406,1.095634415,1.132199057,1.771300421,1.738140519,1.826542439,1.778947823,1.545686132,1.597444285,1.507568881,1.757727622,1.755580262,1.643615571,1.32377457,1.27087558,1.130438303,1.118618504,1.178082243,1.205995506,1.748350752,1.724880654,1.626557734,1.701892451,1.398213279,1.208536407,1.887243826,1.722344655,1.743643497,1.626676495,1.227498218,1.225204894,1.167931592,1.587737216,1.311284225,1.214099445,1.304031311,1.395008857,1.591147709,1.669438724,1.19737996,1.116542994,1.187505333,1.160401786,1.199230576,1.34177381,1.266059356,1.491806826,1.871345708,1.810741388,1.1189274,1.153211764,1.34192231,1.422574498,1.48448006,1.595533313,1.292511325,1.269251873,1.531084633,1.418272952,1.813900903,1.794502116,1.597636487,1.671731434,1.898572165,1.62425549,1.474858341,1.655825582,1.651832722,1.765887909,1.284153794,1.22240553,1.925966783,1.347510597,1.120555533,1.150880695,1.291301561,1.280986973,1.231583238,1.370491874,1.256288162,1.257968931,1.114603482,1.142961991,1.190438235,1.505801333,1.507858972,1.106717707,0,1.829914562,1.426096616,1.360241721,1.587673767,1.135661375,1.146812028,1.205636759,1.232881137,1.267420742,1.470236381,1.261157229,1.196883052,1.223944812,1.226299074,1.184233321,1.198991062,1.176307957,1.167313929,1.160685705,1.214450727,1.076139622,1.119814223,1.48448006,1.547494776,1.755140825,,
CD_353_V1,1.91757282,1.97645896,1.974523692,1.96654484,1.943728124,1.505142369,1.246157989,1.972176834,1.961045655,1.86940885,1.869535874,1.8170347,1.85804924,1.963416105,1.977220621,1.946729384,1.969299516,1.9462201,1.957455938,1.924198226,1.808638834,1.920181326,1.971330825,1.966879409,1.970497689,1.972289349,1.975210654,1.860599866,1.70499779,1.908488811,1.93670584,1.361834893,1.633918927,1.941993744,1.966706137,1.996154992,1.968584392,1.943175655,1.951904913,1.9186699,1.87281426,1.935188166,1.969248227,1.795005234,1.798184703,1.934976425,1.96341545,1.493310233,1.505640764,1.967361411,1.94809416,1.909286001,1.296239235,1.44348949,1.962604173,1.958029929,1.812824697,1.828002357,1.016263232,1.971485643,1.596827768,1.019008538,1.979417824,1.975309803,1.957414367,1.935567438,1.802662219,1.549994053,1.947715015,1.715186988,1.555021594,1.110372872,1.142166217,1.817263751,1.96395445,1.988174194,1.876340147,1.922636182,1.976515368,1.973192208,1.949113777,1.96839058,1.834446528,1.221567305,1.402450069,1.258736973,1.962877734,1.969136205,1.041917276,1.929899525,1.939473958,1.853706663,1.806267587,1.690373342,1.785004786,1.960665975,1.951930713,1.051124153,1.028980772,1.865374294,1.85782047,1.946240574,1.945184818,1.925703243,1.964942012,1.238874922,1.083232075,1.961062549,1.969186216,1.971089353,1.967826423,1.956049691,1.151769678,1.975602241,1.974419361,1.945811059,1.965515739,1.980227977,1.977371097,1.815404563,1.890816734,1.965759596,1.574166904,1.945499881,1.949020283,1.657989812,1.951360986,1.931498561,1.959915459,1.105721864,1.861337918,1.906128165,1.912280554,1.81745823,1.510151964,1.831163805,1.958729558,1.959018702,1.805663361,1.848806495,1.884287699,1.017305673,1.965812758,1.956901012,1.968084609,1.96343167,1.946966617,1.582601627,1.759432178,1.906491773,1.883032796,1.955663532,1.968355853,1.969374563,1.968165112,1.979827029,1.977471828,1.939865229,1.963197108,1.933277504,1.949608581,1.830963146,1.557871326,1.721589151,1.082824088,1.218532796,1.948403459,1.963499555,1.569318349,1.431383221,1.266338838,1.763114467,1.50203696,1.61532138,1.961121629,1.854367288,1.805528593,1.980080331,1.976966908,1.499505916,1.408293512,1.934127541,1.95513163,1.468355789,1.117593868,1.965847124,1.946883458,1.772316887,1.609410512,1.810245177,1.806031424,1.83181334,1.834416322,1.969968416,1.970974184,1.956276355,1.938922943,1.121987202,1.423926876,1.980099503,1.962880988,1.972947481,1.96296139,1.826752195,1.828710332,1.790155832,1.909706518,1.848672483,1.832960575,1.504772961,1.54669385,1.954511536,1.956328889,1.845490787,1.821793641,1.838582308,1.834440836,1.702967272,1.219592862,1.279101452,1.06425972,1.270596703,1.945907671,1.821696227,1.805255434,1.507542717,1.706715624,1.834446528,1.942878465,1.83748711,1.829819013,1.955122383,1.950811861,1.878633656,1.726201078,1.953085417,1.962288829,1.978072905,1.964847103,1.082630033,1.021890699,1.957836586,1.965803301,1.868906476,1.835761255,1.610824836,1.176136007,1.795117794,1.804769363,1.842621714,1.849570284,1.87853172,1.919255553,1.844073657,1.854210195,1.837392184,1.855851127,1.643715153,1.057828936,1.06971963,1.808193109,1.829914562,0,1.109036652,1.857628697,1.895257686,1.857912528,1.818826659,1.825915631,1.787116208,1.894379432,1.90968671,1.246453617,1.729891497,1.379932406,1.731100429,1.834654936,1.823432089,1.822574733,1.842178324,1.866540506,1.83495625,1.806260066,1.837411453,1.834446528,1.898332178,1.966347277,,
CD_353_V3,1.668521957,1.963786515,1.960754752,1.958134539,1.945585645,1.485423207,1.246841451,1.966927832,1.958095279,1.507923428,1.48836059,1.350795365,1.456310816,1.947652602,1.942456135,1.927975615,1.932885657,1.933514746,1.925020139,1.888311194,1.286408506,1.878826582,1.977026955,1.956912362,1.962335548,1.934646361,1.933506732,1.832673221,1.672104613,1.93885976,1.937765234,1.376188801,1.612036663,1.924759396,1.940782079,1.987099519,1.959235732,1.941879839,1.946823566,1.866817882,1.845146778,1.933179007,1.921133546,1.265469894,1.271067334,1.733708266,1.846582092,1.1527358,1.151572243,1.934498633,1.942051128,1.752578952,1.183412314,1.145979928,1.937825083,1.936351238,1.309193562,1.338023281,1.160905729,1.945264763,1.229161926,1.082205073,1.955577901,1.945602981,1.91710822,1.903534243,1.302103513,1.510825246,1.896775364,1.67540814,1.526645013,1.183151815,1.221507449,1.310443137,1.953744471,1.957524683,1.487231283,1.678812835,1.965704342,1.961808428,1.948473404,1.961864298,1.454798565,1.241867194,1.113335613,1.07255515,1.952651815,1.948553233,1.036395118,1.909640659,1.930022216,1.445719724,1.299977598,1.676627262,1.794625317,1.963205844,1.946898415,1.090694998,1.075755216,1.486215285,1.491506548,1.927649986,1.913256153,1.926604139,1.921331378,1.071213899,1.137379786,1.909448893,1.969209575,1.950895114,1.954530936,1.969365813,1.075908393,1.946072353,1.958116147,1.959059995,1.956836457,1.963315368,1.971071553,1.330509717,1.524263742,1.941599891,1.533962006,1.936795131,1.942148733,1.286347019,1.939993754,1.940746851,1.920909461,1.149858544,1.449527265,1.643807229,1.6153838,1.321671886,1.487399836,1.868311561,1.949236852,1.937353686,1.36840259,1.494802881,1.522658263,1.098104803,1.945302948,1.928782209,1.955915687,1.946919972,1.936119427,1.247342664,1.276899852,1.706876591,1.606617625,1.941244124,1.946785883,1.938385242,1.92962813,1.972597592,1.950471932,1.919493544,1.954371847,1.943506306,1.9297603,1.403199185,1.556904226,1.700355885,1.022727014,1.038660105,1.890562483,1.910129481,1.534593788,1.392393327,1.16104374,1.281113472,1.490749291,1.584678113,1.940796494,1.519271512,1.372174021,1.931201232,1.93387859,1.473156742,1.390059363,1.934015976,1.924551342,1.44719136,1.166374639,1.945694606,1.929208114,1.342048403,1.223321578,1.333016505,1.31732533,1.322443754,1.334176418,1.954723115,1.951670423,1.947207467,1.941818907,1.037937862,1.142678066,1.968330307,1.943499122,1.937995385,1.942379436,1.319634894,1.306841864,1.278118032,1.642907812,1.441289693,1.338281745,1.201712107,1.273619719,1.92769696,1.927153929,1.409892957,1.368657025,1.351066995,1.357995305,1.256095068,1.053553405,1.066356334,1.02819443,1.272134933,1.919925245,1.324275139,1.287559678,1.215264992,1.419105355,1.454798565,1.920358128,1.366176611,1.355399393,1.937739312,1.938875845,1.860244408,1.70216447,1.934927238,1.930540331,1.957505895,1.939566949,1.029885326,1.088223881,1.958135703,1.96494629,1.467845548,1.363570832,1.577936412,1.049495312,1.287582082,1.278742014,1.354823018,1.385073925,1.539281121,1.697361857,1.417620969,1.416558878,1.40257572,1.43498677,1.229121268,1.032161521,1.045502256,1.309875409,1.426096616,1.109036652,0,1.448442583,1.588280387,1.469059049,1.316467884,1.373607861,1.359635978,1.56980288,1.631547751,1.049768962,1.340137019,1.110790435,1.280224869,1.522448918,1.37357142,1.299007389,1.342776324,1.508512461,1.368710253,1.346771424,1.451423843,1.454798565,1.56188613,1.959270284,,
CD_359_V1,1.637706812,1.926217903,1.91108013,1.897300112,1.866357503,1.834456061,1.872127054,1.86278354,1.864843484,1.457138121,1.434814859,1.298953156,1.416913413,1.930120266,1.94533564,1.888659861,1.918535142,1.882604708,1.926601239,1.897539082,1.252116571,1.93805784,1.963965107,1.946168522,1.959128281,1.961913506,1.973895118,1.848837397,1.837676159,1.853241444,1.890264626,1.447393248,1.6386722,1.897834715,1.923517549,1.981424344,1.894045913,1.961710617,1.946261448,1.902476664,1.933928583,1.918177201,1.936192469,1.227799578,1.233159906,1.686263327,1.813294967,1.263279759,1.243617819,1.934467296,1.89331145,1.755599899,1.170374517,1.170078787,1.908402115,1.897531466,1.250528874,1.286055459,1.973411047,1.957743926,1.311454729,1.68118352,1.949103924,1.941582644,1.89774189,1.839822425,1.251492939,1.901099488,1.906026364,1.925033991,1.751711326,1.98945382,1.988431907,1.282328179,1.947524085,1.976332001,1.445066375,1.663099998,1.912701627,1.937021115,1.900449683,1.943330998,1.446562823,1.908455682,1.248752361,1.310406868,1.911286084,1.89914254,1.590474371,1.870455225,1.872292617,1.407878484,1.264397808,1.555380278,1.621679343,1.932202573,1.907161625,1.681065166,1.65495072,1.412965801,1.396269543,1.914487819,1.929254575,1.88351112,1.883087239,1.431204855,1.953366739,1.976516258,1.911662242,1.926668178,1.944413084,1.930595498,1.275046846,1.897651052,1.898012424,1.902613619,1.915043813,1.968345193,1.95525001,1.279559913,1.48924586,1.968816938,1.925917114,1.910010058,1.915135947,1.338801296,1.884331897,1.840321683,1.955732998,1.953005713,1.406663738,1.635799787,1.571975827,1.280185835,1.89729941,1.925503573,1.898259483,1.904121326,1.306010603,1.441778763,1.498463761,1.716370501,1.920563995,1.893520228,1.909735911,1.926251161,1.885556972,1.371204473,1.293033509,1.717941373,1.612528817,1.91954088,1.941779639,1.936985201,1.946841538,1.906157513,1.904509414,1.915801271,1.926364599,1.886273197,1.909684723,1.366936168,1.352001078,1.755314157,1.483842353,1.353303855,1.952330557,1.895895786,1.895828668,1.911820952,1.388304088,1.264105727,1.919876403,1.917151251,1.914863858,1.446149553,1.309051151,1.949678155,1.947790156,1.953858039,1.920006321,1.896441857,1.913533241,1.928483449,1.96111343,1.920455015,1.903608907,1.333243917,1.237578256,1.276499822,1.275230426,1.283933437,1.314713328,1.945582536,1.883491614,1.91671948,1.863715556,1.485326062,1.31257877,1.966340023,1.91708822,1.921382884,1.901668344,1.272053234,1.261320632,1.25314739,1.650670976,1.385138634,1.287652538,1.149417064,1.124518982,1.910564445,1.90510645,1.372337442,1.334799133,1.29172765,1.299205674,1.255876957,1.407012771,1.301972594,1.501653276,1.680049451,1.905339469,1.270119284,1.235985975,1.290147037,1.429658967,1.446562823,1.883713437,1.327464673,1.309007327,1.929020633,1.922462218,1.962787449,1.948809915,1.914731261,1.923431603,1.950871159,1.91134819,1.515342378,1.692395303,1.617443253,1.613921612,1.440454875,1.351005862,1.7463219,1.337632381,1.253763852,1.240696267,1.318157313,1.34021303,1.520656221,1.697281415,1.37540759,1.391620166,1.357147491,1.395719775,1.241115429,1.517132865,1.620396555,1.267396449,1.360241721,1.857628697,1.448442583,0,1.109820431,1.424894807,1.275945084,1.324752721,1.290004085,1.550331751,1.603511851,1.339126014,1.359539839,1.308326129,1.288924346,1.462345677,1.344223861,1.24064103,1.292083446,1.491755463,1.34164746,1.315117881,1.416704445,1.446562823,1.539006405,1.931157278,,
CD_359_V3,1.772319741,1.988047363,1.988628563,1.984172882,1.984939177,1.885669994,1.911682207,1.99063042,1.992299941,1.663253045,1.63489601,1.532458975,1.626686901,1.995442657,1.99719498,1.993860225,1.994774903,1.974615604,1.988360551,1.991170948,1.419325265,1.997763168,1.992804399,1.991694516,1.994583843,1.997316996,1.99754106,1.92619166,1.916063191,1.992557383,1.992505212,1.506667891,1.704736456,1.98984575,1.988554408,1.997129029,1.991669227,1.992167147,1.990734137,1.98983663,1.987804036,1.992586294,1.995325002,1.409893508,1.412997704,1.805035672,1.885019684,1.434805718,1.403898264,1.994755193,1.994187964,1.829326762,1.177044877,1.235808589,1.992312358,1.993960842,1.456080486,1.509958418,1.995829208,1.997577416,1.548485622,1.716515336,1.992938515,1.991595038,1.992454293,1.989690784,1.448039367,1.990195478,1.992400497,1.96410686,1.816824903,1.995771715,1.995959352,1.453607631,1.996975915,1.99799511,1.645845654,1.751379428,1.988772715,1.990070043,1.989666851,1.992339217,1.395382793,1.992985019,1.372346821,1.408526088,1.995119864,1.996626634,1.68503133,1.992038945,1.992499147,1.602322498,1.46837788,1.670559382,1.643031462,1.994593402,1.992278634,1.731798664,1.700529245,1.638985605,1.654249918,1.990522319,1.991845616,1.990331757,1.995048401,1.619583022,1.991601696,1.996816934,1.992536229,1.989150275,1.993422317,1.995377045,1.332870459,1.99615673,1.997068931,1.991624523,1.9925556,1.994887635,1.993950109,1.52213708,1.625351969,1.99309327,1.996463301,1.99295168,1.991543219,1.57040931,1.984001444,1.984926014,1.997267645,1.995849051,1.607403355,1.747738219,1.707316317,1.421985861,1.991277031,1.997760413,1.985907275,1.990958421,1.553905733,1.6680303,1.633071882,1.748898134,1.996003279,1.995014849,1.985398224,1.988667225,1.99062357,1.603534321,1.497025622,1.757343555,1.67975213,1.987202716,1.989708974,1.993445701,1.994362713,1.987304776,1.985268854,1.990555529,1.993523154,1.993522858,1.99285415,1.572853168,1.437216498,1.859128034,1.596930361,1.524275292,1.994432589,1.992332021,1.987793533,1.995054837,1.464786682,1.407718552,1.995002218,1.995806746,1.992505213,1.692078313,1.56424322,1.996344224,1.99571282,1.992560543,1.991081138,1.984684217,1.978000812,1.989219227,1.987594894,1.995995115,1.993400568,1.528695651,1.423190663,1.515924558,1.463740422,1.501442142,1.526579872,1.995722169,1.994888333,1.994422671,1.992839838,1.626599438,1.568628929,1.993585577,1.989876496,1.995541199,1.994081172,1.480806073,1.465224323,1.47504426,1.736945197,1.617964086,1.517903161,1.28251562,1.2163192,1.99605695,1.996166611,1.610352037,1.543205684,1.539741592,1.554138142,1.477758195,1.603952349,1.474060288,1.611647288,1.755816239,1.970189797,1.485924195,1.416995722,1.453506855,1.607782452,1.395382793,1.989988458,1.488964735,1.493668938,1.990834732,1.98839088,1.996017349,1.994575299,1.992324054,1.994651875,1.997291961,1.993475772,1.672394302,1.720889757,1.713512175,1.743002236,1.602091865,1.516951858,1.821508351,1.445931212,1.421677457,1.432177914,1.502971841,1.552490007,1.663036339,1.796916031,1.614883196,1.621720732,1.589492239,1.630051344,1.470786315,1.631841481,1.722259113,1.447216338,1.587673767,1.895257686,1.588280387,1.109820431,0,1.663190437,1.494020013,1.505428978,1.502023285,1.73701558,1.742811302,1.537677991,1.601883839,1.54482846,1.482355581,1.699785461,1.572624204,1.479116386,1.543357089,1.622146428,1.485395109,1.505819674,1.570719534,1.395382793,1.620432815,1.955630852,,
CD_363_V1,1.402425307,1.588217109,1.567250929,1.735177543,1.627880592,1.708628257,1.794329789,1.740957769,1.710140793,1.313553528,1.299610733,1.182109938,1.289262577,1.637264786,1.731474465,1.611045159,1.720424833,1.290702919,1.38433705,1.523285848,1.248116472,1.699234616,1.64803177,1.48391127,1.633122199,1.713856957,1.777527211,1.874103699,1.898843167,1.606681428,1.509962137,1.861435648,1.865032029,1.489480025,1.574126275,1.880810446,1.501726211,1.507112953,1.462133958,1.737107946,1.846453784,1.435123297,1.621785293,1.222206036,1.23107907,1.507299644,1.671730371,1.311807502,1.299627552,1.461683654,1.545700153,1.396765428,1.571686733,1.368431058,1.52559103,1.697219702,1.236697425,1.192521268,1.973574252,1.864368912,1.160143529,1.724688503,1.667234006,1.65124029,1.482379108,1.551149387,1.139588871,1.726306616,1.69455656,1.816412601,1.820747395,1.877947981,1.923328929,1.290741459,1.76720566,1.88624075,1.345866642,1.661141637,1.54673541,1.56359716,1.364226436,1.587742665,1.59678677,1.771902732,1.340227264,1.411163262,1.698355261,1.680445445,1.57065096,1.455406269,1.602035365,1.1832108,1.159689841,1.822047881,1.954265651,1.733411834,1.637978289,1.713897216,1.701722504,1.203288737,1.245391628,1.326078479,1.331197389,1.320136269,1.579392276,1.308563671,1.802018105,1.777586985,1.656391547,1.543681581,1.577760739,1.656446746,1.426578936,1.711597154,1.729881818,1.397482225,1.467869747,1.505389821,1.569142487,1.124872845,1.528065956,1.442760083,1.673038828,1.377097503,1.347787198,1.244744141,1.372590134,1.373261734,1.750511662,1.819098831,1.246836,1.48281794,1.469727688,1.294096492,1.728976542,1.929314748,1.442845962,1.481289276,1.096546904,1.129103969,1.494327003,1.752817852,1.713542691,1.545330397,1.541176898,1.645035733,1.596131577,1.205869635,1.198376406,1.496721623,1.405841052,1.30992568,1.346789126,1.5192813,1.55476111,1.61708936,1.561534639,1.442944074,1.568449336,1.462485191,1.394744414,1.149224268,1.847160817,1.634659538,1.528845029,1.380369829,1.822838126,1.641085658,1.718158827,1.714665053,1.551312369,1.318856111,1.669248812,1.636692129,1.485107019,1.187646047,1.198940339,1.697287709,1.597040572,1.691529818,1.667480795,1.584326893,1.528459237,1.434500283,1.726142823,1.714544077,1.602307341,1.342332424,1.284210387,1.122126879,1.137319123,1.192927792,1.251688459,1.710083009,1.654304073,1.671620118,1.684809826,1.47175502,1.231375334,1.848765997,1.615100621,1.703997993,1.553197221,1.223583778,1.250655517,1.172270159,1.534988575,1.290336232,1.228319236,1.334401715,1.431408851,1.541984215,1.607950365,1.206251552,1.1895183,1.175084815,1.137270094,1.196431281,1.360972739,1.307258986,1.537723925,1.761289393,1.6613834,1.135647479,1.22055137,1.373522092,1.403936376,1.59678677,1.488900149,1.349792546,1.315182669,1.407760148,1.306103003,1.71262708,1.649329203,1.502343623,1.557914842,1.740812647,1.448771277,1.537758825,1.723507389,1.588864265,1.731031036,1.35809778,1.291341154,1.803524974,1.404186817,1.179836819,1.193441787,1.328381301,1.286700041,1.332161746,1.436576173,1.265848077,1.266833045,1.083891022,1.102793657,1.235241543,1.579325147,1.550818964,1.211103067,1.135661375,1.857912528,1.469059049,1.424894807,1.663190437,0,1.160871751,1.270485723,1.296947074,1.245679702,1.482964548,1.292916694,1.195465871,1.231912584,1.284792684,1.155939694,1.168728335,1.200716593,1.184415859,1.263734081,1.294314302,1.118627671,1.192229124,1.59678677,1.613150296,1.671744626,,
CD_363_V3,1.418269174,1.702054035,1.747766613,1.844926974,1.798703064,1.861009745,1.891349754,1.798802682,1.817213072,1.233954379,1.252405098,1.109036673,1.221256996,1.768591056,1.834092811,1.751202867,1.783221493,1.602322551,1.65520853,1.654850432,1.085095127,1.825206309,1.824974105,1.612652151,1.802728916,1.847275125,1.860640562,1.928894973,1.951493819,1.768947152,1.745296128,1.951540122,1.963724266,1.506011988,1.529486446,1.894179465,1.656427458,1.808578315,1.726295328,1.820598473,1.909492816,1.693398299,1.78564367,1.058942413,1.061228148,1.523847594,1.674614935,1.132074477,1.113248185,1.743236835,1.776057243,1.598512674,1.413513322,1.161071409,1.684241795,1.711465224,1.101853668,1.106096017,1.989628168,1.931814479,1.121006263,1.607714807,1.758689307,1.720792001,1.779192657,1.805107341,1.057768991,1.867433549,1.823628798,1.919633056,1.903771368,1.947851118,1.939181947,1.114990902,1.881324391,1.907461647,1.276672898,1.564005381,1.764920489,1.760358369,1.698479594,1.722891519,1.372828121,1.887722341,1.14239576,1.20655978,1.827191078,1.856031561,1.478375817,1.667917235,1.739555849,1.1832741,1.081384567,1.920132657,1.986701978,1.864442773,1.798065116,1.606454462,1.581187429,1.194877699,1.211893847,1.616260661,1.657893657,1.610117068,1.782605466,1.253160782,1.88401845,1.819388821,1.819869889,1.703994829,1.803500833,1.822952976,1.349255276,1.762658309,1.830623108,1.725331052,1.737234029,1.822545551,1.782067799,1.083616555,1.37157089,1.770914769,1.822031509,1.661216536,1.604443194,1.165705496,1.767160572,1.686119486,1.864833024,1.911776312,1.20881755,1.47413778,1.410114427,1.107347733,1.859915663,1.948788828,1.6996964,1.677336257,1.106359969,1.201342092,1.332618205,1.647812509,1.776285555,1.761585994,1.756779007,1.828478706,1.800102496,1.145011819,1.088830227,1.589026698,1.457270827,1.60840672,1.710405381,1.656670084,1.66853244,1.807806391,1.669494529,1.654270937,1.71492629,1.722038184,1.673242647,1.150567056,1.923947005,1.819392964,1.373732872,1.217434376,1.848735675,1.752316356,1.855452645,1.84989233,1.40972749,1.12946313,1.840015861,1.821376766,1.684554677,1.235202115,1.153040719,1.878594655,1.826925904,1.808756007,1.823460743,1.773272781,1.772972665,1.687553285,1.870053879,1.777149726,1.791355253,1.190435645,1.135195926,1.087004835,1.081618316,1.058048309,1.089308288,1.84759994,1.845691573,1.817148709,1.842848786,1.367867472,1.155896808,1.904175,1.817462112,1.767109013,1.7453613,1.064330013,1.075324922,1.062414195,1.522456384,1.211943835,1.11010685,1.197147528,1.285014768,1.798198239,1.806378294,1.169436705,1.136032721,1.110238691,1.105472394,1.078998946,1.249647654,1.153846147,1.403838633,1.887502454,1.852899349,1.07697429,1.079365524,1.220437208,1.367844659,1.372828121,1.74315334,1.182525602,1.161708617,1.680083411,1.627391145,1.871272473,1.844498515,1.715199496,1.754283668,1.792929377,1.708628053,1.425348977,1.619074016,1.78510608,1.831204951,1.275532516,1.148789293,1.886042713,1.253036152,1.048776941,1.012287915,1.162454668,1.166326667,1.364477719,1.527174202,1.203289061,1.198093044,1.108286554,1.142864508,1.104428786,1.438715987,1.464634547,1.110945582,1.146812028,1.818826659,1.316467884,1.275945084,1.494020013,1.160871751,0,1.176711692,1.181671774,1.288680042,1.408323255,1.188851513,1.180404418,1.142666679,1.129141766,1.23564673,1.102126238,1.072375844,1.084046491,1.309780862,1.183137649,1.087113822,1.218392198,1.372828121,1.442739667,1.826370747,,
CD_365_V1,1.582966152,1.829889845,1.789198977,1.902396177,1.833543934,1.913274479,1.936225678,1.903495218,1.883451893,1.389762168,1.368762062,1.207582854,1.322403072,1.867797291,1.884883205,1.792423216,1.881650708,1.70694957,1.797054896,1.85659085,1.143091264,1.888679863,1.427943699,1.759204037,1.827721507,1.925358433,1.936555148,1.967386495,1.972795799,1.728686186,1.681831999,1.966048713,1.980125275,1.801164808,1.867545888,1.969165035,1.879303608,1.565335642,1.623828445,1.870926814,1.93072324,1.749040449,1.743587226,1.126086901,1.136604575,1.654398826,1.787744584,1.198731076,1.169154823,1.753161981,1.775554434,1.411466721,1.452021762,1.196031898,1.810776228,1.904635189,1.173656978,1.195589333,1.97708702,1.960697002,1.188252659,1.618365862,1.915336026,1.924502091,1.704278345,1.508872086,1.136867171,1.882407896,1.893176478,1.946707091,1.950483622,1.816174035,1.918416345,1.190581246,1.960851792,1.964177296,1.356389056,1.590402822,1.852331508,1.889897017,1.672704434,1.77548056,1.36189536,1.902739375,1.189315557,1.244267192,1.842688064,1.837651657,1.485767311,1.724001255,1.781424353,1.231682328,1.135131661,1.949437995,1.98645961,1.875589937,1.837985719,1.626079395,1.597583468,1.350459186,1.369169261,1.567751542,1.561417938,1.652881324,1.73674464,1.311562232,1.890860929,1.925704798,1.819710923,1.852943898,1.737451074,1.751641449,1.416190012,1.886613464,1.918394713,1.6806182,1.708267032,1.774127281,1.86124551,1.157706743,1.435848946,1.365931559,1.852037144,1.786431454,1.711056899,1.256260012,1.677715035,1.823466318,1.900679082,1.838089255,1.296981326,1.4894569,1.505841713,1.174164657,1.914179744,1.971844788,1.815229257,1.714629049,1.184034045,1.212300455,1.426582451,1.654809257,1.846288815,1.775541178,1.831452719,1.835454682,1.813861726,1.260174415,1.161816526,1.414706108,1.32101608,1.734181223,1.718981142,1.787345074,1.827910751,1.78942654,1.785756339,1.846484982,1.866365313,1.802613403,1.750047018,1.18889691,1.930598469,1.910462727,1.407839642,1.271040351,1.929824173,1.879273371,1.863528497,1.828819263,1.453553935,1.186365461,1.828236127,1.787310837,1.734443365,1.29629506,1.191615064,1.85399771,1.801600884,1.89076801,1.862404916,1.771696692,1.795617576,1.792344651,1.892863029,1.846653913,1.857342102,1.276988938,1.220394494,1.171269047,1.160241824,1.204000325,1.235243418,1.833641198,1.814630595,1.671599827,1.685832905,1.385050197,1.23563269,1.883933856,1.807256185,1.89267565,1.846080644,1.17812895,1.181783406,1.158362477,1.569405256,1.315888694,1.205425272,1.268174249,1.347901419,1.687586032,1.721570921,1.242459505,1.176462221,1.191823411,1.191765455,1.156973588,1.324302815,1.229024695,1.439285532,1.918774132,1.940661415,1.167916495,1.139567579,1.296373822,1.456680713,1.36189536,1.814587286,1.242912614,1.231579329,1.476175497,1.59845835,1.92943115,1.892829643,1.817114392,1.834370583,1.891713568,1.765079742,1.467903395,1.614301467,1.827700895,1.885609902,1.309126066,1.230643114,1.944354151,1.307313952,1.147696946,1.144242501,1.241733384,1.260945795,1.303873857,1.476614888,1.281602811,1.29956017,1.233749602,1.252854013,1.168777329,1.454937828,1.411058715,1.138815613,1.205636759,1.825915631,1.373607861,1.324752721,1.505428978,1.270485723,1.176711692,0,1.073492752,1.40741537,1.511121333,1.248247819,1.243218089,1.236520384,1.207793512,1.327140605,1.233979336,1.159083476,1.209663836,1.241169513,1.199417213,1.153919705,1.205045999,1.36189536,1.472902629,1.935598892,,
CD_365_V3,1.577665958,1.863094587,1.808304177,1.80058962,1.63792074,1.928615833,1.940405306,1.89465747,1.810032896,1.306291011,1.307510112,1.168395582,1.303234156,1.857360269,1.905865754,1.722522471,1.873390243,1.744239514,1.850346297,1.81186795,1.149893742,1.907292767,1.629613954,1.814824071,1.849157486,1.932151708,1.949187328,1.941152656,1.958684158,1.63192374,1.691328371,1.937750529,1.962410463,1.745320078,1.904354831,1.966529616,1.889319657,1.733436132,1.743192217,1.865823279,1.916646644,1.779696099,1.784750197,1.119157942,1.13154432,1.654415484,1.784789273,1.19047489,1.154264425,1.830770324,1.740181424,1.588804363,1.450497402,1.189014324,1.801439524,1.878663404,1.158738416,1.196183266,1.949161916,1.973069433,1.221248081,1.608454455,1.928492619,1.920699215,1.760729373,1.549514237,1.135509293,1.902463949,1.926909286,1.96188883,1.945778223,1.900814703,1.954696913,1.188050981,1.93677638,1.974274592,1.348730845,1.590862186,1.891700544,1.905948633,1.681909141,1.825673765,1.359884423,1.916494186,1.179398269,1.236753329,1.844527957,1.863424616,1.50534912,1.600932392,1.64830027,1.265655963,1.129622392,1.90296657,1.988139675,1.730011614,1.744112325,1.619052001,1.578600309,1.344695863,1.348083747,1.67545792,1.726313104,1.634720922,1.768624557,1.338843808,1.891650015,1.94648016,1.825415544,1.882888503,1.795700539,1.805098618,1.41426995,1.877740011,1.900175072,1.73274511,1.780129724,1.883480851,1.906016852,1.153601971,1.431785535,1.620894861,1.837686747,1.790055065,1.780489,1.25082929,1.758784505,1.713689719,1.914429767,1.839556552,1.317028944,1.530109472,1.509393521,1.181827386,1.841862904,1.894595984,1.749914838,1.775335211,1.155621575,1.259088014,1.426619511,1.661776809,1.787812579,1.811970292,1.774808765,1.814564439,1.704469959,1.270562055,1.174999651,1.560043382,1.451193528,1.795213067,1.817219963,1.833294835,1.866405266,1.884074678,1.877917083,1.805279624,1.862053383,1.792277919,1.816310022,1.204659941,1.919053255,1.894107959,1.393632531,1.254302072,1.942811946,1.902187118,1.880105286,1.863718756,1.443179555,1.180034877,1.777699723,1.783037597,1.810074434,1.255051299,1.125130974,1.894548455,1.873537594,1.922745559,1.78373298,1.618339369,1.783983508,1.858233579,1.931983489,1.787064398,1.749615052,1.262207171,1.207167029,1.126780983,1.167038618,1.198719636,1.224993962,1.859969627,1.847794048,1.733493514,1.632548482,1.385760051,1.210575478,1.914882549,1.866787865,1.880935565,1.827708231,1.175632121,1.178758078,1.160137544,1.579288379,1.299001426,1.1929832,1.261725479,1.335074634,1.677610459,1.701824193,1.249863226,1.210006622,1.173962863,1.182310236,1.126860913,1.305475607,1.22413282,1.43628312,1.868336809,1.945403372,1.178892154,1.133659376,1.28575263,1.459333531,1.359884423,1.773776154,1.238432076,1.22383412,1.632484829,1.732889565,1.941396072,1.915303346,1.855231799,1.887117373,1.882574558,1.779482574,1.477890762,1.627673984,1.826531251,1.833064674,1.344694204,1.244548988,1.96127196,1.291955776,1.152299233,1.146805077,1.234079853,1.240625354,1.375525801,1.55624998,1.254522387,1.294395064,1.23425591,1.270414597,1.116557077,1.434220358,1.47405099,1.159548189,1.232881137,1.787116208,1.359635978,1.290004085,1.502023285,1.296947074,1.181671774,1.073492752,0,1.453471764,1.536624944,1.224248588,1.245462788,1.20545809,1.204590266,1.232733545,1.204238441,1.141586474,1.212753407,1.348192789,1.225972317,1.170788457,1.255476145,1.359884423,1.468955152,1.923482909,,
CD_368_V1,1.53569272,1.578722732,1.548930545,1.754868335,1.685900712,1.746850691,1.849766515,1.780747579,1.832963271,1.300383736,1.39311298,1.335485105,1.363005728,1.726100118,1.772521206,1.76336939,1.731902905,1.550853225,1.574773048,1.590157339,1.381399133,1.706941777,1.841345959,1.630499418,1.746461993,1.779274041,1.782955429,1.93920103,1.928219594,1.633491051,1.539657013,1.961105175,1.976679418,1.538077006,1.465881407,1.899565008,1.619036564,1.478570977,1.418449664,1.618941614,1.808898376,1.754105513,1.638584428,1.344014906,1.355240756,1.581136587,1.714066249,1.463964281,1.461279111,1.410719114,1.508080974,1.455322704,1.675719125,1.508732636,1.509500016,1.535382035,1.422015096,1.344606914,1.991207969,1.816327035,1.253055614,1.783981546,1.672109041,1.596998471,1.622561125,1.68488576,1.310455787,1.748753699,1.622423323,1.872524646,1.858673452,1.863862505,1.8936186,1.28697225,1.781001355,1.852504091,1.530864593,1.772310288,1.728090086,1.745026492,1.539325733,1.558948487,1.688545715,1.817918836,1.489418762,1.549812462,1.750760757,1.732423946,1.638688708,1.542814379,1.688228422,1.195970114,1.259996167,1.921115332,1.990600304,1.854842102,1.816068836,1.79222136,1.789179433,1.441809998,1.379897917,1.476457146,1.378736695,1.520166723,1.565095927,1.436512273,1.857986838,1.671668518,1.684436313,1.454910599,1.632042263,1.643380916,1.619567936,1.751978551,1.806438579,1.698708814,1.727662531,1.565426795,1.71997606,1.273513804,1.537885018,1.494571607,1.71644908,1.592849705,1.498714839,1.358075231,1.442263213,1.645417847,1.687083127,1.829630949,1.389099385,1.536804028,1.558281173,1.46715656,1.814198046,1.927187848,1.707193704,1.526456021,1.336620534,1.407306979,1.585119968,1.811589721,1.685615453,1.579608573,1.761643759,1.767372701,1.761987273,1.223285716,1.271450641,1.532518045,1.459968271,1.551782323,1.517697367,1.398462963,1.457794982,1.61803407,1.454705437,1.78181597,1.830752776,1.562118687,1.446545743,1.300503213,1.891212277,1.820672449,1.639580988,1.504634597,1.816944903,1.748070793,1.726215815,1.73070412,1.661132503,1.468885131,1.866947997,1.843511774,1.509292935,1.212469269,1.282468036,1.783516409,1.676866367,1.789105969,1.794566743,1.672104936,1.616738666,1.648535831,1.885981755,1.687064688,1.708490069,1.436584897,1.376533046,1.289780705,1.323060616,1.23181413,1.308173054,1.787811863,1.721242422,1.699258449,1.777983292,1.569914725,1.368321346,1.892544743,1.73581962,1.734314614,1.691976611,1.364370321,1.36988331,1.28895649,1.679402637,1.3958586,1.370231466,1.4820296,1.569027112,1.54497537,1.604022669,1.208506476,1.236211516,1.311929484,1.266575686,1.35491833,1.497397529,1.480156247,1.654180797,1.866251392,1.801421891,1.279478095,1.343923118,1.517796006,1.551609467,1.688545715,1.588029413,1.479341445,1.441539407,1.543220686,1.457601068,1.817926313,1.80310766,1.551179004,1.566693703,1.487040587,1.53582807,1.585252277,1.786455207,1.838673884,1.864994462,1.369804197,1.218056395,1.924306708,1.579494264,1.343383782,1.322397606,1.457675845,1.402349827,1.272084045,1.289982432,1.390567173,1.378395506,1.277865415,1.225329624,1.394727879,1.668896423,1.621823408,1.359887269,1.267420742,1.894379432,1.56980288,1.550331751,1.73701558,1.245679702,1.288680042,1.40741537,1.453471764,0,1.32502069,1.452883825,1.351145467,1.415114217,1.404200278,1.381352537,1.294171552,1.331001227,1.260939422,1.360157063,1.397225805,1.268976088,1.302457282,1.688545715,1.706476946,1.835100782,,
CD_368_V3,1.65540765,1.823733269,1.814127987,1.886096485,1.878020825,1.916634348,1.94301627,1.816339178,1.912256937,1.463078037,1.530137276,1.484904839,1.482901138,1.894457954,1.83946138,1.899552527,1.904757987,1.778404144,1.735382843,1.840604202,1.456567887,1.863390323,1.89544091,1.825094782,1.845477379,1.888570196,1.902899233,1.979536089,1.980956404,1.802918188,1.753316454,1.983398006,1.987434585,1.629123799,1.593153476,1.943457902,1.795708028,1.6973049,1.688195833,1.663350049,1.863243294,1.813229074,1.856237679,1.440074624,1.446807275,1.697422164,1.775812572,1.526061506,1.508916875,1.551919571,1.624649319,1.630935921,1.704783968,1.536413194,1.747813576,1.749304993,1.488189497,1.417991258,1.995544191,1.555184221,1.419716934,1.800806357,1.870100546,1.827012725,1.833558786,1.865126104,1.446201953,1.698291546,1.749584807,1.956772878,1.9514696,1.930967504,1.95336848,1.403345341,1.911850189,1.941014046,1.627528063,1.798634972,1.843521247,1.863261081,1.76539419,1.729051359,1.671025381,1.915555292,1.525786708,1.571905929,1.896753809,1.8855669,1.701726702,1.732236361,1.843704749,1.451724195,1.414548078,1.974788066,1.995789853,1.932651286,1.904234819,1.810043363,1.799021372,1.535104095,1.49085506,1.748243076,1.684403122,1.67831263,1.521590053,1.569943147,1.871175055,1.704350947,1.874277018,1.760196045,1.855870525,1.86421052,1.662779184,1.856744325,1.903845783,1.877550715,1.888490374,1.811428835,1.877544769,1.3954196,1.075754249,1.741989741,1.862163469,1.720657227,1.769242596,1.505605316,1.455878079,1.77335456,1.86668294,1.914988704,1.535851459,1.66604238,1.687340141,1.52654919,1.922849961,1.965397341,1.841714257,1.781458333,1.479216039,1.556019273,1.618883308,1.823747926,1.873807568,1.811499558,1.751047926,1.861499989,1.87239081,1.340440239,1.409629332,1.661821766,1.599340419,1.794146215,1.78946773,1.68118029,1.664038851,1.807977658,1.718049763,1.84950281,1.891034757,1.801307451,1.699062891,1.479644629,1.962964033,1.841201839,1.675526792,1.558927597,1.889961137,1.864590423,1.710750666,1.823563777,1.680160864,1.512693489,1.926368857,1.91151863,1.783007384,1.477502523,1.465046023,1.910655016,1.864492505,1.897629155,1.904339557,1.852848372,1.806027465,1.830263238,1.929324431,1.874283431,1.877659844,1.448202329,1.409760807,1.43383169,1.438148627,1.381169455,1.42704779,1.882012531,1.861112518,1.873599258,1.907805628,1.645822154,1.473639959,1.947917734,1.891601959,1.858148795,1.788837692,1.387598816,1.36181595,1.423933049,1.732790146,1.564876885,1.499021689,1.566309235,1.63090693,1.781655999,1.822089807,1.408119952,1.389013978,1.481213899,1.457020217,1.469543708,1.557500259,1.542557871,1.691804516,1.934562892,1.904128542,1.436751785,1.453019555,1.591790435,1.677357307,1.671025381,1.811084615,1.52864167,1.456438219,1.76086714,1.723711913,1.919648443,1.915089494,1.74423776,1.595479502,1.671820306,1.778613282,1.609444196,1.804819908,1.901099693,1.919419656,1.083544743,1.152754893,1.972682155,1.598430838,1.423330914,1.414039375,1.542193283,1.529196791,1.454281635,1.469921419,1.541177091,1.535889456,1.461861922,1.46167798,1.489072478,1.709217632,1.705936863,1.460647307,1.470236381,1.90968671,1.631547751,1.603511851,1.742811302,1.482964548,1.408323255,1.511121333,1.536624944,1.32502069,0,1.551231731,1.520518532,1.532230194,1.370729211,1.518019086,1.399713589,1.433451517,1.434042626,1.532266397,1.503326604,1.40225912,1.469490858,1.671025381,1.723789803,1.867530084,,
CD_371_V1,1.553638555,1.904657312,1.887377851,1.870402923,1.828985315,1.518225984,1.319507377,1.869963557,1.857051628,1.377208918,1.351199268,1.212229363,1.339647941,1.874562482,1.910619595,1.835740516,1.880568341,1.766697239,1.839124673,1.83293628,1.183720563,1.88157124,1.89505555,1.84905029,1.89081675,1.790216053,1.762238801,1.846094812,1.706977378,1.766795871,1.790920597,1.442554661,1.655412541,1.830263444,1.871011335,1.972881257,1.837428481,1.816961626,1.815725106,1.883705078,1.865240594,1.826746852,1.896136317,1.152932379,1.158639643,1.614192628,1.751334346,1.102504959,1.096521191,1.874458503,1.838621032,1.625895863,1.208432952,1.112785399,1.8458108,1.871158407,1.17908673,1.197734225,1.316287954,1.947619154,1.132037869,1.191628964,1.911914742,1.914953743,1.835473697,1.781582142,1.158838498,1.52696102,1.897151358,1.692122918,1.550506062,1.278770408,1.33716429,1.216950777,1.904473964,1.95964849,1.361486402,1.608854182,1.861460195,1.870967425,1.775027467,1.863208421,1.417726061,1.32505414,1.084169264,1.07738436,1.870435708,1.874622507,1.111856975,1.780698281,1.807708138,1.301274808,1.174292149,1.680476318,1.826483084,1.879101081,1.85391936,1.186596352,1.174121047,1.3252859,1.330733516,1.804793957,1.808489984,1.751565979,1.847938871,1.062133876,1.24843057,1.96685487,1.844914169,1.862996743,1.885435552,1.871509361,1.103602087,1.913015121,1.916143014,1.788574899,1.822727068,1.891539649,1.891691594,1.181127593,1.449682501,1.83536744,1.554456682,1.814083357,1.792891272,1.18108482,1.797132394,1.772893683,1.93157398,1.255150725,1.240636831,1.41875729,1.495244479,1.20881724,1.492889556,1.829610714,1.818374021,1.811546209,1.196715916,1.310885346,1.447750805,1.214180135,1.883383206,1.855903502,1.849865233,1.877660224,1.835038762,1.168672116,1.186418073,1.608975746,1.49875187,1.800505415,1.83008287,1.856533136,1.88198008,1.881870229,1.879029209,1.746721487,1.842597689,1.795040838,1.821865885,1.257366479,1.592282985,1.679266152,1.077527192,1.045732384,1.912633762,1.873498403,1.570159185,1.442018853,1.124528826,1.153747983,1.496678717,1.570837041,1.810006429,1.342288042,1.219449725,1.926133859,1.907433588,1.498161021,1.405705923,1.818476018,1.850819399,1.435564732,1.252955773,1.883608442,1.846724392,1.255598374,1.156997678,1.184229344,1.184294181,1.203068921,1.232382146,1.907381987,1.899502914,1.870056146,1.834837656,1.064060002,1.071770575,1.918764686,1.822713935,1.903171615,1.863991104,1.192785114,1.191561722,1.168296663,1.589249624,1.298567326,1.203791771,1.148186538,1.228562297,1.834854405,1.856558716,1.280337447,1.237630698,1.208404255,1.210023075,1.137175883,1.044957451,1.04357085,1.087022011,1.340029149,1.886939038,1.178243757,1.163797493,1.165196136,1.338602498,1.417726061,1.836387859,1.213269819,1.181085224,1.84433881,1.807024644,1.834315788,1.690985867,1.850158488,1.874599793,1.935491073,1.849187507,1.081091966,1.194013437,1.871242515,1.90585557,1.368773347,1.281604071,1.603780108,1.064437699,1.172908844,1.163139915,1.252593722,1.264883548,1.423021962,1.589703892,1.272466143,1.294528722,1.254588085,1.29315473,1.124621189,1.095128751,1.110331621,1.18648499,1.261157229,1.246453617,1.049768962,1.339126014,1.537677991,1.292916694,1.188851513,1.248247819,1.224248588,1.452883825,1.551231731,0,1.151733032,1.043620293,1.186322517,1.346576163,1.228489644,1.167076288,1.212822463,1.371553281,1.260202897,1.209950684,1.298585667,1.417726061,1.496923196,1.86600217,,
CD_371_V3,1.461447648,1.779457033,1.733442929,1.728857858,1.725219169,1.801829479,1.778628904,1.76698475,1.799198674,1.312029009,1.288480086,1.201431984,1.307901803,1.774929232,1.838999467,1.737654972,1.763551311,1.679915605,1.738147189,1.678893548,1.2140754,1.858849499,1.865408724,1.745772671,1.824488605,1.587653536,1.527475997,1.871661033,1.872938673,1.641926986,1.617292347,1.830569763,1.880161734,1.756906352,1.776968889,1.957093669,1.773998709,1.617670059,1.604490403,1.807721727,1.885386445,1.805441823,1.784088566,1.176363006,1.1818662,1.54399929,1.670948289,1.220199222,1.201224731,1.685712604,1.686670608,1.487642128,1.4629346,1.262764735,1.684023027,1.761565951,1.195118301,1.175984182,1.85604882,1.917110596,1.125673787,1.610594171,1.828274189,1.802673172,1.687746311,1.636107813,1.163505867,1.651073879,1.795515301,1.829792267,1.798251734,1.740424573,1.812025647,1.238390657,1.812784199,1.905489716,1.348051902,1.636505313,1.845999232,1.814734694,1.657036589,1.729796872,1.5149766,1.763541881,1.241618785,1.295827851,1.725680711,1.6771449,1.478703575,1.653404412,1.745729712,1.231733054,1.16701634,1.865029414,1.9565402,1.869633633,1.82980789,1.597031757,1.58725166,1.305885639,1.272793162,1.681394355,1.596227766,1.629359678,1.689638557,1.246670435,1.763741376,1.91797679,1.691327206,1.681436819,1.808132211,1.750372321,1.403117711,1.876082035,1.918231254,1.642548691,1.695408972,1.73510843,1.835815424,1.140444897,1.472559698,1.627580515,1.739091821,1.679946708,1.631094481,1.165623491,1.628853736,1.751491345,1.87007649,1.752892648,1.138845613,1.275204851,1.444485606,1.259099205,1.667112017,1.822497636,1.735121829,1.698945084,1.166096397,1.261815661,1.455123017,1.643188486,1.831038469,1.704439244,1.758045896,1.846385046,1.813142503,1.191097677,1.178453834,1.526108615,1.426960209,1.714424943,1.673247601,1.675815056,1.725957614,1.723166033,1.721673989,1.697610116,1.828392855,1.644907041,1.624109219,1.198772264,1.840066986,1.775989339,1.401269665,1.251082116,1.882478841,1.832735674,1.777179556,1.697803488,1.28047524,1.168707251,1.750862594,1.733303684,1.691730675,1.243180268,1.148428428,1.838596643,1.785488553,1.7702025,1.723321175,1.747470591,1.774415686,1.637848304,1.723006731,1.831697786,1.779499556,1.281550935,1.223662534,1.169322926,1.196241229,1.186185629,1.216655582,1.860668306,1.811590906,1.762179666,1.759868576,1.338437513,1.168120609,1.891364692,1.7353616,1.830462379,1.788230832,1.197622624,1.195233449,1.159298253,1.58386727,1.20312606,1.16895998,1.265917523,1.354618227,1.682949349,1.701212863,1.182022142,1.166265491,1.1715963,1.158515074,1.165830986,1.272111485,1.230221749,1.435858323,1.765540012,1.868007596,1.17264561,1.18304992,1.283340355,1.353329336,1.5149766,1.776582249,1.195420278,1.144011836,1.73236742,1.635975361,1.853458105,1.817116411,1.661168793,1.710007983,1.843586448,1.706272815,1.400043653,1.599725811,1.851122845,1.890956378,1.342990615,1.275942337,1.804415199,1.327238573,1.196990725,1.178568459,1.267348496,1.256632124,1.343728943,1.474338069,1.21226501,1.218158842,1.181198436,1.172245075,1.1740665,1.449189031,1.470920698,1.185652716,1.196883052,1.729891497,1.340137019,1.359539839,1.601883839,1.195465871,1.180404418,1.243218089,1.245462788,1.351145467,1.520518532,1.151733032,0,1.16156694,1.214959614,1.304226931,1.194940734,1.152539081,1.157437328,1.286888793,1.259877952,1.189352948,1.245752979,1.5149766,1.545621786,1.786819637,,
CD_375_V1,1.533218502,1.907833891,1.907909727,1.908129588,1.859259814,1.549169611,1.403735546,1.880364284,1.821724765,1.349942155,1.325288341,1.165577655,1.292711076,1.815479094,1.86719736,1.793521857,1.866763546,1.730329367,1.786952713,1.777702872,1.158136895,1.868532237,1.881518791,1.859530964,1.90238634,1.902180801,1.927204992,1.798005735,1.688955815,1.720272999,1.772434379,1.515725697,1.66985231,1.789320371,1.850820325,1.986807887,1.81245542,1.883151857,1.852472576,1.871426259,1.861890708,1.753018972,1.877460779,1.128105912,1.13325132,1.61801062,1.779892243,1.085309129,1.095472836,1.870958185,1.820525097,1.661696071,1.242785019,1.124674376,1.820415925,1.833029384,1.145736288,1.153450741,1.469189378,1.945490585,1.118782075,1.309234786,1.915567436,1.910373209,1.824348998,1.757585392,1.13236366,1.561400372,1.868636142,1.712885994,1.591056356,1.411623849,1.467374549,1.187152961,1.880205431,1.969074738,1.320087265,1.601154069,1.868143039,1.845464862,1.763930541,1.867244735,1.438318722,1.41938344,1.08965985,1.104768855,1.789642318,1.829963793,1.210099953,1.776552621,1.819140196,1.283366148,1.146247504,1.653503143,1.837902702,1.863707072,1.819368548,1.297254418,1.286078734,1.261043129,1.252676545,1.758563466,1.796658888,1.739817642,1.87275698,1.097665306,1.368986434,1.938973177,1.855169489,1.866446194,1.86803526,1.843049021,1.165868675,1.86849106,1.887416702,1.766806604,1.805819392,1.882347599,1.875700249,1.139993077,1.437178414,1.871660031,1.58097324,1.76469273,1.772074216,1.149327369,1.802797035,1.718885413,1.906524219,1.375235108,1.286086049,1.562974301,1.498598193,1.197308281,1.493538422,1.78956646,1.796047962,1.809842164,1.140930865,1.238143051,1.426530198,1.33759398,1.880904532,1.855841459,1.844610607,1.852246455,1.792649644,1.151873915,1.158761986,1.654380326,1.537574732,1.775477909,1.84859247,1.88088427,1.890482367,1.898279722,1.900853723,1.69770211,1.820707409,1.743148907,1.792292958,1.232773272,1.608888425,1.653382572,1.152978629,1.08015402,1.925293023,1.886375755,1.593033143,1.475360041,1.24481129,1.176928068,1.479733335,1.536843094,1.788489853,1.301997901,1.179822778,1.924441998,1.912363062,1.544586408,1.454291201,1.793772921,1.840011906,1.482376983,1.36643856,1.880934008,1.733013154,1.218380186,1.129218641,1.132543397,1.147734071,1.157246366,1.193671024,1.886498477,1.886542718,1.858589922,1.816600484,1.134101383,1.065762339,1.912205981,1.794496141,1.864362499,1.816033855,1.158358906,1.156396421,1.125663292,1.583985715,1.219590983,1.147524551,1.103754779,1.181411657,1.82330307,1.83289612,1.231741642,1.210785192,1.155656251,1.154137237,1.108017793,1.077870998,1.073434335,1.172715945,1.414720358,1.863691838,1.139705922,1.143102124,1.161855361,1.301999771,1.438318722,1.761081752,1.240160472,1.209613511,1.79839698,1.765013317,1.823705229,1.703680307,1.820734673,1.859635534,1.935079042,1.83690035,1.159991029,1.315405903,1.824042745,1.870351404,1.354497534,1.261639078,1.624184645,1.11786588,1.146047251,1.130262436,1.218071281,1.224304072,1.429726474,1.611203894,1.216741503,1.240560415,1.204547605,1.251230776,1.106514217,1.186821231,1.202875467,1.163523841,1.223944812,1.379932406,1.110790435,1.308326129,1.54482846,1.231912584,1.142666679,1.236520384,1.20545809,1.415114217,1.532230194,1.043620293,1.16156694,0,1.148765559,1.297713331,1.18077912,1.117243011,1.142050749,1.394299117,1.253821724,1.179873861,1.294179579,1.438318722,1.49122511,1.889021704,,
CD_375_V3,1.557499975,1.88369705,1.881638441,1.912508776,1.912136374,1.861809731,1.845605981,1.879897214,1.908352286,1.345843208,1.332045928,1.178093897,1.283863441,1.895681584,1.893085831,1.902836673,1.88657701,1.846882325,1.798020128,1.809163014,1.118420769,1.912521519,1.94903898,1.90802647,1.940072117,1.931140633,1.929690162,1.933204536,1.919966065,1.825414435,1.843061519,1.893810525,1.925487666,1.855849466,1.843239719,1.979448381,1.894312189,1.86354205,1.839343411,1.881859637,1.939119727,1.917541012,1.852145078,1.094563775,1.098750896,1.608229614,1.759738197,1.127216673,1.10244183,1.825275737,1.825793902,1.640783079,1.377311444,1.144112587,1.866315523,1.839158266,1.127778568,1.139131729,1.880593761,1.835962318,1.145194869,1.541212309,1.908819092,1.868499891,1.897955602,1.886579912,1.114001548,1.834095149,1.856365673,1.852373947,1.873193122,1.838364131,1.869783458,1.148145752,1.866086895,1.948711728,1.329835565,1.583219688,1.94693018,1.941929486,1.877244703,1.876004249,1.344428148,1.83383204,1.12714653,1.176635965,1.882364256,1.890339193,1.437702407,1.878416263,1.906686541,1.249098885,1.126497942,1.911739344,1.966341416,1.949434034,1.927476378,1.540347228,1.515999897,1.294269745,1.266075523,1.858120592,1.843343198,1.87765758,1.819188943,1.261960009,1.828150034,1.802249273,1.9159256,1.856527374,1.92748094,1.874548921,1.34996091,1.892493643,1.886003709,1.863015857,1.899700561,1.902982757,1.92799342,1.139285117,1.265795448,1.870562844,1.860122406,1.856501936,1.848967549,1.185794412,1.809169388,1.908003765,1.826364123,1.839129136,1.280622374,1.524683986,1.4624964,1.147651908,1.784090465,1.833170823,1.899038001,1.84956247,1.18279551,1.313165349,1.388716483,1.582575944,1.926307504,1.889824393,1.892400761,1.943313334,1.928233949,1.187490561,1.138296705,1.598716391,1.479496501,1.864898632,1.868106052,1.849833039,1.865599506,1.897964053,1.851995844,1.90608344,1.89374206,1.846063179,1.852820823,1.23202366,1.89595955,1.870134297,1.331950877,1.198502197,1.94741465,1.952473296,1.845168368,1.834244689,1.385410424,1.138712185,1.853400046,1.8564232,1.855813157,1.328230517,1.19717251,1.863748879,1.864498809,1.871477639,1.861473056,1.880224143,1.907513498,1.834041902,1.841546115,1.926299456,1.902576251,1.180965702,1.141450633,1.154334548,1.143274289,1.137817997,1.174391326,1.930768837,1.9346486,1.883860646,1.897946592,1.332772422,1.181811324,1.95728755,1.902549326,1.903946422,1.893294885,1.133986549,1.113934059,1.117141277,1.526884777,1.249486221,1.151018203,1.192882475,1.273373052,1.887477089,1.892968348,1.234272078,1.185117364,1.164516858,1.174416058,1.123449888,1.238196858,1.161417996,1.363514372,1.853917428,1.669756294,1.136086486,1.108755632,1.226662896,1.402013122,1.344428148,1.897596136,1.201777047,1.173430735,1.887522729,1.848605422,1.914464789,1.908398479,1.863694458,1.841064238,1.954485226,1.894967004,1.375176465,1.545573167,1.925484949,1.936857252,1.217217246,1.161232726,1.900266631,1.239583126,1.115856021,1.098683909,1.188155314,1.211343128,1.393884094,1.581596865,1.254402216,1.24050706,1.224584148,1.253543667,1.131765238,1.38894767,1.447135798,1.1333986,1.226299074,1.731100429,1.280224869,1.288924346,1.482355581,1.284792684,1.129141766,1.207793512,1.204590266,1.404200278,1.370729211,1.186322517,1.214959614,1.148765559,0,1.381967103,1.214588553,1.103601021,1.137711374,1.340663546,1.203481053,1.176270434,1.284227144,1.344428148,1.438824581,1.939337214,,
CD_377_V1,1.492058157,1.678294058,1.654282871,1.734883422,1.561369748,1.76126019,1.826353275,1.833262758,1.681859129,1.34160068,1.371525125,1.210097078,1.341470349,1.648480325,1.777123477,1.547639703,1.754599297,1.34375875,1.450608601,1.631441686,1.343526135,1.76974411,1.629787365,1.526615116,1.623473592,1.758630803,1.838251112,1.882099523,1.924608304,1.485570976,1.476845504,1.867938711,1.901322981,1.384706654,1.520181615,1.951646061,1.556053326,1.577043364,1.541958445,1.793550907,1.857120721,1.372868567,1.710462077,1.294631778,1.311272288,1.618858503,1.755046919,1.398816731,1.374859597,1.57462541,1.531793169,1.486680624,1.632532404,1.433882234,1.648065422,1.730629521,1.309827699,1.316904751,1.946309998,1.907996656,1.308139612,1.733887829,1.794266841,1.78721011,1.545621639,1.481186071,1.207826039,1.803601755,1.788502825,1.894739674,1.846022205,1.88805619,1.918491484,1.395059975,1.875918904,1.942422055,1.440885502,1.703232946,1.62741241,1.604436475,1.390317125,1.559196848,1.630852594,1.841023232,1.401996243,1.465148094,1.779267837,1.783657818,1.621268624,1.34726441,1.456591053,1.299229388,1.268698832,1.826032906,1.981251769,1.655194227,1.551778329,1.737550227,1.707943285,1.265987096,1.358984139,1.388865144,1.447774207,1.238032987,1.639734811,1.444598107,1.78972643,1.888115293,1.71454608,1.665566214,1.580086567,1.699448246,1.450389698,1.760540319,1.711690563,1.452042605,1.516792194,1.656800323,1.630059937,1.18521828,1.604572623,1.564971068,1.694859447,1.448103238,1.446807867,1.355844449,1.459798803,1.289482014,1.826386704,1.804046058,1.33115482,1.562002814,1.604217686,1.399236817,1.703516599,1.940630583,1.454194792,1.572870623,1.133446827,1.209439238,1.592150635,1.775316043,1.620251948,1.496733446,1.585225095,1.594738079,1.476766691,1.341062001,1.311326638,1.574012737,1.483050189,1.405002778,1.486774845,1.54924987,1.53248376,1.729514793,1.64267965,1.387600385,1.571434469,1.50230915,1.501065819,1.203080128,1.874313101,1.650629035,1.560329553,1.445210601,1.885693745,1.699922224,1.782666037,1.768725618,1.592730998,1.381271378,1.573511784,1.593650212,1.519514203,1.204195329,1.191797756,1.773388206,1.742060286,1.757753717,1.581940687,1.487916518,1.588159536,1.498494062,1.738349773,1.619693476,1.514436231,1.434488635,1.381963617,1.15948638,1.197478345,1.30360121,1.325311871,1.760660817,1.733136651,1.697196855,1.598892225,1.498551616,1.283770854,1.866712069,1.700818815,1.763476197,1.579496009,1.302887334,1.337751682,1.300161478,1.679839224,1.409638315,1.336156836,1.429651253,1.505219607,1.599591794,1.62665707,1.316039407,1.259421343,1.292043293,1.237468294,1.256254059,1.428475856,1.3869294,1.596659431,1.748573956,1.708243266,1.237961849,1.2971507,1.454961479,1.486588515,1.630852594,1.46856844,1.424851781,1.402014789,1.497190328,1.403826439,1.762586059,1.72214083,1.640680568,1.742182728,1.83546962,1.580316684,1.605203265,1.7569609,1.534204376,1.658250161,1.465852204,1.397844284,1.85903269,1.441723343,1.222537507,1.267089963,1.42512429,1.366692518,1.404656159,1.529480306,1.318254364,1.372772491,1.155937505,1.228859278,1.243134022,1.59631042,1.628488002,1.30499195,1.184233321,1.834654936,1.522448918,1.462345677,1.699785461,1.155939694,1.23564673,1.327140605,1.232733545,1.381352537,1.518019086,1.346576163,1.304226931,1.297713331,1.381967103,0,1.123884614,1.293390483,1.313690326,1.399174044,1.400384289,1.171761384,1.270362909,1.630852594,1.664837104,1.696987936,,
CD_377_V3,1.485346749,1.750027516,1.755910021,1.842905064,1.749732979,1.83942197,1.876773054,1.868666322,1.797817179,1.262872251,1.300983662,1.157696692,1.269732329,1.771804973,1.819941477,1.706431707,1.805745539,1.559517372,1.625087286,1.695525876,1.168605055,1.802608859,1.800282964,1.706840363,1.7447175,1.824733421,1.86161114,1.921882251,1.941629232,1.665138303,1.637057107,1.93011221,1.944382113,1.427321718,1.453491769,1.935224884,1.730574782,1.748516814,1.710402368,1.772425484,1.867637293,1.64859576,1.79375091,1.141501684,1.150698934,1.560219771,1.700574888,1.21998971,1.203953902,1.698759218,1.710385319,1.577346909,1.48524726,1.249888097,1.659928931,1.702389854,1.181681995,1.183700902,1.971399503,1.931642236,1.171605906,1.656262583,1.804898009,1.789317826,1.688131701,1.640780348,1.128753031,1.81992706,1.812633075,1.896143737,1.876151715,1.914048981,1.928389546,1.206989672,1.894499986,1.934753108,1.331222634,1.619656553,1.769082201,1.761825114,1.60480918,1.652678034,1.471932844,1.877305187,1.226205388,1.291081422,1.844974139,1.842248797,1.530103647,1.504482305,1.638572112,1.235514493,1.137608892,1.898105393,1.981823276,1.806542616,1.736935793,1.653442844,1.632494976,1.249950159,1.281476069,1.592371372,1.612054799,1.46748466,1.738655305,1.321446718,1.859561226,1.8556857,1.810561152,1.734551526,1.753079567,1.803447151,1.411326657,1.782207797,1.833013543,1.675952894,1.716452813,1.770638003,1.762271643,1.090867904,1.44767933,1.70392428,1.778775316,1.641434169,1.613564579,1.23944185,1.671769632,1.602430014,1.825444241,1.862209556,1.267452703,1.509073475,1.4998191,1.217976996,1.83143072,1.955926164,1.653295157,1.692431761,1.136281866,1.23743276,1.43376256,1.699019376,1.628809264,1.504301603,1.712999264,1.746943984,1.693717296,1.196819543,1.144485405,1.599925506,1.487363793,1.607185649,1.666958891,1.617489092,1.590973157,1.788975973,1.671639357,1.536244034,1.716106479,1.675259301,1.607173153,1.194728965,1.914693993,1.80708293,1.44553348,1.294467251,1.876088233,1.789086612,1.819177801,1.799734117,1.475391628,1.223304503,1.785451651,1.781860022,1.537995282,1.264166426,1.180967133,1.850295444,1.808341614,1.811978376,1.756231764,1.699293316,1.725413742,1.675713133,1.825353679,1.628502276,1.712485211,1.263813961,1.202885224,1.12097769,1.139840564,1.132415504,1.148485959,1.817094691,1.808301901,1.792460834,1.765122096,1.357213139,1.163746688,1.867985592,1.728801289,1.786116344,1.697574416,1.130138437,1.141070036,1.131589705,1.562525285,1.270034377,1.180820353,1.27057792,1.356357759,1.716115356,1.735641167,1.161195798,1.127960473,1.169598606,1.151535028,1.141349114,1.311691883,1.246376082,1.476163867,1.850878502,1.837494761,1.144350988,1.160403146,1.298098455,1.376985101,1.471932844,1.666239948,1.263571961,1.237895995,1.66280636,1.609550004,1.849568648,1.81874338,1.700928293,1.755916091,1.846339749,1.695500405,1.463261332,1.658173343,1.745653527,1.814199686,1.338004974,1.224052937,1.902204138,1.332408145,1.125388902,1.113122102,1.247374035,1.226879953,1.386034668,1.545355692,1.213868298,1.237939227,1.142051516,1.170785339,1.158582767,1.498932009,1.529186064,1.185690333,1.198991062,1.823432089,1.37357142,1.344223861,1.572624204,1.168728335,1.102126238,1.233979336,1.204238441,1.294171552,1.399713589,1.228489644,1.194940734,1.18077912,1.214588553,1.123884614,0,1.14000682,1.145746265,1.33756007,1.259134046,1.121461695,1.252959208,1.471932844,1.522245602,1.834379727,,
CD_379_V1,1.512201285,1.882628539,1.879036313,1.872025805,1.832092935,1.904602282,1.930462963,1.821480856,1.807679935,1.270489565,1.260222722,1.100404537,1.204673071,1.792774083,1.834737825,1.81846115,1.825302118,1.772032334,1.808303531,1.743936832,1.080717543,1.847598404,1.89395689,1.870188311,1.914859578,1.862272985,1.888440983,1.923696789,1.916897185,1.801440741,1.782717237,1.966184506,1.957852846,1.781450812,1.788469701,1.962676794,1.837051491,1.865884823,1.820806159,1.845222923,1.909047344,1.816897484,1.763244707,1.051757345,1.060578962,1.576729463,1.746778912,1.105404685,1.08915959,1.798473252,1.79135863,1.632914879,1.39314563,1.138893439,1.793168819,1.815832277,1.073537881,1.085487327,1.98265416,1.908208076,1.10924314,1.601300539,1.846959912,1.810119721,1.807545538,1.789442885,1.069332763,1.866252065,1.833137756,1.902160555,1.902443901,1.939810813,1.960771653,1.108979876,1.830514862,1.805503331,1.269336696,1.561434657,1.904034656,1.880310516,1.793890532,1.845409219,1.359680218,1.920495251,1.121152319,1.187834226,1.839387547,1.80535076,1.479318662,1.756892462,1.785787225,1.197875201,1.064389542,1.921344396,1.985469397,1.776762205,1.728133391,1.598454749,1.57374348,1.238055406,1.226992991,1.796435382,1.775903628,1.799882783,1.767513233,1.238884179,1.903069353,1.83708211,1.784737201,1.772065438,1.893973714,1.888035636,1.372271246,1.840656735,1.902048224,1.793009974,1.772552108,1.868383045,1.906449096,1.075128024,1.335922853,1.800434551,1.830463235,1.829842566,1.800729851,1.146226137,1.805383082,1.829932095,1.734165642,1.861090269,1.225390145,1.497226122,1.437083853,1.118928443,1.816255393,1.919104091,1.830991197,1.802956143,1.114991703,1.244705912,1.347670615,1.65078649,1.827744839,1.829811063,1.853393336,1.886391684,1.838808215,1.140821796,1.083978011,1.604727365,1.475231051,1.832549285,1.853508286,1.771994344,1.772820249,1.853438118,1.832072039,1.885922097,1.895223523,1.835835318,1.79683116,1.170767142,1.895145107,1.860578027,1.358657256,1.192273193,1.858360951,1.861711562,1.862292812,1.853793782,1.396941832,1.112200262,1.869697574,1.843009881,1.785585929,1.260294526,1.119656987,1.896000592,1.881803672,1.884995903,1.854444259,1.82245778,1.817495248,1.869369711,1.940242323,1.82796413,1.762612707,1.153359947,1.105705436,1.079235288,1.095144392,1.076507496,1.110556582,1.889561067,1.884189449,1.677484589,1.690278862,1.350869492,1.131415656,1.931122659,1.832842342,1.820276066,1.837470894,1.077823772,1.07212619,1.053907905,1.520938091,1.189937681,1.090125747,1.169084084,1.257188723,1.804651997,1.792466858,1.16228589,1.140585075,1.080157312,1.086899325,1.061007202,1.21541018,1.152441293,1.393577352,1.911668142,1.877457515,1.081637064,1.069168315,1.194560204,1.346843803,1.359680218,1.727721308,1.15917998,1.136176975,1.837079338,1.815267527,1.827984009,1.858909932,1.83334854,1.806732322,1.897428178,1.796442639,1.415861248,1.613116949,1.88347118,1.890738383,1.256233529,1.158947305,1.920720776,1.249126236,1.082961464,1.054058444,1.134331338,1.117864769,1.356826794,1.548738142,1.129391392,1.135462568,1.162679592,1.184692889,1.072979109,1.417192117,1.490727145,1.088831053,1.176307957,1.822574733,1.299007389,1.24064103,1.479116386,1.200716593,1.072375844,1.159083476,1.141586474,1.331001227,1.433451517,1.167076288,1.152539081,1.117243011,1.103601021,1.293390483,1.14000682,0,1.038513602,1.301808012,1.141518776,1.128246537,1.238351281,1.359680218,1.423734957,1.94235147,,
CD_379_V3,1.494070219,1.736267354,1.731603099,1.82961534,1.816498848,1.892071557,1.920981139,1.789547415,1.831358822,1.237853156,1.260378767,1.131457321,1.209350876,1.771145106,1.787830593,1.775115827,1.737234009,1.719260097,1.706079345,1.608200947,1.126133471,1.797622711,1.896605962,1.813886708,1.879707659,1.817028195,1.857135889,1.906249004,1.90228218,1.771639987,1.717049474,1.970338063,1.951373175,1.656147404,1.62425666,1.958686776,1.79492533,1.772975966,1.71195097,1.716301929,1.845850886,1.818198299,1.704899604,1.096582051,1.103265437,1.565220898,1.710347657,1.163290628,1.151345749,1.666811866,1.7197405,1.606775035,1.451222644,1.211435173,1.642155699,1.653629831,1.129243171,1.11271513,1.990630975,1.911343421,1.104388225,1.649083087,1.771252467,1.679060964,1.738181667,1.772010046,1.113312816,1.819473366,1.739184736,1.878386396,1.897153252,1.915784667,1.95151678,1.14468443,1.829610445,1.852129598,1.296417215,1.605905907,1.835824149,1.833603923,1.778077034,1.747617664,1.448707387,1.892504655,1.193428004,1.263208634,1.789736378,1.747545569,1.509428559,1.71413258,1.805204048,1.169573729,1.090637226,1.92751805,1.985551274,1.844433816,1.784704617,1.648713072,1.632336081,1.253749722,1.213499059,1.67078846,1.628029404,1.751439766,1.725073091,1.260357227,1.883099365,1.797450311,1.781344779,1.628868623,1.840859142,1.789280611,1.426407531,1.738632185,1.856707986,1.791509524,1.779748807,1.758969334,1.874125731,1.092447228,1.400134172,1.711782354,1.80019636,1.760753976,1.722657333,1.16400201,1.720770939,1.835085508,1.71227586,1.867313266,1.232756733,1.481861939,1.438060224,1.188070609,1.826927482,1.934594769,1.773226346,1.671710544,1.135914764,1.239997926,1.376891239,1.692229386,1.788644079,1.728283014,1.819585051,1.848561776,1.842012885,1.121651676,1.096341751,1.611923524,1.49336615,1.74025466,1.757173626,1.601431063,1.641303411,1.723106999,1.630000521,1.845245292,1.869938727,1.746513983,1.663827169,1.187906717,1.919227516,1.863604988,1.413609387,1.239198527,1.837544291,1.804362052,1.794290023,1.754235652,1.445353051,1.17576914,1.889204835,1.832673303,1.713607524,1.222898885,1.138831379,1.85404644,1.8007859,1.854147975,1.870562633,1.757980821,1.723821829,1.793494295,1.93388546,1.789874473,1.779395713,1.192312238,1.13614647,1.101736632,1.129509047,1.075743766,1.108487687,1.858751273,1.829889593,1.691717245,1.745834462,1.393448789,1.14355149,1.923792762,1.805514076,1.72968495,1.776058619,1.109962437,1.10541583,1.068165073,1.531143732,1.198592878,1.106887488,1.213350169,1.305870869,1.709791238,1.734940381,1.13591129,1.139978472,1.085790308,1.08773391,1.104363347,1.254971203,1.210435499,1.454277662,1.911301051,1.878152278,1.117392234,1.119642,1.24254995,1.364573564,1.448707387,1.721050452,1.216805437,1.189730721,1.745015441,1.723733536,1.834112946,1.830301635,1.698432716,1.712229129,1.821673136,1.692848963,1.442379657,1.659753865,1.896009569,1.905929133,1.28682613,1.162196251,1.921132817,1.318095969,1.122142139,1.087102074,1.181420251,1.162671781,1.365049838,1.516983801,1.153128519,1.137450969,1.153481752,1.145942264,1.125198484,1.47846227,1.50983908,1.14032571,1.167313929,1.842178324,1.342776324,1.292083446,1.543357089,1.184415859,1.084046491,1.209663836,1.212753407,1.260939422,1.434042626,1.212822463,1.157437328,1.142050749,1.137711374,1.313690326,1.145746265,1.038513602,0,1.319603196,1.202442726,1.144387119,1.250187493,1.448707387,1.485535193,1.909703729,,
CD_380_V1,1.705725965,1.70457369,1.620905907,1.931479331,1.924235657,1.863190884,1.914996945,1.92089536,1.900704872,1.530942088,1.518356911,1.340563281,1.411193413,1.830563328,1.909741434,1.885310682,1.878842961,1.666003357,1.752098861,1.753649929,1.309271472,1.891038028,1.762032987,1.603701296,1.721503897,1.897706222,1.908293686,1.978531516,1.978186346,1.616120905,1.492282845,1.985398443,1.9947813,1.902188112,1.884778388,1.983924015,1.94064824,1.164436094,1.305059195,1.883786079,1.930611238,1.864498982,1.764014885,1.26634354,1.286904427,1.717182504,1.823495297,1.363105087,1.332776779,1.537638444,1.609088498,1.08943272,1.574475834,1.359845152,1.732550149,1.855096433,1.295126891,1.273456799,1.995330113,1.933603959,1.193077129,1.701429857,1.915641303,1.87477981,1.639517982,1.680689247,1.213191941,1.835409323,1.809737495,1.906954611,1.92924477,1.806318681,1.909242888,1.336808276,1.871678538,1.911478895,1.48259558,1.690432725,1.957957711,1.963804451,1.539954014,1.574203324,1.499162201,1.816585022,1.354355201,1.402622448,1.851405224,1.728698127,1.523467404,1.638539407,1.743424298,1.168520208,1.223586499,1.974285313,1.987800527,1.920371392,1.911928586,1.717259331,1.703077466,1.489661049,1.486176912,1.598779356,1.33900383,1.459000364,1.570356223,1.334748744,1.896344258,1.903268465,1.872882167,1.722826682,1.750743347,1.706419579,1.523836362,1.956719922,1.969156171,1.703820792,1.75180825,1.54071124,1.770481938,1.216261956,1.560167356,1.315254622,1.888407883,1.66818619,1.527059138,1.343942343,1.449961924,1.916531736,1.888856259,1.863185642,1.350223733,1.428265496,1.621686116,1.331493982,1.929706724,1.909939609,1.859584259,1.56663914,1.268717191,1.396114258,1.523208702,1.724757993,1.819986024,1.605640603,1.824108014,1.834931574,1.872928472,1.310652338,1.242247943,1.156134356,1.107183567,1.7192427,1.512235228,1.586515709,1.658969982,1.624905744,1.667554476,1.92961405,1.941454601,1.67781487,1.559753733,1.156204418,1.96853469,1.933323723,1.546576535,1.424884478,1.932708921,1.900020014,1.88738855,1.835428481,1.593526319,1.350514567,1.957561832,1.928184273,1.614063249,1.264123234,1.256770116,1.819982739,1.754624684,1.921684475,1.936854598,1.724345553,1.705936526,1.707705335,1.839787483,1.822206973,1.848023616,1.439072777,1.388213952,1.304424931,1.262067546,1.367868222,1.391276576,1.768017696,1.712265486,1.670685086,1.785529964,1.441418578,1.357404154,1.886861903,1.80172388,1.840396535,1.830237513,1.368269312,1.35260439,1.272486553,1.563409881,1.458267396,1.354257682,1.411330752,1.496566967,1.640914756,1.734997114,1.291332945,1.168941024,1.326512986,1.278725387,1.306456838,1.453303113,1.386656249,1.566093251,1.968806466,1.960022173,1.272151541,1.263071701,1.456545405,1.529081249,1.499162201,1.790926635,1.37766516,1.366800681,1.664245643,1.531865812,1.916736738,1.923587722,1.735185791,1.753228876,1.906394151,1.778366237,1.540983831,1.649255745,1.932550115,1.95923471,1.30436337,1.304726132,1.968027746,1.466443895,1.25944667,1.285304487,1.396894673,1.398289454,1.155595882,1.285021368,1.381842282,1.38747462,1.302511625,1.259769451,1.335594273,1.565661954,1.539469071,1.181829696,1.160685705,1.866540506,1.508512461,1.491755463,1.622146428,1.263734081,1.309780862,1.241169513,1.348192789,1.360157063,1.532266397,1.371553281,1.286888793,1.394299117,1.340663546,1.399174044,1.33756007,1.301808012,1.319603196,0,1.207125486,1.159399021,1.108659296,1.499162201,1.598702989,1.952307312,,
CD_380_V3,1.602715256,1.834827651,1.795129481,1.945624885,1.930052279,1.945483032,1.968760681,1.960148425,1.961074827,1.410610609,1.384512669,1.230617352,1.335708539,1.870768032,1.880387762,1.942943503,1.953596017,1.835804559,1.88401736,1.765817007,1.148540271,1.938884664,1.829732828,1.713445262,1.513281997,1.94596409,1.950300961,1.991109211,1.993076517,1.821218272,1.754451699,1.996365839,1.997332246,1.923690936,1.911823572,1.90133454,1.924697114,1.536957848,1.627222282,1.920490828,1.954498308,1.694156723,1.678507295,1.123325797,1.13252777,1.638437813,1.778639648,1.191334448,1.16155587,1.770501238,1.817362359,1.382687873,1.444716971,1.185846911,1.837003644,1.919701662,1.174202733,1.197208792,1.995933158,1.969447811,1.183833964,1.608641665,1.937911346,1.929698516,1.847168719,1.868784587,1.138127233,1.93338169,1.911632067,1.943909633,1.953670897,1.913027041,1.958555951,1.181338584,1.837611446,1.7301117,1.387268787,1.607677002,1.937992705,1.891551381,1.762606495,1.792233238,1.328112061,1.914505309,1.174784097,1.227704314,1.892351647,1.891658763,1.48188757,1.838993412,1.893630804,1.216433309,1.134027495,1.990509389,1.997805944,1.654756838,1.646986635,1.618983454,1.591511618,1.372535906,1.375878899,1.797702702,1.66548766,1.727488199,1.799387973,1.31831684,1.94503906,1.937475328,1.770592136,1.721330842,1.882994153,1.859735246,1.420584256,1.948263269,1.975918046,1.745233981,1.76467597,1.774310674,1.860012379,1.170050929,1.418315746,1.587849616,1.93724859,1.84694083,1.755509285,1.256665912,1.702115006,1.946063959,1.90684936,1.890573339,1.299677345,1.478045254,1.515099732,1.179368102,1.955543826,1.984476162,1.948237991,1.760746138,1.216593025,1.355057575,1.41800389,1.648091232,1.903429474,1.816297304,1.95124905,1.817476503,1.850127284,1.264179884,1.159775566,1.379720228,1.292467717,1.823318148,1.732432038,1.80948908,1.840459667,1.824503631,1.820282959,1.94979532,1.954621521,1.853664731,1.785717196,1.180860263,1.98497746,1.967927621,1.399442989,1.265478269,1.947371775,1.94960646,1.927683981,1.913158842,1.45712985,1.177230105,1.982071402,1.971877201,1.777491121,1.331065271,1.22311794,1.914344175,1.872052386,1.958667409,1.961276684,1.842882431,1.838362794,1.854324464,1.926129951,1.904139596,1.77220874,1.276394464,1.223524816,1.19794937,1.164149305,1.205582398,1.237186572,1.887224112,1.870149934,1.510609549,1.606605981,1.383601409,1.262335455,1.955082388,1.926773401,1.952014301,1.924196258,1.19687025,1.185420179,1.154425821,1.550098567,1.32694074,1.214146446,1.267205137,1.347901085,1.825579452,1.87677007,1.252550846,1.169999071,1.217249551,1.212487934,1.169303209,1.31701696,1.226648573,1.435016583,1.973911094,1.976301668,1.169067009,1.135879198,1.295772716,1.466446731,1.328112061,1.468263891,1.235447808,1.225821181,1.816829757,1.765098734,1.789573788,1.844868237,1.846662154,1.865372132,1.952953744,1.874953268,1.464094942,1.59886368,1.966948796,1.978914596,1.292444694,1.214807004,1.987580298,1.307260839,1.143036674,1.141869746,1.221271796,1.16999729,1.281997571,1.438243872,1.159738976,1.175677039,1.256881913,1.274656878,1.187734658,1.455770372,1.510111569,1.127611903,1.214450727,1.83495625,1.368710253,1.34164746,1.485395109,1.294314302,1.183137649,1.199417213,1.225972317,1.397225805,1.503326604,1.260202897,1.259877952,1.253821724,1.203481053,1.400384289,1.259134046,1.141518776,1.202442726,1.207125486,0,1.16150404,1.206182563,1.328112061,1.457409258,1.965761853,,
CD_404_V1,1.425997705,1.747176238,1.682722089,1.905594159,1.872923827,1.847257046,1.894191771,1.899825624,1.848570088,1.285621789,1.28024164,1.118248064,1.229427436,1.771817392,1.825507932,1.756980256,1.838180805,1.510998675,1.552202442,1.684021265,1.113252523,1.793561929,1.666659766,1.658585712,1.733476643,1.781918175,1.843341693,1.956489792,1.95984234,1.705245552,1.623696699,1.924268976,1.953887733,1.617090555,1.688437083,1.941228664,1.645887431,1.458031862,1.510449162,1.790676348,1.873523193,1.445266796,1.772207733,1.08545915,1.093313311,1.561835364,1.722579297,1.174142918,1.145981142,1.629022865,1.674317922,1.295195379,1.436360082,1.186153114,1.704838577,1.804926302,1.118741539,1.131464407,1.988658294,1.939495032,1.118191982,1.6040295,1.851684342,1.833278984,1.695599199,1.732247725,1.050012558,1.839537527,1.803946691,1.915726207,1.889216033,1.885915938,1.932875367,1.146859505,1.894314116,1.939770807,1.303556367,1.579254198,1.73966914,1.688642344,1.52382243,1.627777371,1.378706715,1.873649185,1.166495585,1.228530495,1.851707709,1.803231307,1.454697797,1.603817522,1.730149913,1.15915028,1.08865643,1.918788193,1.983732717,1.795509643,1.764722144,1.607413967,1.580200148,1.18763103,1.250642804,1.442404167,1.409373287,1.373416253,1.673101594,1.263206147,1.823192522,1.845980904,1.810992834,1.692527651,1.67847505,1.727243543,1.305108733,1.826626907,1.779301148,1.658976574,1.70869975,1.67330732,1.694875237,1.080459296,1.412387821,1.517205156,1.801389583,1.546087196,1.519022083,1.183886471,1.547353706,1.536533072,1.827018471,1.849647377,1.192451214,1.415527933,1.490074943,1.162566796,1.827937242,1.954112787,1.637528047,1.573312552,1.062452716,1.133843832,1.38641733,1.638025293,1.80511623,1.617464323,1.701281125,1.744705201,1.753825824,1.18301994,1.095706371,1.354345235,1.263775404,1.578568687,1.653619717,1.662996807,1.666418034,1.756700317,1.689999912,1.55012386,1.699811327,1.618795549,1.555387119,1.100421954,1.923623447,1.78319593,1.390918478,1.259043947,1.874781009,1.754263236,1.846903808,1.825913933,1.426819349,1.160438301,1.761079663,1.757372068,1.605389783,1.184457693,1.148499882,1.84215884,1.788430922,1.814535875,1.792078878,1.686659938,1.687109785,1.589911853,1.779278104,1.806287344,1.7246265,1.239225054,1.175350106,1.071518704,1.042739989,1.124109423,1.160360397,1.767281593,1.760579929,1.75783202,1.810770315,1.361116954,1.178944184,1.88652301,1.782939927,1.828067693,1.696566573,1.148856022,1.144663882,1.097758045,1.516061369,1.269159091,1.155578261,1.232827443,1.324392676,1.690742138,1.738411595,1.167760303,1.103805598,1.153874694,1.12664001,1.126768324,1.292066553,1.183744011,1.413538585,1.890012799,1.788830566,1.078667068,1.101789675,1.272418066,1.38778804,1.378706715,1.627445461,1.20985944,1.190224511,1.553536022,1.472227785,1.825463853,1.80958307,1.682983793,1.744200492,1.808965348,1.657860578,1.438993684,1.602156958,1.639883485,1.797030096,1.249611216,1.154718927,1.913033999,1.258446214,1.048885302,1.081066545,1.216221679,1.221801469,1.239544202,1.393556813,1.229350823,1.236408096,1.069151566,1.121219645,1.137047829,1.451034152,1.461533803,1.09061637,1.076139622,1.806260066,1.346771424,1.315117881,1.505819674,1.118627671,1.087113822,1.153919705,1.170788457,1.268976088,1.40225912,1.209950684,1.189352948,1.179873861,1.176270434,1.171761384,1.121461695,1.128246537,1.144387119,1.159399021,1.16150404,0,1.083129921,1.378706715,1.4701897,1.729642208,,
CD_404_V3,1.51440678,1.70568506,1.630314743,1.937730561,1.88211428,1.842260186,1.900900459,1.923488131,1.877376523,1.422188002,1.37606266,1.247041774,1.343770698,1.778476772,1.877041462,1.795312637,1.879435559,1.500237704,1.632864213,1.793569696,1.241950407,1.85327562,1.683791989,1.596262472,1.710741828,1.854951106,1.875560785,1.950515081,1.957260626,1.601013493,1.488673706,1.946221568,1.965541346,1.737323484,1.846543238,1.943990061,1.764950508,1.242269473,1.329055845,1.852584733,1.900361946,1.646944291,1.757136303,1.201274878,1.219031123,1.677649316,1.810916799,1.297364598,1.270668687,1.5628033,1.621525225,1.15362622,1.511732265,1.296276121,1.69893967,1.883032054,1.2406248,1.236305786,1.985425631,1.93398954,1.171039435,1.675754548,1.893606547,1.906376899,1.647379588,1.688948913,1.156225545,1.813800484,1.80824666,1.906605014,1.884966376,1.8313616,1.911461837,1.270510327,1.918891727,1.921453176,1.412073047,1.651760636,1.82128813,1.790753973,1.457826667,1.579905861,1.486768505,1.830434022,1.294944549,1.352317121,1.810968421,1.766684234,1.508754685,1.614194645,1.722523981,1.170700282,1.167543372,1.939260891,1.988390505,1.829767164,1.818318235,1.676543595,1.659316251,1.332594727,1.395547767,1.506711872,1.35104219,1.378233942,1.592308084,1.319914207,1.839817597,1.874840942,1.828595918,1.748065183,1.686108749,1.716189425,1.438477617,1.902534584,1.882620352,1.672136502,1.70306672,1.545172725,1.692211659,1.150220968,1.516188127,1.35879737,1.832460406,1.608341273,1.474609487,1.278695766,1.445549267,1.693556392,1.872891739,1.852878099,1.28576428,1.431971485,1.574601047,1.262043585,1.863143921,1.962905019,1.746981425,1.502043994,1.161285373,1.250069396,1.498454328,1.704216447,1.784302914,1.597393218,1.770008762,1.732994705,1.757425391,1.278862028,1.196291739,1.217986977,1.148399048,1.594737291,1.550113805,1.633060139,1.690962968,1.659865575,1.683775816,1.721976939,1.797745465,1.636922095,1.540451727,1.115374091,1.935356698,1.842647853,1.494098553,1.362941095,1.907356057,1.839551098,1.851935064,1.832776287,1.538040715,1.288990308,1.835243832,1.822847517,1.541075167,1.212694508,1.19454533,1.824195837,1.753348899,1.830204406,1.815794074,1.654450736,1.597263542,1.618582104,1.792323295,1.785455425,1.778645287,1.361193511,1.302178975,1.184652089,1.154236177,1.276295608,1.313139843,1.740265189,1.713639722,1.720837192,1.773591335,1.414087165,1.278966968,1.878198703,1.777344931,1.886331383,1.760249761,1.269380381,1.27538891,1.221652047,1.596674309,1.373812585,1.268712238,1.337920482,1.431444006,1.628088784,1.721092036,1.237131796,1.139242969,1.255208313,1.213762939,1.233977784,1.389650067,1.30969244,1.519014611,1.906247174,1.874720794,1.177835221,1.185777145,1.38187925,1.466420953,1.486768505,1.692651221,1.323178038,1.307896894,1.539777896,1.435867944,1.880377347,1.869078,1.711370142,1.736521618,1.898755515,1.713463582,1.520515123,1.653216666,1.785948775,1.866642759,1.292299486,1.269241376,1.918507873,1.38921937,1.185099274,1.209095684,1.328457113,1.33461207,1.182496564,1.324136321,1.305528232,1.3259106,1.200708544,1.216824614,1.245100821,1.525910203,1.527934417,1.145280859,1.119814223,1.837411453,1.451423843,1.416704445,1.570719534,1.192229124,1.218392198,1.205045999,1.255476145,1.302457282,1.469490858,1.298585667,1.245752979,1.294179579,1.284227144,1.270362909,1.252959208,1.238351281,1.250187493,1.108659296,1.206182563,1.083129921,0,1.486768505,1.564149357,1.722417659,,
Control_extraction,1.734827212,2,2,2,2,2,2,2,2,1.590363057,1.561766601,1.420104008,1.532577339,2,2,2,2,2,2,2,1.256299678,2,2,2,2,2,2,2,2,2,2,2,2,2,2,2,2,2,2,2,2,2,2,1.249921086,1.252987511,1.755321657,1.854009824,1.292994584,1.229313157,2,2,1.762907317,1.485220647,1.197723023,2,2,1.312819765,1.392227658,2,2,1.447977852,1.555967398,2,2,2,2,1.304217994,2,2,2,2,2,2,1.29851123,2,2,1.556217716,1.650696261,2,2,2,2,1,2,1.205382359,1.225161717,2,2,1.554323778,2,2,1.501459085,1.334257986,2,2,2,2,1.600469777,1.543826068,1.558877343,1.580504241,2,2,2,2,1.520837091,2,2,2,2,2,2,1.491481429,2,2,2,2,2,2,1.413567231,1.496233631,2,2,2,2,1.468828207,2,2,2,2,1.505235611,1.65972029,1.625905687,1.243453019,2,2,2,2,1.450557093,1.592494623,1.508163025,1.597014024,2,2,2,2,2,1.516003749,1.371998565,1.633239991,1.541670885,2,2,2,2,2,2,2,2,2,2,1.465459584,2,2,1.447062235,1.386510765,2,2,2,2,1.517344084,1.235506591,2,2,2,1.625056831,1.462683772,2,2,2,2,2,2,2,2,2,2,1.428931205,1.383319735,1.408421444,1.32680378,1.382016782,1.408954409,2,2,2,2,1.503295392,1.471207713,2,2,2,2,1.35138569,1.329737481,1.349588301,1.631601924,1.531521352,1.407047266,1.400779529,1.456342792,2,2,1.523409124,1.427629232,1.436521395,1.456747787,1.351430839,1.498993709,1.321316547,1.458701288,2,2,1.364445867,1.265382952,1.427523097,1.654586747,1,2,1.33699726,1.352733592,2,2,2,2,2,2,2,2,1.565326032,1.55792366,2,2,1.481784528,1.376078737,2,1.350897742,1.25909404,1.284774753,1.367333448,1.440815921,1.560636773,1.735657462,1.530300678,1.536054726,1.495887525,1.549705447,1.342862437,1.48833717,1.619928735,1.293460789,1.48448006,1.834446528,1.454798565,1.446562823,1.395382793,1.59678677,1.372828121,1.36189536,1.359884423,1.688545715,1.671025381,1.417726061,1.5149766,1.438318722,1.344428148,1.630852594,1.471932844,1.359680218,1.448707387,1.499162201,1.328112061,1.378706715,1.486768505,0,1.463091518,1.997249133,,
Mock,1.764536378,2,2,2,1.999974512,1.996787364,1.999752609,2,2,1.630802919,1.606235323,1.482706737,1.583955546,2,1.999999389,1.99999304,2,1.999956244,2,2,1.386517658,1.9993852,2,1.99990751,1.999992409,1.99917677,1.999681565,1.999972687,1.999930921,2,1.99996725,2,2,2,2,2,2,1.999815851,1.997978208,2,2,1.998440489,2,1.372332267,1.376278879,1.797623801,1.888815714,1.408058683,1.37571516,1.999031808,1.999937597,1.826766889,1.607919117,1.385100646,2,2,1.411683597,1.455971498,2,2,1.494620109,1.72708192,1.997942849,1.999945781,1.999981164,2,1.408328857,1.999765216,1.999981016,1.999946639,1.998077154,1.998993261,1.999762055,1.416641117,1.999322204,2,1.601469158,1.73988153,2,1.999802197,2,1.999872129,1.463091518,2,1.378890017,1.41838852,1.999993851,1.999940107,1.677287093,2,1.987639451,1.565227891,1.422297038,2,2,1.995825373,1.982580894,1.73471081,1.708325833,1.596834907,1.607344966,1.999995873,1.999875861,1.999555989,1.999984892,1.576302729,2,2,1.999741027,1.999914951,2,2,1.604344537,1.999096161,1.999957217,2,2,1.999486355,1.995600617,1.467704733,1.602155819,1.999998436,1.994158633,2,2,1.515199131,1.999702908,1.999868401,1.997402893,1.99763259,1.564745249,1.730054207,1.690823982,1.400178792,1.99856004,1.999897085,2,2,1.502280679,1.621229434,1.608116425,1.759926778,1.982554019,1.999785254,2,1.999988437,2,1.546246292,1.445727991,1.760135043,1.676017273,2,2,2,2,1.999935497,1.998193789,1.999786275,1.999377349,2,2,1.529286008,2,2,1.581776803,1.488766331,2,1.999950559,2,2,1.622766887,1.387442428,1.999224257,1.999909861,2,1.652078151,1.513187876,1.998256233,1.99358452,1.989516476,1.999904347,2,1.999077814,1.9999102,2,1.982696973,1.999985356,1.497970284,1.458213088,1.467395669,1.428765567,1.449566628,1.476856866,1.905470823,1.956676019,1.999993505,2,1.604004376,1.517003223,2,2,1.999922505,1.999663736,1.434115188,1.41808354,1.42272391,1.723123322,1.562882542,1.460709684,1.485325075,1.543553584,2,1.999981829,1.556001644,1.497232113,1.481971866,1.496432367,1.428666649,1.56022736,1.443192716,1.602669398,2,1.999931817,1.438743194,1.386071845,1.506553827,1.675555759,1.463091518,1.999811366,1.456038067,1.454020454,2,1.999986034,1.999993035,1.99972723,1.999767476,1.999934355,2,2,1.655303413,1.731211698,1.999952846,1.999892275,1.567570763,1.481773951,2,1.496574687,1.390850388,1.389757362,1.459426595,1.501965015,1.636783453,1.780453405,1.564401448,1.567309843,1.540681773,1.580222949,1.425257497,1.624928467,1.705266219,1.410223878,1.547494776,1.898332178,1.56188613,1.539006405,1.620432815,1.613150296,1.442739667,1.472902629,1.468955152,1.706476946,1.723789803,1.496923196,1.545621786,1.49122511,1.438824581,1.664837104,1.522245602,1.423734957,1.485535193,1.598702989,1.457409258,1.4701897,1.564149357,1.463091518,0,1.99791469,,
