specie,sum_species,kingdom,phylum,class,order,family,genus,species,strain,,,
UNCLASSIFIED,132,UNCLASSIFIED,,,,,,,,,,
k__Bacteria|p__Bacteroidetes|c__Bacteroidia|o__Bacteroidales|f__Bacteroidaceae|g__Phocaeicola|s__Phocaeicola_dorei|t__SGB1815,136,k__Bacteria,p__Bacteroidetes,c__Bacteroidia,o__Bacteroidales,f__Bacteroidaceae,g__Phocaeicola,s__Phocaeicola_dorei,t__SGB1815,,,
k__Bacteria|p__Firmicutes|c__Clostridia|o__Eubacteriales|f__Lachnospiraceae|g__Lachnospiraceae_unclassified|s__Eubacterium_rectale|t__SGB4933,251,k__Bacteria,p__Firmicutes,c__Clostridia,o__Eubacteriales,f__Lachnospiraceae,g__Lachnospiraceae_unclassified,s__Eubacterium_rectale,t__SGB4933,,,Description of the Dataset
k__Bacteria|p__Proteobacteria|c__Betaproteobacteria|o__Burkholderiales|f__Sutterellaceae|g__Sutterella|s__Sutterella_wadsworthensis|t__SGB9286,66,k__Bacteria,p__Proteobacteria,c__Betaproteobacteria,o__Burkholderiales,f__Sutterellaceae,g__Sutterella,s__Sutterella_wadsworthensis,t__SGB9286,,,
k__Bacteria|p__Bacteroidetes|c__Bacteroidia|o__Bacteroidales|f__Bacteroidaceae|g__Bacteroides|s__Bacteroides_caccae|t__SGB1877,186,k__Bacteria,p__Bacteroidetes,c__Bacteroidia,o__Bacteroidales,f__Bacteroidaceae,g__Bacteroides,s__Bacteroides_caccae,t__SGB1877,,,"This dataset provides taxonomic information on prevalent microbial species identified in a study, including their classification and prevalence within the sample population."
k__Bacteria|p__Firmicutes|c__Clostridia|o__Eubacteriales|f__Clostridiaceae|g__Clostridium|s__Clostridium_sp_AM22_11AC|t__SGB4749,144,k__Bacteria,p__Firmicutes,c__Clostridia,o__Eubacteriales,f__Clostridiaceae,g__Clostridium,s__Clostridium_sp_AM22_11AC,t__SGB4749,,,
k__Bacteria|p__Bacteroidetes|c__Bacteroidia|o__Bacteroidales|f__Bacteroidaceae|g__Bacteroides|s__Bacteroides_ovatus|t__SGB1871,105,k__Bacteria,p__Bacteroidetes,c__Bacteroidia,o__Bacteroidales,f__Bacteroidaceae,g__Bacteroides,s__Bacteroides_ovatus,t__SGB1871,,,Understanding the Data Structure
k__Bacteria|p__Firmicutes|c__Clostridia|o__Eubacteriales|f__Lachnospiraceae|g__Fusicatenibacter|s__Fusicatenibacter_saccharivorans|t__SGB4874,254,k__Bacteria,p__Firmicutes,c__Clostridia,o__Eubacteriales,f__Lachnospiraceae,g__Fusicatenibacter,s__Fusicatenibacter_saccharivorans,t__SGB4874,,,
k__Bacteria|p__Firmicutes|c__Clostridia|o__Eubacteriales|f__Clostridiaceae|g__Clostridium|s__Clostridium_sp_AT4|t__SGB4753,36,k__Bacteria,p__Firmicutes,c__Clostridia,o__Eubacteriales,f__Clostridiaceae,g__Clostridium,s__Clostridium_sp_AT4,t__SGB4753,,,Columns:
k__Bacteria|p__Bacteroidetes|c__Bacteroidia|o__Bacteroidales|f__Bacteroidaceae|g__Bacteroides|s__Bacteroides_uniformis|t__SGB1836,246,k__Bacteria,p__Bacteroidetes,c__Bacteroidia,o__Bacteroidales,f__Bacteroidaceae,g__Bacteroides,s__Bacteroides_uniformis,t__SGB1836,,,
k__Bacteria|p__Firmicutes|c__Negativicutes|o__Acidaminococcales|f__Acidaminococcaceae|g__Phascolarctobacterium|s__Phascolarctobacterium_succinatutens|t__SGB5763_group,61,k__Bacteria,p__Firmicutes,c__Negativicutes,o__Acidaminococcales,f__Acidaminococcaceae,g__Phascolarctobacterium,s__Phascolarctobacterium_succinatutens,t__SGB5763_group,,,"specie: A concatenated string representing the full taxonomic hierarchy from kingdom to strain, separated by the pipe (|) character."
k__Bacteria|p__Bacteroidetes|c__Bacteroidia|o__Bacteroidales|f__Bacteroidaceae|g__Bacteroides|s__Bacteroides_fragilis|t__SGB1855,28,k__Bacteria,p__Bacteroidetes,c__Bacteroidia,o__Bacteroidales,f__Bacteroidaceae,g__Bacteroides,s__Bacteroides_fragilis,t__SGB1855,,,"sum_species: The count of each species within the sample population, considering only those with a relative abundance of ?0.1%."
k__Bacteria|p__Bacteroidetes|c__Bacteroidia|o__Bacteroidales|f__Bacteroidaceae|g__Bacteroides|s__Bacteroides_thetaiotaomicron|t__SGB1861,106,k__Bacteria,p__Bacteroidetes,c__Bacteroidia,o__Bacteroidales,f__Bacteroidaceae,g__Bacteroides,s__Bacteroides_thetaiotaomicron,t__SGB1861,,,"kingdom, phylum, class, order, family, genus, species, strain: Individual columns detailing the taxonomic classification of each entry, allowing for analysis at different taxonomic levels."
k__Bacteria|p__Bacteroidetes|c__Bacteroidia|o__Bacteroidales|f__Tannerellaceae|g__Parabacteroides|s__Parabacteroides_distasonis|t__SGB1934,239,k__Bacteria,p__Bacteroidetes,c__Bacteroidia,o__Bacteroidales,f__Tannerellaceae,g__Parabacteroides,s__Parabacteroides_distasonis,t__SGB1934,,,
k__Bacteria|p__Firmicutes|c__Clostridia|o__Eubacteriales|f__Lachnospiraceae|g__Anaerostipes|s__Anaerostipes_hadrus|t__SGB4547,72,k__Bacteria,p__Firmicutes,c__Clostridia,o__Eubacteriales,f__Lachnospiraceae,g__Anaerostipes,s__Anaerostipes_hadrus,t__SGB4547,,,Rows:
k__Bacteria|p__Firmicutes|c__Clostridia|o__Eubacteriales|f__Lachnospiraceae|g__Blautia|s__Blautia_massiliensis|t__SGB4826,218,k__Bacteria,p__Firmicutes,c__Clostridia,o__Eubacteriales,f__Lachnospiraceae,g__Blautia,s__Blautia_massiliensis,t__SGB4826,,,
k__Bacteria|p__Bacteroidetes|c__Bacteroidia|o__Bacteroidales|f__Bacteroidaceae|g__Bacteroides|s__Bacteroides_cellulosilyticus|t__SGB1844,84,k__Bacteria,p__Bacteroidetes,c__Bacteroidia,o__Bacteroidales,f__Bacteroidaceae,g__Bacteroides,s__Bacteroides_cellulosilyticus,t__SGB1844,,,"Each row represents a unique bacterial strain identified in the study, along with its complete taxonomic classification and prevalence count."
k__Bacteria|p__Firmicutes|c__Clostridia|o__Eubacteriales|f__Lachnospiraceae|g__Blautia|s__Blautia_wexlerae|t__SGB4837,271,k__Bacteria,p__Firmicutes,c__Clostridia,o__Eubacteriales,f__Lachnospiraceae,g__Blautia,s__Blautia_wexlerae,t__SGB4837,,,"Only species detected in at least 10% of the sample population with a relative abundance of ?0.1% are included, ensuring the dataset focuses on prevalent microbes that may have significant functional roles in the microbial community."
k__Bacteria|p__Firmicutes|c__Clostridia|o__Eubacteriales|f__Lachnospiraceae|g__Lacrimispora|s__Lacrimispora_celerecrescens|t__SGB4868,163,k__Bacteria,p__Firmicutes,c__Clostridia,o__Eubacteriales,f__Lachnospiraceae,g__Lacrimispora,s__Lacrimispora_celerecrescens,t__SGB4868,,,
k__Bacteria|p__Firmicutes|c__Clostridia|o__Eubacteriales|f__Clostridiaceae|g__Clostridiaceae_unclassified|s__Clostridiaceae_bacterium_Marseille_Q3526|t__SGB4703,6,k__Bacteria,p__Firmicutes,c__Clostridia,o__Eubacteriales,f__Clostridiaceae,g__Clostridiaceae_unclassified,s__Clostridiaceae_bacterium_Marseille_Q3526,t__SGB4703,,,
k__Bacteria|p__Bacteroidetes|c__Bacteroidia|o__Bacteroidales|f__Rikenellaceae|g__Alistipes|s__Alistipes_onderdonkii|t__SGB2303,136,k__Bacteria,p__Bacteroidetes,c__Bacteroidia,o__Bacteroidales,f__Rikenellaceae,g__Alistipes,s__Alistipes_onderdonkii,t__SGB2303,,,
k__Bacteria|p__Firmicutes|c__Clostridia|o__Eubacteriales|f__Lachnospiraceae|g__Roseburia|s__Roseburia_faecis|t__SGB4925,205,k__Bacteria,p__Firmicutes,c__Clostridia,o__Eubacteriales,f__Lachnospiraceae,g__Roseburia,s__Roseburia_faecis,t__SGB4925,,,
k__Bacteria|p__Firmicutes|c__Clostridia|o__Eubacteriales|f__Lachnospiraceae|g__Mediterraneibacter|s__Ruminococcus_torques|t__SGB4563,203,k__Bacteria,p__Firmicutes,c__Clostridia,o__Eubacteriales,f__Lachnospiraceae,g__Mediterraneibacter,s__Ruminococcus_torques,t__SGB4563,,,
k__Bacteria|p__Proteobacteria|c__Deltaproteobacteria|o__Desulfovibrionales|f__Desulfovibrionaceae|g__Bilophila|s__Bilophila_wadsworthia|t__SGB15452,134,k__Bacteria,p__Proteobacteria,c__Deltaproteobacteria,o__Desulfovibrionales,f__Desulfovibrionaceae,g__Bilophila,s__Bilophila_wadsworthia,t__SGB15452,,,
k__Bacteria|p__Firmicutes|c__Clostridia|o__Eubacteriales|f__Lachnospiraceae|g__Dorea|s__Dorea_longicatena|t__SGB4582,84,k__Bacteria,p__Firmicutes,c__Clostridia,o__Eubacteriales,f__Lachnospiraceae,g__Dorea,s__Dorea_longicatena,t__SGB4582,,,
k__Bacteria|p__Firmicutes|c__Clostridia|o__Eubacteriales|f__Clostridiaceae|g__Clostridium|s__Clostridium_sp_AF20_17LB|t__SGB4714,38,k__Bacteria,p__Firmicutes,c__Clostridia,o__Eubacteriales,f__Clostridiaceae,g__Clostridium,s__Clostridium_sp_AF20_17LB,t__SGB4714,,,
k__Bacteria|p__Proteobacteria|c__CFGB2404|o__OFGB2404|f__FGB2404|g__GGB6613|s__GGB6613_SGB9347|t__SGB9347,44,k__Bacteria,p__Proteobacteria,c__CFGB2404,o__OFGB2404,f__FGB2404,g__GGB6613,s__GGB6613_SGB9347,t__SGB9347,,,
k__Bacteria|p__Firmicutes|c__Clostridia|o__Eubacteriales|f__Lachnospiraceae|g__Faecalicatena|s__Faecalicatena_fissicatena|t__SGB4871,168,k__Bacteria,p__Firmicutes,c__Clostridia,o__Eubacteriales,f__Lachnospiraceae,g__Faecalicatena,s__Faecalicatena_fissicatena,t__SGB4871,,,
k__Bacteria|p__Bacteroidetes|c__Bacteroidia|o__Bacteroidales|f__Odoribacteraceae|g__Odoribacter|s__Odoribacter_splanchnicus|t__SGB1790,211,k__Bacteria,p__Bacteroidetes,c__Bacteroidia,o__Bacteroidales,f__Odoribacteraceae,g__Odoribacter,s__Odoribacter_splanchnicus,t__SGB1790,,,
k__Bacteria|p__Firmicutes|c__Clostridia|o__Eubacteriales|f__Oscillospiraceae|g__Agathobaculum|s__Agathobaculum_butyriciproducens|t__SGB14993,208,k__Bacteria,p__Firmicutes,c__Clostridia,o__Eubacteriales,f__Oscillospiraceae,g__Agathobaculum,s__Agathobaculum_butyriciproducens,t__SGB14993,,,
k__Bacteria|p__Firmicutes|c__Clostridia|o__Eubacteriales|f__Lachnospiraceae|g__Lacrimispora|s__Lacrimispora_amygdalina|t__SGB4716,96,k__Bacteria,p__Firmicutes,c__Clostridia,o__Eubacteriales,f__Lachnospiraceae,g__Lacrimispora,s__Lacrimispora_amygdalina,t__SGB4716,,,
k__Bacteria|p__Firmicutes|c__Clostridia|o__Eubacteriales|f__Lachnospiraceae|g__Anaerobutyricum|s__Anaerobutyricum_soehngenii|t__SGB4537,90,k__Bacteria,p__Firmicutes,c__Clostridia,o__Eubacteriales,f__Lachnospiraceae,g__Anaerobutyricum,s__Anaerobutyricum_soehngenii,t__SGB4537,,,
k__Bacteria|p__Bacteroidetes|c__CFGB343|o__OFGB343|f__FGB343|g__GGB781|s__GGB781_SGB1024|t__SGB1024,17,k__Bacteria,p__Bacteroidetes,c__CFGB343,o__OFGB343,f__FGB343,g__GGB781,s__GGB781_SGB1024,t__SGB1024,,,
k__Bacteria|p__Firmicutes|c__Clostridia|o__Eubacteriales|f__Lachnospiraceae|g__Mediterraneibacter|s__Ruminococcus_lactaris|t__SGB4557,108,k__Bacteria,p__Firmicutes,c__Clostridia,o__Eubacteriales,f__Lachnospiraceae,g__Mediterraneibacter,s__Ruminococcus_lactaris,t__SGB4557,,,
k__Bacteria|p__Bacteroidetes|c__Bacteroidia|o__Bacteroidales|f__Barnesiellaceae|g__Barnesiella|s__Barnesiella_intestinihominis|t__SGB1965,195,k__Bacteria,p__Bacteroidetes,c__Bacteroidia,o__Bacteroidales,f__Barnesiellaceae,g__Barnesiella,s__Barnesiella_intestinihominis,t__SGB1965,,,
k__Bacteria|p__Firmicutes|c__Negativicutes|o__Veillonellales|f__Veillonellaceae|g__Allisonella|s__Allisonella_histaminiformans|t__SGB5843,7,k__Bacteria,p__Firmicutes,c__Negativicutes,o__Veillonellales,f__Veillonellaceae,g__Allisonella,s__Allisonella_histaminiformans,t__SGB5843,,,
k__Bacteria|p__Firmicutes|c__Clostridia|o__Eubacteriales|f__Oscillospiraceae|g__Dysosmobacter|s__Dysosmobacter_welbionis|t__SGB15078,161,k__Bacteria,p__Firmicutes,c__Clostridia,o__Eubacteriales,f__Oscillospiraceae,g__Dysosmobacter,s__Dysosmobacter_welbionis,t__SGB15078,,,
k__Bacteria|p__Firmicutes|c__Clostridia|o__Eubacteriales|f__Lachnospiraceae|g__Mediterraneibacter|s__Ruminococcus_gnavus|t__SGB4584,51,k__Bacteria,p__Firmicutes,c__Clostridia,o__Eubacteriales,f__Lachnospiraceae,g__Mediterraneibacter,s__Ruminococcus_gnavus,t__SGB4584,,,
k__Bacteria|p__Actinobacteria|c__Actinomycetia|o__Bifidobacteriales|f__Bifidobacteriaceae|g__Bifidobacterium|s__Bifidobacterium_pseudocatenulatum|t__SGB17237,26,k__Bacteria,p__Actinobacteria,c__Actinomycetia,o__Bifidobacteriales,f__Bifidobacteriaceae,g__Bifidobacterium,s__Bifidobacterium_pseudocatenulatum,t__SGB17237,,,
k__Bacteria|p__Bacteroidetes|c__Bacteroidia|o__Bacteroidales|f__Rikenellaceae|g__Alistipes|s__Alistipes_putredinis|t__SGB2318,208,k__Bacteria,p__Bacteroidetes,c__Bacteroidia,o__Bacteroidales,f__Rikenellaceae,g__Alistipes,s__Alistipes_putredinis,t__SGB2318,,,
k__Bacteria|p__Firmicutes|c__Clostridia|o__Eubacteriales|f__Lachnospiraceae|g__Dorea|s__Dorea_formicigenerans|t__SGB4575,193,k__Bacteria,p__Firmicutes,c__Clostridia,o__Eubacteriales,f__Lachnospiraceae,g__Dorea,s__Dorea_formicigenerans,t__SGB4575,,,
k__Bacteria|p__Actinobacteria|c__Actinomycetia|o__Bifidobacteriales|f__Bifidobacteriaceae|g__Bifidobacterium|s__Bifidobacterium_longum|t__SGB17248,183,k__Bacteria,p__Actinobacteria,c__Actinomycetia,o__Bifidobacteriales,f__Bifidobacteriaceae,g__Bifidobacterium,s__Bifidobacterium_longum,t__SGB17248,,,
k__Bacteria|p__Bacteroidetes|c__Bacteroidia|o__Bacteroidales|f__Rikenellaceae|g__Alistipes|s__Alistipes_shahii|t__SGB2295,187,k__Bacteria,p__Bacteroidetes,c__Bacteroidia,o__Bacteroidales,f__Rikenellaceae,g__Alistipes,s__Alistipes_shahii,t__SGB2295,,,
k__Bacteria|p__Firmicutes|c__Clostridia|o__Eubacteriales|f__Clostridiaceae|g__Clostridium|s__Clostridium_sp_AM33_3|t__SGB4711,24,k__Bacteria,p__Firmicutes,c__Clostridia,o__Eubacteriales,f__Clostridiaceae,g__Clostridium,s__Clostridium_sp_AM33_3,t__SGB4711,,,
k__Bacteria|p__Firmicutes|c__Clostridia|o__Eubacteriales|f__Clostridiaceae|g__Clostridiaceae_unclassified|s__Clostridiaceae_bacterium_AF18_31LB|t__SGB4767,86,k__Bacteria,p__Firmicutes,c__Clostridia,o__Eubacteriales,f__Clostridiaceae,g__Clostridiaceae_unclassified,s__Clostridiaceae_bacterium_AF18_31LB,t__SGB4767,,,
k__Bacteria|p__Bacteroidetes|c__Bacteroidia|o__Bacteroidales|f__Bacteroidaceae|g__Phocaeicola|s__Phocaeicola_vulgatus|t__SGB1814,230,k__Bacteria,p__Bacteroidetes,c__Bacteroidia,o__Bacteroidales,f__Bacteroidaceae,g__Phocaeicola,s__Phocaeicola_vulgatus,t__SGB1814,,,
k__Bacteria|p__Firmicutes|c__Clostridia|o__Eubacteriales|f__Oscillospiraceae|g__Flavonifractor|s__Flavonifractor_plautii|t__SGB15132,73,k__Bacteria,p__Firmicutes,c__Clostridia,o__Eubacteriales,f__Oscillospiraceae,g__Flavonifractor,s__Flavonifractor_plautii,t__SGB15132,,,
k__Bacteria|p__Firmicutes|c__Clostridia|o__Eubacteriales|f__Lachnospiraceae|g__Blautia|s__Blautia_obeum|t__SGB4811,181,k__Bacteria,p__Firmicutes,c__Clostridia,o__Eubacteriales,f__Lachnospiraceae,g__Blautia,s__Blautia_obeum,t__SGB4811,,,
k__Bacteria|p__Firmicutes|c__Clostridia|o__Eubacteriales|f__Eubacteriaceae|g__Eubacterium|s__Eubacterium_ramulus|t__SGB4959,95,k__Bacteria,p__Firmicutes,c__Clostridia,o__Eubacteriales,f__Eubacteriaceae,g__Eubacterium,s__Eubacterium_ramulus,t__SGB4959,,,
k__Bacteria|p__Firmicutes|c__Clostridia|o__Clostridia_unclassified|f__Clostridia_unclassified|g__Clostridia_unclassified|s__Clostridia_bacterium|t__SGB5191,12,k__Bacteria,p__Firmicutes,c__Clostridia,o__Clostridia_unclassified,f__Clostridia_unclassified,g__Clostridia_unclassified,s__Clostridia_bacterium,t__SGB5191,,,
k__Bacteria|p__Firmicutes|c__Clostridia|o__Eubacteriales|f__Lachnospiraceae|g__Enterocloster|s__Enterocloster_bolteae|t__SGB4758,17,k__Bacteria,p__Firmicutes,c__Clostridia,o__Eubacteriales,f__Lachnospiraceae,g__Enterocloster,s__Enterocloster_bolteae,t__SGB4758,,,
k__Bacteria|p__Firmicutes|c__Clostridia|o__Eubacteriales|f__Lachnospiraceae|g__Mediterraneibacter|s__Ruminococcus_torques|t__SGB4608,128,k__Bacteria,p__Firmicutes,c__Clostridia,o__Eubacteriales,f__Lachnospiraceae,g__Mediterraneibacter,s__Ruminococcus_torques,t__SGB4608,,,
k__Bacteria|p__Firmicutes|c__Clostridia|o__Eubacteriales|f__Lachnospiraceae|g__Dorea|s__Dorea_sp_AF36_15AT|t__SGB4552,56,k__Bacteria,p__Firmicutes,c__Clostridia,o__Eubacteriales,f__Lachnospiraceae,g__Dorea,s__Dorea_sp_AF36_15AT,t__SGB4552,,,
k__Bacteria|p__Firmicutes|c__Clostridia|o__Eubacteriales|f__Lachnospiraceae|g__Blautia|s__Blautia_SGB4815|t__SGB4815,73,k__Bacteria,p__Firmicutes,c__Clostridia,o__Eubacteriales,f__Lachnospiraceae,g__Blautia,s__Blautia_SGB4815,t__SGB4815,,,
k__Bacteria|p__Firmicutes|c__Clostridia|o__Clostridia_unclassified|f__Clostridia_unclassified|g__Clostridia_unclassified|s__Clostridia_bacterium_UC5_1_1D1|t__SGB14995,3,k__Bacteria,p__Firmicutes,c__Clostridia,o__Clostridia_unclassified,f__Clostridia_unclassified,g__Clostridia_unclassified,s__Clostridia_bacterium_UC5_1_1D1,t__SGB14995,,,
k__Bacteria|p__Proteobacteria|c__CFGB2404|o__OFGB2404|f__FGB2404|g__GGB6612|s__GGB6612_SGB9346|t__SGB9346,43,k__Bacteria,p__Proteobacteria,c__CFGB2404,o__OFGB2404,f__FGB2404,g__GGB6612,s__GGB6612_SGB9346,t__SGB9346,,,
k__Bacteria|p__Bacteroidetes|c__Bacteroidia|o__Bacteroidales|f__Bacteroidaceae|g__Phocaeicola|s__Phocaeicola_massiliensis|t__SGB1812,122,k__Bacteria,p__Bacteroidetes,c__Bacteroidia,o__Bacteroidales,f__Bacteroidaceae,g__Phocaeicola,s__Phocaeicola_massiliensis,t__SGB1812,,,
k__Bacteria|p__Firmicutes|c__Clostridia|o__Eubacteriales|f__Lachnospiraceae|g__Blautia|s__Blautia_faecis|t__SGB4820,188,k__Bacteria,p__Firmicutes,c__Clostridia,o__Eubacteriales,f__Lachnospiraceae,g__Blautia,s__Blautia_faecis,t__SGB4820,,,
k__Bacteria|p__Actinobacteria|c__Coriobacteriia|o__Eggerthellales|f__Eggerthellaceae|g__Eggerthella|s__Eggerthella_lenta|t__SGB14809,30,k__Bacteria,p__Actinobacteria,c__Coriobacteriia,o__Eggerthellales,f__Eggerthellaceae,g__Eggerthella,s__Eggerthella_lenta,t__SGB14809,,,
k__Bacteria|p__Firmicutes|c__Clostridia|o__Eubacteriales|f__Lachnospiraceae|g__Enterocloster|s__Enterocloster_aldenensis|t__SGB4762,4,k__Bacteria,p__Firmicutes,c__Clostridia,o__Eubacteriales,f__Lachnospiraceae,g__Enterocloster,s__Enterocloster_aldenensis,t__SGB4762,,,
k__Bacteria|p__Firmicutes|c__Clostridia|o__Clostridiales|f__Ruminococcaceae|g__Candidatus_Cibionibacter|s__Candidatus_Cibionibacter_quicibialis|t__SGB15286,213,k__Bacteria,p__Firmicutes,c__Clostridia,o__Clostridiales,f__Ruminococcaceae,g__Candidatus_Cibionibacter,s__Candidatus_Cibionibacter_quicibialis,t__SGB15286,,,
k__Bacteria|p__Firmicutes|c__Erysipelotrichia|o__Erysipelotrichales|f__Erysipelotrichaceae|g__Erysipelatoclostridium|s__Erysipelatoclostridium_ramosum|t__SGB6744,8,k__Bacteria,p__Firmicutes,c__Erysipelotrichia,o__Erysipelotrichales,f__Erysipelotrichaceae,g__Erysipelatoclostridium,s__Erysipelatoclostridium_ramosum,t__SGB6744,,,
k__Bacteria|p__Firmicutes|c__Clostridia|o__Eubacteriales|f__Oscillospiraceae|g__Faecalibacterium|s__Faecalibacterium_prausnitzii|t__SGB15322,51,k__Bacteria,p__Firmicutes,c__Clostridia,o__Eubacteriales,f__Oscillospiraceae,g__Faecalibacterium,s__Faecalibacterium_prausnitzii,t__SGB15322,,,
k__Bacteria|p__Firmicutes|c__Clostridia|o__Eubacteriales|f__Clostridiaceae|g__Clostridium|s__Clostridium_SGB4750|t__SGB4750,20,k__Bacteria,p__Firmicutes,c__Clostridia,o__Eubacteriales,f__Clostridiaceae,g__Clostridium,s__Clostridium_SGB4750,t__SGB4750,,,
k__Bacteria|p__Firmicutes|c__Clostridia|o__Eubacteriales|f__Peptostreptococcaceae|g__Romboutsia|s__Romboutsia_timonensis|t__SGB6148,116,k__Bacteria,p__Firmicutes,c__Clostridia,o__Eubacteriales,f__Peptostreptococcaceae,g__Romboutsia,s__Romboutsia_timonensis,t__SGB6148,,,
k__Bacteria|p__Actinobacteria|c__Actinomycetia|o__Bifidobacteriales|f__Bifidobacteriaceae|g__Bifidobacterium|s__Bifidobacterium_catenulatum|t__SGB17241,23,k__Bacteria,p__Actinobacteria,c__Actinomycetia,o__Bifidobacteriales,f__Bifidobacteriaceae,g__Bifidobacterium,s__Bifidobacterium_catenulatum,t__SGB17241,,,
k__Bacteria|p__Firmicutes|c__Clostridia|o__Eubacteriales|f__Lachnospiraceae|g__Faecalimonas|s__Faecalimonas_umbilicata|t__SGB4583,6,k__Bacteria,p__Firmicutes,c__Clostridia,o__Eubacteriales,f__Lachnospiraceae,g__Faecalimonas,s__Faecalimonas_umbilicata,t__SGB4583,,,
k__Bacteria|p__Firmicutes|c__CFGB38642|o__OFGB38642|f__FGB38642|g__GGB9758|s__GGB9758_SGB15368|t__SGB15368,92,k__Bacteria,p__Firmicutes,c__CFGB38642,o__OFGB38642,f__FGB38642,g__GGB9758,s__GGB9758_SGB15368,t__SGB15368,,,
k__Bacteria|p__Firmicutes|c__Clostridia|o__Eubacteriales|f__Lachnospiraceae|g__GGB3746|s__GGB3746_SGB5089|t__SGB5089,87,k__Bacteria,p__Firmicutes,c__Clostridia,o__Eubacteriales,f__Lachnospiraceae,g__GGB3746,s__GGB3746_SGB5089,t__SGB5089,,,
k__Bacteria|p__Firmicutes|c__Negativicutes|o__Acidaminococcales|f__Acidaminococcaceae|g__Acidaminococcus|s__Acidaminococcus_intestini|t__SGB5736,60,k__Bacteria,p__Firmicutes,c__Negativicutes,o__Acidaminococcales,f__Acidaminococcaceae,g__Acidaminococcus,s__Acidaminococcus_intestini,t__SGB5736,,,
k__Bacteria|p__Firmicutes|c__Clostridia|o__Eubacteriales|f__Eubacteriales_unclassified|g__Evtepia|s__Evtepia_gabavorous|t__SGB15120,136,k__Bacteria,p__Firmicutes,c__Clostridia,o__Eubacteriales,f__Eubacteriales_unclassified,g__Evtepia,s__Evtepia_gabavorous,t__SGB15120,,,
k__Bacteria|p__Firmicutes|c__Clostridia|o__Eubacteriales|f__Oscillospiraceae|g__Ruthenibacterium|s__Ruthenibacterium_lactatiformans|t__SGB15271,55,k__Bacteria,p__Firmicutes,c__Clostridia,o__Eubacteriales,f__Oscillospiraceae,g__Ruthenibacterium,s__Ruthenibacterium_lactatiformans,t__SGB15271,,,
k__Bacteria|p__Firmicutes|c__Clostridia|o__Eubacteriales|f__Lachnospiraceae|g__Coprococcus|s__Coprococcus_comes|t__SGB4577,221,k__Bacteria,p__Firmicutes,c__Clostridia,o__Eubacteriales,f__Lachnospiraceae,g__Coprococcus,s__Coprococcus_comes,t__SGB4577,,,
k__Bacteria|p__Firmicutes|c__Erysipelotrichia|o__Erysipelotrichales|f__Erysipelotrichaceae|g__Holdemania|s__Holdemania_sp_1001095H_141210_F2|t__SGB4045,1,k__Bacteria,p__Firmicutes,c__Erysipelotrichia,o__Erysipelotrichales,f__Erysipelotrichaceae,g__Holdemania,s__Holdemania_sp_1001095H_141210_F2,t__SGB4045,,,
k__Bacteria|p__Firmicutes|c__Firmicutes_unclassified|o__Firmicutes_unclassified|f__Firmicutes_unclassified|g__Firmicutes_unclassified|s__Firmicutes_bacterium_AF16_15|t__SGB4993,126,k__Bacteria,p__Firmicutes,c__Firmicutes_unclassified,o__Firmicutes_unclassified,f__Firmicutes_unclassified,g__Firmicutes_unclassified,s__Firmicutes_bacterium_AF16_15,t__SGB4993,,,
k__Bacteria|p__Actinobacteria|c__Coriobacteriia|o__Eggerthellales|f__Eggerthellaceae|g__Adlercreutzia|s__Adlercreutzia_equolifaciens|t__SGB14797,57,k__Bacteria,p__Actinobacteria,c__Coriobacteriia,o__Eggerthellales,f__Eggerthellaceae,g__Adlercreutzia,s__Adlercreutzia_equolifaciens,t__SGB14797,,,
k__Bacteria|p__Firmicutes|c__Clostridia|o__Eubacteriales|f__Oscillospiraceae|g__Phocea|s__Phocea_massiliensis|t__SGB14837,1,k__Bacteria,p__Firmicutes,c__Clostridia,o__Eubacteriales,f__Oscillospiraceae,g__Phocea,s__Phocea_massiliensis,t__SGB14837,,,
k__Bacteria|p__Firmicutes|c__Clostridia|o__Eubacteriales|f__Eubacteriaceae|g__Eubacterium|s__Eubacterium_sp_AF34_35BH|t__SGB5051,11,k__Bacteria,p__Firmicutes,c__Clostridia,o__Eubacteriales,f__Eubacteriaceae,g__Eubacterium,s__Eubacterium_sp_AF34_35BH,t__SGB5051,,,
k__Bacteria|p__Firmicutes|c__Clostridia|o__Clostridiales|f__Clostridiales_unclassified|g__Lawsonibacter|s__Lawsonibacter_asaccharolyticus|t__SGB15154,135,k__Bacteria,p__Firmicutes,c__Clostridia,o__Clostridiales,f__Clostridiales_unclassified,g__Lawsonibacter,s__Lawsonibacter_asaccharolyticus,t__SGB15154,,,
k__Bacteria|p__Firmicutes|c__Bacilli|o__Lactobacillales|f__Streptococcaceae|g__Streptococcus|s__Streptococcus_parasanguinis|t__SGB8071,19,k__Bacteria,p__Firmicutes,c__Bacilli,o__Lactobacillales,f__Streptococcaceae,g__Streptococcus,s__Streptococcus_parasanguinis,t__SGB8071,,,
k__Bacteria|p__Firmicutes|c__Bacilli|o__Lactobacillales|f__Streptococcaceae|g__Streptococcus|s__Streptococcus_lutetiensis|t__SGB8021,2,k__Bacteria,p__Firmicutes,c__Bacilli,o__Lactobacillales,f__Streptococcaceae,g__Streptococcus,s__Streptococcus_lutetiensis,t__SGB8021,,,
k__Bacteria|p__Proteobacteria|c__Betaproteobacteria|o__Burkholderiales|f__Sutterellaceae|g__Parasutterella|s__Parasutterella_excrementihominis|t__SGB9262,50,k__Bacteria,p__Proteobacteria,c__Betaproteobacteria,o__Burkholderiales,f__Sutterellaceae,g__Parasutterella,s__Parasutterella_excrementihominis,t__SGB9262,,,
k__Bacteria|p__Firmicutes|c__CFGB1227|o__OFGB1227|f__FGB1227|g__GGB3005|s__GGB3005_SGB3996|t__SGB3996,10,k__Bacteria,p__Firmicutes,c__CFGB1227,o__OFGB1227,f__FGB1227,g__GGB3005,s__GGB3005_SGB3996,t__SGB3996,,,
k__Bacteria|p__Firmicutes|c__Clostridia|o__Eubacteriales|f__Lachnospiraceae|g__Sellimonas|s__Sellimonas_intestinalis|t__SGB4617,16,k__Bacteria,p__Firmicutes,c__Clostridia,o__Eubacteriales,f__Lachnospiraceae,g__Sellimonas,s__Sellimonas_intestinalis,t__SGB4617,,,
k__Bacteria|p__Firmicutes|c__Clostridia|o__Eubacteriales|f__Lachnospiraceae|g__Lachnoclostridium|s__Clostridium_symbiosum|t__SGB4699,4,k__Bacteria,p__Firmicutes,c__Clostridia,o__Eubacteriales,f__Lachnospiraceae,g__Lachnoclostridium,s__Clostridium_symbiosum,t__SGB4699,,,
k__Bacteria|p__Firmicutes|c__Clostridia|o__Eubacteriales|f__Lachnospiraceae|g__Blautia|s__Blautia_hansenii|t__SGB4798,6,k__Bacteria,p__Firmicutes,c__Clostridia,o__Eubacteriales,f__Lachnospiraceae,g__Blautia,s__Blautia_hansenii,t__SGB4798,,,
k__Bacteria|p__Firmicutes|c__Clostridia|o__Eubacteriales|f__Clostridiaceae|g__Hungatella|s__Hungatella_hathewayi|t__SGB4741,2,k__Bacteria,p__Firmicutes,c__Clostridia,o__Eubacteriales,f__Clostridiaceae,g__Hungatella,s__Hungatella_hathewayi,t__SGB4741,,,
k__Bacteria|p__Actinobacteria|c__Coriobacteriia|o__Eggerthellales|f__Eggerthellaceae|g__Gordonibacter|s__Gordonibacter_pamelaeae|t__SGB14807,3,k__Bacteria,p__Actinobacteria,c__Coriobacteriia,o__Eggerthellales,f__Eggerthellaceae,g__Gordonibacter,s__Gordonibacter_pamelaeae,t__SGB14807,,,
k__Bacteria|p__Bacteroidetes|c__Bacteroidia|o__Bacteroidales|f__Prevotellaceae|g__Prevotella|s__Prevotella_copri_clade_A|t__SGB1626,89,k__Bacteria,p__Bacteroidetes,c__Bacteroidia,o__Bacteroidales,f__Prevotellaceae,g__Prevotella,s__Prevotella_copri_clade_A,t__SGB1626,,,
k__Bacteria|p__Bacteroidetes|c__Bacteroidia|o__Bacteroidales|f__Prevotellaceae|g__Prevotellamassilia|s__Prevotellamassilia_timonensis|t__SGB1477,17,k__Bacteria,p__Bacteroidetes,c__Bacteroidia,o__Bacteroidales,f__Prevotellaceae,g__Prevotellamassilia,s__Prevotellamassilia_timonensis,t__SGB1477,,,
k__Bacteria|p__Firmicutes|c__Bacilli|o__Lactobacillales|f__Lactobacillaceae|g__Ligilactobacillus|s__Ligilactobacillus_ruminis|t__SGB7061,21,k__Bacteria,p__Firmicutes,c__Bacilli,o__Lactobacillales,f__Lactobacillaceae,g__Ligilactobacillus,s__Ligilactobacillus_ruminis,t__SGB7061,,,
k__Bacteria|p__Bacteroidetes|c__CFGB629|o__OFGB629|f__FGB629|g__GGB1495|s__GGB1495_SGB2071|t__SGB2071,56,k__Bacteria,p__Bacteroidetes,c__CFGB629,o__OFGB629,f__FGB629,g__GGB1495,s__GGB1495_SGB2071,t__SGB2071,,,
k__Bacteria|p__Firmicutes|c__Clostridia|o__Eubacteriales|f__Oscillospiraceae|g__Ruminococcus|s__Ruminococcus_bromii|t__SGB4285,102,k__Bacteria,p__Firmicutes,c__Clostridia,o__Eubacteriales,f__Oscillospiraceae,g__Ruminococcus,s__Ruminococcus_bromii,t__SGB4285,,,
k__Bacteria|p__Bacteroidetes|c__CFGB11479|o__OFGB11479|f__FGB11479|g__GGB1632|s__GGB1632_SGB2240|t__SGB2240,13,k__Bacteria,p__Bacteroidetes,c__CFGB11479,o__OFGB11479,f__FGB11479,g__GGB1632,s__GGB1632_SGB2240,t__SGB2240,,,
k__Bacteria|p__Bacteroidetes|c__Bacteroidia|o__Bacteroidales|f__Prevotellaceae|g__Marseilla|s__Marseilla_massiliensis|t__SGB1600,10,k__Bacteria,p__Bacteroidetes,c__Bacteroidia,o__Bacteroidales,f__Prevotellaceae,g__Marseilla,s__Marseilla_massiliensis,t__SGB1600,,,
k__Bacteria|p__Actinobacteria|c__Coriobacteriia|o__Coriobacteriales|f__Coriobacteriaceae|g__Collinsella|s__Collinsella_aerofaciens|t__SGB14535_group,130,k__Bacteria,p__Actinobacteria,c__Coriobacteriia,o__Coriobacteriales,f__Coriobacteriaceae,g__Collinsella,s__Collinsella_aerofaciens,t__SGB14535_group,,,
k__Bacteria|p__Firmicutes|c__Clostridia|o__Eubacteriales|f__Lachnospiraceae|g__Dorea|s__Dorea_longicatena|t__SGB4581,222,k__Bacteria,p__Firmicutes,c__Clostridia,o__Eubacteriales,f__Lachnospiraceae,g__Dorea,s__Dorea_longicatena,t__SGB4581,,,
k__Bacteria|p__Firmicutes|c__Negativicutes|o__Veillonellales|f__Veillonellaceae|g__Dialister|s__Dialister_invisus|t__SGB5825_group,67,k__Bacteria,p__Firmicutes,c__Negativicutes,o__Veillonellales,f__Veillonellaceae,g__Dialister,s__Dialister_invisus,t__SGB5825_group,,,
k__Bacteria|p__Firmicutes|c__Clostridia|o__Eubacteriales|f__Lachnospiraceae|g__Roseburia|s__Roseburia_intestinalis|t__SGB4951,134,k__Bacteria,p__Firmicutes,c__Clostridia,o__Eubacteriales,f__Lachnospiraceae,g__Roseburia,s__Roseburia_intestinalis,t__SGB4951,,,
k__Bacteria|p__Bacteroidetes|c__Bacteroidia|o__Bacteroidales|f__Bacteroidaceae|g__Bacteroides|s__Bacteroides_xylanisolvens|t__SGB1867,80,k__Bacteria,p__Bacteroidetes,c__Bacteroidia,o__Bacteroidales,f__Bacteroidaceae,g__Bacteroides,s__Bacteroides_xylanisolvens,t__SGB1867,,,
k__Bacteria|p__Proteobacteria|c__Betaproteobacteria|o__Burkholderiales|f__Sutterellaceae|g__Sutterella|s__Sutterella_wadsworthensis|t__SGB9283,43,k__Bacteria,p__Proteobacteria,c__Betaproteobacteria,o__Burkholderiales,f__Sutterellaceae,g__Sutterella,s__Sutterella_wadsworthensis,t__SGB9283,,,
k__Bacteria|p__Firmicutes|c__Clostridia|o__Eubacteriales|f__Lachnospiraceae|g__Anaerostipes|s__Anaerostipes_hadrus|t__SGB4540_group,124,k__Bacteria,p__Firmicutes,c__Clostridia,o__Eubacteriales,f__Lachnospiraceae,g__Anaerostipes,s__Anaerostipes_hadrus,t__SGB4540_group,,,
k__Bacteria|p__Firmicutes|c__CFGB3005|o__OFGB3005|f__FGB3005|g__GGB9468|s__GGB9468_SGB14861|t__SGB14861,175,k__Bacteria,p__Firmicutes,c__CFGB3005,o__OFGB3005,f__FGB3005,g__GGB9468,s__GGB9468_SGB14861,t__SGB14861,,,
k__Bacteria|p__Firmicutes|c__Clostridia|o__Clostridia_unclassified|f__Clostridia_unclassified|g__GGB3363|s__GGB3363_SGB4447|t__SGB4447,26,k__Bacteria,p__Firmicutes,c__Clostridia,o__Clostridia_unclassified,f__Clostridia_unclassified,g__GGB3363,s__GGB3363_SGB4447,t__SGB4447,,,
k__Bacteria|p__Bacteroidetes|c__Bacteroidia|o__Bacteroidales|f__Tannerellaceae|g__Parabacteroides|s__Parabacteroides_merdae|t__SGB1949,180,k__Bacteria,p__Bacteroidetes,c__Bacteroidia,o__Bacteroidales,f__Tannerellaceae,g__Parabacteroides,s__Parabacteroides_merdae,t__SGB1949,,,
k__Bacteria|p__Proteobacteria|c__CFGB2394|o__OFGB2394|f__FGB2394|g__GGB6544|s__GGB6544_SGB9243|t__SGB9243,11,k__Bacteria,p__Proteobacteria,c__CFGB2394,o__OFGB2394,f__FGB2394,g__GGB6544,s__GGB6544_SGB9243,t__SGB9243,,,
k__Bacteria|p__Actinobacteria|c__Actinomycetia|o__Bifidobacteriales|f__Bifidobacteriaceae|g__Bifidobacterium|s__Bifidobacterium_bifidum|t__SGB17256,68,k__Bacteria,p__Actinobacteria,c__Actinomycetia,o__Bifidobacteriales,f__Bifidobacteriaceae,g__Bifidobacterium,s__Bifidobacterium_bifidum,t__SGB17256,,,
k__Bacteria|p__Bacteroidetes|c__Bacteroidia|o__Bacteroidales|f__Bacteroidaceae|g__Bacteroides|s__Bacteroides_faecis|t__SGB1860,60,k__Bacteria,p__Bacteroidetes,c__Bacteroidia,o__Bacteroidales,f__Bacteroidaceae,g__Bacteroides,s__Bacteroides_faecis,t__SGB1860,,,
k__Bacteria|p__Firmicutes|c__CFGB3047|o__OFGB3047|f__FGB3047|g__GGB52130|s__GGB52130_SGB14966|t__SGB14966,4,k__Bacteria,p__Firmicutes,c__CFGB3047,o__OFGB3047,f__FGB3047,g__GGB52130,s__GGB52130_SGB14966,t__SGB14966,,,
k__Bacteria|p__Firmicutes|c__Clostridia|o__Eubacteriales|f__Lachnospiraceae|g__Lacrimispora|s__Lacrimispora_saccharolytica|t__SGB4701,4,k__Bacteria,p__Firmicutes,c__Clostridia,o__Eubacteriales,f__Lachnospiraceae,g__Lacrimispora,s__Lacrimispora_saccharolytica,t__SGB4701,,,
k__Bacteria|p__Firmicutes|c__Clostridia|o__Eubacteriales|f__Oscillospiraceae|g__GGB9453|s__GGB9453_SGB14844|t__SGB14844,16,k__Bacteria,p__Firmicutes,c__Clostridia,o__Eubacteriales,f__Oscillospiraceae,g__GGB9453,s__GGB9453_SGB14844,t__SGB14844,,,
k__Bacteria|p__Firmicutes|c__Clostridia|o__Eubacteriales|f__Oscillospiraceae|g__Pseudoflavonifractor|s__Pseudoflavonifractor_sp_An184|t__SGB15156,6,k__Bacteria,p__Firmicutes,c__Clostridia,o__Eubacteriales,f__Oscillospiraceae,g__Pseudoflavonifractor,s__Pseudoflavonifractor_sp_An184,t__SGB15156,,,
k__Bacteria|p__Firmicutes|c__CFGB1765|o__OFGB1765|f__FGB1765|g__GGB4566|s__GGB4566_SGB6305|t__SGB6305,30,k__Bacteria,p__Firmicutes,c__CFGB1765,o__OFGB1765,f__FGB1765,g__GGB4566,s__GGB4566_SGB6305,t__SGB6305,,,
k__Bacteria|p__Bacteroidetes|c__Bacteroidia|o__Bacteroidales|f__Bacteroidaceae|g__Bacteroides|s__Bacteroides_salyersiae|t__SGB1857,37,k__Bacteria,p__Bacteroidetes,c__Bacteroidia,o__Bacteroidales,f__Bacteroidaceae,g__Bacteroides,s__Bacteroides_salyersiae,t__SGB1857,,,
k__Bacteria|p__Actinobacteria|c__Coriobacteriia|o__Coriobacteriales|f__Coriobacteriaceae|g__Senegalimassilia|s__Senegalimassilia_faecalis|t__SGB14822,8,k__Bacteria,p__Actinobacteria,c__Coriobacteriia,o__Coriobacteriales,f__Coriobacteriaceae,g__Senegalimassilia,s__Senegalimassilia_faecalis,t__SGB14822,,,
k__Bacteria|p__Firmicutes|c__Clostridia|o__Eubacteriales|f__Eubacteriales_unclassified|g__Eubacteriales_unclassified|s__Clostridiales_bacterium|t__SGB15143,37,k__Bacteria,p__Firmicutes,c__Clostridia,o__Eubacteriales,f__Eubacteriales_unclassified,g__Eubacteriales_unclassified,s__Clostridiales_bacterium,t__SGB15143,,,
k__Bacteria|p__Firmicutes|c__Clostridia|o__Eubacteriales|f__Oscillospiraceae|g__Dysosmobacter|s__Dysosmobacter_sp_BX15|t__SGB15053,176,k__Bacteria,p__Firmicutes,c__Clostridia,o__Eubacteriales,f__Oscillospiraceae,g__Dysosmobacter,s__Dysosmobacter_sp_BX15,t__SGB15053,,,
k__Bacteria|p__Bacteroidetes|c__CFGB529|o__OFGB529|f__FGB529|g__GGB1093|s__GGB1093_SGB1404|t__SGB1404,26,k__Bacteria,p__Bacteroidetes,c__CFGB529,o__OFGB529,f__FGB529,g__GGB1093,s__GGB1093_SGB1404,t__SGB1404,,,
k__Bacteria|p__Firmicutes|c__Erysipelotrichia|o__Erysipelotrichales|f__Erysipelotrichaceae|g__Faecalibacillus|s__Faecalibacillus_intestinalis|t__SGB6754,103,k__Bacteria,p__Firmicutes,c__Erysipelotrichia,o__Erysipelotrichales,f__Erysipelotrichaceae,g__Faecalibacillus,s__Faecalibacillus_intestinalis,t__SGB6754,,,
k__Bacteria|p__Bacteroidetes|c__Bacteroidia|o__Bacteroidales|f__Odoribacteraceae|g__Butyricimonas|s__Butyricimonas_faecihominis|t__SGB1786,65,k__Bacteria,p__Bacteroidetes,c__Bacteroidia,o__Bacteroidales,f__Odoribacteraceae,g__Butyricimonas,s__Butyricimonas_faecihominis,t__SGB1786,,,
k__Bacteria|p__Actinobacteria|c__Actinomycetia|o__Bifidobacteriales|f__Bifidobacteriaceae|g__Bifidobacterium|s__Bifidobacterium_adolescentis|t__SGB17244_group,74,k__Bacteria,p__Actinobacteria,c__Actinomycetia,o__Bifidobacteriales,f__Bifidobacteriaceae,g__Bifidobacterium,s__Bifidobacterium_adolescentis,t__SGB17244_group,,,
k__Bacteria|p__Firmicutes|c__Clostridia|o__Eubacteriales|f__Lachnospiraceae|g__Blautia|s__Blautia_hydrogenotrophica|t__SGB4677,20,k__Bacteria,p__Firmicutes,c__Clostridia,o__Eubacteriales,f__Lachnospiraceae,g__Blautia,s__Blautia_hydrogenotrophica,t__SGB4677,,,
k__Bacteria|p__Bacteroidetes|c__Bacteroidia|o__Bacteroidales|f__Bacteroidaceae|g__Bacteroides|s__Bacteroides_stercoris|t__SGB1830,94,k__Bacteria,p__Bacteroidetes,c__Bacteroidia,o__Bacteroidales,f__Bacteroidaceae,g__Bacteroides,s__Bacteroides_stercoris,t__SGB1830,,,
k__Bacteria|p__Firmicutes|c__CFGB2881|o__OFGB2881|f__FGB2881|g__GGB9189|s__GGB9189_SGB14128|t__SGB14128,2,k__Bacteria,p__Firmicutes,c__CFGB2881,o__OFGB2881,f__FGB2881,g__GGB9189,s__GGB9189_SGB14128,t__SGB14128,,,
k__Bacteria|p__Firmicutes|c__Clostridia|o__Eubacteriales|f__Oscillospiraceae|g__Hydrogenoanaerobacterium|s__Hydrogenoanaerobacterium_saccharovorans|t__SGB15350,24,k__Bacteria,p__Firmicutes,c__Clostridia,o__Eubacteriales,f__Oscillospiraceae,g__Hydrogenoanaerobacterium,s__Hydrogenoanaerobacterium_saccharovorans,t__SGB15350,,,
k__Bacteria|p__Firmicutes|c__Clostridia|o__Eubacteriales|f__Clostridiaceae|g__GGB3550|s__GGB3550_SGB4746|t__SGB4746,14,k__Bacteria,p__Firmicutes,c__Clostridia,o__Eubacteriales,f__Clostridiaceae,g__GGB3550,s__GGB3550_SGB4746,t__SGB4746,,,
k__Bacteria|p__Bacteroidetes|c__CFGB668|o__OFGB668|f__FGB668|g__GGB1663|s__GGB1663_SGB2279|t__SGB2279,12,k__Bacteria,p__Bacteroidetes,c__CFGB668,o__OFGB668,f__FGB668,g__GGB1663,s__GGB1663_SGB2279,t__SGB2279,,,
k__Bacteria|p__Actinobacteria|c__Coriobacteriia|o__Coriobacteriales|f__Coriobacteriaceae|g__Senegalimassilia|s__Senegalimassilia_anaerobia|t__SGB14824_group,31,k__Bacteria,p__Actinobacteria,c__Coriobacteriia,o__Coriobacteriales,f__Coriobacteriaceae,g__Senegalimassilia,s__Senegalimassilia_anaerobia,t__SGB14824_group,,,
k__Bacteria|p__Actinobacteria|c__CFGB12107|o__OFGB12107|f__FGB12107|g__GGB34797|s__GGB34797_SGB14322|t__SGB14322,42,k__Bacteria,p__Actinobacteria,c__CFGB12107,o__OFGB12107,f__FGB12107,g__GGB34797,s__GGB34797_SGB14322,t__SGB14322,,,
k__Bacteria|p__Bacteroidetes|c__Bacteroidia|o__Bacteroidales|f__Rikenellaceae|g__Alistipes|s__Alistipes_ihumii|t__SGB2328,70,k__Bacteria,p__Bacteroidetes,c__Bacteroidia,o__Bacteroidales,f__Rikenellaceae,g__Alistipes,s__Alistipes_ihumii,t__SGB2328,,,
k__Bacteria|p__Firmicutes|c__Clostridia|o__Clostridia_unclassified|f__Clostridia_unclassified|g__Clostridia_unclassified|s__Clostridia_bacterium_UC5_1_1E11|t__SGB14895,7,k__Bacteria,p__Firmicutes,c__Clostridia,o__Clostridia_unclassified,f__Clostridia_unclassified,g__Clostridia_unclassified,s__Clostridia_bacterium_UC5_1_1E11,t__SGB14895,,,
k__Bacteria|p__Actinobacteria|c__Coriobacteriia|o__Coriobacteriales|f__Coriobacteriaceae|g__Collinsella|s__Collinsella_SGB14754|t__SGB14754,1,k__Bacteria,p__Actinobacteria,c__Coriobacteriia,o__Coriobacteriales,f__Coriobacteriaceae,g__Collinsella,s__Collinsella_SGB14754,t__SGB14754,,,
k__Bacteria|p__Firmicutes|c__Clostridia|o__Eubacteriales|f__Oscillospiraceae|g__GGB9621|s__GGB9621_SGB15073|t__SGB15073,19,k__Bacteria,p__Firmicutes,c__Clostridia,o__Eubacteriales,f__Oscillospiraceae,g__GGB9621,s__GGB9621_SGB15073,t__SGB15073,,,
k__Bacteria|p__Actinobacteria|c__Actinomycetia|o__Bifidobacteriales|f__Bifidobacteriaceae|g__Bifidobacterium|s__Bifidobacterium_scardovii|t__SGB17257,1,k__Bacteria,p__Actinobacteria,c__Actinomycetia,o__Bifidobacteriales,f__Bifidobacteriaceae,g__Bifidobacterium,s__Bifidobacterium_scardovii,t__SGB17257,,,
k__Bacteria|p__Firmicutes|c__Clostridia|o__Eubacteriales|f__Oscillospiraceae|g__Dysosmobacter|s__Dysosmobacter_sp_NSJ_60|t__SGB15124,7,k__Bacteria,p__Firmicutes,c__Clostridia,o__Eubacteriales,f__Oscillospiraceae,g__Dysosmobacter,s__Dysosmobacter_sp_NSJ_60,t__SGB15124,,,
k__Bacteria|p__Actinobacteria|c__Coriobacteriia|o__Eggerthellales|f__Eggerthellaceae|g__Ellagibacter|s__Ellagibacter_isourolithinifaciens|t__SGB14816_group,21,k__Bacteria,p__Actinobacteria,c__Coriobacteriia,o__Eggerthellales,f__Eggerthellaceae,g__Ellagibacter,s__Ellagibacter_isourolithinifaciens,t__SGB14816_group,,,
k__Bacteria|p__Firmicutes|c__Clostridia|o__Eubacteriales|f__Lachnospiraceae|g__Lachnoclostridium|s__Clostridium_scindens|t__SGB4630,2,k__Bacteria,p__Firmicutes,c__Clostridia,o__Eubacteriales,f__Lachnospiraceae,g__Lachnoclostridium,s__Clostridium_scindens,t__SGB4630,,,
k__Bacteria|p__Firmicutes|c__Clostridia|o__Eubacteriales|f__Lachnospiraceae|g__Enterocloster|s__Enterocloster_clostridioformis|t__SGB4760,6,k__Bacteria,p__Firmicutes,c__Clostridia,o__Eubacteriales,f__Lachnospiraceae,g__Enterocloster,s__Enterocloster_clostridioformis,t__SGB4760,,,
k__Bacteria|p__Firmicutes|c__Clostridia|o__Clostridia_unclassified|f__Clostridia_unclassified|g__GGB9581|s__GGB9581_SGB14999|t__SGB14999,5,k__Bacteria,p__Firmicutes,c__Clostridia,o__Clostridia_unclassified,f__Clostridia_unclassified,g__GGB9581,s__GGB9581_SGB14999,t__SGB14999,,,
k__Bacteria|p__Firmicutes|c__Clostridia|o__Clostridia_unclassified|f__Clostridia_unclassified|g__GGB9534|s__GGB9534_SGB14937|t__SGB14937,8,k__Bacteria,p__Firmicutes,c__Clostridia,o__Clostridia_unclassified,f__Clostridia_unclassified,g__GGB9534,s__GGB9534_SGB14937,t__SGB14937,,,
k__Bacteria|p__Firmicutes|c__Clostridia|o__Eubacteriales|f__Lachnospiraceae|g__Eisenbergiella|s__Eisenbergiella_tayi|t__SGB4988,3,k__Bacteria,p__Firmicutes,c__Clostridia,o__Eubacteriales,f__Lachnospiraceae,g__Eisenbergiella,s__Eisenbergiella_tayi,t__SGB4988,,,
k__Bacteria|p__Firmicutes|c__Clostridia|o__Clostridia_unclassified|f__Clostridia_unclassified|g__GGB3819|s__GGB3819_SGB5184|t__SGB5184,9,k__Bacteria,p__Firmicutes,c__Clostridia,o__Clostridia_unclassified,f__Clostridia_unclassified,g__GGB3819,s__GGB3819_SGB5184,t__SGB5184,,,
k__Bacteria|p__Firmicutes|c__Clostridia|o__Eubacteriales|f__Lachnospiraceae|g__Blautia|s__Blautia_producta|t__SGB4786,3,k__Bacteria,p__Firmicutes,c__Clostridia,o__Eubacteriales,f__Lachnospiraceae,g__Blautia,s__Blautia_producta,t__SGB4786,,,
k__Bacteria|p__Firmicutes|c__Clostridia|o__Eubacteriales|f__Lachnospiraceae|g__Blautia|s__Blautia_glucerasea|t__SGB4804,14,k__Bacteria,p__Firmicutes,c__Clostridia,o__Eubacteriales,f__Lachnospiraceae,g__Blautia,s__Blautia_glucerasea,t__SGB4804,,,
k__Bacteria|p__Firmicutes|c__Clostridia|o__Eubacteriales|f__Lachnospiraceae|g__Blautia|s__Blautia_sp_Marseille_P3087|t__SGB4813,46,k__Bacteria,p__Firmicutes,c__Clostridia,o__Eubacteriales,f__Lachnospiraceae,g__Blautia,s__Blautia_sp_Marseille_P3087,t__SGB4813,,,
k__Bacteria|p__Firmicutes|c__Clostridia|o__Eubacteriales|f__Oscillospiraceae|g__Anaerotruncus|s__Anaerotruncus_colihominis|t__SGB14963,1,k__Bacteria,p__Firmicutes,c__Clostridia,o__Eubacteriales,f__Oscillospiraceae,g__Anaerotruncus,s__Anaerotruncus_colihominis,t__SGB14963,,,
k__Bacteria|p__Firmicutes|c__CFGB2844|o__OFGB2844|f__FGB2844|g__GGB9110|s__GGB9110_SGB14043|t__SGB14043,2,k__Bacteria,p__Firmicutes,c__CFGB2844,o__OFGB2844,f__FGB2844,g__GGB9110,s__GGB9110_SGB14043,t__SGB14043,,,
k__Bacteria|p__Firmicutes|c__CFGB1473|o__OFGB1473|f__FGB1473|g__GGB3730|s__GGB3730_SGB5060|t__SGB5060,23,k__Bacteria,p__Firmicutes,c__CFGB1473,o__OFGB1473,f__FGB1473,g__GGB3730,s__GGB3730_SGB5060,t__SGB5060,,,
k__Bacteria|p__Bacteroidetes|c__Bacteroidia|o__Bacteroidales|f__Odoribacteraceae|g__Butyricimonas|s__Butyricimonas_paravirosa|t__SGB1785,24,k__Bacteria,p__Bacteroidetes,c__Bacteroidia,o__Bacteroidales,f__Odoribacteraceae,g__Butyricimonas,s__Butyricimonas_paravirosa,t__SGB1785,,,
k__Bacteria|p__Firmicutes|c__Clostridia|o__Clostridia_unclassified|f__Clostridia_unclassified|g__GGB2982|s__GGB2982_SGB3964|t__SGB3964,5,k__Bacteria,p__Firmicutes,c__Clostridia,o__Clostridia_unclassified,f__Clostridia_unclassified,g__GGB2982,s__GGB2982_SGB3964,t__SGB3964,,,
k__Bacteria|p__Firmicutes|c__Clostridia|o__Eubacteriales|f__Oscillospiraceae|g__Oscillospiraceae_unclassified|s__Clostridium_leptum|t__SGB14853,28,k__Bacteria,p__Firmicutes,c__Clostridia,o__Eubacteriales,f__Oscillospiraceae,g__Oscillospiraceae_unclassified,s__Clostridium_leptum,t__SGB14853,,,
k__Bacteria|p__Firmicutes|c__Clostridia|o__Eubacteriales|f__Lachnospiraceae|g__Enterocloster|s__Enterocloster_citroniae|t__SGB4761,1,k__Bacteria,p__Firmicutes,c__Clostridia,o__Eubacteriales,f__Lachnospiraceae,g__Enterocloster,s__Enterocloster_citroniae,t__SGB4761,,,
k__Bacteria|p__Actinobacteria|c__Coriobacteriia|o__Eggerthellales|f__Eggerthellaceae|g__GGB45432|s__GGB45432_SGB63101|t__SGB63101,1,k__Bacteria,p__Actinobacteria,c__Coriobacteriia,o__Eggerthellales,f__Eggerthellaceae,g__GGB45432,s__GGB45432_SGB63101,t__SGB63101,,,
k__Bacteria|p__Firmicutes|c__CFGB2834|o__OFGB2834|f__FGB2834|g__GGB9064|s__GGB9064_SGB13983|t__SGB13983,15,k__Bacteria,p__Firmicutes,c__CFGB2834,o__OFGB2834,f__FGB2834,g__GGB9064,s__GGB9064_SGB13983,t__SGB13983,,,
k__Bacteria|p__Firmicutes|c__Clostridia|o__Candidatus_Borkfalkiales|f__Candidatus_Borkfalkiaceae|g__Candidatus_Borkfalkia|s__Candidatus_Borkfalkia_ceftriaxoniphila|t__SGB14027,13,k__Bacteria,p__Firmicutes,c__Clostridia,o__Candidatus_Borkfalkiales,f__Candidatus_Borkfalkiaceae,g__Candidatus_Borkfalkia,s__Candidatus_Borkfalkia_ceftriaxoniphila,t__SGB14027,,,
k__Bacteria|p__Firmicutes|c__Clostridia|o__Eubacteriales|f__Lachnospiraceae|g__Blautia|s__Blautia_sp_MSK_20_85|t__SGB4828,132,k__Bacteria,p__Firmicutes,c__Clostridia,o__Eubacteriales,f__Lachnospiraceae,g__Blautia,s__Blautia_sp_MSK_20_85,t__SGB4828,,,
k__Bacteria|p__Firmicutes|c__Clostridia|o__Eubacteriales|f__Lachnospiraceae|g__Enterocloster|s__Enterocloster_asparagiformis|t__SGB4724,1,k__Bacteria,p__Firmicutes,c__Clostridia,o__Eubacteriales,f__Lachnospiraceae,g__Enterocloster,s__Enterocloster_asparagiformis,t__SGB4724,,,
k__Bacteria|p__Firmicutes|c__Clostridia|o__Eubacteriales|f__Eubacteriales_unclassified|g__Eubacteriales_unclassified|s__Clostridiales_bacterium_NSJ_32|t__SGB4438,1,k__Bacteria,p__Firmicutes,c__Clostridia,o__Eubacteriales,f__Eubacteriales_unclassified,g__Eubacteriales_unclassified,s__Clostridiales_bacterium_NSJ_32,t__SGB4438,,,
k__Bacteria|p__Bacteroidetes|c__Bacteroidia|o__Bacteroidales|f__Tannerellaceae|g__Parabacteroides|s__Parabacteroides_goldsteinii|t__SGB1941,6,k__Bacteria,p__Bacteroidetes,c__Bacteroidia,o__Bacteroidales,f__Tannerellaceae,g__Parabacteroides,s__Parabacteroides_goldsteinii,t__SGB1941,,,
k__Bacteria|p__Bacteroidetes|c__Bacteroidia|o__Bacteroidales|f__Barnesiellaceae|g__Coprobacter|s__Coprobacter_secundus|t__SGB1962,6,k__Bacteria,p__Bacteroidetes,c__Bacteroidia,o__Bacteroidales,f__Barnesiellaceae,g__Coprobacter,s__Coprobacter_secundus,t__SGB1962,,,
k__Bacteria|p__Firmicutes|c__Erysipelotrichia|o__Erysipelotrichales|f__Erysipelotrichaceae|g__Massilimicrobiota|s__Massilimicrobiota_sp_An134|t__SGB6768,1,k__Bacteria,p__Firmicutes,c__Erysipelotrichia,o__Erysipelotrichales,f__Erysipelotrichaceae,g__Massilimicrobiota,s__Massilimicrobiota_sp_An134,t__SGB6768,,,
k__Bacteria|p__Firmicutes|c__Clostridia|o__Eubacteriales|f__Eubacteriales_Family_XIII_Incertae_Sedis|g__Eubacteriales_Family_XIII_Incertae_Sedis_unclassified|s__Clostridiales_Family_XIII_bacterium_BX16|t__SGB3957,18,k__Bacteria,p__Firmicutes,c__Clostridia,o__Eubacteriales,f__Eubacteriales_Family_XIII_Incertae_Sedis,g__Eubacteriales_Family_XIII_Incertae_Sedis_unclassified,s__Clostridiales_Family_XIII_bacterium_BX16,t__SGB3957,,,
k__Bacteria|p__Firmicutes|c__Clostridia|o__Eubacteriales|f__Oscillospiraceae|g__Hydrogeniiclostidium|s__Hydrogeniiclostidium_mannosilyticum|t__SGB14890,1,k__Bacteria,p__Firmicutes,c__Clostridia,o__Eubacteriales,f__Oscillospiraceae,g__Hydrogeniiclostidium,s__Hydrogeniiclostidium_mannosilyticum,t__SGB14890,,,
k__Bacteria|p__Bacteroidetes|c__Bacteroidia|o__Bacteroidales|f__Rikenellaceae|g__Alistipes|s__Alistipes_communis|t__SGB2290,162,k__Bacteria,p__Bacteroidetes,c__Bacteroidia,o__Bacteroidales,f__Rikenellaceae,g__Alistipes,s__Alistipes_communis,t__SGB2290,,,
k__Bacteria|p__Synergistetes|c__Synergistia|o__Synergistales|f__Synergistaceae|g__Pyramidobacter|s__Pyramidobacter_piscolens|t__SGB15497,2,k__Bacteria,p__Synergistetes,c__Synergistia,o__Synergistales,f__Synergistaceae,g__Pyramidobacter,s__Pyramidobacter_piscolens,t__SGB15497,,,
k__Bacteria|p__Bacteroidetes|c__Bacteroidia|o__Bacteroidales|f__Bacteroidaceae|g__Bacteroides|s__Bacteroides_nordii|t__SGB1858,7,k__Bacteria,p__Bacteroidetes,c__Bacteroidia,o__Bacteroidales,f__Bacteroidaceae,g__Bacteroides,s__Bacteroides_nordii,t__SGB1858,,,
k__Bacteria|p__Firmicutes|c__Clostridia|o__Eubacteriales|f__Clostridiaceae|g__Clostridium|s__Clostridium_butyricum|t__SGB4037,6,k__Bacteria,p__Firmicutes,c__Clostridia,o__Eubacteriales,f__Clostridiaceae,g__Clostridium,s__Clostridium_butyricum,t__SGB4037,,,
k__Bacteria|p__Firmicutes|c__Clostridia|o__Eubacteriales|f__Eubacteriales_unclassified|g__Eubacteriales_unclassified|s__Clostridiales_bacterium_Choco116|t__SGB15149,9,k__Bacteria,p__Firmicutes,c__Clostridia,o__Eubacteriales,f__Eubacteriales_unclassified,g__Eubacteriales_unclassified,s__Clostridiales_bacterium_Choco116,t__SGB15149,,,
k__Bacteria|p__Firmicutes|c__Clostridia|o__Eubacteriales|f__Clostridiaceae|g__Clostridiaceae_unclassified|s__Clostridiaceae_bacterium|t__SGB4721,83,k__Bacteria,p__Firmicutes,c__Clostridia,o__Eubacteriales,f__Clostridiaceae,g__Clostridiaceae_unclassified,s__Clostridiaceae_bacterium,t__SGB4721,,,
k__Bacteria|p__Actinobacteria|c__Actinomycetia|o__Bifidobacteriales|f__Bifidobacteriaceae|g__Bifidobacterium|s__Bifidobacterium_animalis|t__SGB17278,13,k__Bacteria,p__Actinobacteria,c__Actinomycetia,o__Bifidobacteriales,f__Bifidobacteriaceae,g__Bifidobacterium,s__Bifidobacterium_animalis,t__SGB17278,,,
k__Bacteria|p__Firmicutes|c__Clostridia|o__Eubacteriales|f__Lachnospiraceae|g__GGB3653|s__GGB3653_SGB4964|t__SGB4964,61,k__Bacteria,p__Firmicutes,c__Clostridia,o__Eubacteriales,f__Lachnospiraceae,g__GGB3653,s__GGB3653_SGB4964,t__SGB4964,,,
k__Bacteria|p__Firmicutes|c__Clostridia|o__Eubacteriales|f__Lachnospiraceae|g__Anaerostipes|s__Anaerostipes_caccae|t__SGB4529,1,k__Bacteria,p__Firmicutes,c__Clostridia,o__Eubacteriales,f__Lachnospiraceae,g__Anaerostipes,s__Anaerostipes_caccae,t__SGB4529,,,
k__Bacteria|p__Firmicutes|c__Clostridia|o__Eubacteriales|f__Oscillospiraceae|g__Oscillospiraceae_unclassified|s__Eubacterium_siraeum|t__SGB4198,62,k__Bacteria,p__Firmicutes,c__Clostridia,o__Eubacteriales,f__Oscillospiraceae,g__Oscillospiraceae_unclassified,s__Eubacterium_siraeum,t__SGB4198,,,
k__Bacteria|p__Firmicutes|c__Clostridia|o__Eubacteriales|f__Eubacteriales_unclassified|g__Intestinimonas|s__Intestinimonas_massiliensis|t__SGB15127,7,k__Bacteria,p__Firmicutes,c__Clostridia,o__Eubacteriales,f__Eubacteriales_unclassified,g__Intestinimonas,s__Intestinimonas_massiliensis,t__SGB15127,,,
k__Bacteria|p__Firmicutes|c__Clostridia|o__Eubacteriales|f__Peptostreptococcaceae|g__Intestinibacter|s__Intestinibacter_bartlettii|t__SGB6140,27,k__Bacteria,p__Firmicutes,c__Clostridia,o__Eubacteriales,f__Peptostreptococcaceae,g__Intestinibacter,s__Intestinibacter_bartlettii,t__SGB6140,,,
k__Bacteria|p__Firmicutes|c__Clostridia|o__Eubacteriales|f__Oscillospiraceae|g__Faecalibacterium|s__Faecalibacterium_prausnitzii|t__SGB15332,153,k__Bacteria,p__Firmicutes,c__Clostridia,o__Eubacteriales,f__Oscillospiraceae,g__Faecalibacterium,s__Faecalibacterium_prausnitzii,t__SGB15332,,,
k__Bacteria|p__Firmicutes|c__Clostridia|o__Eubacteriales|f__Oscillospiraceae|g__Faecalibacterium|s__Faecalibacterium_SGB15346|t__SGB15346,116,k__Bacteria,p__Firmicutes,c__Clostridia,o__Eubacteriales,f__Oscillospiraceae,g__Faecalibacterium,s__Faecalibacterium_SGB15346,t__SGB15346,,,
k__Bacteria|p__Firmicutes|c__Clostridia|o__Eubacteriales|f__Eubacteriales_unclassified|g__Gemmiger|s__Gemmiger_formicilis|t__SGB15300,217,k__Bacteria,p__Firmicutes,c__Clostridia,o__Eubacteriales,f__Eubacteriales_unclassified,g__Gemmiger,s__Gemmiger_formicilis,t__SGB15300,,,
k__Bacteria|p__Firmicutes|c__Clostridia|o__Eubacteriales|f__Oscillospiraceae|g__Faecalibacterium|s__Faecalibacterium_prausnitzii|t__SGB15316,216,k__Bacteria,p__Firmicutes,c__Clostridia,o__Eubacteriales,f__Oscillospiraceae,g__Faecalibacterium,s__Faecalibacterium_prausnitzii,t__SGB15316,,,
k__Bacteria|p__Firmicutes|c__Clostridia|o__Eubacteriales|f__Lachnospiraceae|g__Waltera|s__Waltera_intestinalis|t__SGB4910,129,k__Bacteria,p__Firmicutes,c__Clostridia,o__Eubacteriales,f__Lachnospiraceae,g__Waltera,s__Waltera_intestinalis,t__SGB4910,,,
k__Bacteria|p__Firmicutes|c__Clostridia|o__Eubacteriales|f__Lachnospiraceae|g__Roseburia|s__Roseburia_inulinivorans|t__SGB4940,163,k__Bacteria,p__Firmicutes,c__Clostridia,o__Eubacteriales,f__Lachnospiraceae,g__Roseburia,s__Roseburia_inulinivorans,t__SGB4940,,,
k__Bacteria|p__Firmicutes|c__Clostridia|o__Eubacteriales|f__Lachnospiraceae|g__Anaerobutyricum|s__Anaerobutyricum_hallii|t__SGB4532,226,k__Bacteria,p__Firmicutes,c__Clostridia,o__Eubacteriales,f__Lachnospiraceae,g__Anaerobutyricum,s__Anaerobutyricum_hallii,t__SGB4532,,,
k__Bacteria|p__Firmicutes|c__Clostridia|o__Eubacteriales|f__Oscillospiraceae|g__Faecalibacterium|s__Faecalibacterium_prausnitzii|t__SGB15342,184,k__Bacteria,p__Firmicutes,c__Clostridia,o__Eubacteriales,f__Oscillospiraceae,g__Faecalibacterium,s__Faecalibacterium_prausnitzii,t__SGB15342,,,
k__Bacteria|p__Bacteroidetes|c__Bacteroidia|o__Bacteroidales|f__Barnesiellaceae|g__Coprobacter|s__Coprobacter_fastidiosus|t__SGB1963,41,k__Bacteria,p__Bacteroidetes,c__Bacteroidia,o__Bacteroidales,f__Barnesiellaceae,g__Coprobacter,s__Coprobacter_fastidiosus,t__SGB1963,,,
k__Bacteria|p__Firmicutes|c__Clostridia|o__Eubacteriales|f__Clostridiaceae|g__Clostridiaceae_unclassified|s__Clostridiaceae_bacterium|t__SGB4269,198,k__Bacteria,p__Firmicutes,c__Clostridia,o__Eubacteriales,f__Clostridiaceae,g__Clostridiaceae_unclassified,s__Clostridiaceae_bacterium,t__SGB4269,,,
k__Bacteria|p__Firmicutes|c__Clostridia|o__Eubacteriales|f__Eubacteriales_unclassified|g__Eubacteriales_unclassified|s__Clostridiales_bacterium|t__SGB15159,31,k__Bacteria,p__Firmicutes,c__Clostridia,o__Eubacteriales,f__Eubacteriales_unclassified,g__Eubacteriales_unclassified,s__Clostridiales_bacterium,t__SGB15159,,,
k__Bacteria|p__Firmicutes|c__Clostridia|o__Eubacteriales|f__Clostridiaceae|g__Clostridium|s__Clostridium_saudiense|t__SGB6178,24,k__Bacteria,p__Firmicutes,c__Clostridia,o__Eubacteriales,f__Clostridiaceae,g__Clostridium,s__Clostridium_saudiense,t__SGB6178,,,
k__Bacteria|p__Firmicutes|c__Clostridia|o__Eubacteriales|f__Lachnospiraceae|g__Lachnospira|s__Lachnospira_pectinoschiza|t__SGB5075,130,k__Bacteria,p__Firmicutes,c__Clostridia,o__Eubacteriales,f__Lachnospiraceae,g__Lachnospira,s__Lachnospira_pectinoschiza,t__SGB5075,,,
k__Bacteria|p__Firmicutes|c__Clostridia|o__Eubacteriales|f__Lachnospiraceae|g__Merdimonas|s__Merdimonas_faecis|t__SGB4626,6,k__Bacteria,p__Firmicutes,c__Clostridia,o__Eubacteriales,f__Lachnospiraceae,g__Merdimonas,s__Merdimonas_faecis,t__SGB4626,,,
k__Bacteria|p__Firmicutes|c__Clostridia|o__Eubacteriales|f__Eubacteriaceae|g__GGB3277|s__GGB3277_SGB4327|t__SGB4327,77,k__Bacteria,p__Firmicutes,c__Clostridia,o__Eubacteriales,f__Eubacteriaceae,g__GGB3277,s__GGB3277_SGB4327,t__SGB4327,,,
k__Bacteria|p__Firmicutes|c__Clostridia|o__Eubacteriales|f__Clostridiaceae|g__GGB3486|s__GGB3486_SGB4658|t__SGB4658,16,k__Bacteria,p__Firmicutes,c__Clostridia,o__Eubacteriales,f__Clostridiaceae,g__GGB3486,s__GGB3486_SGB4658,t__SGB4658,,,
k__Bacteria|p__Firmicutes|c__Clostridia|o__Eubacteriales|f__Oscillospiraceae|g__GGB9614|s__GGB9614_SGB15049|t__SGB15049,25,k__Bacteria,p__Firmicutes,c__Clostridia,o__Eubacteriales,f__Oscillospiraceae,g__GGB9614,s__GGB9614_SGB15049,t__SGB15049,,,
k__Bacteria|p__Firmicutes|c__Clostridia|o__Eubacteriales|f__Clostridiaceae|g__Clostridiaceae_unclassified|s__Clostridiaceae_bacterium|t__SGB6153,5,k__Bacteria,p__Firmicutes,c__Clostridia,o__Eubacteriales,f__Clostridiaceae,g__Clostridiaceae_unclassified,s__Clostridiaceae_bacterium,t__SGB6153,,,
k__Bacteria|p__Firmicutes|c__Clostridia|o__Eubacteriales|f__Lachnospiraceae|g__Lachnospira|s__Lachnospira_eligens|t__SGB5082,154,k__Bacteria,p__Firmicutes,c__Clostridia,o__Eubacteriales,f__Lachnospiraceae,g__Lachnospira,s__Lachnospira_eligens,t__SGB5082,,,
k__Bacteria|p__Firmicutes|c__CFGB1765|o__OFGB1765|f__FGB1765|g__GGB4571|s__GGB4571_SGB6321|t__SGB6321,5,k__Bacteria,p__Firmicutes,c__CFGB1765,o__OFGB1765,f__FGB1765,g__GGB4571,s__GGB4571_SGB6321,t__SGB6321,,,
k__Bacteria|p__Firmicutes|c__Clostridia|o__Eubacteriales|f__Eubacteriales_unclassified|g__Eubacteriales_unclassified|s__Clostridiales_bacterium_KLE1615|t__SGB5090,129,k__Bacteria,p__Firmicutes,c__Clostridia,o__Eubacteriales,f__Eubacteriales_unclassified,g__Eubacteriales_unclassified,s__Clostridiales_bacterium_KLE1615,t__SGB5090,,,
k__Bacteria|p__Firmicutes|c__CFGB1292|o__OFGB1292|f__FGB1292|g__GGB3109|s__GGB3109_SGB4121|t__SGB4121,17,k__Bacteria,p__Firmicutes,c__CFGB1292,o__OFGB1292,f__FGB1292,g__GGB3109,s__GGB3109_SGB4121,t__SGB4121,,,
k__Bacteria|p__Actinobacteria|c__Coriobacteriia|o__Coriobacteriales|f__Coriobacteriaceae|g__GGB51959|s__GGB51959_SGB72479|t__SGB72479,5,k__Bacteria,p__Actinobacteria,c__Coriobacteriia,o__Coriobacteriales,f__Coriobacteriaceae,g__GGB51959,s__GGB51959_SGB72479,t__SGB72479,,,
k__Bacteria|p__Firmicutes|c__Clostridia|o__Eubacteriales|f__Lachnospiraceae|g__GGB3538|s__GGB3538_SGB4728|t__SGB4728,2,k__Bacteria,p__Firmicutes,c__Clostridia,o__Eubacteriales,f__Lachnospiraceae,g__GGB3538,s__GGB3538_SGB4728,t__SGB4728,,,
k__Bacteria|p__Firmicutes|c__Clostridia|o__Eubacteriales|f__Clostridiaceae|g__Clostridium|s__Clostridium_sp_AF34_10BH|t__SGB4914,150,k__Bacteria,p__Firmicutes,c__Clostridia,o__Eubacteriales,f__Clostridiaceae,g__Clostridium,s__Clostridium_sp_AF34_10BH,t__SGB4914,,,
k__Bacteria|p__Firmicutes|c__Clostridia|o__Eubacteriales|f__Eubacteriaceae|g__Eubacteriaceae_unclassified|s__Eubacteriaceae_bacterium|t__SGB5043,16,k__Bacteria,p__Firmicutes,c__Clostridia,o__Eubacteriales,f__Eubacteriaceae,g__Eubacteriaceae_unclassified,s__Eubacteriaceae_bacterium,t__SGB5043,,,
k__Bacteria|p__Firmicutes|c__CFGB1249|o__OFGB1249|f__FGB1249|g__GGB3033|s__GGB3033_SGB4029|t__SGB4029,9,k__Bacteria,p__Firmicutes,c__CFGB1249,o__OFGB1249,f__FGB1249,g__GGB3033,s__GGB3033_SGB4029,t__SGB4029,,,
k__Bacteria|p__Firmicutes|c__Clostridia|o__Eubacteriales|f__Clostridiaceae|g__Clostridium|s__Clostridium_SGB6179|t__SGB6179,30,k__Bacteria,p__Firmicutes,c__Clostridia,o__Eubacteriales,f__Clostridiaceae,g__Clostridium,s__Clostridium_SGB6179,t__SGB6179,,,
k__Bacteria|p__Firmicutes|c__Clostridia|o__Eubacteriales|f__Lachnospiraceae|g__Blautia|s__Blautia_caecimuris|t__SGB4862,17,k__Bacteria,p__Firmicutes,c__Clostridia,o__Eubacteriales,f__Lachnospiraceae,g__Blautia,s__Blautia_caecimuris,t__SGB4862,,,
k__Bacteria|p__Firmicutes|c__CFGB3005|o__OFGB3005|f__FGB3005|g__GGB9469|s__GGB9469_SGB14862|t__SGB14862,3,k__Bacteria,p__Firmicutes,c__CFGB3005,o__OFGB3005,f__FGB3005,g__GGB9469,s__GGB9469_SGB14862,t__SGB14862,,,
k__Bacteria|p__Firmicutes|c__Bacilli|o__Lactobacillales|f__Lactobacillaceae|g__Latilactobacillus|s__Latilactobacillus_sakei|t__SGB7248,1,k__Bacteria,p__Firmicutes,c__Bacilli,o__Lactobacillales,f__Lactobacillaceae,g__Latilactobacillus,s__Latilactobacillus_sakei,t__SGB7248,,,
k__Bacteria|p__Firmicutes|c__Erysipelotrichia|o__Erysipelotrichales|f__Turicibacteraceae|g__Turicibacter|s__Turicibacter_sanguinis|t__SGB6846,6,k__Bacteria,p__Firmicutes,c__Erysipelotrichia,o__Erysipelotrichales,f__Turicibacteraceae,g__Turicibacter,s__Turicibacter_sanguinis,t__SGB6846,,,
k__Bacteria|p__Firmicutes|c__Firmicutes_unclassified|o__Firmicutes_unclassified|f__Firmicutes_unclassified|g__Negativibacillus|s__Negativibacillus_massiliensis|t__SGB14912,13,k__Bacteria,p__Firmicutes,c__Firmicutes_unclassified,o__Firmicutes_unclassified,f__Firmicutes_unclassified,g__Negativibacillus,s__Negativibacillus_massiliensis,t__SGB14912,,,
k__Bacteria|p__Firmicutes|c__Clostridia|o__Eubacteriales|f__Lachnospiraceae|g__Roseburia|s__Roseburia_hominis|t__SGB4936,70,k__Bacteria,p__Firmicutes,c__Clostridia,o__Eubacteriales,f__Lachnospiraceae,g__Roseburia,s__Roseburia_hominis,t__SGB4936,,,
k__Bacteria|p__Firmicutes|c__Erysipelotrichia|o__Erysipelotrichales|f__Coprobacillaceae|g__Coprobacillus|s__Coprobacillus_SGB6753|t__SGB6753,2,k__Bacteria,p__Firmicutes,c__Erysipelotrichia,o__Erysipelotrichales,f__Coprobacillaceae,g__Coprobacillus,s__Coprobacillus_SGB6753,t__SGB6753,,,
k__Bacteria|p__Firmicutes|c__Clostridia|o__Clostridia_unclassified|f__Clostridia_unclassified|g__GGB9581|s__GGB9581_SGB79823|t__SGB79823,1,k__Bacteria,p__Firmicutes,c__Clostridia,o__Clostridia_unclassified,f__Clostridia_unclassified,g__GGB9581,s__GGB9581_SGB79823,t__SGB79823,,,
k__Bacteria|p__Firmicutes|c__Clostridia|o__Eubacteriales|f__Lachnospiraceae|g__GGB3677|s__GGB3677_SGB4990|t__SGB4990,1,k__Bacteria,p__Firmicutes,c__Clostridia,o__Eubacteriales,f__Lachnospiraceae,g__GGB3677,s__GGB3677_SGB4990,t__SGB4990,,,
k__Bacteria|p__Firmicutes|c__Clostridia|o__Eubacteriales|f__Lachnospiraceae|g__GGB3740|s__GGB3740_SGB5076|t__SGB5076,26,k__Bacteria,p__Firmicutes,c__Clostridia,o__Eubacteriales,f__Lachnospiraceae,g__GGB3740,s__GGB3740_SGB5076,t__SGB5076,,,
k__Bacteria|p__Bacteroidetes|c__Bacteroidia|o__Bacteroidales|f__Rikenellaceae|g__Alistipes|s__Alistipes_finegoldii|t__SGB2301,52,k__Bacteria,p__Bacteroidetes,c__Bacteroidia,o__Bacteroidales,f__Rikenellaceae,g__Alistipes,s__Alistipes_finegoldii,t__SGB2301,,,
k__Bacteria|p__Firmicutes|c__CFGB28775|o__OFGB28775|f__FGB28775|g__GGB3511|s__GGB3511_SGB4688|t__SGB4688,2,k__Bacteria,p__Firmicutes,c__CFGB28775,o__OFGB28775,f__FGB28775,g__GGB3511,s__GGB3511_SGB4688,t__SGB4688,,,
k__Bacteria|p__Firmicutes|c__Clostridia|o__Eubacteriales|f__Clostridiaceae|g__Clostridiaceae_unclassified|s__Clostridiaceae_unclassified_SGB4771|t__SGB4771,6,k__Bacteria,p__Firmicutes,c__Clostridia,o__Eubacteriales,f__Clostridiaceae,g__Clostridiaceae_unclassified,s__Clostridiaceae_unclassified_SGB4771,t__SGB4771,,,
k__Bacteria|p__Firmicutes|c__Clostridia|o__Eubacteriales|f__Oscillospiraceae|g__Pseudoflavonifractor|s__Pseudoflavonifractor_gallinarum|t__SGB29328,1,k__Bacteria,p__Firmicutes,c__Clostridia,o__Eubacteriales,f__Oscillospiraceae,g__Pseudoflavonifractor,s__Pseudoflavonifractor_gallinarum,t__SGB29328,,,
k__Bacteria|p__Firmicutes|c__Clostridia|o__Eubacteriales|f__Lachnospiraceae|g__Blautia|s__Blautia_obeum|t__SGB4810,49,k__Bacteria,p__Firmicutes,c__Clostridia,o__Eubacteriales,f__Lachnospiraceae,g__Blautia,s__Blautia_obeum,t__SGB4810,,,
k__Bacteria|p__Firmicutes|c__Clostridia|o__Eubacteriales|f__Lachnospiraceae|g__Mediterraneibacter|s__Mediterraneibacter_glycyrrhizinilyticus|t__SGB4606,10,k__Bacteria,p__Firmicutes,c__Clostridia,o__Eubacteriales,f__Lachnospiraceae,g__Mediterraneibacter,s__Mediterraneibacter_glycyrrhizinilyticus,t__SGB4606,,,
k__Bacteria|p__Firmicutes|c__Clostridia|o__Eubacteriales|f__Lachnospiraceae|g__Blautia|s__Blautia_sp_OF03_15BH|t__SGB4779,1,k__Bacteria,p__Firmicutes,c__Clostridia,o__Eubacteriales,f__Lachnospiraceae,g__Blautia,s__Blautia_sp_OF03_15BH,t__SGB4779,,,
k__Bacteria|p__Firmicutes|c__Clostridia|o__Eubacteriales|f__Lachnospiraceae|g__GGB3534|s__GGB3534_SGB4722|t__SGB4722,1,k__Bacteria,p__Firmicutes,c__Clostridia,o__Eubacteriales,f__Lachnospiraceae,g__GGB3534,s__GGB3534_SGB4722,t__SGB4722,,,
k__Bacteria|p__Firmicutes|c__Clostridia|o__Eubacteriales|f__Oscillospiraceae|g__Vescimonas|s__Vescimonas_coprocola|t__SGB15089,78,k__Bacteria,p__Firmicutes,c__Clostridia,o__Eubacteriales,f__Oscillospiraceae,g__Vescimonas,s__Vescimonas_coprocola,t__SGB15089,,,
k__Bacteria|p__Firmicutes|c__Negativicutes|o__Veillonellales|f__Veillonellaceae|g__Veillonella|s__Veillonella_parvula|t__SGB6939,7,k__Bacteria,p__Firmicutes,c__Negativicutes,o__Veillonellales,f__Veillonellaceae,g__Veillonella,s__Veillonella_parvula,t__SGB6939,,,
k__Bacteria|p__Firmicutes|c__Clostridia|o__Eubacteriales|f__Lachnospiraceae|g__GGB3433|s__GGB3433_SGB4574|t__SGB4574,3,k__Bacteria,p__Firmicutes,c__Clostridia,o__Eubacteriales,f__Lachnospiraceae,g__GGB3433,s__GGB3433_SGB4574,t__SGB4574,,,
k__Bacteria|p__Firmicutes|c__Clostridia|o__Eubacteriales|f__Eubacteriales_Family_XIII_Incertae_Sedis|g__Mogibacterium|s__Mogibacterium_sp_BX12|t__SGB14854,3,k__Bacteria,p__Firmicutes,c__Clostridia,o__Eubacteriales,f__Eubacteriales_Family_XIII_Incertae_Sedis,g__Mogibacterium,s__Mogibacterium_sp_BX12,t__SGB14854,,,
k__Bacteria|p__Actinobacteria|c__Coriobacteriia|o__Eggerthellales|f__Eggerthellaceae|g__Gordonibacter|s__Gordonibacter_urolithinfaciens|t__SGB14808,3,k__Bacteria,p__Actinobacteria,c__Coriobacteriia,o__Eggerthellales,f__Eggerthellaceae,g__Gordonibacter,s__Gordonibacter_urolithinfaciens,t__SGB14808,,,
k__Bacteria|p__Firmicutes|c__Clostridia|o__Eubacteriales|f__Lachnospiraceae|g__GGB3446|s__GGB3446_SGB4597|t__SGB4597,2,k__Bacteria,p__Firmicutes,c__Clostridia,o__Eubacteriales,f__Lachnospiraceae,g__GGB3446,s__GGB3446_SGB4597,t__SGB4597,,,
k__Bacteria|p__Firmicutes|c__CFGB1249|o__OFGB1249|f__FGB1249|g__GGB3032|s__GGB3032_SGB4027|t__SGB4027,3,k__Bacteria,p__Firmicutes,c__CFGB1249,o__OFGB1249,f__FGB1249,g__GGB3032,s__GGB3032_SGB4027,t__SGB4027,,,
k__Bacteria|p__Firmicutes|c__Clostridia|o__Eubacteriales|f__Lachnospiraceae|g__Lachnoclostridium|s__Lachnoclostridium_sp_An14|t__SGB4729,1,k__Bacteria,p__Firmicutes,c__Clostridia,o__Eubacteriales,f__Lachnospiraceae,g__Lachnoclostridium,s__Lachnoclostridium_sp_An14,t__SGB4729,,,
k__Bacteria|p__Firmicutes|c__Bacilli|o__Lactobacillales|f__Streptococcaceae|g__Streptococcus|s__Streptococcus_mutans|t__SGB8000,1,k__Bacteria,p__Firmicutes,c__Bacilli,o__Lactobacillales,f__Streptococcaceae,g__Streptococcus,s__Streptococcus_mutans,t__SGB8000,,,
k__Bacteria|p__Firmicutes|c__Clostridia|o__Eubacteriales|f__Oscillospiraceae|g__GGB9667|s__GGB9667_SGB15164|t__SGB15164,6,k__Bacteria,p__Firmicutes,c__Clostridia,o__Eubacteriales,f__Oscillospiraceae,g__GGB9667,s__GGB9667_SGB15164,t__SGB15164,,,
k__Bacteria|p__Firmicutes|c__Negativicutes|o__Veillonellales|f__Veillonellaceae|g__Veillonella|s__Veillonella_dispar|t__SGB6952,5,k__Bacteria,p__Firmicutes,c__Negativicutes,o__Veillonellales,f__Veillonellaceae,g__Veillonella,s__Veillonella_dispar,t__SGB6952,,,
k__Bacteria|p__Firmicutes|c__Bacilli|o__Lactobacillales|f__Streptococcaceae|g__Streptococcus|s__Streptococcus_thermophilus|t__SGB8002,43,k__Bacteria,p__Firmicutes,c__Bacilli,o__Lactobacillales,f__Streptococcaceae,g__Streptococcus,s__Streptococcus_thermophilus,t__SGB8002,,,
k__Bacteria|p__Firmicutes|c__Negativicutes|o__Veillonellales|f__Veillonellaceae|g__Veillonella|s__Veillonella_atypica|t__SGB6936,6,k__Bacteria,p__Firmicutes,c__Negativicutes,o__Veillonellales,f__Veillonellaceae,g__Veillonella,s__Veillonella_atypica,t__SGB6936,,,
k__Bacteria|p__Bacteroidetes|c__Bacteroidia|o__Bacteroidales|f__Bacteroidaceae|g__Phocaeicola|s__Phocaeicola_plebeius|t__SGB1903,62,k__Bacteria,p__Bacteroidetes,c__Bacteroidia,o__Bacteroidales,f__Bacteroidaceae,g__Phocaeicola,s__Phocaeicola_plebeius,t__SGB1903,,,
k__Bacteria|p__Firmicutes|c__Erysipelotrichia|o__Erysipelotrichales|f__Turicibacteraceae|g__Turicibacter|s__Turicibacter_bilis|t__SGB6847,3,k__Bacteria,p__Firmicutes,c__Erysipelotrichia,o__Erysipelotrichales,f__Turicibacteraceae,g__Turicibacter,s__Turicibacter_bilis,t__SGB6847,,,
k__Bacteria|p__Firmicutes|c__Bacilli|o__Lactobacillales|f__Enterococcaceae|g__Enterococcus|s__Enterococcus_gallinarum|t__SGB7951,1,k__Bacteria,p__Firmicutes,c__Bacilli,o__Lactobacillales,f__Enterococcaceae,g__Enterococcus,s__Enterococcus_gallinarum,t__SGB7951,,,
k__Bacteria|p__Firmicutes|c__Clostridia|o__Eubacteriales|f__Clostridiaceae|g__Clostridium|s__Clostridium_sp_NSJ_6|t__SGB29097,2,k__Bacteria,p__Firmicutes,c__Clostridia,o__Eubacteriales,f__Clostridiaceae,g__Clostridium,s__Clostridium_sp_NSJ_6,t__SGB29097,,,
k__Bacteria|p__Firmicutes|c__Bacilli|o__Lactobacillales|f__Enterococcaceae|g__Enterococcus|s__Enterococcus_faecium|t__SGB7967,6,k__Bacteria,p__Firmicutes,c__Bacilli,o__Lactobacillales,f__Enterococcaceae,g__Enterococcus,s__Enterococcus_faecium,t__SGB7967,,,
k__Bacteria|p__Firmicutes|c__Bacilli|o__Lactobacillales|f__Enterococcaceae|g__Enterococcus|s__Enterococcus_casseliflavus|t__SGB7952,1,k__Bacteria,p__Firmicutes,c__Bacilli,o__Lactobacillales,f__Enterococcaceae,g__Enterococcus,s__Enterococcus_casseliflavus,t__SGB7952,,,
k__Bacteria|p__Proteobacteria|c__Gammaproteobacteria|o__Enterobacterales|f__Enterobacteriaceae|g__Escherichia|s__Escherichia_coli|t__SGB10068,28,k__Bacteria,p__Proteobacteria,c__Gammaproteobacteria,o__Enterobacterales,f__Enterobacteriaceae,g__Escherichia,s__Escherichia_coli,t__SGB10068,,,
k__Bacteria|p__Firmicutes|c__Erysipelotrichia|o__Erysipelotrichales|f__Erysipelotrichaceae|g__Holdemanella|s__Holdemanella_biformis|t__SGB6806,42,k__Bacteria,p__Firmicutes,c__Erysipelotrichia,o__Erysipelotrichales,f__Erysipelotrichaceae,g__Holdemanella,s__Holdemanella_biformis,t__SGB6806,,,
k__Bacteria|p__Firmicutes|c__Negativicutes|o__Veillonellales|f__Veillonellaceae|g__GGB4266|s__GGB4266_SGB5809|t__SGB5809,27,k__Bacteria,p__Firmicutes,c__Negativicutes,o__Veillonellales,f__Veillonellaceae,g__GGB4266,s__GGB4266_SGB5809,t__SGB5809,,,
k__Bacteria|p__Firmicutes|c__Clostridia|o__Eubacteriales|f__Clostridiaceae|g__Clostridiaceae_unclassified|s__Clostridiaceae_unclassified_SGB15090|t__SGB15090,57,k__Bacteria,p__Firmicutes,c__Clostridia,o__Eubacteriales,f__Clostridiaceae,g__Clostridiaceae_unclassified,s__Clostridiaceae_unclassified_SGB15090,t__SGB15090,,,
k__Bacteria|p__Firmicutes|c__Clostridia|o__Eubacteriales|f__Lachnospiraceae|g__Coprococcus|s__Coprococcus_eutactus|t__SGB5117,103,k__Bacteria,p__Firmicutes,c__Clostridia,o__Eubacteriales,f__Lachnospiraceae,g__Coprococcus,s__Coprococcus_eutactus,t__SGB5117,,,
k__Bacteria|p__Firmicutes|c__Erysipelotrichia|o__Erysipelotrichales|f__Erysipelotrichaceae|g__Holdemanella|s__Holdemanella_porci|t__SGB6796,71,k__Bacteria,p__Firmicutes,c__Erysipelotrichia,o__Erysipelotrichales,f__Erysipelotrichaceae,g__Holdemanella,s__Holdemanella_porci,t__SGB6796,,,
k__Bacteria|p__Firmicutes|c__Erysipelotrichia|o__Erysipelotrichales|f__Erysipelotrichaceae|g__Catenibacterium|s__Candidatus_Catenibacterium_tridentinum|t__SGB6783,41,k__Bacteria,p__Firmicutes,c__Erysipelotrichia,o__Erysipelotrichales,f__Erysipelotrichaceae,g__Catenibacterium,s__Candidatus_Catenibacterium_tridentinum,t__SGB6783,,,
k__Bacteria|p__Firmicutes|c__CFGB4806|o__OFGB4806|f__FGB4806|g__GGB51647|s__GGB51647_SGB4348|t__SGB4348,84,k__Bacteria,p__Firmicutes,c__CFGB4806,o__OFGB4806,f__FGB4806,g__GGB51647,s__GGB51647_SGB4348,t__SGB4348,,,
k__Bacteria|p__Bacteroidetes|c__Bacteroidia|o__Bacteroidales|f__Prevotellaceae|g__Prevotella|s__Prevotella_copri_clade_C|t__SGB1644,36,k__Bacteria,p__Bacteroidetes,c__Bacteroidia,o__Bacteroidales,f__Prevotellaceae,g__Prevotella,s__Prevotella_copri_clade_C,t__SGB1644,,,
k__Bacteria|p__Proteobacteria|c__Gammaproteobacteria|o__Aeromonadales|f__Succinivibrionaceae|g__GGB2734|s__GGB2734_SGB3677|t__SGB3677,21,k__Bacteria,p__Proteobacteria,c__Gammaproteobacteria,o__Aeromonadales,f__Succinivibrionaceae,g__GGB2734,s__GGB2734_SGB3677,t__SGB3677,,,
k__Bacteria|p__Firmicutes|c__Clostridia|o__Eubacteriales|f__Oscillospiraceae|g__GGB9715|s__GGB9715_SGB15265|t__SGB15265,90,k__Bacteria,p__Firmicutes,c__Clostridia,o__Eubacteriales,f__Oscillospiraceae,g__GGB9715,s__GGB9715_SGB15265,t__SGB15265,,,
k__Bacteria|p__Proteobacteria|c__Betaproteobacteria|o__Burkholderiales|f__Sutterellaceae|g__Duodenibacillus|s__Duodenibacillus_massiliensis|t__SGB9273,38,k__Bacteria,p__Proteobacteria,c__Betaproteobacteria,o__Burkholderiales,f__Sutterellaceae,g__Duodenibacillus,s__Duodenibacillus_massiliensis,t__SGB9273,,,
k__Bacteria|p__Firmicutes|c__Firmicutes_unclassified|o__Firmicutes_unclassified|f__Firmicutes_unclassified|g__GGB9512|s__GGB9512_SGB14909|t__SGB14909,67,k__Bacteria,p__Firmicutes,c__Firmicutes_unclassified,o__Firmicutes_unclassified,f__Firmicutes_unclassified,g__GGB9512,s__GGB9512_SGB14909,t__SGB14909,,,
k__Bacteria|p__Firmicutes|c__Clostridia|o__Eubacteriales|f__Clostridiaceae|g__Clostridium|s__Clostridium_fessum|t__SGB4705,208,k__Bacteria,p__Firmicutes,c__Clostridia,o__Eubacteriales,f__Clostridiaceae,g__Clostridium,s__Clostridium_fessum,t__SGB4705,,,
k__Bacteria|p__Firmicutes|c__CFGB1258|o__OFGB1258|f__FGB1258|g__GGB3052|s__GGB3052_SGB4053|t__SGB4053,11,k__Bacteria,p__Firmicutes,c__CFGB1258,o__OFGB1258,f__FGB1258,g__GGB3052,s__GGB3052_SGB4053,t__SGB4053,,,
k__Bacteria|p__Bacteroidetes|c__Bacteroidia|o__Bacteroidales|f__Prevotellaceae|g__Prevotella|s__Prevotella_copri_clade_B|t__SGB1613,24,k__Bacteria,p__Bacteroidetes,c__Bacteroidia,o__Bacteroidales,f__Prevotellaceae,g__Prevotella,s__Prevotella_copri_clade_B,t__SGB1613,,,
k__Bacteria|p__Firmicutes|c__Erysipelotrichia|o__Erysipelotrichales|f__Erysipelotrichaceae|g__Erysipelotrichaceae_unclassified|s__Erysipelotrichaceae_bacterium_7770_A6|t__SGB6836,8,k__Bacteria,p__Firmicutes,c__Erysipelotrichia,o__Erysipelotrichales,f__Erysipelotrichaceae,g__Erysipelotrichaceae_unclassified,s__Erysipelotrichaceae_bacterium_7770_A6,t__SGB6836,,,
k__Bacteria|p__Firmicutes|c__Clostridia|o__Eubacteriales|f__Oscillospiraceae|g__Faecalibacterium|s__Faecalibacterium_prausnitzii|t__SGB15318,221,k__Bacteria,p__Firmicutes,c__Clostridia,o__Eubacteriales,f__Oscillospiraceae,g__Faecalibacterium,s__Faecalibacterium_prausnitzii,t__SGB15318,,,
k__Bacteria|p__Firmicutes|c__Clostridia|o__Eubacteriales|f__Eubacteriales_Family_XIII_Incertae_Sedis|g__Mogibacterium|s__Mogibacterium_kristiansenii|t__SGB3926_group,11,k__Bacteria,p__Firmicutes,c__Clostridia,o__Eubacteriales,f__Eubacteriales_Family_XIII_Incertae_Sedis,g__Mogibacterium,s__Mogibacterium_kristiansenii,t__SGB3926_group,,,
k__Bacteria|p__Bacteroidetes|c__CFGB4405|o__OFGB4405|f__FGB4405|g__GGB1266|s__GGB1266_SGB1699|t__SGB1699,51,k__Bacteria,p__Bacteroidetes,c__CFGB4405,o__OFGB4405,f__FGB4405,g__GGB1266,s__GGB1266_SGB1699,t__SGB1699,,,
k__Bacteria|p__Firmicutes|c__Clostridia|o__Eubacteriales|f__Lachnospiraceae|g__Anaerotignum|s__Anaerotignum_faecicola|t__SGB5190,105,k__Bacteria,p__Firmicutes,c__Clostridia,o__Eubacteriales,f__Lachnospiraceae,g__Anaerotignum,s__Anaerotignum_faecicola,t__SGB5190,,,
k__Bacteria|p__Bacteroidetes|c__Bacteroidia|o__Bacteroidales|f__Prevotellaceae|g__Prevotella|s__Prevotella_copri_clade_D|t__SGB1636,13,k__Bacteria,p__Bacteroidetes,c__Bacteroidia,o__Bacteroidales,f__Prevotellaceae,g__Prevotella,s__Prevotella_copri_clade_D,t__SGB1636,,,
k__Bacteria|p__Firmicutes|c__Clostridia|o__Eubacteriales|f__Lachnospiraceae|g__Blautia|s__Blautia_wexlerae|t__SGB4831,25,k__Bacteria,p__Firmicutes,c__Clostridia,o__Eubacteriales,f__Lachnospiraceae,g__Blautia,s__Blautia_wexlerae,t__SGB4831,,,
k__Bacteria|p__Bacteroidetes|c__Bacteroidia|o__Bacteroidales|f__Prevotellaceae|g__Prevotella|s__Prevotella_copri_clade_F|t__SGB1614,16,k__Bacteria,p__Bacteroidetes,c__Bacteroidia,o__Bacteroidales,f__Prevotellaceae,g__Prevotella,s__Prevotella_copri_clade_F,t__SGB1614,,,
k__Bacteria|p__Firmicutes|c__Clostridia|o__Eubacteriales|f__Oscillospiraceae|g__Ruminococcus|s__Ruminococcus_SGB4421|t__SGB4421,36,k__Bacteria,p__Firmicutes,c__Clostridia,o__Eubacteriales,f__Oscillospiraceae,g__Ruminococcus,s__Ruminococcus_SGB4421,t__SGB4421,,,
k__Bacteria|p__Firmicutes|c__Clostridia|o__Eubacteriales|f__Lachnospiraceae|g__Coprococcus|s__Coprococcus_catus|t__SGB4670,167,k__Bacteria,p__Firmicutes,c__Clostridia,o__Eubacteriales,f__Lachnospiraceae,g__Coprococcus,s__Coprococcus_catus,t__SGB4670,,,
k__Bacteria|p__Firmicutes|c__Clostridia|o__Eubacteriales|f__Oscillospiraceae|g__GGB9699|s__GGB9699_SGB15216|t__SGB15216,126,k__Bacteria,p__Firmicutes,c__Clostridia,o__Eubacteriales,f__Oscillospiraceae,g__GGB9699,s__GGB9699_SGB15216,t__SGB15216,,,
k__Bacteria|p__Actinobacteria|c__Coriobacteriia|o__Coriobacteriales|f__Atopobiaceae|g__Paratractidigestivibacter|s__Paratractidigestivibacter_faecalis|t__SGB14370,17,k__Bacteria,p__Actinobacteria,c__Coriobacteriia,o__Coriobacteriales,f__Atopobiaceae,g__Paratractidigestivibacter,s__Paratractidigestivibacter_faecalis,t__SGB14370,,,
k__Bacteria|p__Firmicutes|c__Clostridia|o__Eubacteriales|f__Oscillospiraceae|g__Oscillospiraceae_unclassified|s__Oscillospiraceae_unclassified_SGB15256|t__SGB15256,25,k__Bacteria,p__Firmicutes,c__Clostridia,o__Eubacteriales,f__Oscillospiraceae,g__Oscillospiraceae_unclassified,s__Oscillospiraceae_unclassified_SGB15256,t__SGB15256,,,
k__Bacteria|p__Bacteroidetes|c__Bacteroidia|o__Bacteroidales|f__Bacteroidaceae|g__GGB1380|s__GGB1380_SGB1883|t__SGB1883,5,k__Bacteria,p__Bacteroidetes,c__Bacteroidia,o__Bacteroidales,f__Bacteroidaceae,g__GGB1380,s__GGB1380_SGB1883,t__SGB1883,,,
k__Bacteria|p__Proteobacteria|c__Deltaproteobacteria|o__Desulfovibrionales|f__Desulfovibrionaceae|g__GGB9819|s__GGB9819_SGB15460|t__SGB15460,14,k__Bacteria,p__Proteobacteria,c__Deltaproteobacteria,o__Desulfovibrionales,f__Desulfovibrionaceae,g__GGB9819,s__GGB9819_SGB15460,t__SGB15460,,,
k__Bacteria|p__Firmicutes|c__Erysipelotrichia|o__Erysipelotrichales|f__Erysipelotrichaceae|g__Catenibacterium|s__Catenibacterium_mitsuokai|t__SGB6778,15,k__Bacteria,p__Firmicutes,c__Erysipelotrichia,o__Erysipelotrichales,f__Erysipelotrichaceae,g__Catenibacterium,s__Catenibacterium_mitsuokai,t__SGB6778,,,
k__Bacteria|p__Firmicutes|c__Clostridia|o__Eubacteriales|f__Lachnospiraceae|g__Dorea|s__Dorea_sp_AF24_7LB|t__SGB4571,27,k__Bacteria,p__Firmicutes,c__Clostridia,o__Eubacteriales,f__Lachnospiraceae,g__Dorea,s__Dorea_sp_AF24_7LB,t__SGB4571,,,
k__Bacteria|p__Firmicutes|c__CFGB1354|o__OFGB1354|f__FGB1354|g__GGB3304|s__GGB3304_SGB4367|t__SGB4367,59,k__Bacteria,p__Firmicutes,c__CFGB1354,o__OFGB1354,f__FGB1354,g__GGB3304,s__GGB3304_SGB4367,t__SGB4367,,,
k__Bacteria|p__Actinobacteria|c__Coriobacteriia|o__Coriobacteriales|f__Atopobiaceae|g__Parolsenella|s__Parolsenella_catena|t__SGB14379,13,k__Bacteria,p__Actinobacteria,c__Coriobacteriia,o__Coriobacteriales,f__Atopobiaceae,g__Parolsenella,s__Parolsenella_catena,t__SGB14379,,,
k__Bacteria|p__Proteobacteria|c__Deltaproteobacteria|o__Desulfovibrionales|f__Desulfovibrionaceae|g__Desulfovibrio|s__Desulfovibrio_piger|t__SGB15467,36,k__Bacteria,p__Proteobacteria,c__Deltaproteobacteria,o__Desulfovibrionales,f__Desulfovibrionaceae,g__Desulfovibrio,s__Desulfovibrio_piger,t__SGB15467,,,
k__Bacteria|p__Bacteroidetes|c__Bacteroidia|o__Bacteroidales|f__Rikenellaceae|g__Alistipes|s__Alistipes_indistinctus|t__SGB2325,23,k__Bacteria,p__Bacteroidetes,c__Bacteroidia,o__Bacteroidales,f__Rikenellaceae,g__Alistipes,s__Alistipes_indistinctus,t__SGB2325,,,
k__Bacteria|p__Firmicutes|c__Firmicutes_unclassified|o__Firmicutes_unclassified|f__Firmicutes_unclassified|g__Firmicutes_unclassified|s__Firmicutes_bacterium_AM41_11|t__SGB6817,10,k__Bacteria,p__Firmicutes,c__Firmicutes_unclassified,o__Firmicutes_unclassified,f__Firmicutes_unclassified,g__Firmicutes_unclassified,s__Firmicutes_bacterium_AM41_11,t__SGB6817,,,
k__Bacteria|p__Bacteroidetes|c__Bacteroidia|o__Bacteroidales|f__Prevotellaceae|g__GGB1247|s__GGB1247_SGB1668|t__SGB1668,9,k__Bacteria,p__Bacteroidetes,c__Bacteroidia,o__Bacteroidales,f__Prevotellaceae,g__GGB1247,s__GGB1247_SGB1668,t__SGB1668,,,
k__Bacteria|p__Actinobacteria|c__Coriobacteriia|o__Eggerthellales|f__Eggerthellaceae|g__Slackia|s__Slackia_isoflavoniconvertens|t__SGB14773,32,k__Bacteria,p__Actinobacteria,c__Coriobacteriia,o__Eggerthellales,f__Eggerthellaceae,g__Slackia,s__Slackia_isoflavoniconvertens,t__SGB14773,,,
k__Bacteria|p__Firmicutes|c__Clostridia|o__Eubacteriales|f__Eubacteriales_unclassified|g__Gemmiger|s__Gemmiger_SGB15299|t__SGB15299,39,k__Bacteria,p__Firmicutes,c__Clostridia,o__Eubacteriales,f__Eubacteriales_unclassified,g__Gemmiger,s__Gemmiger_SGB15299,t__SGB15299,,,
k__Bacteria|p__Actinobacteria|c__Coriobacteriia|o__Coriobacteriales|f__Coriobacteriaceae|g__Collinsella|s__Collinsella_bouchesdurhonensis|t__SGB14397,19,k__Bacteria,p__Actinobacteria,c__Coriobacteriia,o__Coriobacteriales,f__Coriobacteriaceae,g__Collinsella,s__Collinsella_bouchesdurhonensis,t__SGB14397,,,
k__Bacteria|p__Firmicutes|c__Clostridia|o__Eubacteriales|f__Lachnospiraceae|g__Lachnospiraceae_unclassified|s__Lachnospiraceae_bacterium|t__SGB4781,40,k__Bacteria,p__Firmicutes,c__Clostridia,o__Eubacteriales,f__Lachnospiraceae,g__Lachnospiraceae_unclassified,s__Lachnospiraceae_bacterium,t__SGB4781,,,
k__Bacteria|p__Bacteroidetes|c__Bacteroidia|o__Bacteroidales|f__Rikenellaceae|g__Alistipes|s__Alistipes_dispar|t__SGB2311,38,k__Bacteria,p__Bacteroidetes,c__Bacteroidia,o__Bacteroidales,f__Rikenellaceae,g__Alistipes,s__Alistipes_dispar,t__SGB2311,,,
k__Bacteria|p__Firmicutes|c__Clostridia|o__Eubacteriales|f__Lachnospiraceae|g__Tyzzerella|s__Tyzzerella_SGB4587|t__SGB4587,5,k__Bacteria,p__Firmicutes,c__Clostridia,o__Eubacteriales,f__Lachnospiraceae,g__Tyzzerella,s__Tyzzerella_SGB4587,t__SGB4587,,,
k__Bacteria|p__Bacteroidetes|c__Bacteroidia|o__Bacteroidales|f__Bacteroidaceae|g__Bacteroides|s__Bacteroides_finegoldii|t__SGB1862,64,k__Bacteria,p__Bacteroidetes,c__Bacteroidia,o__Bacteroidales,f__Bacteroidaceae,g__Bacteroides,s__Bacteroides_finegoldii,t__SGB1862,,,
k__Bacteria|p__Firmicutes|c__Clostridia|o__Eubacteriales|f__Oscillospiraceae|g__GGB9730|s__GGB9730_SGB15291|t__SGB15291,55,k__Bacteria,p__Firmicutes,c__Clostridia,o__Eubacteriales,f__Oscillospiraceae,g__GGB9730,s__GGB9730_SGB15291,t__SGB15291,,,
k__Bacteria|p__Firmicutes|c__Clostridia|o__Eubacteriales|f__Clostridiaceae|g__Sarcina|s__Sarcina_ventriculi|t__SGB6190,4,k__Bacteria,p__Firmicutes,c__Clostridia,o__Eubacteriales,f__Clostridiaceae,g__Sarcina,s__Sarcina_ventriculi,t__SGB6190,,,
k__Bacteria|p__Actinobacteria|c__Coriobacteriia|o__Coriobacteriales|f__Coriobacteriaceae|g__GGB9370|s__GGB9370_SGB14351|t__SGB14351,1,k__Bacteria,p__Actinobacteria,c__Coriobacteriia,o__Coriobacteriales,f__Coriobacteriaceae,g__GGB9370,s__GGB9370_SGB14351,t__SGB14351,,,
k__Bacteria|p__Bacteroidetes|c__CFGB658|o__OFGB658|f__FGB658|g__GGB1627|s__GGB1627_SGB2230|t__SGB2230,28,k__Bacteria,p__Bacteroidetes,c__CFGB658,o__OFGB658,f__FGB658,g__GGB1627,s__GGB1627_SGB2230,t__SGB2230,,,
k__Bacteria|p__Firmicutes|c__Clostridia|o__Eubacteriales|f__Eubacteriales_unclassified|g__GGB9760|s__GGB9760_SGB15373|t__SGB15373,50,k__Bacteria,p__Firmicutes,c__Clostridia,o__Eubacteriales,f__Eubacteriales_unclassified,g__GGB9760,s__GGB9760_SGB15373,t__SGB15373,,,
k__Bacteria|p__Firmicutes|c__Clostridia|o__Eubacteriales|f__Oscillospiraceae|g__Faecalibacterium|s__Faecalibacterium_prausnitzii|t__SGB15317,136,k__Bacteria,p__Firmicutes,c__Clostridia,o__Eubacteriales,f__Oscillospiraceae,g__Faecalibacterium,s__Faecalibacterium_prausnitzii,t__SGB15317,,,
k__Bacteria|p__Actinobacteria|c__Coriobacteriia|o__Coriobacteriales|f__Coriobacteriaceae|g__Senegalimassilia|s__Senegalimassilia_SGB14826|t__SGB14826,2,k__Bacteria,p__Actinobacteria,c__Coriobacteriia,o__Coriobacteriales,f__Coriobacteriaceae,g__Senegalimassilia,s__Senegalimassilia_SGB14826,t__SGB14826,,,
k__Bacteria|p__Firmicutes|c__CFGB9989|o__OFGB9989|f__FGB9989|g__GGB9712|s__GGB9712_SGB15244|t__SGB15244,33,k__Bacteria,p__Firmicutes,c__CFGB9989,o__OFGB9989,f__FGB9989,g__GGB9712,s__GGB9712_SGB15244,t__SGB15244,,,
k__Bacteria|p__Firmicutes|c__Clostridia|o__Eubacteriales|f__Oscillospiraceae|g__GGB33469|s__GGB33469_SGB15236|t__SGB15236,55,k__Bacteria,p__Firmicutes,c__Clostridia,o__Eubacteriales,f__Oscillospiraceae,g__GGB33469,s__GGB33469_SGB15236,t__SGB15236,,,
k__Bacteria|p__Bacteroidetes|c__CFGB535|o__OFGB535|f__FGB535|g__GGB1101|s__GGB1101_SGB1415|t__SGB1415,2,k__Bacteria,p__Bacteroidetes,c__CFGB535,o__OFGB535,f__FGB535,g__GGB1101,s__GGB1101_SGB1415,t__SGB1415,,,
k__Bacteria|p__Firmicutes|c__Clostridia|o__Eubacteriales|f__Clostridiaceae|g__Clostridiaceae_unclassified|s__Clostridiaceae_bacterium_Marseille_Q4143|t__SGB4768,52,k__Bacteria,p__Firmicutes,c__Clostridia,o__Eubacteriales,f__Clostridiaceae,g__Clostridiaceae_unclassified,s__Clostridiaceae_bacterium_Marseille_Q4143,t__SGB4768,,,
k__Bacteria|p__Firmicutes|c__Clostridia|o__Clostridia_unclassified|f__Clostridia_unclassified|g__GGB9533|s__GGB9533_SGB14936|t__SGB14936,2,k__Bacteria,p__Firmicutes,c__Clostridia,o__Clostridia_unclassified,f__Clostridia_unclassified,g__GGB9533,s__GGB9533_SGB14936,t__SGB14936,,,
k__Bacteria|p__Actinobacteria|c__Coriobacteriia|o__Coriobacteriales|f__Coriobacteriaceae|g__GGB18384|s__GGB18384_SGB14372|t__SGB14372,8,k__Bacteria,p__Actinobacteria,c__Coriobacteriia,o__Coriobacteriales,f__Coriobacteriaceae,g__GGB18384,s__GGB18384_SGB14372,t__SGB14372,,,
k__Bacteria|p__Bacteroidetes|c__Bacteroidia|o__Bacteroidales|f__Prevotellaceae|g__Paraprevotella|s__Paraprevotella_xylaniphila|t__SGB1797,13,k__Bacteria,p__Bacteroidetes,c__Bacteroidia,o__Bacteroidales,f__Prevotellaceae,g__Paraprevotella,s__Paraprevotella_xylaniphila,t__SGB1797,,,
k__Bacteria|p__Bacteroidetes|c__Bacteroidia|o__Bacteroidales|f__Bacteroidaceae|g__Phocaeicola|s__Phocaeicola_coprophilus|t__SGB1430,2,k__Bacteria,p__Bacteroidetes,c__Bacteroidia,o__Bacteroidales,f__Bacteroidaceae,g__Phocaeicola,s__Phocaeicola_coprophilus,t__SGB1430,,,
k__Bacteria|p__Firmicutes|c__Clostridia|o__Eubacteriales|f__Eubacteriales_Family_XIII_Incertae_Sedis|g__GGB2977|s__GGB2977_SGB3959|t__SGB3959,2,k__Bacteria,p__Firmicutes,c__Clostridia,o__Eubacteriales,f__Eubacteriales_Family_XIII_Incertae_Sedis,g__GGB2977,s__GGB2977_SGB3959,t__SGB3959,,,
k__Bacteria|p__Firmicutes|c__Clostridia|o__Eubacteriales|f__Oscillospiraceae|g__GGB9237|s__GGB9237_SGB14179|t__SGB14179,1,k__Bacteria,p__Firmicutes,c__Clostridia,o__Eubacteriales,f__Oscillospiraceae,g__GGB9237,s__GGB9237_SGB14179,t__SGB14179,,,
k__Bacteria|p__Firmicutes|c__Clostridia|o__Eubacteriales|f__Lachnospiraceae|g__GGB3433|s__GGB3433_SGB4573|t__SGB4573,16,k__Bacteria,p__Firmicutes,c__Clostridia,o__Eubacteriales,f__Lachnospiraceae,g__GGB3433,s__GGB3433_SGB4573,t__SGB4573,,,
k__Bacteria|p__Firmicutes|c__Clostridia|o__Eubacteriales|f__Oscillospiraceae|g__GGB9707|s__GGB9707_SGB15229|t__SGB15229,39,k__Bacteria,p__Firmicutes,c__Clostridia,o__Eubacteriales,f__Oscillospiraceae,g__GGB9707,s__GGB9707_SGB15229,t__SGB15229,,,
k__Bacteria|p__Firmicutes|c__Clostridia|o__Eubacteriales|f__Lachnospiraceae|g__Lachnospiraceae_unclassified|s__Lachnospiraceae_bacterium_Marseille_Q4251|t__SGB4780,35,k__Bacteria,p__Firmicutes,c__Clostridia,o__Eubacteriales,f__Lachnospiraceae,g__Lachnospiraceae_unclassified,s__Lachnospiraceae_bacterium_Marseille_Q4251,t__SGB4780,,,
k__Bacteria|p__Lentisphaerae|c__Lentisphaeria|o__Victivallales|f__Victivallaceae|g__Victivallis|s__Victivallis_lenta|t__SGB9203,14,k__Bacteria,p__Lentisphaerae,c__Lentisphaeria,o__Victivallales,f__Victivallaceae,g__Victivallis,s__Victivallis_lenta,t__SGB9203,,,
k__Bacteria|p__Firmicutes|c__Clostridia|o__Eubacteriales|f__Oscillospiraceae|g__GGB9708|s__GGB9708_SGB15234|t__SGB15234,101,k__Bacteria,p__Firmicutes,c__Clostridia,o__Eubacteriales,f__Oscillospiraceae,g__GGB9708,s__GGB9708_SGB15234,t__SGB15234,,,
k__Bacteria|p__Firmicutes|c__CFGB1011|o__OFGB1011|f__FGB1011|g__GGB2653|s__GGB2653_SGB3574|t__SGB3574,2,k__Bacteria,p__Firmicutes,c__CFGB1011,o__OFGB1011,f__FGB1011,g__GGB2653,s__GGB2653_SGB3574,t__SGB3574,,,
k__Bacteria|p__Bacteroidetes|c__Bacteroidia|o__Bacteroidales|f__Bacteroidaceae|g__Bacteroides|s__Bacteroides_clarus|t__SGB1832,47,k__Bacteria,p__Bacteroidetes,c__Bacteroidia,o__Bacteroidales,f__Bacteroidaceae,g__Bacteroides,s__Bacteroides_clarus,t__SGB1832,,,
k__Bacteria|p__Firmicutes|c__CFGB3529|o__OFGB3529|f__FGB3529|g__GGB3570|s__GGB3570_SGB4777|t__SGB4777,16,k__Bacteria,p__Firmicutes,c__CFGB3529,o__OFGB3529,f__FGB3529,g__GGB3570,s__GGB3570_SGB4777,t__SGB4777,,,
k__Bacteria|p__Firmicutes|c__CFGB3062|o__OFGB3062|f__FGB3062|g__GGB9747|s__GGB9747_SGB15356|t__SGB15356,37,k__Bacteria,p__Firmicutes,c__CFGB3062,o__OFGB3062,f__FGB3062,g__GGB9747,s__GGB9747_SGB15356,t__SGB15356,,,
k__Bacteria|p__Firmicutes|c__CFGB30328|o__OFGB30328|f__FGB30328|g__GGB9522|s__GGB9522_SGB14921|t__SGB14921,1,k__Bacteria,p__Firmicutes,c__CFGB30328,o__OFGB30328,f__FGB30328,g__GGB9522,s__GGB9522_SGB14921,t__SGB14921,,,
k__Bacteria|p__Bacteroidetes|c__Bacteroidia|o__Bacteroidales|f__Bacteroidaceae|g__Bacteroides|s__Bacteroides_eggerthii|t__SGB1829,75,k__Bacteria,p__Bacteroidetes,c__Bacteroidia,o__Bacteroidales,f__Bacteroidaceae,g__Bacteroides,s__Bacteroides_eggerthii,t__SGB1829,,,
k__Bacteria|p__Proteobacteria|c__Betaproteobacteria|o__Burkholderiales|f__Oxalobacteraceae|g__GGB6649|s__GGB6649_SGB9391|t__SGB9391,1,k__Bacteria,p__Proteobacteria,c__Betaproteobacteria,o__Burkholderiales,f__Oxalobacteraceae,g__GGB6649,s__GGB6649_SGB9391,t__SGB9391,,,
k__Bacteria|p__Firmicutes|c__Clostridia|o__Eubacteriales|f__Lachnospiraceae|g__Blautia|s__Blautia_producta|t__SGB4791,6,k__Bacteria,p__Firmicutes,c__Clostridia,o__Eubacteriales,f__Lachnospiraceae,g__Blautia,s__Blautia_producta,t__SGB4791,,,
k__Bacteria|p__Firmicutes|c__Clostridia|o__Eubacteriales|f__Oscillospiraceae|g__GGB9713|s__GGB9713_SGB15249|t__SGB15249,68,k__Bacteria,p__Firmicutes,c__Clostridia,o__Eubacteriales,f__Oscillospiraceae,g__GGB9713,s__GGB9713_SGB15249,t__SGB15249,,,
k__Bacteria|p__Firmicutes|c__CFGB3023|o__OFGB3023|f__FGB3023|g__GGB9502|s__GGB9502_SGB14899|t__SGB14899,4,k__Bacteria,p__Firmicutes,c__CFGB3023,o__OFGB3023,f__FGB3023,g__GGB9502,s__GGB9502_SGB14899,t__SGB14899,,,
k__Bacteria|p__Firmicutes|c__CFGB74730|o__OFGB74730|f__FGB74730|g__GGB51139|s__GGB51139_SGB71360|t__SGB71360,1,k__Bacteria,p__Firmicutes,c__CFGB74730,o__OFGB74730,f__FGB74730,g__GGB51139,s__GGB51139_SGB71360,t__SGB71360,,,
k__Bacteria|p__Bacteroidetes|c__Bacteroidia|o__Bacteroidales|f__Rikenellaceae|g__Alistipes|s__Alistipes_senegalensis|t__SGB2296,28,k__Bacteria,p__Bacteroidetes,c__Bacteroidia,o__Bacteroidales,f__Rikenellaceae,g__Alistipes,s__Alistipes_senegalensis,t__SGB2296,,,
k__Bacteria|p__Firmicutes|c__Clostridia|o__Eubacteriales|f__Lachnospiraceae|g__Mediterraneibacter|s__Mediterraneibacter_butyricigenes|t__SGB25493,4,k__Bacteria,p__Firmicutes,c__Clostridia,o__Eubacteriales,f__Lachnospiraceae,g__Mediterraneibacter,s__Mediterraneibacter_butyricigenes,t__SGB25493,,,
k__Bacteria|p__Firmicutes|c__Clostridia|o__Eubacteriales|f__Clostridiaceae|g__Clostridium|s__Clostridium_sp_AF27_2AA|t__SGB4712,21,k__Bacteria,p__Firmicutes,c__Clostridia,o__Eubacteriales,f__Clostridiaceae,g__Clostridium,s__Clostridium_sp_AF27_2AA,t__SGB4712,,,
k__Bacteria|p__Firmicutes|c__Clostridia|o__Eubacteriales|f__Eubacteriales_unclassified|g__Eubacteriales_unclassified|s__Clostridiales_bacterium|t__SGB15146,2,k__Bacteria,p__Firmicutes,c__Clostridia,o__Eubacteriales,f__Eubacteriales_unclassified,g__Eubacteriales_unclassified,s__Clostridiales_bacterium,t__SGB15146,,,
k__Bacteria|p__Firmicutes|c__Clostridia|o__Eubacteriales|f__Clostridiaceae|g__Clostridium|s__Clostridium_sp_1001270H_150608_G6|t__SGB5111,63,k__Bacteria,p__Firmicutes,c__Clostridia,o__Eubacteriales,f__Clostridiaceae,g__Clostridium,s__Clostridium_sp_1001270H_150608_G6,t__SGB5111,,,
k__Bacteria|p__Firmicutes|c__CFGB2918|o__OFGB2918|f__FGB2918|g__GGB9289|s__GGB9289_SGB14244|t__SGB14244,1,k__Bacteria,p__Firmicutes,c__CFGB2918,o__OFGB2918,f__FGB2918,g__GGB9289,s__GGB9289_SGB14244,t__SGB14244,,,
k__Bacteria|p__Firmicutes|c__Clostridia|o__Eubacteriales|f__Lachnospiraceae|g__Roseburia|s__Roseburia_sp_BX1005|t__SGB4963,2,k__Bacteria,p__Firmicutes,c__Clostridia,o__Eubacteriales,f__Lachnospiraceae,g__Roseburia,s__Roseburia_sp_BX1005,t__SGB4963,,,
k__Bacteria|p__Firmicutes|c__Bacilli|o__Lactobacillales|f__Streptococcaceae|g__Streptococcus|s__Streptococcus_salivarius|t__SGB8007_group,14,k__Bacteria,p__Firmicutes,c__Bacilli,o__Lactobacillales,f__Streptococcaceae,g__Streptococcus,s__Streptococcus_salivarius,t__SGB8007_group,,,
k__Bacteria|p__Proteobacteria|c__Betaproteobacteria|o__Burkholderiales|f__Sutterellaceae|g__Sutterella|s__Sutterella_SGB9281|t__SGB9281,11,k__Bacteria,p__Proteobacteria,c__Betaproteobacteria,o__Burkholderiales,f__Sutterellaceae,g__Sutterella,s__Sutterella_SGB9281,t__SGB9281,,,
k__Bacteria|p__Bacteroidetes|c__CFGB602|o__OFGB602|f__FGB602|g__GGB1420|s__GGB1420_SGB1957|t__SGB1957,73,k__Bacteria,p__Bacteroidetes,c__CFGB602,o__OFGB602,f__FGB602,g__GGB1420,s__GGB1420_SGB1957,t__SGB1957,,,
k__Bacteria|p__Actinobacteria|c__CFGB2992|o__OFGB2992|f__FGB2992|g__GGB9412|s__GGB9412_SGB14770|t__SGB14770,18,k__Bacteria,p__Actinobacteria,c__CFGB2992,o__OFGB2992,f__FGB2992,g__GGB9412,s__GGB9412_SGB14770,t__SGB14770,,,
k__Bacteria|p__Firmicutes|c__CFGB3035|o__OFGB3035|f__FGB3035|g__GGB9602|s__GGB9602_SGB15031|t__SGB15031,65,k__Bacteria,p__Firmicutes,c__CFGB3035,o__OFGB3035,f__FGB3035,g__GGB9602,s__GGB9602_SGB15031,t__SGB15031,,,
k__Bacteria|p__Firmicutes|c__Clostridia|o__Eubacteriales|f__Lachnospiraceae|g__Blautia|s__Blautia_argi|t__SGB4797,1,k__Bacteria,p__Firmicutes,c__Clostridia,o__Eubacteriales,f__Lachnospiraceae,g__Blautia,s__Blautia_argi,t__SGB4797,,,
k__Bacteria|p__Firmicutes|c__Clostridia|o__Eubacteriales|f__Eubacteriales_unclassified|g__Intestinimonas|s__Intestinimonas_butyriciproducens|t__SGB15126,11,k__Bacteria,p__Firmicutes,c__Clostridia,o__Eubacteriales,f__Eubacteriales_unclassified,g__Intestinimonas,s__Intestinimonas_butyriciproducens,t__SGB15126,,,
k__Bacteria|p__Firmicutes|c__Clostridia|o__Eubacteriales|f__Lachnospiraceae|g__Lachnoclostridium|s__Lachnoclostridium_sp_An138|t__SGB4774,2,k__Bacteria,p__Firmicutes,c__Clostridia,o__Eubacteriales,f__Lachnospiraceae,g__Lachnoclostridium,s__Lachnoclostridium_sp_An138,t__SGB4774,,,
k__Bacteria|p__Firmicutes|c__Clostridia|o__Eubacteriales|f__Lachnospiraceae|g__Lachnospiraceae_unclassified|s__Lachnospiraceae_bacterium_OM04_12BH|t__SGB4893,5,k__Bacteria,p__Firmicutes,c__Clostridia,o__Eubacteriales,f__Lachnospiraceae,g__Lachnospiraceae_unclassified,s__Lachnospiraceae_bacterium_OM04_12BH,t__SGB4893,,,
k__Bacteria|p__Firmicutes|c__Clostridia|o__Eubacteriales|f__Oscillospiraceae|g__GGB9619|s__GGB9619_SGB15066|t__SGB15066,4,k__Bacteria,p__Firmicutes,c__Clostridia,o__Eubacteriales,f__Oscillospiraceae,g__GGB9619,s__GGB9619_SGB15066,t__SGB15066,,,
k__Bacteria|p__Firmicutes|c__Clostridia|o__Eubacteriales|f__Lachnospiraceae|g__Roseburia|s__Roseburia_sp_AF02_12|t__SGB4938,42,k__Bacteria,p__Firmicutes,c__Clostridia,o__Eubacteriales,f__Lachnospiraceae,g__Roseburia,s__Roseburia_sp_AF02_12,t__SGB4938,,,
k__Bacteria|p__Firmicutes|c__CFGB38642|o__OFGB38642|f__FGB38642|g__GGB9765|s__GGB9765_SGB15382|t__SGB15382,8,k__Bacteria,p__Firmicutes,c__CFGB38642,o__OFGB38642,f__FGB38642,g__GGB9765,s__GGB9765_SGB15382,t__SGB15382,,,
k__Bacteria|p__Firmicutes|c__CFGB1359|o__OFGB1359|f__FGB1359|g__GGB3321|s__GGB3321_SGB4394|t__SGB4394,7,k__Bacteria,p__Firmicutes,c__CFGB1359,o__OFGB1359,f__FGB1359,g__GGB3321,s__GGB3321_SGB4394,t__SGB4394,,,
k__Bacteria|p__Bacteroidetes|c__Bacteroidia|o__Bacteroidales|f__Odoribacteraceae|g__Butyricimonas|s__Butyricimonas_faecalis|t__SGB1782,22,k__Bacteria,p__Bacteroidetes,c__Bacteroidia,o__Bacteroidales,f__Odoribacteraceae,g__Butyricimonas,s__Butyricimonas_faecalis,t__SGB1782,,,
k__Bacteria|p__Actinobacteria|c__Coriobacteriia|o__Coriobacteriales|f__Coriobacteriaceae|g__GGB51960|s__GGB51960_SGB72480|t__SGB72480,1,k__Bacteria,p__Actinobacteria,c__Coriobacteriia,o__Coriobacteriales,f__Coriobacteriaceae,g__GGB51960,s__GGB51960_SGB72480,t__SGB72480,,,
k__Bacteria|p__Firmicutes|c__Clostridia|o__Eubacteriales|f__Oscillospiraceae|g__GGB9715|s__GGB9715_SGB15267|t__SGB15267,26,k__Bacteria,p__Firmicutes,c__Clostridia,o__Eubacteriales,f__Oscillospiraceae,g__GGB9715,s__GGB9715_SGB15267,t__SGB15267,,,
k__Bacteria|p__Firmicutes|c__Bacilli|o__Lactobacillales|f__Enterococcaceae|g__Enterococcus|s__Enterococcus_hirae|t__SGB7970,1,k__Bacteria,p__Firmicutes,c__Bacilli,o__Lactobacillales,f__Enterococcaceae,g__Enterococcus,s__Enterococcus_hirae,t__SGB7970,,,
k__Bacteria|p__Actinobacteria|c__Actinomycetia|o__Bifidobacteriales|f__Bifidobacteriaceae|g__Bifidobacterium|s__Bifidobacterium_dentium|t__SGB17234,1,k__Bacteria,p__Actinobacteria,c__Actinomycetia,o__Bifidobacteriales,f__Bifidobacteriaceae,g__Bifidobacterium,s__Bifidobacterium_dentium,t__SGB17234,,,
k__Bacteria|p__Firmicutes|c__Bacilli|o__Lactobacillales|f__Streptococcaceae|g__Lactococcus|s__Lactococcus_lactis|t__SGB7985,2,k__Bacteria,p__Firmicutes,c__Bacilli,o__Lactobacillales,f__Streptococcaceae,g__Lactococcus,s__Lactococcus_lactis,t__SGB7985,,,
k__Bacteria|p__Firmicutes|c__CFGB1765|o__OFGB1765|f__FGB1765|g__GGB4604|s__GGB4604_SGB6371|t__SGB6371,6,k__Bacteria,p__Firmicutes,c__CFGB1765,o__OFGB1765,f__FGB1765,g__GGB4604,s__GGB4604_SGB6371,t__SGB6371,,,
k__Bacteria|p__Firmicutes|c__Bacilli|o__Lactobacillales|f__Lactobacillaceae|g__Lactobacillus|s__Lactobacillus_delbrueckii|t__SGB7020,1,k__Bacteria,p__Firmicutes,c__Bacilli,o__Lactobacillales,f__Lactobacillaceae,g__Lactobacillus,s__Lactobacillus_delbrueckii,t__SGB7020,,,
k__Bacteria|p__Firmicutes|c__Clostridia|o__Eubacteriales|f__Lachnospiraceae|g__Blautia|s__Blautia_glucerasea|t__SGB4816,55,k__Bacteria,p__Firmicutes,c__Clostridia,o__Eubacteriales,f__Lachnospiraceae,g__Blautia,s__Blautia_glucerasea,t__SGB4816,,,
k__Bacteria|p__Firmicutes|c__Bacilli|o__Lactobacillales|f__Enterococcaceae|g__Enterococcus|s__Enterococcus_durans|t__SGB7966,3,k__Bacteria,p__Firmicutes,c__Bacilli,o__Lactobacillales,f__Enterococcaceae,g__Enterococcus,s__Enterococcus_durans,t__SGB7966,,,
k__Bacteria|p__Firmicutes|c__Clostridia|o__Eubacteriales|f__Oscillospiraceae|g__Ruminococcus|s__Ruminococcus_bicirculans|t__SGB4262,148,k__Bacteria,p__Firmicutes,c__Clostridia,o__Eubacteriales,f__Oscillospiraceae,g__Ruminococcus,s__Ruminococcus_bicirculans,t__SGB4262,,,
k__Bacteria|p__Firmicutes|c__CFGB1325|o__OFGB1325|f__FGB1325|g__GGB3175|s__GGB3175_SGB4191|t__SGB4191,64,k__Bacteria,p__Firmicutes,c__CFGB1325,o__OFGB1325,f__FGB1325,g__GGB3175,s__GGB3175_SGB4191,t__SGB4191,,,
k__Bacteria|p__Firmicutes|c__Clostridia|o__Eubacteriales|f__Oscillospiraceae|g__Ruminococcus|s__Ruminococcus_sp_BSD2780120874_150323_B10|t__SGB4290,62,k__Bacteria,p__Firmicutes,c__Clostridia,o__Eubacteriales,f__Oscillospiraceae,g__Ruminococcus,s__Ruminococcus_sp_BSD2780120874_150323_B10,t__SGB4290,,,
k__Bacteria|p__Firmicutes|c__Clostridia|o__Eubacteriales|f__Oscillospiraceae|g__Faecalibacterium|s__Faecalibacterium_prausnitzii|t__SGB15333,26,k__Bacteria,p__Firmicutes,c__Clostridia,o__Eubacteriales,f__Oscillospiraceae,g__Faecalibacterium,s__Faecalibacterium_prausnitzii,t__SGB15333,,,
k__Bacteria|p__Firmicutes|c__Clostridia|o__Eubacteriales|f__Oscillospiraceae|g__GGB3343|s__GGB3343_SGB4423|t__SGB4423,13,k__Bacteria,p__Firmicutes,c__Clostridia,o__Eubacteriales,f__Oscillospiraceae,g__GGB3343,s__GGB3343_SGB4423,t__SGB4423,,,
k__Bacteria|p__Verrucomicrobia|c__Verrucomicrobiae|o__Verrucomicrobiales|f__Akkermansiaceae|g__Akkermansia|s__Akkermansia_muciniphila|t__SGB9226,73,k__Bacteria,p__Verrucomicrobia,c__Verrucomicrobiae,o__Verrucomicrobiales,f__Akkermansiaceae,g__Akkermansia,s__Akkermansia_muciniphila,t__SGB9226,,,
k__Bacteria|p__Firmicutes|c__Clostridia|o__Eubacteriales|f__Clostridiaceae|g__GGB3480|s__GGB3480_SGB4648|t__SGB4648,34,k__Bacteria,p__Firmicutes,c__Clostridia,o__Eubacteriales,f__Clostridiaceae,g__GGB3480,s__GGB3480_SGB4648,t__SGB4648,,,
k__Bacteria|p__Firmicutes|c__Clostridia|o__Eubacteriales|f__Lachnospiraceae|g__Blautia|s__Blautia_faecicola|t__SGB4867,33,k__Bacteria,p__Firmicutes,c__Clostridia,o__Eubacteriales,f__Lachnospiraceae,g__Blautia,s__Blautia_faecicola,t__SGB4867,,,
k__Bacteria|p__Firmicutes|c__Clostridia|o__Eubacteriales|f__Oscillospiraceae|g__Oscillibacter|s__Oscillibacter_sp_ER4|t__SGB15254,197,k__Bacteria,p__Firmicutes,c__Clostridia,o__Eubacteriales,f__Oscillospiraceae,g__Oscillibacter,s__Oscillibacter_sp_ER4,t__SGB15254,,,
k__Bacteria|p__Firmicutes|c__CFGB14936|o__OFGB14936|f__FGB14936|g__GGB3256|s__GGB3256_SGB4303|t__SGB4303,81,k__Bacteria,p__Firmicutes,c__CFGB14936,o__OFGB14936,f__FGB14936,g__GGB3256,s__GGB3256_SGB4303,t__SGB4303,,,
k__Bacteria|p__Firmicutes|c__CFGB72926|o__OFGB72926|f__FGB72926|g__GGB3614|s__GGB3614_SGB4886|t__SGB4886,19,k__Bacteria,p__Firmicutes,c__CFGB72926,o__OFGB72926,f__FGB72926,g__GGB3614,s__GGB3614_SGB4886,t__SGB4886,,,
k__Bacteria|p__Firmicutes|c__Clostridia|o__Eubacteriales|f__Clostridiaceae|g__Clostridium|s__Clostridium_sp_AF34_13|t__SGB4659,48,k__Bacteria,p__Firmicutes,c__Clostridia,o__Eubacteriales,f__Clostridiaceae,g__Clostridium,s__Clostridium_sp_AF34_13,t__SGB4659,,,
k__Bacteria|p__Firmicutes|c__CFGB1765|o__OFGB1765|f__FGB1765|g__GGB4552|s__GGB4552_SGB6276|t__SGB6276,70,k__Bacteria,p__Firmicutes,c__CFGB1765,o__OFGB1765,f__FGB1765,g__GGB4552,s__GGB4552_SGB6276,t__SGB6276,,,
k__Bacteria|p__Firmicutes|c__CFGB1765|o__OFGB1765|f__FGB1765|g__GGB4588|s__GGB4588_SGB6347|t__SGB6347,14,k__Bacteria,p__Firmicutes,c__CFGB1765,o__OFGB1765,f__FGB1765,g__GGB4588,s__GGB4588_SGB6347,t__SGB6347,,,
k__Bacteria|p__Firmicutes|c__Clostridia|o__Eubacteriales|f__Oscillospiraceae|g__Monoglobus|s__Monoglobus_pectinilyticus|t__SGB4166,12,k__Bacteria,p__Firmicutes,c__Clostridia,o__Eubacteriales,f__Oscillospiraceae,g__Monoglobus,s__Monoglobus_pectinilyticus,t__SGB4166,,,
k__Bacteria|p__Firmicutes|c__Clostridia|o__Clostridia_unclassified|f__Clostridia_unclassified|g__GGB3363|s__GGB3363_SGB4448|t__SGB4448,27,k__Bacteria,p__Firmicutes,c__Clostridia,o__Clostridia_unclassified,f__Clostridia_unclassified,g__GGB3363,s__GGB3363_SGB4448,t__SGB4448,,,
k__Bacteria|p__Firmicutes|c__Clostridia|o__Eubacteriales|f__Oscillospiraceae|g__Oscillospiraceae_unclassified|s__Oscillospiraceae_bacterium|t__SGB4247,13,k__Bacteria,p__Firmicutes,c__Clostridia,o__Eubacteriales,f__Oscillospiraceae,g__Oscillospiraceae_unclassified,s__Oscillospiraceae_bacterium,t__SGB4247,,,
k__Bacteria|p__Actinobacteria|c__CFGB12107|o__OFGB12107|f__FGB12107|g__GGB9364|s__GGB9364_SGB14339|t__SGB14339,3,k__Bacteria,p__Actinobacteria,c__CFGB12107,o__OFGB12107,f__FGB12107,g__GGB9364,s__GGB9364_SGB14339,t__SGB14339,,,
k__Bacteria|p__Firmicutes|c__Clostridia|o__Eubacteriales|f__Oscillospiraceae|g__Ruminococcus|s__Ruminococcus_sp_AF41_9|t__SGB25497,27,k__Bacteria,p__Firmicutes,c__Clostridia,o__Eubacteriales,f__Oscillospiraceae,g__Ruminococcus,s__Ruminococcus_sp_AF41_9,t__SGB25497,,,
k__Bacteria|p__Firmicutes|c__Clostridia|o__Eubacteriales|f__Lachnospiraceae|g__Lachnospiraceae_unclassified|s__Lachnospiraceae_bacterium|t__SGB4782,18,k__Bacteria,p__Firmicutes,c__Clostridia,o__Eubacteriales,f__Lachnospiraceae,g__Lachnospiraceae_unclassified,s__Lachnospiraceae_bacterium,t__SGB4782,,,
k__Bacteria|p__Bacteroidetes|c__Bacteroidia|o__Bacteroidales|f__Rikenellaceae|g__Alistipes|s__Alistipes_timonensis|t__SGB2299,6,k__Bacteria,p__Bacteroidetes,c__Bacteroidia,o__Bacteroidales,f__Rikenellaceae,g__Alistipes,s__Alistipes_timonensis,t__SGB2299,,,
k__Bacteria|p__Firmicutes|c__Clostridia|o__Eubacteriales|f__Lachnospiraceae|g__Blautia|s__Blautia_luti|t__SGB4832,52,k__Bacteria,p__Firmicutes,c__Clostridia,o__Eubacteriales,f__Lachnospiraceae,g__Blautia,s__Blautia_luti,t__SGB4832,,,
k__Bacteria|p__Firmicutes|c__Clostridia|o__Eubacteriales|f__Eubacteriales_unclassified|g__Gemmiger|s__Gemmiger_SGB15295|t__SGB15295,11,k__Bacteria,p__Firmicutes,c__Clostridia,o__Eubacteriales,f__Eubacteriales_unclassified,g__Gemmiger,s__Gemmiger_SGB15295,t__SGB15295,,,
k__Bacteria|p__Firmicutes|c__Clostridia|o__Eubacteriales|f__Clostridiaceae|g__Clostridium|s__Clostridium_SGB6173|t__SGB6173,25,k__Bacteria,p__Firmicutes,c__Clostridia,o__Eubacteriales,f__Clostridiaceae,g__Clostridium,s__Clostridium_SGB6173,t__SGB6173,,,
k__Bacteria|p__Firmicutes|c__Clostridia|o__Eubacteriales|f__Oscillospiraceae|g__GGB9608|s__GGB9608_SGB15042|t__SGB15042,7,k__Bacteria,p__Firmicutes,c__Clostridia,o__Eubacteriales,f__Oscillospiraceae,g__GGB9608,s__GGB9608_SGB15042,t__SGB15042,,,
k__Bacteria|p__Firmicutes|c__Clostridia|o__Eubacteriales|f__Clostridiaceae|g__GGB3478|s__GGB3478_SGB4643|t__SGB4643,27,k__Bacteria,p__Firmicutes,c__Clostridia,o__Eubacteriales,f__Clostridiaceae,g__GGB3478,s__GGB3478_SGB4643,t__SGB4643,,,
k__Bacteria|p__Firmicutes|c__Clostridia|o__Eubacteriales|f__Lachnospiraceae|g__Lachnospiraceae_unclassified|s__Lachnospiraceae_bacterium_AM48_27BH|t__SGB4706,24,k__Bacteria,p__Firmicutes,c__Clostridia,o__Eubacteriales,f__Lachnospiraceae,g__Lachnospiraceae_unclassified,s__Lachnospiraceae_bacterium_AM48_27BH,t__SGB4706,,,
k__Bacteria|p__Firmicutes|c__Clostridia|o__Eubacteriales|f__Oscillospiraceae|g__GGB9616|s__GGB9616_SGB15051|t__SGB15051,11,k__Bacteria,p__Firmicutes,c__Clostridia,o__Eubacteriales,f__Oscillospiraceae,g__GGB9616,s__GGB9616_SGB15051,t__SGB15051,,,
k__Bacteria|p__Firmicutes|c__Clostridia|o__Eubacteriales|f__Oscillospiraceae|g__Faecalibacterium|s__Faecalibacterium_SGB15315|t__SGB15315,70,k__Bacteria,p__Firmicutes,c__Clostridia,o__Eubacteriales,f__Oscillospiraceae,g__Faecalibacterium,s__Faecalibacterium_SGB15315,t__SGB15315,,,
k__Bacteria|p__Firmicutes|c__CFGB10341|o__OFGB10341|f__FGB10341|g__GGB4554|s__GGB4554_SGB6285|t__SGB6285,8,k__Bacteria,p__Firmicutes,c__CFGB10341,o__OFGB10341,f__FGB10341,g__GGB4554,s__GGB4554_SGB6285,t__SGB6285,,,
k__Bacteria|p__Firmicutes|c__Clostridia|o__Eubacteriales|f__Lachnospiraceae|g__Blautia|s__Blautia_luti|t__SGB4829,22,k__Bacteria,p__Firmicutes,c__Clostridia,o__Eubacteriales,f__Lachnospiraceae,g__Blautia,s__Blautia_luti,t__SGB4829,,,
k__Bacteria|p__Firmicutes|c__CFGB1765|o__OFGB1765|f__FGB1765|g__GGB4604|s__GGB4604_SGB6369|t__SGB6369,8,k__Bacteria,p__Firmicutes,c__CFGB1765,o__OFGB1765,f__FGB1765,g__GGB4604,s__GGB4604_SGB6369,t__SGB6369,,,
k__Bacteria|p__Firmicutes|c__CFGB1425|o__OFGB1425|f__FGB1425|g__GGB3491|s__GGB3491_SGB4665|t__SGB4665,1,k__Bacteria,p__Firmicutes,c__CFGB1425,o__OFGB1425,f__FGB1425,g__GGB3491,s__GGB3491_SGB4665,t__SGB4665,,,
k__Bacteria|p__Firmicutes|c__CFGB1765|o__OFGB1765|f__FGB1765|g__GGB4597|s__GGB4597_SGB6359|t__SGB6359,1,k__Bacteria,p__Firmicutes,c__CFGB1765,o__OFGB1765,f__FGB1765,g__GGB4597,s__GGB4597_SGB6359,t__SGB6359,,,
k__Bacteria|p__Firmicutes|c__Clostridia|o__Eubacteriales|f__Clostridiaceae|g__Clostridiaceae_unclassified|s__Clostridiaceae_bacterium_Marseille_Q4145|t__SGB4769,7,k__Bacteria,p__Firmicutes,c__Clostridia,o__Eubacteriales,f__Clostridiaceae,g__Clostridiaceae_unclassified,s__Clostridiaceae_bacterium_Marseille_Q4145,t__SGB4769,,,
k__Bacteria|p__Firmicutes|c__Clostridia|o__Eubacteriales|f__Clostridiaceae|g__Clostridium|s__Clostridium_sp_AF12_28|t__SGB4715,10,k__Bacteria,p__Firmicutes,c__Clostridia,o__Eubacteriales,f__Clostridiaceae,g__Clostridium,s__Clostridium_sp_AF12_28,t__SGB4715,,,
k__Bacteria|p__Firmicutes|c__Clostridia|o__Eubacteriales|f__Oscillospiraceae|g__GGB33928|s__GGB33928_SGB15225|t__SGB15225,20,k__Bacteria,p__Firmicutes,c__Clostridia,o__Eubacteriales,f__Oscillospiraceae,g__GGB33928,s__GGB33928_SGB15225,t__SGB15225,,,
k__Bacteria|p__Firmicutes|c__Clostridia|o__Eubacteriales|f__Lachnospiraceae|g__GGB51441|s__GGB51441_SGB71759|t__SGB71759,3,k__Bacteria,p__Firmicutes,c__Clostridia,o__Eubacteriales,f__Lachnospiraceae,g__GGB51441,s__GGB51441_SGB71759,t__SGB71759,,,
k__Bacteria|p__Firmicutes|c__CFGB2844|o__OFGB2844|f__FGB2844|g__GGB9109|s__GGB9109_SGB14042|t__SGB14042,6,k__Bacteria,p__Firmicutes,c__CFGB2844,o__OFGB2844,f__FGB2844,g__GGB9109,s__GGB9109_SGB14042,t__SGB14042,,,
k__Bacteria|p__Firmicutes|c__CFGB10318|o__OFGB10318|f__FGB10318|g__GGB4659|s__GGB4659_SGB6447|t__SGB6447,5,k__Bacteria,p__Firmicutes,c__CFGB10318,o__OFGB10318,f__FGB10318,g__GGB4659,s__GGB4659_SGB6447,t__SGB6447,,,
k__Bacteria|p__Firmicutes|c__Clostridia|o__Clostridia_unclassified|f__Clostridia_unclassified|g__GGB13404|s__GGB13404_SGB14252|t__SGB14252,2,k__Bacteria,p__Firmicutes,c__Clostridia,o__Clostridia_unclassified,f__Clostridia_unclassified,g__GGB13404,s__GGB13404_SGB14252,t__SGB14252,,,
k__Bacteria|p__Firmicutes|c__CFGB1227|o__OFGB1227|f__FGB1227|g__GGB3001|s__GGB3001_SGB3992|t__SGB3992,9,k__Bacteria,p__Firmicutes,c__CFGB1227,o__OFGB1227,f__FGB1227,g__GGB3001,s__GGB3001_SGB3992,t__SGB3992,,,
k__Bacteria|p__Firmicutes|c__CFGB1765|o__OFGB1765|f__FGB1765|g__GGB4578|s__GGB4578_SGB6328|t__SGB6328,10,k__Bacteria,p__Firmicutes,c__CFGB1765,o__OFGB1765,f__FGB1765,g__GGB4578,s__GGB4578_SGB6328,t__SGB6328,,,
k__Bacteria|p__Firmicutes|c__Clostridia|o__Eubacteriales|f__Eubacteriaceae|g__Eubacterium|s__Eubacterium_SGB4961|t__SGB4961,9,k__Bacteria,p__Firmicutes,c__Clostridia,o__Eubacteriales,f__Eubacteriaceae,g__Eubacterium,s__Eubacterium_SGB4961,t__SGB4961,,,
k__Bacteria|p__Actinobacteria|c__Coriobacteriia|o__Eggerthellales|f__Eggerthellaceae|g__Enteroscipio|s__Enteroscipio_rubneri|t__SGB14803,1,k__Bacteria,p__Actinobacteria,c__Coriobacteriia,o__Eggerthellales,f__Eggerthellaceae,g__Enteroscipio,s__Enteroscipio_rubneri,t__SGB14803,,,
k__Bacteria|p__Bacteroidetes|c__CFGB10477|o__OFGB10477|f__FGB10477|g__GGB9345|s__GGB9345_SGB14311|t__SGB14311,38,k__Bacteria,p__Bacteroidetes,c__CFGB10477,o__OFGB10477,f__FGB10477,g__GGB9345,s__GGB9345_SGB14311,t__SGB14311,,,
k__Bacteria|p__Firmicutes|c__Clostridia|o__Eubacteriales|f__Lachnospiraceae|g__Lachnospira|s__Lachnospira_sp_NSJ_43|t__SGB5087,66,k__Bacteria,p__Firmicutes,c__Clostridia,o__Eubacteriales,f__Lachnospiraceae,g__Lachnospira,s__Lachnospira_sp_NSJ_43,t__SGB5087,,,
k__Bacteria|p__Firmicutes|c__Clostridia|o__Eubacteriales|f__Oscillospiraceae|g__Ruminococcus|s__Ruminococcus_sp_NSJ_13|t__SGB4553_group,4,k__Bacteria,p__Firmicutes,c__Clostridia,o__Eubacteriales,f__Oscillospiraceae,g__Ruminococcus,s__Ruminococcus_sp_NSJ_13,t__SGB4553_group,,,
k__Bacteria|p__Firmicutes|c__CFGB3072|o__OFGB3072|f__FGB3072|g__GGB9786|s__GGB9786_SGB15409|t__SGB15409,2,k__Bacteria,p__Firmicutes,c__CFGB3072,o__OFGB3072,f__FGB3072,g__GGB9786,s__GGB9786_SGB15409,t__SGB15409,,,
k__Bacteria|p__Firmicutes|c__Clostridia|o__Eubacteriales|f__Oscillospiraceae|g__Oscillospiraceae_unclassified|s__Ruminococcaceae_bacterium_AM28_23LB|t__SGB14974,1,k__Bacteria,p__Firmicutes,c__Clostridia,o__Eubacteriales,f__Oscillospiraceae,g__Oscillospiraceae_unclassified,s__Ruminococcaceae_bacterium_AM28_23LB,t__SGB14974,,,
k__Bacteria|p__Firmicutes|c__CFGB2834|o__OFGB2834|f__FGB2834|g__GGB9063|s__GGB9063_SGB13982|t__SGB13982,19,k__Bacteria,p__Firmicutes,c__CFGB2834,o__OFGB2834,f__FGB2834,g__GGB9063,s__GGB9063_SGB13982,t__SGB13982,,,
k__Bacteria|p__Firmicutes|c__Clostridia|o__Eubacteriales|f__Clostridiaceae|g__Clostridium|s__Clostridium_SGB4909|t__SGB4909,30,k__Bacteria,p__Firmicutes,c__Clostridia,o__Eubacteriales,f__Clostridiaceae,g__Clostridium,s__Clostridium_SGB4909,t__SGB4909,,,
k__Bacteria|p__Firmicutes|c__Clostridia|o__Eubacteriales|f__Oscillospiraceae|g__Oscillospiraceae_unclassified|s__Oscillospiraceae_bacterium_Marseille_Q3528|t__SGB4778,1,k__Bacteria,p__Firmicutes,c__Clostridia,o__Eubacteriales,f__Oscillospiraceae,g__Oscillospiraceae_unclassified,s__Oscillospiraceae_bacterium_Marseille_Q3528,t__SGB4778,,,
k__Bacteria|p__Firmicutes|c__Clostridia|o__Eubacteriales|f__Clostridiaceae|g__Clostridium|s__Clostridium_sp_AM49_4BH|t__SGB4652,107,k__Bacteria,p__Firmicutes,c__Clostridia,o__Eubacteriales,f__Clostridiaceae,g__Clostridium,s__Clostridium_sp_AM49_4BH,t__SGB4652,,,
k__Bacteria|p__Firmicutes|c__CFGB2834|o__OFGB2834|f__FGB2834|g__GGB9062|s__GGB9062_SGB13981|t__SGB13981,3,k__Bacteria,p__Firmicutes,c__CFGB2834,o__OFGB2834,f__FGB2834,g__GGB9062,s__GGB9062_SGB13981,t__SGB13981,,,
k__Bacteria|p__Firmicutes|c__Clostridia|o__Eubacteriales|f__Lachnospiraceae|g__Lachnospiraceae_unclassified|s__Lachnospiraceae_bacterium|t__SGB4953,9,k__Bacteria,p__Firmicutes,c__Clostridia,o__Eubacteriales,f__Lachnospiraceae,g__Lachnospiraceae_unclassified,s__Lachnospiraceae_bacterium,t__SGB4953,,,
k__Bacteria|p__Firmicutes|c__Clostridia|o__Eubacteriales|f__Eubacteriales_unclassified|g__Eubacteriales_unclassified|s__Eubacteriales_unclassified_SGB15145|t__SGB15145,9,k__Bacteria,p__Firmicutes,c__Clostridia,o__Eubacteriales,f__Eubacteriales_unclassified,g__Eubacteriales_unclassified,s__Eubacteriales_unclassified_SGB15145,t__SGB15145,,,
k__Bacteria|p__Firmicutes|c__Clostridia|o__Clostridia_unclassified|f__Clostridia_unclassified|g__GGB33586|s__GGB33586_SGB53517|t__SGB53517,4,k__Bacteria,p__Firmicutes,c__Clostridia,o__Clostridia_unclassified,f__Clostridia_unclassified,g__GGB33586,s__GGB33586_SGB53517,t__SGB53517,,,
k__Bacteria|p__Firmicutes|c__CFGB72899|o__OFGB72899|f__FGB72899|g__GGB4609|s__GGB4609_SGB6383|t__SGB6383,1,k__Bacteria,p__Firmicutes,c__CFGB72899,o__OFGB72899,f__FGB72899,g__GGB4609,s__GGB4609_SGB6383,t__SGB6383,,,
k__Bacteria|p__Firmicutes|c__Clostridia|o__Eubacteriales|f__Oscillospiraceae|g__Vescimonas|s__Vescimonas_SGB15087|t__SGB15087,3,k__Bacteria,p__Firmicutes,c__Clostridia,o__Eubacteriales,f__Oscillospiraceae,g__Vescimonas,s__Vescimonas_SGB15087,t__SGB15087,,,
k__Bacteria|p__Firmicutes|c__CFGB3069|o__OFGB3069|f__FGB3069|g__GGB9770|s__GGB9770_SGB15390|t__SGB15390,13,k__Bacteria,p__Firmicutes,c__CFGB3069,o__OFGB3069,f__FGB3069,g__GGB9770,s__GGB9770_SGB15390,t__SGB15390,,,
k__Bacteria|p__Firmicutes|c__Clostridia|o__Eubacteriales|f__Clostridiaceae|g__Clostridium|s__Clostridium_sp_AF36_4|t__SGB4644,100,k__Bacteria,p__Firmicutes,c__Clostridia,o__Eubacteriales,f__Clostridiaceae,g__Clostridium,s__Clostridium_sp_AF36_4,t__SGB4644,,,
k__Bacteria|p__Firmicutes|c__Clostridia|o__Eubacteriales|f__Eubacteriaceae|g__Eubacterium|s__Eubacterium_ramulus|t__SGB4960,5,k__Bacteria,p__Firmicutes,c__Clostridia,o__Eubacteriales,f__Eubacteriaceae,g__Eubacterium,s__Eubacterium_ramulus,t__SGB4960,,,
k__Bacteria|p__Firmicutes|c__Erysipelotrichia|o__Erysipelotrichales|f__Erysipelotrichaceae|g__Erysipelatoclostridium|s__Clostridium_saccharogumia|t__SGB101613,2,k__Bacteria,p__Firmicutes,c__Erysipelotrichia,o__Erysipelotrichales,f__Erysipelotrichaceae,g__Erysipelatoclostridium,s__Clostridium_saccharogumia,t__SGB101613,,,
k__Bacteria|p__Firmicutes|c__CFGB1765|o__OFGB1765|f__FGB1765|g__GGB4584|s__GGB4584_SGB6338|t__SGB6338,4,k__Bacteria,p__Firmicutes,c__CFGB1765,o__OFGB1765,f__FGB1765,g__GGB4584,s__GGB4584_SGB6338,t__SGB6338,,,
k__Bacteria|p__Firmicutes|c__Clostridia|o__Eubacteriales|f__Oscillospiraceae|g__GGB9719|s__GGB9719_SGB15272|t__SGB15272,3,k__Bacteria,p__Firmicutes,c__Clostridia,o__Eubacteriales,f__Oscillospiraceae,g__GGB9719,s__GGB9719_SGB15272,t__SGB15272,,,
k__Bacteria|p__Firmicutes|c__Clostridia|o__Clostridia_unclassified|f__Clostridia_unclassified|g__GGB33512|s__GGB33512_SGB15201|t__SGB15201,5,k__Bacteria,p__Firmicutes,c__Clostridia,o__Clostridia_unclassified,f__Clostridia_unclassified,g__GGB33512,s__GGB33512_SGB15201,t__SGB15201,,,
k__Bacteria|p__Firmicutes|c__Clostridia|o__Eubacteriales|f__Lachnospiraceae|g__Coprococcus|s__Coprococcus_eutactus|t__SGB5121,77,k__Bacteria,p__Firmicutes,c__Clostridia,o__Eubacteriales,f__Lachnospiraceae,g__Coprococcus,s__Coprococcus_eutactus,t__SGB5121,,,
k__Bacteria|p__Firmicutes|c__CFGB9119|o__OFGB9119|f__FGB9119|g__GGB4652|s__GGB4652_SGB6439|t__SGB6439,1,k__Bacteria,p__Firmicutes,c__CFGB9119,o__OFGB9119,f__FGB9119,g__GGB4652,s__GGB4652_SGB6439,t__SGB6439,,,
k__Bacteria|p__Firmicutes|c__CFGB1765|o__OFGB1765|f__FGB1765|g__GGB4604|s__GGB4604_SGB6370|t__SGB6370,5,k__Bacteria,p__Firmicutes,c__CFGB1765,o__OFGB1765,f__FGB1765,g__GGB4604,s__GGB4604_SGB6370,t__SGB6370,,,
k__Bacteria|p__Firmicutes|c__Bacilli|o__Lactobacillales|f__Lactobacillaceae|g__Lacticaseibacillus|s__Lacticaseibacillus_rhamnosus|t__SGB7144,1,k__Bacteria,p__Firmicutes,c__Bacilli,o__Lactobacillales,f__Lactobacillaceae,g__Lacticaseibacillus,s__Lacticaseibacillus_rhamnosus,t__SGB7144,,,
k__Bacteria|p__Firmicutes|c__Clostridia|o__Eubacteriales|f__Peptostreptococcaceae|g__GGB4456|s__GGB4456_SGB6141|t__SGB6141,11,k__Bacteria,p__Firmicutes,c__Clostridia,o__Eubacteriales,f__Peptostreptococcaceae,g__GGB4456,s__GGB4456_SGB6141,t__SGB6141,,,
k__Bacteria|p__Firmicutes|c__Negativicutes|o__Veillonellales|f__Veillonellaceae|g__Veillonella|s__Veillonella_rogosae|t__SGB6956,1,k__Bacteria,p__Firmicutes,c__Negativicutes,o__Veillonellales,f__Veillonellaceae,g__Veillonella,s__Veillonella_rogosae,t__SGB6956,,,
k__Bacteria|p__Firmicutes|c__Bacilli|o__Lactobacillales|f__Enterococcaceae|g__Enterococcus|s__Enterococcus_faecium|t__SGB7968,3,k__Bacteria,p__Firmicutes,c__Bacilli,o__Lactobacillales,f__Enterococcaceae,g__Enterococcus,s__Enterococcus_faecium,t__SGB7968,,,
k__Bacteria|p__Firmicutes|c__CFGB3035|o__OFGB3035|f__FGB3035|g__GGB9590|s__GGB9590_SGB15012|t__SGB15012,3,k__Bacteria,p__Firmicutes,c__CFGB3035,o__OFGB3035,f__FGB3035,g__GGB9590,s__GGB9590_SGB15012,t__SGB15012,,,
k__Bacteria|p__Firmicutes|c__Clostridia|o__Eubacteriales|f__Oscillospiraceae|g__Anaeromassilibacillus|s__Anaeromassilibacillus_sp_An250|t__SGB14894,3,k__Bacteria,p__Firmicutes,c__Clostridia,o__Eubacteriales,f__Oscillospiraceae,g__Anaeromassilibacillus,s__Anaeromassilibacillus_sp_An250,t__SGB14894,,,
k__Bacteria|p__Firmicutes|c__Clostridia|o__Eubacteriales|f__Oscillospiraceae|g__Oscillibacter|s__Oscillibacter_valericigenes|t__SGB15076,2,k__Bacteria,p__Firmicutes,c__Clostridia,o__Eubacteriales,f__Oscillospiraceae,g__Oscillibacter,s__Oscillibacter_valericigenes,t__SGB15076,,,
k__Bacteria|p__Proteobacteria|c__Gammaproteobacteria|o__Pasteurellales|f__Pasteurellaceae|g__Haemophilus|s__Haemophilus_parainfluenzae|t__SGB9663_group,1,k__Bacteria,p__Proteobacteria,c__Gammaproteobacteria,o__Pasteurellales,f__Pasteurellaceae,g__Haemophilus,s__Haemophilus_parainfluenzae,t__SGB9663_group,,,
k__Bacteria|p__Proteobacteria|c__Deltaproteobacteria|o__Desulfovibrionales|f__Desulfovibrionaceae|g__GGB9818|s__GGB9818_SGB15459|t__SGB15459,11,k__Bacteria,p__Proteobacteria,c__Deltaproteobacteria,o__Desulfovibrionales,f__Desulfovibrionaceae,g__GGB9818,s__GGB9818_SGB15459,t__SGB15459,,,
k__Bacteria|p__Firmicutes|c__Negativicutes|o__Acidaminococcales|f__Acidaminococcaceae|g__Phascolarctobacterium|s__Phascolarctobacterium_faecium|t__SGB5792,94,k__Bacteria,p__Firmicutes,c__Negativicutes,o__Acidaminococcales,f__Acidaminococcaceae,g__Phascolarctobacterium,s__Phascolarctobacterium_faecium,t__SGB5792,,,
k__Bacteria|p__Firmicutes|c__Clostridia|o__Eubacteriales|f__Clostridiaceae|g__Clostridiaceae_unclassified|s__Clostridiaceae_bacterium_Marseille_Q4149|t__SGB15091,60,k__Bacteria,p__Firmicutes,c__Clostridia,o__Eubacteriales,f__Clostridiaceae,g__Clostridiaceae_unclassified,s__Clostridiaceae_bacterium_Marseille_Q4149,t__SGB15091,,,
k__Bacteria|p__Firmicutes|c__Negativicutes|o__Veillonellales|f__Veillonellaceae|g__Megasphaera|s__Megasphaera_massiliensis|t__SGB5857,13,k__Bacteria,p__Firmicutes,c__Negativicutes,o__Veillonellales,f__Veillonellaceae,g__Megasphaera,s__Megasphaera_massiliensis,t__SGB5857,,,
k__Bacteria|p__Firmicutes|c__Clostridia|o__Eubacteriales|f__Clostridiaceae|g__Butyricicoccus|s__Butyricicoccus_sp_AM29_23AC|t__SGB14991,76,k__Bacteria,p__Firmicutes,c__Clostridia,o__Eubacteriales,f__Clostridiaceae,g__Butyricicoccus,s__Butyricicoccus_sp_AM29_23AC,t__SGB14991,,,
k__Bacteria|p__Firmicutes|c__Clostridia|o__Eubacteriales|f__Clostridiaceae|g__Clostridium|s__Clostridium_sp_NSJ_42|t__SGB6174,23,k__Bacteria,p__Firmicutes,c__Clostridia,o__Eubacteriales,f__Clostridiaceae,g__Clostridium,s__Clostridium_sp_NSJ_42,t__SGB6174,,,
k__Bacteria|p__Candidatus_Melainabacteria|c__Candidatus_Melainabacteria_unclassified|o__Candidatus_Gastranaerophilales|f__Candidatus_Gastranaerophilales_unclassified|g__Candidatus_Gastranaerophilales_unclassified|s__Candidatus_Gastranaerophilales_bacterium|t__SGB8601,37,k__Bacteria,p__Candidatus_Melainabacteria,c__Candidatus_Melainabacteria_unclassified,o__Candidatus_Gastranaerophilales,f__Candidatus_Gastranaerophilales_unclassified,g__Candidatus_Gastranaerophilales_unclassified,s__Candidatus_Gastranaerophilales_bacterium,t__SGB8601,,,
k__Bacteria|p__Firmicutes|c__Clostridia|o__Eubacteriales|f__Lachnospiraceae|g__GGB3740|s__GGB3740_SGB5077|t__SGB5077,26,k__Bacteria,p__Firmicutes,c__Clostridia,o__Eubacteriales,f__Lachnospiraceae,g__GGB3740,s__GGB3740_SGB5077,t__SGB5077,,,
k__Bacteria|p__Firmicutes|c__Clostridia|o__Eubacteriales|f__Lachnospiraceae|g__Blautia|s__Blautia_stercoris|t__SGB4788,45,k__Bacteria,p__Firmicutes,c__Clostridia,o__Eubacteriales,f__Lachnospiraceae,g__Blautia,s__Blautia_stercoris,t__SGB4788,,,
k__Bacteria|p__Candidatus_Melainabacteria|c__CFGB2107|o__OFGB2107|f__FGB2107|g__GGB6007|s__GGB6007_SGB8634|t__SGB8634,10,k__Bacteria,p__Candidatus_Melainabacteria,c__CFGB2107,o__OFGB2107,f__FGB2107,g__GGB6007,s__GGB6007_SGB8634,t__SGB8634,,,
k__Bacteria|p__Firmicutes|c__Clostridia|o__Eubacteriales|f__Eubacteriaceae|g__Eubacterium|s__Eubacterium_ventriosum|t__SGB5045,106,k__Bacteria,p__Firmicutes,c__Clostridia,o__Eubacteriales,f__Eubacteriaceae,g__Eubacterium,s__Eubacterium_ventriosum,t__SGB5045,,,
k__Bacteria|p__Firmicutes|c__Clostridia|o__Eubacteriales|f__Oscillospiraceae|g__Ruminococcus|s__Ruminococcus_sp_AF46_10NS|t__SGB4824,9,k__Bacteria,p__Firmicutes,c__Clostridia,o__Eubacteriales,f__Oscillospiraceae,g__Ruminococcus,s__Ruminococcus_sp_AF46_10NS,t__SGB4824,,,
k__Bacteria|p__Firmicutes|c__Bacilli|o__Lactobacillales|f__Streptococcaceae|g__Streptococcus|s__Streptococcus_anginosus|t__SGB8028_group,4,k__Bacteria,p__Firmicutes,c__Bacilli,o__Lactobacillales,f__Streptococcaceae,g__Streptococcus,s__Streptococcus_anginosus,t__SGB8028_group,,,
k__Bacteria|p__Firmicutes|c__Bacilli|o__Lactobacillales|f__Streptococcaceae|g__Streptococcus|s__Streptococcus_vestibularis|t__SGB8003,3,k__Bacteria,p__Firmicutes,c__Bacilli,o__Lactobacillales,f__Streptococcaceae,g__Streptococcus,s__Streptococcus_vestibularis,t__SGB8003,,,
k__Bacteria|p__Bacteroidetes|c__Bacteroidia|o__Bacteroidales|f__Rikenellaceae|g__Alistipes|s__Alistipes_sp_An31A|t__SGB2304,10,k__Bacteria,p__Bacteroidetes,c__Bacteroidia,o__Bacteroidales,f__Rikenellaceae,g__Alistipes,s__Alistipes_sp_An31A,t__SGB2304,,,
k__Bacteria|p__Bacteroidetes|c__Bacteroidia|o__Bacteroidales|f__Rikenellaceae|g__Alistipes|s__Alistipes_SGB2313|t__SGB2313,25,k__Bacteria,p__Bacteroidetes,c__Bacteroidia,o__Bacteroidales,f__Rikenellaceae,g__Alistipes,s__Alistipes_SGB2313,t__SGB2313,,,
k__Bacteria|p__Firmicutes|c__Negativicutes|o__Acidaminococcales|f__Acidaminococcaceae|g__GGB15850|s__GGB15850_SGB5785|t__SGB5785,39,k__Bacteria,p__Firmicutes,c__Negativicutes,o__Acidaminococcales,f__Acidaminococcaceae,g__GGB15850,s__GGB15850_SGB5785,t__SGB5785,,,
k__Bacteria|p__Proteobacteria|c__Betaproteobacteria|o__Burkholderiales|f__Sutterellaceae|g__Dakarella|s__Dakarella_massiliensis|t__SGB9271,11,k__Bacteria,p__Proteobacteria,c__Betaproteobacteria,o__Burkholderiales,f__Sutterellaceae,g__Dakarella,s__Dakarella_massiliensis,t__SGB9271,,,
k__Bacteria|p__Firmicutes|c__CFGB9119|o__OFGB9119|f__FGB9119|g__GGB4651|s__GGB4651_SGB6438|t__SGB6438,13,k__Bacteria,p__Firmicutes,c__CFGB9119,o__OFGB9119,f__FGB9119,g__GGB4651,s__GGB4651_SGB6438,t__SGB6438,,,
k__Bacteria|p__Proteobacteria|c__Betaproteobacteria|o__Burkholderiales|f__Sutterellaceae|g__Parasutterella|s__Parasutterella_SGB9260|t__SGB9260,36,k__Bacteria,p__Proteobacteria,c__Betaproteobacteria,o__Burkholderiales,f__Sutterellaceae,g__Parasutterella,s__Parasutterella_SGB9260,t__SGB9260,,,
k__Bacteria|p__Firmicutes|c__Clostridia|o__Eubacteriales|f__Oscillospiraceae|g__GGB13489|s__GGB13489_SGB15224|t__SGB15224,71,k__Bacteria,p__Firmicutes,c__Clostridia,o__Eubacteriales,f__Oscillospiraceae,g__GGB13489,s__GGB13489_SGB15224,t__SGB15224,,,
k__Bacteria|p__Bacteroidetes|c__Bacteroidia|o__Bacteroidales|f__Rikenellaceae|g__Alistipes|s__Alistipes_sp_AF17_16|t__SGB2326,18,k__Bacteria,p__Bacteroidetes,c__Bacteroidia,o__Bacteroidales,f__Rikenellaceae,g__Alistipes,s__Alistipes_sp_AF17_16,t__SGB2326,,,
k__Bacteria|p__Firmicutes|c__CFGB1765|o__OFGB1765|f__FGB1765|g__GGB4605|s__GGB4605_SGB6376|t__SGB6376,4,k__Bacteria,p__Firmicutes,c__CFGB1765,o__OFGB1765,f__FGB1765,g__GGB4605,s__GGB4605_SGB6376,t__SGB6376,,,
k__Bacteria|p__Bacteria_unclassified|c__CFGB2989|o__OFGB2989|f__FGB2989|g__GGB9365|s__GGB9365_SGB14341|t__SGB14341,31,k__Bacteria,p__Bacteria_unclassified,c__CFGB2989,o__OFGB2989,f__FGB2989,g__GGB9365,s__GGB9365_SGB14341,t__SGB14341,,,
k__Bacteria|p__Firmicutes|c__Clostridia|o__Eubacteriales|f__Oscillospiraceae|g__GGB9634|s__GGB9634_SGB15093|t__SGB15093,36,k__Bacteria,p__Firmicutes,c__Clostridia,o__Eubacteriales,f__Oscillospiraceae,g__GGB9634,s__GGB9634_SGB15093,t__SGB15093,,,
k__Bacteria|p__Firmicutes|c__Negativicutes|o__Veillonellales|f__Veillonellaceae|g__Dialister|s__Dialister_hominis|t__SGB5803_group,11,k__Bacteria,p__Firmicutes,c__Negativicutes,o__Veillonellales,f__Veillonellaceae,g__Dialister,s__Dialister_hominis,t__SGB5803_group,,,
k__Bacteria|p__Firmicutes|c__CFGB10325|o__OFGB10325|f__FGB10325|g__GGB4669|s__GGB4669_SGB6458|t__SGB6458,5,k__Bacteria,p__Firmicutes,c__CFGB10325,o__OFGB10325,f__FGB10325,g__GGB4669,s__GGB4669_SGB6458,t__SGB6458,,,
k__Bacteria|p__Bacteroidetes|c__Bacteroidia|o__Bacteroidales|f__Prevotellaceae|g__Prevotella|s__Prevotella_stercorea|t__SGB1679,8,k__Bacteria,p__Bacteroidetes,c__Bacteroidia,o__Bacteroidales,f__Prevotellaceae,g__Prevotella,s__Prevotella_stercorea,t__SGB1679,,,
k__Bacteria|p__Firmicutes|c__CFGB10318|o__OFGB10318|f__FGB10318|g__GGB4641|s__GGB4641_SGB6420|t__SGB6420,3,k__Bacteria,p__Firmicutes,c__CFGB10318,o__OFGB10318,f__FGB10318,g__GGB4641,s__GGB4641_SGB6420,t__SGB6420,,,
k__Bacteria|p__Bacteroidetes|c__Bacteroidia|o__Bacteroidales|f__Prevotellaceae|g__Prevotella|s__Prevotella_marseillensis|t__SGB1588,38,k__Bacteria,p__Bacteroidetes,c__Bacteroidia,o__Bacteroidales,f__Prevotellaceae,g__Prevotella,s__Prevotella_marseillensis,t__SGB1588,,,
k__Bacteria|p__Firmicutes|c__CFGB10312|o__OFGB10312|f__FGB10312|g__GGB4644|s__GGB4644_SGB6428|t__SGB6428,8,k__Bacteria,p__Firmicutes,c__CFGB10312,o__OFGB10312,f__FGB10312,g__GGB4644,s__GGB4644_SGB6428,t__SGB6428,,,
k__Bacteria|p__Firmicutes|c__CFGB2829|o__OFGB2829|f__FGB2829|g__GGB9045|s__GGB9045_SGB13947|t__SGB13947,4,k__Bacteria,p__Firmicutes,c__CFGB2829,o__OFGB2829,f__FGB2829,g__GGB9045,s__GGB9045_SGB13947,t__SGB13947,,,
k__Bacteria|p__Firmicutes|c__CFGB73062|o__OFGB73062|f__FGB73062|g__GGB9059|s__GGB9059_SGB13976|t__SGB13976,20,k__Bacteria,p__Firmicutes,c__CFGB73062,o__OFGB73062,f__FGB73062,g__GGB9059,s__GGB9059_SGB13976,t__SGB13976,,,
k__Bacteria|p__Firmicutes|c__Clostridia|o__Eubacteriales|f__Lachnospiraceae|g__Roseburia|s__Roseburia_sp_AM59_24XD|t__SGB4654,26,k__Bacteria,p__Firmicutes,c__Clostridia,o__Eubacteriales,f__Lachnospiraceae,g__Roseburia,s__Roseburia_sp_AM59_24XD,t__SGB4654,,,
k__Bacteria|p__Firmicutes|c__Clostridia|o__Eubacteriales|f__Oscillospiraceae|g__GGB9634|s__GGB9634_SGB15095|t__SGB15095,16,k__Bacteria,p__Firmicutes,c__Clostridia,o__Eubacteriales,f__Oscillospiraceae,g__GGB9634,s__GGB9634_SGB15095,t__SGB15095,,,
k__Archaea|p__Euryarchaeota|c__Methanobacteria|o__Methanobacteriales|f__Methanobacteriaceae|g__Methanobrevibacter|s__Methanobrevibacter_smithii|t__SGB714,48,k__Archaea,p__Euryarchaeota,c__Methanobacteria,o__Methanobacteriales,f__Methanobacteriaceae,g__Methanobrevibacter,s__Methanobrevibacter_smithii,t__SGB714,,,
k__Bacteria|p__Firmicutes|c__CFGB3054|o__OFGB3054|f__FGB3054|g__GGB9677|s__GGB9677_SGB53522|t__SGB53522,4,k__Bacteria,p__Firmicutes,c__CFGB3054,o__OFGB3054,f__FGB3054,g__GGB9677,s__GGB9677_SGB53522,t__SGB53522,,,
k__Bacteria|p__Firmicutes|c__Clostridia|o__Eubacteriales|f__Oscillospiraceae|g__GGB9636|s__GGB9636_SGB15108|t__SGB15108,3,k__Bacteria,p__Firmicutes,c__Clostridia,o__Eubacteriales,f__Oscillospiraceae,g__GGB9636,s__GGB9636_SGB15108,t__SGB15108,,,
k__Bacteria|p__Firmicutes|c__CFGB73902|o__OFGB73902|f__FGB73902|g__GGB4689|s__GGB4689_SGB6486|t__SGB6486,3,k__Bacteria,p__Firmicutes,c__CFGB73902,o__OFGB73902,f__FGB73902,g__GGB4689,s__GGB4689_SGB6486,t__SGB6486,,,
k__Bacteria|p__Firmicutes|c__Clostridia|o__Eubacteriales|f__Lachnospiraceae|g__Lachnospiraceae_unclassified|s__Lachnospiraceae_bacterium|t__SGB4922,19,k__Bacteria,p__Firmicutes,c__Clostridia,o__Eubacteriales,f__Lachnospiraceae,g__Lachnospiraceae_unclassified,s__Lachnospiraceae_bacterium,t__SGB4922,,,
k__Archaea|p__Candidatus_Thermoplasmatota|c__Thermoplasmata|o__Methanomassiliicoccales|f__Candidatus_Methanomethylophilaceae|g__Candidatus_Methanomethylophilus|s__Candidatus_Methanomethylophilus_alvus|t__SGB385,4,k__Archaea,p__Candidatus_Thermoplasmatota,c__Thermoplasmata,o__Methanomassiliicoccales,f__Candidatus_Methanomethylophilaceae,g__Candidatus_Methanomethylophilus,s__Candidatus_Methanomethylophilus_alvus,t__SGB385,,,
k__Bacteria|p__Firmicutes|c__Clostridia|o__Eubacteriales|f__Oscillospiraceae|g__GGB36331|s__GGB36331_SGB15121|t__SGB15121,14,k__Bacteria,p__Firmicutes,c__Clostridia,o__Eubacteriales,f__Oscillospiraceae,g__GGB36331,s__GGB36331_SGB15121,t__SGB15121,,,
k__Bacteria|p__Firmicutes|c__CFGB1776|o__OFGB1776|f__FGB1776|g__GGB4684|s__GGB4684_SGB6478|t__SGB6478,19,k__Bacteria,p__Firmicutes,c__CFGB1776,o__OFGB1776,f__FGB1776,g__GGB4684,s__GGB4684_SGB6478,t__SGB6478,,,
k__Bacteria|p__Firmicutes|c__Clostridia|o__Eubacteriales|f__Oscillospiraceae|g__Oscillospiraceae_unclassified|s__Oscillospiraceae_unclassified_SGB15257|t__SGB15257,4,k__Bacteria,p__Firmicutes,c__Clostridia,o__Eubacteriales,f__Oscillospiraceae,g__Oscillospiraceae_unclassified,s__Oscillospiraceae_unclassified_SGB15257,t__SGB15257,,,
k__Bacteria|p__Firmicutes|c__CFGB1289|o__OFGB1289|f__FGB1289|g__GGB3106|s__GGB3106_SGB4115|t__SGB4115,3,k__Bacteria,p__Firmicutes,c__CFGB1289,o__OFGB1289,f__FGB1289,g__GGB3106,s__GGB3106_SGB4115,t__SGB4115,,,
k__Bacteria|p__Firmicutes|c__CFGB2984|o__OFGB2984|f__FGB2984|g__GGB9347|s__GGB9347_SGB14313|t__SGB14313,31,k__Bacteria,p__Firmicutes,c__CFGB2984,o__OFGB2984,f__FGB2984,g__GGB9347,s__GGB9347_SGB14313,t__SGB14313,,,
k__Bacteria|p__Firmicutes|c__CFGB1260|o__OFGB1260|f__FGB1260|g__GGB3058|s__GGB3058_SGB4060|t__SGB4060,2,k__Bacteria,p__Firmicutes,c__CFGB1260,o__OFGB1260,f__FGB1260,g__GGB3058,s__GGB3058_SGB4060,t__SGB4060,,,
k__Bacteria|p__Bacteroidetes|c__CFGB4385|o__OFGB4385|f__FGB4385|g__GGB1146|s__GGB1146_SGB1472|t__SGB1472,10,k__Bacteria,p__Bacteroidetes,c__CFGB4385,o__OFGB4385,f__FGB4385,g__GGB1146,s__GGB1146_SGB1472,t__SGB1472,,,
k__Bacteria|p__Firmicutes|c__Clostridia|o__Eubacteriales|f__Oscillospiraceae|g__Oscillospiraceae_unclassified|s__Oscillospiraceae_bacterium|t__SGB4184,17,k__Bacteria,p__Firmicutes,c__Clostridia,o__Eubacteriales,f__Oscillospiraceae,g__Oscillospiraceae_unclassified,s__Oscillospiraceae_bacterium,t__SGB4184,,,
k__Bacteria|p__Firmicutes|c__CFGB74461|o__OFGB74461|f__FGB74461|g__GGB9524|s__GGB9524_SGB14924|t__SGB14924,31,k__Bacteria,p__Firmicutes,c__CFGB74461,o__OFGB74461,f__FGB74461,g__GGB9524,s__GGB9524_SGB14924,t__SGB14924,,,
k__Bacteria|p__Firmicutes|c__Clostridia|o__Eubacteriales|f__Oscillospiraceae|g__GGB9710|s__GGB9710_SGB15239|t__SGB15239,3,k__Bacteria,p__Firmicutes,c__Clostridia,o__Eubacteriales,f__Oscillospiraceae,g__GGB9710,s__GGB9710_SGB15239,t__SGB15239,,,
k__Bacteria|p__Firmicutes|c__CFGB2942|o__OFGB2942|f__FGB2942|g__GGB9279|s__GGB9279_SGB14232|t__SGB14232,2,k__Bacteria,p__Firmicutes,c__CFGB2942,o__OFGB2942,f__FGB2942,g__GGB9279,s__GGB9279_SGB14232,t__SGB14232,,,
k__Bacteria|p__Firmicutes|c__CFGB2837|o__OFGB2837|f__FGB2837|g__GGB9081|s__GGB9081_SGB14005|t__SGB14005,5,k__Bacteria,p__Firmicutes,c__CFGB2837,o__OFGB2837,f__FGB2837,g__GGB9081,s__GGB9081_SGB14005,t__SGB14005,,,
k__Bacteria|p__Bacteroidetes|c__Bacteroidia|o__Bacteroidales|f__Bacteroidaceae|g__Phocaeicola|s__Phocaeicola_sartorii|t__SGB1813,2,k__Bacteria,p__Bacteroidetes,c__Bacteroidia,o__Bacteroidales,f__Bacteroidaceae,g__Phocaeicola,s__Phocaeicola_sartorii,t__SGB1813,,,
k__Bacteria|p__Firmicutes|c__Clostridia|o__Eubacteriales|f__Oscillospiraceae|g__GGB9635|s__GGB9635_SGB15106|t__SGB15106,88,k__Bacteria,p__Firmicutes,c__Clostridia,o__Eubacteriales,f__Oscillospiraceae,g__GGB9635,s__GGB9635_SGB15106,t__SGB15106,,,
k__Bacteria|p__Firmicutes|c__Clostridia|o__Eubacteriales|f__Oscillospiraceae|g__Oscillospiraceae_unclassified|s__Oscillospiraceae_unclassified_SGB15252|t__SGB15252,5,k__Bacteria,p__Firmicutes,c__Clostridia,o__Eubacteriales,f__Oscillospiraceae,g__Oscillospiraceae_unclassified,s__Oscillospiraceae_unclassified_SGB15252,t__SGB15252,,,
k__Bacteria|p__Firmicutes|c__CFGB2873|o__OFGB2873|f__FGB2873|g__GGB9171|s__GGB9171_SGB14109|t__SGB14109,2,k__Bacteria,p__Firmicutes,c__CFGB2873,o__OFGB2873,f__FGB2873,g__GGB9171,s__GGB9171_SGB14109,t__SGB14109,,,
k__Bacteria|p__Tenericutes|c__CFGB31328|o__OFGB31328|f__FGB31328|g__GGB4751|s__GGB4751_SGB6580|t__SGB6580,1,k__Bacteria,p__Tenericutes,c__CFGB31328,o__OFGB31328,f__FGB31328,g__GGB4751,s__GGB4751_SGB6580,t__SGB6580,,,
k__Bacteria|p__Firmicutes|c__CFGB2942|o__OFGB2942|f__FGB2942|g__GGB9288|s__GGB9288_SGB14243|t__SGB14243,7,k__Bacteria,p__Firmicutes,c__CFGB2942,o__OFGB2942,f__FGB2942,g__GGB9288,s__GGB9288_SGB14243,t__SGB14243,,,
k__Bacteria|p__Firmicutes|c__CFGB2947|o__OFGB2947|f__FGB2947|g__GGB38716|s__GGB38716_SGB14237|t__SGB14237,7,k__Bacteria,p__Firmicutes,c__CFGB2947,o__OFGB2947,f__FGB2947,g__GGB38716,s__GGB38716_SGB14237,t__SGB14237,,,
k__Bacteria|p__Firmicutes|c__CFGB2932|o__OFGB2932|f__FGB2932|g__GGB9261|s__GGB9261_SGB14209|t__SGB14209,16,k__Bacteria,p__Firmicutes,c__CFGB2932,o__OFGB2932,f__FGB2932,g__GGB9261,s__GGB9261_SGB14209,t__SGB14209,,,
k__Bacteria|p__Firmicutes|c__Clostridia|o__Eubacteriales|f__Oscillospiraceae|g__Vescimonas|s__Vescimonas_fastidiosa|t__SGB15085,10,k__Bacteria,p__Firmicutes,c__Clostridia,o__Eubacteriales,f__Oscillospiraceae,g__Vescimonas,s__Vescimonas_fastidiosa,t__SGB15085,,,
k__Bacteria|p__Firmicutes|c__CFGB3054|o__OFGB3054|f__FGB3054|g__GGB9690|s__GGB9690_SGB15195|t__SGB15195,2,k__Bacteria,p__Firmicutes,c__CFGB3054,o__OFGB3054,f__FGB3054,g__GGB9690,s__GGB9690_SGB15195,t__SGB15195,,,
k__Bacteria|p__Firmicutes|c__CFGB1776|o__OFGB1776|f__FGB1776|g__GGB4683|s__GGB4683_SGB6473|t__SGB6473,16,k__Bacteria,p__Firmicutes,c__CFGB1776,o__OFGB1776,f__FGB1776,g__GGB4683,s__GGB4683_SGB6473,t__SGB6473,,,
k__Bacteria|p__Firmicutes|c__CFGB15209|o__OFGB15209|f__FGB15209|g__GGB9293|s__GGB9293_SGB14250|t__SGB14250,4,k__Bacteria,p__Firmicutes,c__CFGB15209,o__OFGB15209,f__FGB15209,g__GGB9293,s__GGB9293_SGB14250,t__SGB14250,,,
k__Bacteria|p__Verrucomicrobia|c__Opitutae|o__Puniceicoccales|f__Puniceicoccaceae|g__GGB6123|s__GGB6123_SGB8767|t__SGB8767,9,k__Bacteria,p__Verrucomicrobia,c__Opitutae,o__Puniceicoccales,f__Puniceicoccaceae,g__GGB6123,s__GGB6123_SGB8767,t__SGB8767,,,
k__Bacteria|p__Firmicutes|c__CFGB10318|o__OFGB10318|f__FGB10318|g__GGB4676|s__GGB4676_SGB6465|t__SGB6465,9,k__Bacteria,p__Firmicutes,c__CFGB10318,o__OFGB10318,f__FGB10318,g__GGB4676,s__GGB4676_SGB6465,t__SGB6465,,,
k__Bacteria|p__Firmicutes|c__Clostridia|o__Eubacteriales|f__Lachnospiraceae|g__Coprococcus|s__Coprococcus_SGB4669|t__SGB4669,21,k__Bacteria,p__Firmicutes,c__Clostridia,o__Eubacteriales,f__Lachnospiraceae,g__Coprococcus,s__Coprococcus_SGB4669,t__SGB4669,,,
k__Bacteria|p__Firmicutes|c__Clostridia|o__Eubacteriales|f__Lachnospiraceae|g__Roseburia|s__Roseburia_sp_AM16_25|t__SGB4957,7,k__Bacteria,p__Firmicutes,c__Clostridia,o__Eubacteriales,f__Lachnospiraceae,g__Roseburia,s__Roseburia_sp_AM16_25,t__SGB4957,,,
k__Bacteria|p__Firmicutes|c__CFGB3054|o__OFGB3054|f__FGB3054|g__GGB9677|s__GGB9677_SGB15180|t__SGB15180,33,k__Bacteria,p__Firmicutes,c__CFGB3054,o__OFGB3054,f__FGB3054,g__GGB9677,s__GGB9677_SGB15180,t__SGB15180,,,
k__Bacteria|p__Firmicutes|c__Clostridia|o__Eubacteriales|f__Oscillospiraceae|g__GGB9634|s__GGB9634_SGB15101|t__SGB15101,3,k__Bacteria,p__Firmicutes,c__Clostridia,o__Eubacteriales,f__Oscillospiraceae,g__GGB9634,s__GGB9634_SGB15101,t__SGB15101,,,
k__Bacteria|p__Firmicutes|c__Clostridia|o__Eubacteriales|f__Eubacteriales_unclassified|g__GGB9760|s__GGB9760_SGB15374|t__SGB15374,38,k__Bacteria,p__Firmicutes,c__Clostridia,o__Eubacteriales,f__Eubacteriales_unclassified,g__GGB9760,s__GGB9760_SGB15374,t__SGB15374,,,
k__Bacteria|p__Firmicutes|c__Clostridia|o__Eubacteriales|f__Oscillospiraceae|g__GGB9608|s__GGB9608_SGB15041|t__SGB15041,6,k__Bacteria,p__Firmicutes,c__Clostridia,o__Eubacteriales,f__Oscillospiraceae,g__GGB9608,s__GGB9608_SGB15041,t__SGB15041,,,
k__Archaea|p__Euryarchaeota|c__Methanobacteria|o__Methanobacteriales|f__Methanobacteriaceae|g__Methanosphaera|s__Methanosphaera_stadtmanae|t__SGB698,11,k__Archaea,p__Euryarchaeota,c__Methanobacteria,o__Methanobacteriales,f__Methanobacteriaceae,g__Methanosphaera,s__Methanosphaera_stadtmanae,t__SGB698,,,
k__Bacteria|p__Firmicutes|c__CFGB10314|o__OFGB10314|f__FGB10314|g__GGB4702|s__GGB4702_SGB6509|t__SGB6509,2,k__Bacteria,p__Firmicutes,c__CFGB10314,o__OFGB10314,f__FGB10314,g__GGB4702,s__GGB4702_SGB6509,t__SGB6509,,,
k__Bacteria|p__Firmicutes|c__Clostridia|o__Clostridia_unclassified|f__Clostridia_unclassified|g__GGB9088|s__GGB9088_SGB14017|t__SGB14017,3,k__Bacteria,p__Firmicutes,c__Clostridia,o__Clostridia_unclassified,f__Clostridia_unclassified,g__GGB9088,s__GGB9088_SGB14017,t__SGB14017,,,
k__Bacteria|p__Firmicutes|c__Clostridia|o__Eubacteriales|f__Oscillospiraceae|g__GGB33469|s__GGB33469_SGB15237|t__SGB15237,3,k__Bacteria,p__Firmicutes,c__Clostridia,o__Eubacteriales,f__Oscillospiraceae,g__GGB33469,s__GGB33469_SGB15237,t__SGB15237,,,
k__Bacteria|p__Firmicutes|c__CFGB2936|o__OFGB2936|f__FGB2936|g__GGB9266|s__GGB9266_SGB14216|t__SGB14216,3,k__Bacteria,p__Firmicutes,c__CFGB2936,o__OFGB2936,f__FGB2936,g__GGB9266,s__GGB9266_SGB14216,t__SGB14216,,,
k__Bacteria|p__Firmicutes|c__CFGB9272|o__OFGB9272|f__FGB9272|g__GGB9296|s__GGB9296_SGB14253|t__SGB14253,7,k__Bacteria,p__Firmicutes,c__CFGB9272,o__OFGB9272,f__FGB9272,g__GGB9296,s__GGB9296_SGB14253,t__SGB14253,,,
k__Bacteria|p__Firmicutes|c__Clostridia|o__Eubacteriales|f__Eubacteriales_unclassified|g__GGB9759|s__GGB9759_SGB15370|t__SGB15370,14,k__Bacteria,p__Firmicutes,c__Clostridia,o__Eubacteriales,f__Eubacteriales_unclassified,g__GGB9759,s__GGB9759_SGB15370,t__SGB15370,,,
k__Bacteria|p__Firmicutes|c__Clostridia|o__Eubacteriales|f__Oscillospiraceae|g__GGB9621|s__GGB9621_SGB15072|t__SGB15072,5,k__Bacteria,p__Firmicutes,c__Clostridia,o__Eubacteriales,f__Oscillospiraceae,g__GGB9621,s__GGB9621_SGB15072,t__SGB15072,,,
k__Bacteria|p__Firmicutes|c__Clostridia|o__Eubacteriales|f__Lachnospiraceae|g__GGB3619|s__GGB3619_SGB4894|t__SGB4894,14,k__Bacteria,p__Firmicutes,c__Clostridia,o__Eubacteriales,f__Lachnospiraceae,g__GGB3619,s__GGB3619_SGB4894,t__SGB4894,,,
k__Bacteria|p__Firmicutes|c__CFGB3070|o__OFGB3070|f__FGB3070|g__GGB9774|s__GGB9774_SGB15394|t__SGB15394,10,k__Bacteria,p__Firmicutes,c__CFGB3070,o__OFGB3070,f__FGB3070,g__GGB9774,s__GGB9774_SGB15394,t__SGB15394,,,
k__Bacteria|p__Firmicutes|c__CFGB3048|o__OFGB3048|f__FGB3048|g__GGB9561|s__GGB9561_SGB14972|t__SGB14972,1,k__Bacteria,p__Firmicutes,c__CFGB3048,o__OFGB3048,f__FGB3048,g__GGB9561,s__GGB9561_SGB14972,t__SGB14972,,,
k__Bacteria|p__Firmicutes|c__CFGB3072|o__OFGB3072|f__FGB3072|g__GGB9787|s__GGB9787_SGB15410|t__SGB15410,3,k__Bacteria,p__Firmicutes,c__CFGB3072,o__OFGB3072,f__FGB3072,g__GGB9787,s__GGB9787_SGB15410,t__SGB15410,,,
k__Bacteria|p__Firmicutes|c__CFGB1201|o__OFGB1201|f__FGB1201|g__GGB2958|s__GGB2958_SGB3940|t__SGB3940,3,k__Bacteria,p__Firmicutes,c__CFGB1201,o__OFGB1201,f__FGB1201,g__GGB2958,s__GGB2958_SGB3940,t__SGB3940,,,
k__Bacteria|p__Firmicutes|c__CFGB1226|o__OFGB1226|f__FGB1226|g__GGB2998|s__GGB2998_SGB3989|t__SGB3989,9,k__Bacteria,p__Firmicutes,c__CFGB1226,o__OFGB1226,f__FGB1226,g__GGB2998,s__GGB2998_SGB3989,t__SGB3989,,,
k__Bacteria|p__Firmicutes|c__CFGB1226|o__OFGB1226|f__FGB1226|g__GGB2996|s__GGB2996_SGB3983|t__SGB3983,7,k__Bacteria,p__Firmicutes,c__CFGB1226,o__OFGB1226,f__FGB1226,g__GGB2996,s__GGB2996_SGB3983,t__SGB3983,,,
k__Bacteria|p__Firmicutes|c__CFGB10026|o__OFGB10026|f__FGB10026|g__GGB9297|s__GGB9297_SGB14255|t__SGB14255,3,k__Bacteria,p__Firmicutes,c__CFGB10026,o__OFGB10026,f__FGB10026,g__GGB9297,s__GGB9297_SGB14255,t__SGB14255,,,
k__Bacteria|p__Firmicutes|c__CFGB73223|o__OFGB73223|f__FGB73223|g__GGB9249|s__GGB9249_SGB14193|t__SGB14193,9,k__Bacteria,p__Firmicutes,c__CFGB73223,o__OFGB73223,f__FGB73223,g__GGB9249,s__GGB9249_SGB14193,t__SGB14193,,,
k__Bacteria|p__Firmicutes|c__CFGB1474|o__OFGB1474|f__FGB1474|g__GGB51269|s__GGB51269_SGB5062|t__SGB5062,24,k__Bacteria,p__Firmicutes,c__CFGB1474,o__OFGB1474,f__FGB1474,g__GGB51269,s__GGB51269_SGB5062,t__SGB5062,,,
k__Bacteria|p__Firmicutes|c__Clostridia|o__Eubacteriales|f__Oscillospiraceae|g__GGB9635|s__GGB9635_SGB15102|t__SGB15102,2,k__Bacteria,p__Firmicutes,c__Clostridia,o__Eubacteriales,f__Oscillospiraceae,g__GGB9635,s__GGB9635_SGB15102,t__SGB15102,,,
k__Bacteria|p__Firmicutes|c__Clostridia|o__Eubacteriales|f__Oscillospiraceae|g__GGB9618|s__GGB9618_SGB15065|t__SGB15065,3,k__Bacteria,p__Firmicutes,c__Clostridia,o__Eubacteriales,f__Oscillospiraceae,g__GGB9618,s__GGB9618_SGB15065,t__SGB15065,,,
k__Bacteria|p__Firmicutes|c__CFGB2950|o__OFGB2950|f__FGB2950|g__GGB9291|s__GGB9291_SGB14248|t__SGB14248,5,k__Bacteria,p__Firmicutes,c__CFGB2950,o__OFGB2950,f__FGB2950,g__GGB9291,s__GGB9291_SGB14248,t__SGB14248,,,
k__Bacteria|p__Firmicutes|c__Clostridia|o__Eubacteriales|f__Oscillospiraceae|g__GGB9708|s__GGB9708_SGB15233|t__SGB15233,12,k__Bacteria,p__Firmicutes,c__Clostridia,o__Eubacteriales,f__Oscillospiraceae,g__GGB9708,s__GGB9708_SGB15233,t__SGB15233,,,
k__Bacteria|p__Verrucomicrobia|c__CFGB2164|o__OFGB2164|f__FGB2164|g__GGB6132|s__GGB6132_SGB8779|t__SGB8779,8,k__Bacteria,p__Verrucomicrobia,c__CFGB2164,o__OFGB2164,f__FGB2164,g__GGB6132,s__GGB6132_SGB8779,t__SGB8779,,,
k__Bacteria|p__Firmicutes|c__CFGB2834|o__OFGB2834|f__FGB2834|g__GGB9061|s__GGB9061_SGB13979|t__SGB13979,10,k__Bacteria,p__Firmicutes,c__CFGB2834,o__OFGB2834,f__FGB2834,g__GGB9061,s__GGB9061_SGB13979,t__SGB13979,,,
k__Bacteria|p__Lentisphaerae|c__Lentisphaeria|o__Victivallales|f__Victivallaceae|g__Victivallis|s__Victivallis_vadensis|t__SGB9202,7,k__Bacteria,p__Lentisphaerae,c__Lentisphaeria,o__Victivallales,f__Victivallaceae,g__Victivallis,s__Victivallis_vadensis,t__SGB9202,,,
k__Bacteria|p__Firmicutes|c__CFGB3072|o__OFGB3072|f__FGB3072|g__GGB9788|s__GGB9788_SGB15411|t__SGB15411,1,k__Bacteria,p__Firmicutes,c__CFGB3072,o__OFGB3072,f__FGB3072,g__GGB9788,s__GGB9788_SGB15411,t__SGB15411,,,
k__Bacteria|p__Lentisphaerae|c__CFGB2378|o__OFGB2378|f__FGB2378|g__GGB6518|s__GGB6518_SGB9205|t__SGB9205,11,k__Bacteria,p__Lentisphaerae,c__CFGB2378,o__OFGB2378,f__FGB2378,g__GGB6518,s__GGB6518_SGB9205,t__SGB9205,,,
k__Bacteria|p__Firmicutes|c__Clostridia|o__Eubacteriales|f__Oscillospiraceae|g__GGB9634|s__GGB9634_SGB15097|t__SGB15097,5,k__Bacteria,p__Firmicutes,c__Clostridia,o__Eubacteriales,f__Oscillospiraceae,g__GGB9634,s__GGB9634_SGB15097,t__SGB15097,,,
k__Bacteria|p__Bacteroidetes|c__Bacteroidia|o__Bacteroidales|f__Odoribacteraceae|g__Butyricimonas|s__Butyricimonas_virosa|t__SGB1784,21,k__Bacteria,p__Bacteroidetes,c__Bacteroidia,o__Bacteroidales,f__Odoribacteraceae,g__Butyricimonas,s__Butyricimonas_virosa,t__SGB1784,,,
k__Bacteria|p__Firmicutes|c__CFGB3062|o__OFGB3062|f__FGB3062|g__GGB9747|s__GGB9747_SGB15355|t__SGB15355,4,k__Bacteria,p__Firmicutes,c__CFGB3062,o__OFGB3062,f__FGB3062,g__GGB9747,s__GGB9747_SGB15355,t__SGB15355,,,
k__Bacteria|p__Firmicutes|c__CFGB58251|o__OFGB58251|f__FGB58251|g__GGB9762|s__GGB9762_SGB15377|t__SGB15377,10,k__Bacteria,p__Firmicutes,c__CFGB58251,o__OFGB58251,f__FGB58251,g__GGB9762,s__GGB9762_SGB15377,t__SGB15377,,,
k__Bacteria|p__Firmicutes|c__CFGB3043|o__OFGB3043|f__FGB3043|g__GGB9551|s__GGB9551_SGB14958|t__SGB14958,5,k__Bacteria,p__Firmicutes,c__CFGB3043,o__OFGB3043,f__FGB3043,g__GGB9551,s__GGB9551_SGB14958,t__SGB14958,,,
k__Bacteria|p__Lentisphaerae|c__Lentisphaeria|o__Victivallales|f__Victivallaceae|g__GGB6512|s__GGB6512_SGB9198|t__SGB9198,3,k__Bacteria,p__Lentisphaerae,c__Lentisphaeria,o__Victivallales,f__Victivallaceae,g__GGB6512,s__GGB6512_SGB9198,t__SGB9198,,,
k__Bacteria|p__Firmicutes|c__Clostridia|o__Eubacteriales|f__Lachnospiraceae|g__Lachnospiraceae_unclassified|s__Lachnospiraceae_bacterium_NSJ_46|t__SGB47656,3,k__Bacteria,p__Firmicutes,c__Clostridia,o__Eubacteriales,f__Lachnospiraceae,g__Lachnospiraceae_unclassified,s__Lachnospiraceae_bacterium_NSJ_46,t__SGB47656,,,
k__Bacteria|p__Firmicutes|c__CFGB1211|o__OFGB1211|f__FGB1211|g__GGB2970|s__GGB2970_SGB3952|t__SGB3952,3,k__Bacteria,p__Firmicutes,c__CFGB1211,o__OFGB1211,f__FGB1211,g__GGB2970,s__GGB2970_SGB3952,t__SGB3952,,,
k__Bacteria|p__Firmicutes|c__CFGB4862|o__OFGB4862|f__FGB4862|g__GGB4750|s__GGB4750_SGB6579|t__SGB6579,11,k__Bacteria,p__Firmicutes,c__CFGB4862,o__OFGB4862,f__FGB4862,g__GGB4750,s__GGB4750_SGB6579,t__SGB6579,,,
k__Bacteria|p__Firmicutes|c__CFGB10021|o__OFGB10021|f__FGB10021|g__GGB9258|s__GGB9258_SGB14205|t__SGB14205,7,k__Bacteria,p__Firmicutes,c__CFGB10021,o__OFGB10021,f__FGB10021,g__GGB9258,s__GGB9258_SGB14205,t__SGB14205,,,
k__Bacteria|p__Bacteroidetes|c__Bacteroidia|o__Bacteroidales|f__Bacteroidaceae|g__Mediterranea|s__Mediterranea_massiliensis|t__SGB1822,8,k__Bacteria,p__Bacteroidetes,c__Bacteroidia,o__Bacteroidales,f__Bacteroidaceae,g__Mediterranea,s__Mediterranea_massiliensis,t__SGB1822,,,
k__Bacteria|p__Firmicutes|c__Clostridia|o__Eubacteriales|f__Oscillospiraceae|g__GGB9640|s__GGB9640_SGB15115|t__SGB15115,2,k__Bacteria,p__Firmicutes,c__Clostridia,o__Eubacteriales,f__Oscillospiraceae,g__GGB9640,s__GGB9640_SGB15115,t__SGB15115,,,
k__Bacteria|p__Firmicutes|c__Clostridia|o__Eubacteriales|f__Oscillospiraceae|g__Ruminococcus|s__Ruminococcus_sp_AF13_28|t__SGB4834,5,k__Bacteria,p__Firmicutes,c__Clostridia,o__Eubacteriales,f__Oscillospiraceae,g__Ruminococcus,s__Ruminococcus_sp_AF13_28,t__SGB4834,,,
k__Bacteria|p__Firmicutes|c__CFGB45555|o__OFGB45555|f__FGB45555|g__GGB9697|s__GGB9697_SGB15213|t__SGB15213,3,k__Bacteria,p__Firmicutes,c__CFGB45555,o__OFGB45555,f__FGB45555,g__GGB9697,s__GGB9697_SGB15213,t__SGB15213,,,
k__Bacteria|p__Firmicutes|c__CFGB2918|o__OFGB2918|f__FGB2918|g__GGB9240|s__GGB9240_SGB14182|t__SGB14182,3,k__Bacteria,p__Firmicutes,c__CFGB2918,o__OFGB2918,f__FGB2918,g__GGB9240,s__GGB9240_SGB14182,t__SGB14182,,,
k__Bacteria|p__Firmicutes|c__Clostridia|o__Eubacteriales|f__Oscillospiraceae|g__GGB13493|s__GGB13493_SGB15238|t__SGB15238,24,k__Bacteria,p__Firmicutes,c__Clostridia,o__Eubacteriales,f__Oscillospiraceae,g__GGB13493,s__GGB13493_SGB15238,t__SGB15238,,,
k__Bacteria|p__Firmicutes|c__CFGB3035|o__OFGB3035|f__FGB3035|g__GGB9602|s__GGB9602_SGB15028|t__SGB15028,7,k__Bacteria,p__Firmicutes,c__CFGB3035,o__OFGB3035,f__FGB3035,g__GGB9602,s__GGB9602_SGB15028,t__SGB15028,,,
k__Bacteria|p__Firmicutes|c__Clostridia|o__Eubacteriales|f__Lachnospiraceae|g__Lachnospiraceae_unclassified|s__Lachnospiraceae_unclassified_SGB4708|t__SGB4708,2,k__Bacteria,p__Firmicutes,c__Clostridia,o__Eubacteriales,f__Lachnospiraceae,g__Lachnospiraceae_unclassified,s__Lachnospiraceae_unclassified_SGB4708,t__SGB4708,,,
k__Bacteria|p__Firmicutes|c__Firmicutes_unclassified|o__Firmicutes_unclassified|f__Firmicutes_unclassified|g__GGB9509|s__GGB9509_SGB14906|t__SGB14906,13,k__Bacteria,p__Firmicutes,c__Firmicutes_unclassified,o__Firmicutes_unclassified,f__Firmicutes_unclassified,g__GGB9509,s__GGB9509_SGB14906,t__SGB14906,,,
k__Bacteria|p__Bacteroidetes|c__Bacteroidia|o__Bacteroidales|f__Bacteroidaceae|g__Bacteroides|s__Bacteroides_bouchesdurhonensis|t__SGB3321,1,k__Bacteria,p__Bacteroidetes,c__Bacteroidia,o__Bacteroidales,f__Bacteroidaceae,g__Bacteroides,s__Bacteroides_bouchesdurhonensis,t__SGB3321,,,
k__Bacteria|p__Firmicutes|c__Clostridia|o__Eubacteriales|f__Clostridiaceae|g__GGB3627|s__GGB3627_SGB4906|t__SGB4906,2,k__Bacteria,p__Firmicutes,c__Clostridia,o__Eubacteriales,f__Clostridiaceae,g__GGB3627,s__GGB3627_SGB4906,t__SGB4906,,,
k__Bacteria|p__Firmicutes|c__CFGB2840|o__OFGB2840|f__FGB2840|g__GGB9091|s__GGB9091_SGB14020|t__SGB14020,1,k__Bacteria,p__Firmicutes,c__CFGB2840,o__OFGB2840,f__FGB2840,g__GGB9091,s__GGB9091_SGB14020,t__SGB14020,,,
k__Bacteria|p__Firmicutes|c__CFGB3054|o__OFGB3054|f__FGB3054|g__GGB9677|s__GGB9677_SGB15179|t__SGB15179,1,k__Bacteria,p__Firmicutes,c__CFGB3054,o__OFGB3054,f__FGB3054,g__GGB9677,s__GGB9677_SGB15179,t__SGB15179,,,
k__Bacteria|p__Firmicutes|c__Clostridia|o__Eubacteriales|f__Oscillospiraceae|g__GGB9715|s__GGB9715_SGB15260|t__SGB15260,21,k__Bacteria,p__Firmicutes,c__Clostridia,o__Eubacteriales,f__Oscillospiraceae,g__GGB9715,s__GGB9715_SGB15260,t__SGB15260,,,
k__Bacteria|p__Firmicutes|c__CFGB1311|o__OFGB1311|f__FGB1311|g__GGB3140|s__GGB3140_SGB4153|t__SGB4153,7,k__Bacteria,p__Firmicutes,c__CFGB1311,o__OFGB1311,f__FGB1311,g__GGB3140,s__GGB3140_SGB4153,t__SGB4153,,,
k__Bacteria|p__Actinobacteria|c__Coriobacteriia|o__Coriobacteriales|f__Atopobiaceae|g__Olsenella|s__Olsenella_timonensis|t__SGB14360,4,k__Bacteria,p__Actinobacteria,c__Coriobacteriia,o__Coriobacteriales,f__Atopobiaceae,g__Olsenella,s__Olsenella_timonensis,t__SGB14360,,,
k__Bacteria|p__Firmicutes|c__CFGB8294|o__OFGB8294|f__FGB8294|g__GGB9328|s__GGB9328_SGB14291|t__SGB14291,1,k__Bacteria,p__Firmicutes,c__CFGB8294,o__OFGB8294,f__FGB8294,g__GGB9328,s__GGB9328_SGB14291,t__SGB14291,,,
k__Bacteria|p__Firmicutes|c__CFGB45503|o__OFGB45503|f__FGB45503|g__GGB9790|s__GGB9790_SGB15413|t__SGB15413,1,k__Bacteria,p__Firmicutes,c__CFGB45503,o__OFGB45503,f__FGB45503,g__GGB9790,s__GGB9790_SGB15413,t__SGB15413,,,
k__Bacteria|p__Firmicutes|c__CFGB3172|o__OFGB3172|f__FGB3172|g__GGB10692|s__GGB10692_SGB17347|t__SGB17347,1,k__Bacteria,p__Firmicutes,c__CFGB3172,o__OFGB3172,f__FGB3172,g__GGB10692,s__GGB10692_SGB17347,t__SGB17347,,,
k__Bacteria|p__Firmicutes|c__CFGB1778|o__OFGB1778|f__FGB1778|g__GGB4713|s__GGB4713_SGB6526|t__SGB6526,7,k__Bacteria,p__Firmicutes,c__CFGB1778,o__OFGB1778,f__FGB1778,g__GGB4713,s__GGB4713_SGB6526,t__SGB6526,,,
k__Bacteria|p__Firmicutes|c__Erysipelotrichia|o__Erysipelotrichales|f__Erysipelotrichaceae|g__Faecalibacillus|s__Faecalibacillus_faecis|t__SGB6750,28,k__Bacteria,p__Firmicutes,c__Erysipelotrichia,o__Erysipelotrichales,f__Erysipelotrichaceae,g__Faecalibacillus,s__Faecalibacillus_faecis,t__SGB6750,,,
k__Bacteria|p__Firmicutes|c__CFGB2933|o__OFGB2933|f__FGB2933|g__GGB9262|s__GGB9262_SGB14210|t__SGB14210,2,k__Bacteria,p__Firmicutes,c__CFGB2933,o__OFGB2933,f__FGB2933,g__GGB9262,s__GGB9262_SGB14210,t__SGB14210,,,
k__Bacteria|p__Firmicutes|c__Clostridia|o__Eubacteriales|f__Oscillospiraceae|g__GGB9724|s__GGB9724_SGB15278|t__SGB15278,5,k__Bacteria,p__Firmicutes,c__Clostridia,o__Eubacteriales,f__Oscillospiraceae,g__GGB9724,s__GGB9724_SGB15278,t__SGB15278,,,
k__Bacteria|p__Firmicutes|c__Clostridia|o__Eubacteriales|f__Oscillospiraceae|g__GGB3160|s__GGB3160_SGB4174|t__SGB4174,1,k__Bacteria,p__Firmicutes,c__Clostridia,o__Eubacteriales,f__Oscillospiraceae,g__GGB3160,s__GGB3160_SGB4174,t__SGB4174,,,
k__Bacteria|p__Firmicutes|c__Clostridia|o__Clostridia_unclassified|f__Clostridia_unclassified|g__GGB9198|s__GGB9198_SGB14137|t__SGB14137,5,k__Bacteria,p__Firmicutes,c__Clostridia,o__Clostridia_unclassified,f__Clostridia_unclassified,g__GGB9198,s__GGB9198_SGB14137,t__SGB14137,,,
k__Bacteria|p__Firmicutes|c__Clostridia|o__Eubacteriales|f__Oscillospiraceae|g__GGB34228|s__GGB34228_SGB72916|t__SGB72916,1,k__Bacteria,p__Firmicutes,c__Clostridia,o__Eubacteriales,f__Oscillospiraceae,g__GGB34228,s__GGB34228_SGB72916,t__SGB72916,,,
k__Bacteria|p__Firmicutes|c__Clostridia|o__Eubacteriales|f__Oscillospiraceae|g__GGB9627|s__GGB9627_SGB15081|t__SGB15081,4,k__Bacteria,p__Firmicutes,c__Clostridia,o__Eubacteriales,f__Oscillospiraceae,g__GGB9627,s__GGB9627_SGB15081,t__SGB15081,,,
k__Bacteria|p__Firmicutes|c__CFGB3072|o__OFGB3072|f__FGB3072|g__GGB9781|s__GGB9781_SGB66170|t__SGB66170,1,k__Bacteria,p__Firmicutes,c__CFGB3072,o__OFGB3072,f__FGB3072,g__GGB9781,s__GGB9781_SGB66170,t__SGB66170,,,
k__Bacteria|p__Firmicutes|c__CFGB3072|o__OFGB3072|f__FGB3072|g__GGB9785|s__GGB9785_SGB15408|t__SGB15408,2,k__Bacteria,p__Firmicutes,c__CFGB3072,o__OFGB3072,f__FGB3072,g__GGB9785,s__GGB9785_SGB15408,t__SGB15408,,,
k__Bacteria|p__Firmicutes|c__Clostridia|o__Candidatus_Borkfalkiales|f__Candidatus_Borkfalkiaceae|g__GGB9102|s__GGB9102_SGB54310|t__SGB54310,2,k__Bacteria,p__Firmicutes,c__Clostridia,o__Candidatus_Borkfalkiales,f__Candidatus_Borkfalkiaceae,g__GGB9102,s__GGB9102_SGB54310,t__SGB54310,,,
k__Bacteria|p__Firmicutes|c__CFGB72924|o__OFGB72924|f__FGB72924|g__GGB3612|s__GGB3612_SGB4882|t__SGB4882,19,k__Bacteria,p__Firmicutes,c__CFGB72924,o__OFGB72924,f__FGB72924,g__GGB3612,s__GGB3612_SGB4882,t__SGB4882,,,
k__Bacteria|p__Firmicutes|c__CFGB3069|o__OFGB3069|f__FGB3069|g__GGB9767|s__GGB9767_SGB15385|t__SGB15385,4,k__Bacteria,p__Firmicutes,c__CFGB3069,o__OFGB3069,f__FGB3069,g__GGB9767,s__GGB9767_SGB15385,t__SGB15385,,,
k__Bacteria|p__Proteobacteria|c__Deltaproteobacteria|o__Desulfovibrionales|f__Desulfovibrionaceae|g__GGB28319|s__GGB28319_SGB40892|t__SGB40892,1,k__Bacteria,p__Proteobacteria,c__Deltaproteobacteria,o__Desulfovibrionales,f__Desulfovibrionaceae,g__GGB28319,s__GGB28319_SGB40892,t__SGB40892,,,
k__Bacteria|p__Firmicutes|c__Clostridia|o__Eubacteriales|f__Lachnospiraceae|g__Blautia|s__Blautia_obeum|t__SGB4809,14,k__Bacteria,p__Firmicutes,c__Clostridia,o__Eubacteriales,f__Lachnospiraceae,g__Blautia,s__Blautia_obeum,t__SGB4809,,,
k__Bacteria|p__Firmicutes|c__CFGB2985|o__OFGB2985|f__FGB2985|g__GGB9350|s__GGB9350_SGB14317|t__SGB14317,5,k__Bacteria,p__Firmicutes,c__CFGB2985,o__OFGB2985,f__FGB2985,g__GGB9350,s__GGB9350_SGB14317,t__SGB14317,,,
k__Bacteria|p__Firmicutes|c__Clostridia|o__Clostridiales|f__Clostridiales_unclassified|g__Lawsonibacter|s__Lawsonibacter_sp_NSJ_51|t__SGB15131,7,k__Bacteria,p__Firmicutes,c__Clostridia,o__Clostridiales,f__Clostridiales_unclassified,g__Lawsonibacter,s__Lawsonibacter_sp_NSJ_51,t__SGB15131,,,
k__Bacteria|p__Proteobacteria|c__Gammaproteobacteria|o__Enterobacterales|f__Enterobacteriaceae|g__Klebsiella|s__Klebsiella_pneumoniae|t__SGB10115,8,k__Bacteria,p__Proteobacteria,c__Gammaproteobacteria,o__Enterobacterales,f__Enterobacteriaceae,g__Klebsiella,s__Klebsiella_pneumoniae,t__SGB10115,,,
k__Bacteria|p__Firmicutes|c__Clostridia|o__Eubacteriales|f__Clostridiaceae|g__Clostridiaceae_unclassified|s__Clostridiaceae_bacterium|t__SGB4770,1,k__Bacteria,p__Firmicutes,c__Clostridia,o__Eubacteriales,f__Clostridiaceae,g__Clostridiaceae_unclassified,s__Clostridiaceae_bacterium,t__SGB4770,,,
k__Bacteria|p__Firmicutes|c__CFGB1226|o__OFGB1226|f__FGB1226|g__GGB2998|s__GGB2998_SGB3988|t__SGB3988,1,k__Bacteria,p__Firmicutes,c__CFGB1226,o__OFGB1226,f__FGB1226,g__GGB2998,s__GGB2998_SGB3988,t__SGB3988,,,
k__Bacteria|p__Firmicutes|c__Clostridia|o__Eubacteriales|f__Eubacteriaceae|g__Eubacterium|s__Eubacterium_sp_AF16_48|t__SGB5042,5,k__Bacteria,p__Firmicutes,c__Clostridia,o__Eubacteriales,f__Eubacteriaceae,g__Eubacterium,s__Eubacterium_sp_AF16_48,t__SGB5042,,,
k__Bacteria|p__Firmicutes|c__CFGB2905|o__OFGB2905|f__FGB2905|g__GGB9224|s__GGB9224_SGB14165|t__SGB14165,1,k__Bacteria,p__Firmicutes,c__CFGB2905,o__OFGB2905,f__FGB2905,g__GGB9224,s__GGB9224_SGB14165,t__SGB14165,,,
k__Bacteria|p__Actinobacteria|c__CFGB2801|o__OFGB2801|f__FGB2801|g__GGB8965|s__GGB8965_SGB13825|t__SGB13825,1,k__Bacteria,p__Actinobacteria,c__CFGB2801,o__OFGB2801,f__FGB2801,g__GGB8965,s__GGB8965_SGB13825,t__SGB13825,,,
k__Bacteria|p__Firmicutes|c__CFGB1765|o__OFGB1765|f__FGB1765|g__GGB4559|s__GGB4559_SGB6293|t__SGB6293,18,k__Bacteria,p__Firmicutes,c__CFGB1765,o__OFGB1765,f__FGB1765,g__GGB4559,s__GGB4559_SGB6293,t__SGB6293,,,
k__Bacteria|p__Firmicutes|c__Negativicutes|o__Veillonellales|f__Veillonellaceae|g__Dialister|s__Dialister_succinatiphilus|t__SGB5818,11,k__Bacteria,p__Firmicutes,c__Negativicutes,o__Veillonellales,f__Veillonellaceae,g__Dialister,s__Dialister_succinatiphilus,t__SGB5818,,,
k__Bacteria|p__Candidatus_Melainabacteria|c__CFGB2107|o__OFGB2107|f__FGB2107|g__GGB6010|s__GGB6010_SGB8637|t__SGB8637,4,k__Bacteria,p__Candidatus_Melainabacteria,c__CFGB2107,o__OFGB2107,f__FGB2107,g__GGB6010,s__GGB6010_SGB8637,t__SGB8637,,,
k__Bacteria|p__Firmicutes|c__CFGB3054|o__OFGB3054|f__FGB3054|g__GGB9691|s__GGB9691_SGB15198|t__SGB15198,18,k__Bacteria,p__Firmicutes,c__CFGB3054,o__OFGB3054,f__FGB3054,g__GGB9691,s__GGB9691_SGB15198,t__SGB15198,,,
k__Bacteria|p__Bacteroidetes|c__Bacteroidia|o__Bacteroidales|f__Bacteroidaceae|g__Phocaeicola|s__Phocaeicola_coprophilus|t__SGB1888,34,k__Bacteria,p__Bacteroidetes,c__Bacteroidia,o__Bacteroidales,f__Bacteroidaceae,g__Phocaeicola,s__Phocaeicola_coprophilus,t__SGB1888,,,
k__Bacteria|p__Firmicutes|c__Clostridia|o__Eubacteriales|f__Clostridiaceae|g__GGB9568|s__GGB9568_SGB14980|t__SGB14980,11,k__Bacteria,p__Firmicutes,c__Clostridia,o__Eubacteriales,f__Clostridiaceae,g__GGB9568,s__GGB9568_SGB14980,t__SGB14980,,,
k__Bacteria|p__Bacteroidetes|c__Bacteroidia|o__Bacteroidales|f__Prevotellaceae|g__Paraprevotella|s__Paraprevotella_clara|t__SGB1798,84,k__Bacteria,p__Bacteroidetes,c__Bacteroidia,o__Bacteroidales,f__Prevotellaceae,g__Paraprevotella,s__Paraprevotella_clara,t__SGB1798,,,
k__Bacteria|p__Firmicutes|c__CFGB2833|o__OFGB2833|f__FGB2833|g__GGB74665|s__GGB74665_SGB13972|t__SGB13972,12,k__Bacteria,p__Firmicutes,c__CFGB2833,o__OFGB2833,f__FGB2833,g__GGB74665,s__GGB74665_SGB13972,t__SGB13972,,,
k__Bacteria|p__Firmicutes|c__CFGB1765|o__OFGB1765|f__FGB1765|g__GGB4599|s__GGB4599_SGB6362|t__SGB6362,28,k__Bacteria,p__Firmicutes,c__CFGB1765,o__OFGB1765,f__FGB1765,g__GGB4599,s__GGB4599_SGB6362,t__SGB6362,,,
k__Bacteria|p__Verrucomicrobia|c__Opitutae|o__Puniceicoccales|f__Puniceicoccaceae|g__GGB6123|s__GGB6123_SGB8768|t__SGB8768,6,k__Bacteria,p__Verrucomicrobia,c__Opitutae,o__Puniceicoccales,f__Puniceicoccaceae,g__GGB6123,s__GGB6123_SGB8768,t__SGB8768,,,
k__Bacteria|p__Firmicutes|c__Clostridia|o__Eubacteriales|f__Oscillospiraceae|g__Oscillospiraceae_unclassified|s__Oscillospiraceae_bacterium_NSJ_50|t__SGB4158,2,k__Bacteria,p__Firmicutes,c__Clostridia,o__Eubacteriales,f__Oscillospiraceae,g__Oscillospiraceae_unclassified,s__Oscillospiraceae_bacterium_NSJ_50,t__SGB4158,,,
k__Bacteria|p__Firmicutes|c__CFGB1311|o__OFGB1311|f__FGB1311|g__GGB18456|s__GGB18456_SGB4146|t__SGB4146,2,k__Bacteria,p__Firmicutes,c__CFGB1311,o__OFGB1311,f__FGB1311,g__GGB18456,s__GGB18456_SGB4146,t__SGB4146,,,
k__Bacteria|p__Firmicutes|c__CFGB1765|o__OFGB1765|f__FGB1765|g__GGB4585|s__GGB4585_SGB6340|t__SGB6340,30,k__Bacteria,p__Firmicutes,c__CFGB1765,o__OFGB1765,f__FGB1765,g__GGB4585,s__GGB4585_SGB6340,t__SGB6340,,,
k__Bacteria|p__Firmicutes|c__CFGB2982|o__OFGB2982|f__FGB2982|g__GGB9342|s__GGB9342_SGB14306|t__SGB14306,45,k__Bacteria,p__Firmicutes,c__CFGB2982,o__OFGB2982,f__FGB2982,g__GGB9342,s__GGB9342_SGB14306,t__SGB14306,,,
k__Bacteria|p__Firmicutes|c__CFGB2945|o__OFGB2945|f__FGB2945|g__GGB9282|s__GGB9282_SGB14235|t__SGB14235,3,k__Bacteria,p__Firmicutes,c__CFGB2945,o__OFGB2945,f__FGB2945,g__GGB9282,s__GGB9282_SGB14235,t__SGB14235,,,
k__Bacteria|p__Bacteroidetes|c__Bacteroidia|o__Bacteroidales|f__Bacteroidaceae|g__GGB1387|s__GGB1387_SGB1895|t__SGB1895,14,k__Bacteria,p__Bacteroidetes,c__Bacteroidia,o__Bacteroidales,f__Bacteroidaceae,g__GGB1387,s__GGB1387_SGB1895,t__SGB1895,,,
k__Bacteria|p__Firmicutes|c__Clostridia|o__Eubacteriales|f__Oscillospiraceae|g__GGB9635|s__GGB9635_SGB15103|t__SGB15103,31,k__Bacteria,p__Firmicutes,c__Clostridia,o__Eubacteriales,f__Oscillospiraceae,g__GGB9635,s__GGB9635_SGB15103,t__SGB15103,,,
k__Bacteria|p__Firmicutes|c__Clostridia|o__Eubacteriales|f__Oscillospiraceae|g__GGB9642|s__GGB9642_SGB15119|t__SGB15119,34,k__Bacteria,p__Firmicutes,c__Clostridia,o__Eubacteriales,f__Oscillospiraceae,g__GGB9642,s__GGB9642_SGB15119,t__SGB15119,,,
k__Bacteria|p__Firmicutes|c__Negativicutes|o__Selenomonadales|f__Selenomonadaceae|g__Mitsuokella|s__Mitsuokella_multacida|t__SGB5906,4,k__Bacteria,p__Firmicutes,c__Negativicutes,o__Selenomonadales,f__Selenomonadaceae,g__Mitsuokella,s__Mitsuokella_multacida,t__SGB5906,,,
k__Bacteria|p__Proteobacteria|c__Deltaproteobacteria|o__Desulfovibrionales|f__Desulfovibrionaceae|g__Bilophila|s__Bilophila_SGB15451|t__SGB15451,20,k__Bacteria,p__Proteobacteria,c__Deltaproteobacteria,o__Desulfovibrionales,f__Desulfovibrionaceae,g__Bilophila,s__Bilophila_SGB15451,t__SGB15451,,,
k__Bacteria|p__Firmicutes|c__CFGB2949|o__OFGB2949|f__FGB2949|g__GGB9290|s__GGB9290_SGB14247|t__SGB14247,8,k__Bacteria,p__Firmicutes,c__CFGB2949,o__OFGB2949,f__FGB2949,g__GGB9290,s__GGB9290_SGB14247,t__SGB14247,,,
k__Bacteria|p__Actinobacteria|c__Coriobacteriia|o__Eggerthellales|f__Eggerthellaceae|g__GGB9424|s__GGB9424_SGB14794|t__SGB14794,13,k__Bacteria,p__Actinobacteria,c__Coriobacteriia,o__Eggerthellales,f__Eggerthellaceae,g__GGB9424,s__GGB9424_SGB14794,t__SGB14794,,,
k__Bacteria|p__Firmicutes|c__CFGB3040|o__OFGB3040|f__FGB3040|g__GGB9542|s__GGB9542_SGB14947|t__SGB14947,1,k__Bacteria,p__Firmicutes,c__CFGB3040,o__OFGB3040,f__FGB3040,g__GGB9542,s__GGB9542_SGB14947,t__SGB14947,,,
k__Bacteria|p__Firmicutes|c__CFGB3069|o__OFGB3069|f__FGB3069|g__GGB9767|s__GGB9767_SGB15384|t__SGB15384,1,k__Bacteria,p__Firmicutes,c__CFGB3069,o__OFGB3069,f__FGB3069,g__GGB9767,s__GGB9767_SGB15384,t__SGB15384,,,
k__Bacteria|p__Firmicutes|c__CFGB3035|o__OFGB3035|f__FGB3035|g__GGB9595|s__GGB9595_SGB15019|t__SGB15019,1,k__Bacteria,p__Firmicutes,c__CFGB3035,o__OFGB3035,f__FGB3035,g__GGB9595,s__GGB9595_SGB15019,t__SGB15019,,,
k__Bacteria|p__Firmicutes|c__Clostridia|o__Eubacteriales|f__Clostridiaceae|g__Clostridium|s__Clostridium_sp_1001270J_160509_D11|t__SGB6139,8,k__Bacteria,p__Firmicutes,c__Clostridia,o__Eubacteriales,f__Clostridiaceae,g__Clostridium,s__Clostridium_sp_1001270J_160509_D11,t__SGB6139,,,
k__Bacteria|p__Bacteroidetes|c__CFGB667|o__OFGB667|f__FGB667|g__GGB1662|s__GGB1662_SGB2276|t__SGB2276,9,k__Bacteria,p__Bacteroidetes,c__CFGB667,o__OFGB667,f__FGB667,g__GGB1662,s__GGB1662_SGB2276,t__SGB2276,,,
k__Bacteria|p__Firmicutes|c__Clostridia|o__Eubacteriales|f__Lachnospiraceae|g__GGB3588|s__GGB3588_SGB4808|t__SGB4808,9,k__Bacteria,p__Firmicutes,c__Clostridia,o__Eubacteriales,f__Lachnospiraceae,g__GGB3588,s__GGB3588_SGB4808,t__SGB4808,,,
k__Bacteria|p__Firmicutes|c__CFGB31455|o__OFGB31455|f__FGB31455|g__GGB4711|s__GGB4711_SGB6524|t__SGB6524,3,k__Bacteria,p__Firmicutes,c__CFGB31455,o__OFGB31455,f__FGB31455,g__GGB4711,s__GGB4711_SGB6524,t__SGB6524,,,
k__Bacteria|p__Firmicutes|c__Clostridia|o__Clostridia_unclassified|f__Clostridia_unclassified|g__GGB9531|s__GGB9531_SGB14932|t__SGB14932,3,k__Bacteria,p__Firmicutes,c__Clostridia,o__Clostridia_unclassified,f__Clostridia_unclassified,g__GGB9531,s__GGB9531_SGB14932,t__SGB14932,,,
k__Bacteria|p__Firmicutes|c__Clostridia|o__Clostridia_unclassified|f__Clostridia_unclassified|g__Candidatus_Neoclostridium|s__Candidatus_Neoclostridium_roslinense|t__SGB14018,2,k__Bacteria,p__Firmicutes,c__Clostridia,o__Clostridia_unclassified,f__Clostridia_unclassified,g__Candidatus_Neoclostridium,s__Candidatus_Neoclostridium_roslinense,t__SGB14018,,,
k__Bacteria|p__Firmicutes|c__Clostridia|o__Eubacteriales|f__Oscillospiraceae|g__GGB9737|s__GGB9737_SGB15309|t__SGB15309_group,4,k__Bacteria,p__Firmicutes,c__Clostridia,o__Eubacteriales,f__Oscillospiraceae,g__GGB9737,s__GGB9737_SGB15309,t__SGB15309_group,,,
k__Bacteria|p__Firmicutes|c__CFGB1765|o__OFGB1765|f__FGB1765|g__GGB4596|s__GGB4596_SGB6358|t__SGB6358,5,k__Bacteria,p__Firmicutes,c__CFGB1765,o__OFGB1765,f__FGB1765,g__GGB4596,s__GGB4596_SGB6358,t__SGB6358,,,
k__Bacteria|p__Firmicutes|c__CFGB1311|o__OFGB1311|f__FGB1311|g__GGB3142|s__GGB3142_SGB4155|t__SGB4155,1,k__Bacteria,p__Firmicutes,c__CFGB1311,o__OFGB1311,f__FGB1311,g__GGB3142,s__GGB3142_SGB4155,t__SGB4155,,,
k__Bacteria|p__Actinobacteria|c__CFGB12107|o__OFGB12107|f__FGB12107|g__GGB9361|s__GGB9361_SGB14336|t__SGB14336,10,k__Bacteria,p__Actinobacteria,c__CFGB12107,o__OFGB12107,f__FGB12107,g__GGB9361,s__GGB9361_SGB14336,t__SGB14336,,,
k__Bacteria|p__Firmicutes|c__Clostridia|o__Clostridia_unclassified|f__Clostridia_unclassified|g__GGB9444|s__GGB9444_SGB14834|t__SGB14834,2,k__Bacteria,p__Firmicutes,c__Clostridia,o__Clostridia_unclassified,f__Clostridia_unclassified,g__GGB9444,s__GGB9444_SGB14834,t__SGB14834,,,
k__Bacteria|p__Firmicutes|c__Clostridia|o__Eubacteriales|f__Oscillospiraceae|g__Faecalibacterium|s__Faecalibacterium_prausnitzii|t__SGB15326,34,k__Bacteria,p__Firmicutes,c__Clostridia,o__Eubacteriales,f__Oscillospiraceae,g__Faecalibacterium,s__Faecalibacterium_prausnitzii,t__SGB15326,,,
k__Bacteria|p__Firmicutes|c__CFGB1765|o__OFGB1765|f__FGB1765|g__GGB4603|s__GGB4603_SGB6367|t__SGB6367,8,k__Bacteria,p__Firmicutes,c__CFGB1765,o__OFGB1765,f__FGB1765,g__GGB4603,s__GGB4603_SGB6367,t__SGB6367,,,
k__Bacteria|p__Firmicutes|c__Clostridia|o__Eubacteriales|f__Oscillospiraceae|g__Ruminococcus|s__Ruminococcus_callidus|t__SGB4422,62,k__Bacteria,p__Firmicutes,c__Clostridia,o__Eubacteriales,f__Oscillospiraceae,g__Ruminococcus,s__Ruminococcus_callidus,t__SGB4422,,,
k__Bacteria|p__Firmicutes|c__CFGB1776|o__OFGB1776|f__FGB1776|g__GGB4682|s__GGB4682_SGB6472|t__SGB6472,6,k__Bacteria,p__Firmicutes,c__CFGB1776,o__OFGB1776,f__FGB1776,g__GGB4682,s__GGB4682_SGB6472,t__SGB6472,,,
k__Bacteria|p__Firmicutes|c__CFGB2837|o__OFGB2837|f__FGB2837|g__GGB9075|s__GGB9075_SGB13997|t__SGB13997,2,k__Bacteria,p__Firmicutes,c__CFGB2837,o__OFGB2837,f__FGB2837,g__GGB9075,s__GGB9075_SGB13997,t__SGB13997,,,
k__Bacteria|p__Firmicutes|c__CFGB3048|o__OFGB3048|f__FGB3048|g__GGB9559|s__GGB9559_SGB14969|t__SGB14969,6,k__Bacteria,p__Firmicutes,c__CFGB3048,o__OFGB3048,f__FGB3048,g__GGB9559,s__GGB9559_SGB14969,t__SGB14969,,,
k__Bacteria|p__Firmicutes|c__Clostridia|o__Eubacteriales|f__Lachnospiraceae|g__Blautia|s__Blautia_SGB101324|t__SGB101324,5,k__Bacteria,p__Firmicutes,c__Clostridia,o__Eubacteriales,f__Lachnospiraceae,g__Blautia,s__Blautia_SGB101324,t__SGB101324,,,
k__Bacteria|p__Firmicutes|c__Clostridia|o__Eubacteriales|f__Oscillospiraceae|g__GGB3345|s__GGB3345_SGB4425|t__SGB4425_group,39,k__Bacteria,p__Firmicutes,c__Clostridia,o__Eubacteriales,f__Oscillospiraceae,g__GGB3345,s__GGB3345_SGB4425,t__SGB4425_group,,,
k__Bacteria|p__Firmicutes|c__Clostridia|o__Clostridia_unclassified|f__Clostridia_unclassified|g__Candidatus_Metalachnospira|s__Candidatus_Metalachnospira_gallinarum|t__SGB5181,1,k__Bacteria,p__Firmicutes,c__Clostridia,o__Clostridia_unclassified,f__Clostridia_unclassified,g__Candidatus_Metalachnospira,s__Candidatus_Metalachnospira_gallinarum,t__SGB5181,,,
k__Bacteria|p__Firmicutes|c__CFGB2915|o__OFGB2915|f__FGB2915|g__GGB36267|s__GGB36267_SGB14177|t__SGB14177,5,k__Bacteria,p__Firmicutes,c__CFGB2915,o__OFGB2915,f__FGB2915,g__GGB36267,s__GGB36267_SGB14177,t__SGB14177,,,
k__Bacteria|p__Firmicutes|c__Clostridia|o__Eubacteriales|f__Eubacteriales_Family_XIII_Incertae_Sedis|g__GGB2980|s__GGB2980_SGB3962|t__SGB3962,5,k__Bacteria,p__Firmicutes,c__Clostridia,o__Eubacteriales,f__Eubacteriales_Family_XIII_Incertae_Sedis,g__GGB2980,s__GGB2980_SGB3962,t__SGB3962,,,
k__Bacteria|p__Synergistetes|c__Synergistia|o__Synergistales|f__Synergistaceae|g__Cloacibacillus|s__Cloacibacillus_SGB15503|t__SGB15503,2,k__Bacteria,p__Synergistetes,c__Synergistia,o__Synergistales,f__Synergistaceae,g__Cloacibacillus,s__Cloacibacillus_SGB15503,t__SGB15503,,,
k__Bacteria|p__Bacteroidetes|c__CFGB1670|o__OFGB1670|f__FGB1670|g__GGB47687|s__GGB47687_SGB2286|t__SGB2286,34,k__Bacteria,p__Bacteroidetes,c__CFGB1670,o__OFGB1670,f__FGB1670,g__GGB47687,s__GGB47687_SGB2286,t__SGB2286,,,
k__Bacteria|p__Firmicutes|c__CFGB10318|o__OFGB10318|f__FGB10318|g__GGB4658|s__GGB4658_SGB6445|t__SGB6445,1,k__Bacteria,p__Firmicutes,c__CFGB10318,o__OFGB10318,f__FGB10318,g__GGB4658,s__GGB4658_SGB6445,t__SGB6445,,,
k__Bacteria|p__Bacteroidetes|c__Bacteroidia|o__Bacteroidales|f__Bacteroidaceae|g__Bacteroides|s__Bacteroides_cutis|t__SGB1827,2,k__Bacteria,p__Bacteroidetes,c__Bacteroidia,o__Bacteroidales,f__Bacteroidaceae,g__Bacteroides,s__Bacteroides_cutis,t__SGB1827,,,
k__Bacteria|p__Firmicutes|c__Clostridia|o__Eubacteriales|f__Oscillospiraceae|g__Vescimonas|s__Vescimonas_SGB15086|t__SGB15086,3,k__Bacteria,p__Firmicutes,c__Clostridia,o__Eubacteriales,f__Oscillospiraceae,g__Vescimonas,s__Vescimonas_SGB15086,t__SGB15086,,,
k__Bacteria|p__Actinobacteria|c__Coriobacteriia|o__Coriobacteriales|f__Coriobacteriaceae|g__Enorma|s__Collinsella_massiliensis|t__SGB14752,2,k__Bacteria,p__Actinobacteria,c__Coriobacteriia,o__Coriobacteriales,f__Coriobacteriaceae,g__Enorma,s__Collinsella_massiliensis,t__SGB14752,,,
k__Bacteria|p__Firmicutes|c__CFGB3072|o__OFGB3072|f__FGB3072|g__GGB45491|s__GGB45491_SGB63163|t__SGB63163,1,k__Bacteria,p__Firmicutes,c__CFGB3072,o__OFGB3072,f__FGB3072,g__GGB45491,s__GGB45491_SGB63163,t__SGB63163,,,
k__Bacteria|p__Firmicutes|c__Clostridia|o__Clostridia_unclassified|f__Clostridia_unclassified|g__GGB9694|s__GGB9694_SGB15204|t__SGB15204,1,k__Bacteria,p__Firmicutes,c__Clostridia,o__Clostridia_unclassified,f__Clostridia_unclassified,g__GGB9694,s__GGB9694_SGB15204,t__SGB15204,,,
k__Bacteria|p__Actinobacteria|c__Coriobacteriia|o__Eggerthellales|f__Eggerthellaceae|g__Eggerthella|s__Eggerthella_sp_YY7918|t__SGB14811,1,k__Bacteria,p__Actinobacteria,c__Coriobacteriia,o__Eggerthellales,f__Eggerthellaceae,g__Eggerthella,s__Eggerthella_sp_YY7918,t__SGB14811,,,
k__Bacteria|p__Bacteroidetes|c__Bacteroidia|o__Bacteroidales|f__Tannerellaceae|g__Parabacteroides|s__Parabacteroides_sp_TM07_1AC|t__SGB1939,2,k__Bacteria,p__Bacteroidetes,c__Bacteroidia,o__Bacteroidales,f__Tannerellaceae,g__Parabacteroides,s__Parabacteroides_sp_TM07_1AC,t__SGB1939,,,
k__Bacteria|p__Firmicutes|c__CFGB3070|o__OFGB3070|f__FGB3070|g__GGB9775|s__GGB9775_SGB15395|t__SGB15395,9,k__Bacteria,p__Firmicutes,c__CFGB3070,o__OFGB3070,f__FGB3070,g__GGB9775,s__GGB9775_SGB15395,t__SGB15395,,,
k__Bacteria|p__Actinobacteria|c__Coriobacteriia|o__Eggerthellales|f__Eggerthellaceae|g__Adlercreutzia|s__Adlercreutzia_equolifaciens|t__SGB14798,16,k__Bacteria,p__Actinobacteria,c__Coriobacteriia,o__Eggerthellales,f__Eggerthellaceae,g__Adlercreutzia,s__Adlercreutzia_equolifaciens,t__SGB14798,,,
k__Bacteria|p__Firmicutes|c__Clostridia|o__Eubacteriales|f__Oscillospiraceae|g__GGB9637|s__GGB9637_SGB15111|t__SGB15111,1,k__Bacteria,p__Firmicutes,c__Clostridia,o__Eubacteriales,f__Oscillospiraceae,g__GGB9637,s__GGB9637_SGB15111,t__SGB15111,,,
k__Bacteria|p__Firmicutes|c__Clostridia|o__Eubacteriales|f__Oscillospiraceae|g__Dysosmobacter|s__Dysosmobacter_SGB15074|t__SGB15074,1,k__Bacteria,p__Firmicutes,c__Clostridia,o__Eubacteriales,f__Oscillospiraceae,g__Dysosmobacter,s__Dysosmobacter_SGB15074,t__SGB15074,,,
k__Bacteria|p__Firmicutes|c__Clostridia|o__Clostridia_unclassified|f__Clostridia_unclassified|g__GGB9695|s__GGB9695_SGB15209|t__SGB15209,2,k__Bacteria,p__Firmicutes,c__Clostridia,o__Clostridia_unclassified,f__Clostridia_unclassified,g__GGB9695,s__GGB9695_SGB15209,t__SGB15209,,,
k__Bacteria|p__Firmicutes|c__CFGB3072|o__OFGB3072|f__FGB3072|g__GGB9781|s__GGB9781_SGB15402|t__SGB15402,2,k__Bacteria,p__Firmicutes,c__CFGB3072,o__OFGB3072,f__FGB3072,g__GGB9781,s__GGB9781_SGB15402,t__SGB15402,,,
k__Bacteria|p__Firmicutes|c__Clostridia|o__Eubacteriales|f__Oscillospiraceae|g__GGB9619|s__GGB9619_SGB15067|t__SGB15067,4,k__Bacteria,p__Firmicutes,c__Clostridia,o__Eubacteriales,f__Oscillospiraceae,g__GGB9619,s__GGB9619_SGB15067,t__SGB15067,,,
k__Bacteria|p__Firmicutes|c__Clostridia|o__Eubacteriales|f__Lachnospiraceae|g__Butyrivibrio|s__Butyrivibrio_crossotus|t__SGB5065,26,k__Bacteria,p__Firmicutes,c__Clostridia,o__Eubacteriales,f__Lachnospiraceae,g__Butyrivibrio,s__Butyrivibrio_crossotus,t__SGB5065,,,
k__Bacteria|p__Bacteroidetes|c__Bacteroidia|o__Bacteroidales|f__Bacteroidaceae|g__Phocaeicola|s__Phocaeicola_plebeius|t__SGB1899,21,k__Bacteria,p__Bacteroidetes,c__Bacteroidia,o__Bacteroidales,f__Bacteroidaceae,g__Phocaeicola,s__Phocaeicola_plebeius,t__SGB1899,,,
k__Bacteria|p__Firmicutes|c__CFGB1798|o__OFGB1798|f__FGB1798|g__GGB4768|s__GGB4768_SGB6601|t__SGB6601,10,k__Bacteria,p__Firmicutes,c__CFGB1798,o__OFGB1798,f__FGB1798,g__GGB4768,s__GGB4768_SGB6601,t__SGB6601,,,
k__Bacteria|p__Bacteroidetes|c__Bacteroidia|o__Bacteroidales|f__Tannerellaceae|g__GGB1407|s__GGB1407_SGB1930|t__SGB1930,18,k__Bacteria,p__Bacteroidetes,c__Bacteroidia,o__Bacteroidales,f__Tannerellaceae,g__GGB1407,s__GGB1407_SGB1930,t__SGB1930,,,
k__Bacteria|p__Proteobacteria|c__CFGB2401|o__OFGB2401|f__FGB2401|g__GGB6585|s__GGB6585_SGB9307|t__SGB9307,5,k__Bacteria,p__Proteobacteria,c__CFGB2401,o__OFGB2401,f__FGB2401,g__GGB6585,s__GGB6585_SGB9307,t__SGB9307,,,
k__Bacteria|p__Firmicutes|c__Clostridia|o__Eubacteriales|f__Oscillospiraceae|g__Pseudoruminococcus|s__Pseudoruminococcus_massiliensis|t__SGB4280,15,k__Bacteria,p__Firmicutes,c__Clostridia,o__Eubacteriales,f__Oscillospiraceae,g__Pseudoruminococcus,s__Pseudoruminococcus_massiliensis,t__SGB4280,,,
k__Bacteria|p__Firmicutes|c__CFGB1800|o__OFGB1800|f__FGB1800|g__GGB13818|s__GGB13818_SGB6606|t__SGB6606,2,k__Bacteria,p__Firmicutes,c__CFGB1800,o__OFGB1800,f__FGB1800,g__GGB13818,s__GGB13818_SGB6606,t__SGB6606,,,
k__Bacteria|p__Firmicutes|c__Clostridia|o__Eubacteriales|f__Oscillospiraceae|g__Oscillospiraceae_unclassified|s__Oscillospiraceae_unclassified_SGB4196|t__SGB4196,5,k__Bacteria,p__Firmicutes,c__Clostridia,o__Eubacteriales,f__Oscillospiraceae,g__Oscillospiraceae_unclassified,s__Oscillospiraceae_unclassified_SGB4196,t__SGB4196,,,
k__Bacteria|p__Firmicutes|c__Clostridia|o__Eubacteriales|f__Lachnospiraceae|g__Blautia|s__Blautia_schinkii|t__SGB4825,10,k__Bacteria,p__Firmicutes,c__Clostridia,o__Eubacteriales,f__Lachnospiraceae,g__Blautia,s__Blautia_schinkii,t__SGB4825,,,
k__Bacteria|p__Firmicutes|c__CFGB29420|o__OFGB29420|f__FGB29420|g__GGB3733|s__GGB3733_SGB5066|t__SGB5066,6,k__Bacteria,p__Firmicutes,c__CFGB29420,o__OFGB29420,f__FGB29420,g__GGB3733,s__GGB3733_SGB5066,t__SGB5066,,,
k__Bacteria|p__Verrucomicrobia|c__Opitutae|o__Puniceicoccales|f__Puniceicoccaceae|g__GGB6128|s__GGB6128_SGB8774|t__SGB8774,3,k__Bacteria,p__Verrucomicrobia,c__Opitutae,o__Puniceicoccales,f__Puniceicoccaceae,g__GGB6128,s__GGB6128_SGB8774,t__SGB8774,,,
k__Bacteria|p__Verrucomicrobia|c__Opitutae|o__Puniceicoccales|f__Puniceicoccaceae|g__Puniceicoccaceae_unclassified|s__Puniceicoccaceae_bacterium_Marseille_Q1082|t__SGB8770,2,k__Bacteria,p__Verrucomicrobia,c__Opitutae,o__Puniceicoccales,f__Puniceicoccaceae,g__Puniceicoccaceae_unclassified,s__Puniceicoccaceae_bacterium_Marseille_Q1082,t__SGB8770,,,
k__Bacteria|p__Firmicutes|c__Clostridia|o__Eubacteriales|f__Lachnospiraceae|g__GGB3738|s__GGB3738_SGB5072|t__SGB5072,2,k__Bacteria,p__Firmicutes,c__Clostridia,o__Eubacteriales,f__Lachnospiraceae,g__GGB3738,s__GGB3738_SGB5072,t__SGB5072,,,
k__Bacteria|p__Firmicutes|c__CFGB2936|o__OFGB2936|f__FGB2936|g__GGB9266|s__GGB9266_SGB14215|t__SGB14215,4,k__Bacteria,p__Firmicutes,c__CFGB2936,o__OFGB2936,f__FGB2936,g__GGB9266,s__GGB9266_SGB14215,t__SGB14215,,,
k__Bacteria|p__Firmicutes|c__Clostridia|o__Eubacteriales|f__Oscillospiraceae|g__GGB9636|s__GGB9636_SGB15107|t__SGB15107,18,k__Bacteria,p__Firmicutes,c__Clostridia,o__Eubacteriales,f__Oscillospiraceae,g__GGB9636,s__GGB9636_SGB15107,t__SGB15107,,,
k__Bacteria|p__Bacteroidetes|c__Bacteroidia|o__Bacteroidales|f__Rikenellaceae|g__GGB1689|s__GGB1689_SGB2321|t__SGB2321,11,k__Bacteria,p__Bacteroidetes,c__Bacteroidia,o__Bacteroidales,f__Rikenellaceae,g__GGB1689,s__GGB1689_SGB2321,t__SGB2321,,,
k__Bacteria|p__Firmicutes|c__Clostridia|o__Eubacteriales|f__Eubacteriaceae|g__Eubacterium|s__Eubacterium_sp_AF22_9|t__SGB5083,13,k__Bacteria,p__Firmicutes,c__Clostridia,o__Eubacteriales,f__Eubacteriaceae,g__Eubacterium,s__Eubacterium_sp_AF22_9,t__SGB5083,,,
k__Archaea|p__Euryarchaeota|c__Methanobacteria|o__Methanobacteriales|f__Methanobacteriaceae|g__Methanobrevibacter|s__Methanobrevibacter_smithii|t__SGB713,11,k__Archaea,p__Euryarchaeota,c__Methanobacteria,o__Methanobacteriales,f__Methanobacteriaceae,g__Methanobrevibacter,s__Methanobrevibacter_smithii,t__SGB713,,,
k__Bacteria|p__Firmicutes|c__CFGB31455|o__OFGB31455|f__FGB31455|g__GGB4699|s__GGB4699_SGB6502|t__SGB6502,10,k__Bacteria,p__Firmicutes,c__CFGB31455,o__OFGB31455,f__FGB31455,g__GGB4699,s__GGB4699_SGB6502,t__SGB6502,,,
k__Bacteria|p__Actinobacteria|c__CFGB12107|o__OFGB12107|f__FGB12107|g__GGB9359|s__GGB9359_SGB14334|t__SGB14334,17,k__Bacteria,p__Actinobacteria,c__CFGB12107,o__OFGB12107,f__FGB12107,g__GGB9359,s__GGB9359_SGB14334,t__SGB14334,,,
k__Bacteria|p__Firmicutes|c__CFGB2840|o__OFGB2840|f__FGB2840|g__GGB9095|s__GGB9095_SGB14026|t__SGB14026,1,k__Bacteria,p__Firmicutes,c__CFGB2840,o__OFGB2840,f__FGB2840,g__GGB9095,s__GGB9095_SGB14026,t__SGB14026,,,
k__Bacteria|p__Firmicutes|c__Clostridia|o__Eubacteriales|f__Oscillospiraceae|g__Ruminococcus|s__Ruminococcus_champanellensis|t__SGB4418,1,k__Bacteria,p__Firmicutes,c__Clostridia,o__Eubacteriales,f__Oscillospiraceae,g__Ruminococcus,s__Ruminococcus_champanellensis,t__SGB4418,,,
k__Bacteria|p__Firmicutes|c__CFGB3023|o__OFGB3023|f__FGB3023|g__GGB9501|s__GGB9501_SGB14898|t__SGB14898,1,k__Bacteria,p__Firmicutes,c__CFGB3023,o__OFGB3023,f__FGB3023,g__GGB9501,s__GGB9501_SGB14898,t__SGB14898,,,
k__Bacteria|p__Firmicutes|c__CFGB72899|o__OFGB72899|f__FGB72899|g__GGB4611|s__GGB4611_SGB6385|t__SGB6385,6,k__Bacteria,p__Firmicutes,c__CFGB72899,o__OFGB72899,f__FGB72899,g__GGB4611,s__GGB4611_SGB6385,t__SGB6385,,,
k__Bacteria|p__Firmicutes|c__Clostridia|o__Eubacteriales|f__Oscillospiraceae|g__GGB32900|s__GGB32900_SGB53446|t__SGB53446,2,k__Bacteria,p__Firmicutes,c__Clostridia,o__Eubacteriales,f__Oscillospiraceae,g__GGB32900,s__GGB32900_SGB53446,t__SGB53446,,,
k__Bacteria|p__Lentisphaerae|c__CFGB2345|o__OFGB2345|f__FGB2345|g__GGB6470|s__GGB6470_SGB9153|t__SGB9153,9,k__Bacteria,p__Lentisphaerae,c__CFGB2345,o__OFGB2345,f__FGB2345,g__GGB6470,s__GGB6470_SGB9153,t__SGB9153,,,
k__Bacteria|p__Firmicutes|c__CFGB1359|o__OFGB1359|f__FGB1359|g__GGB3321|s__GGB3321_SGB4395|t__SGB4395,6,k__Bacteria,p__Firmicutes,c__CFGB1359,o__OFGB1359,f__FGB1359,g__GGB3321,s__GGB3321_SGB4395,t__SGB4395,,,
k__Bacteria|p__Firmicutes|c__CFGB30328|o__OFGB30328|f__FGB30328|g__GGB9522|s__GGB9522_SGB98319|t__SGB98319,2,k__Bacteria,p__Firmicutes,c__CFGB30328,o__OFGB30328,f__FGB30328,g__GGB9522,s__GGB9522_SGB98319,t__SGB98319,,,
k__Bacteria|p__Firmicutes|c__CFGB3054|o__OFGB3054|f__FGB3054|g__GGB9687|s__GGB9687_SGB15191|t__SGB15191,2,k__Bacteria,p__Firmicutes,c__CFGB3054,o__OFGB3054,f__FGB3054,g__GGB9687,s__GGB9687_SGB15191,t__SGB15191,,,
k__Bacteria|p__Lentisphaerae|c__CFGB2378|o__OFGB2378|f__FGB2378|g__GGB6522|s__GGB6522_SGB9214|t__SGB9214,3,k__Bacteria,p__Lentisphaerae,c__CFGB2378,o__OFGB2378,f__FGB2378,g__GGB6522,s__GGB6522_SGB9214,t__SGB9214,,,
k__Bacteria|p__Firmicutes|c__Clostridia|o__Clostridia_unclassified|f__Clostridia_unclassified|g__GGB9711|s__GGB9711_SGB15240|t__SGB15240,1,k__Bacteria,p__Firmicutes,c__Clostridia,o__Clostridia_unclassified,f__Clostridia_unclassified,g__GGB9711,s__GGB9711_SGB15240,t__SGB15240,,,
k__Bacteria|p__Firmicutes|c__CFGB73902|o__OFGB73902|f__FGB73902|g__GGB4689|s__GGB4689_SGB6487|t__SGB6487,6,k__Bacteria,p__Firmicutes,c__CFGB73902,o__OFGB73902,f__FGB73902,g__GGB4689,s__GGB4689_SGB6487,t__SGB6487,,,
k__Bacteria|p__Firmicutes|c__CFGB4559|o__OFGB4559|f__FGB4559|g__GGB2983|s__GGB2983_SGB3965|t__SGB3965,3,k__Bacteria,p__Firmicutes,c__CFGB4559,o__OFGB4559,f__FGB4559,g__GGB2983,s__GGB2983_SGB3965,t__SGB3965,,,
k__Bacteria|p__Firmicutes|c__CFGB1765|o__OFGB1765|f__FGB1765|g__GGB4567|s__GGB4567_SGB6308|t__SGB6308,10,k__Bacteria,p__Firmicutes,c__CFGB1765,o__OFGB1765,f__FGB1765,g__GGB4567,s__GGB4567_SGB6308,t__SGB6308,,,
k__Bacteria|p__Bacteroidetes|c__Bacteroidia|o__Bacteroidales|f__Tannerellaceae|g__Parabacteroides|s__Parabacteroides_johnsonii|t__SGB1948,25,k__Bacteria,p__Bacteroidetes,c__Bacteroidia,o__Bacteroidales,f__Tannerellaceae,g__Parabacteroides,s__Parabacteroides_johnsonii,t__SGB1948,,,
k__Bacteria|p__Firmicutes|c__CFGB2840|o__OFGB2840|f__FGB2840|g__GGB9093|s__GGB9093_SGB14023|t__SGB14023,2,k__Bacteria,p__Firmicutes,c__CFGB2840,o__OFGB2840,f__FGB2840,g__GGB9093,s__GGB9093_SGB14023,t__SGB14023,,,
k__Bacteria|p__Firmicutes|c__CFGB3054|o__OFGB3054|f__FGB3054|g__GGB9690|s__GGB9690_SGB15196|t__SGB15196,10,k__Bacteria,p__Firmicutes,c__CFGB3054,o__OFGB3054,f__FGB3054,g__GGB9690,s__GGB9690_SGB15196,t__SGB15196,,,
k__Bacteria|p__Firmicutes|c__Clostridia|o__Eubacteriales|f__Lachnospiraceae|g__GGB3475|s__GGB3475_SGB4638|t__SGB4638,3,k__Bacteria,p__Firmicutes,c__Clostridia,o__Eubacteriales,f__Lachnospiraceae,g__GGB3475,s__GGB3475_SGB4638,t__SGB4638,,,
k__Bacteria|p__Firmicutes|c__CFGB10314|o__OFGB10314|f__FGB10314|g__GGB4703|s__GGB4703_SGB6510|t__SGB6510,8,k__Bacteria,p__Firmicutes,c__CFGB10314,o__OFGB10314,f__FGB10314,g__GGB4703,s__GGB4703_SGB6510,t__SGB6510,,,
k__Bacteria|p__Proteobacteria|c__CFGB10055|o__OFGB10055|f__FGB10055|g__GGB6606|s__GGB6606_SGB9340|t__SGB9340,49,k__Bacteria,p__Proteobacteria,c__CFGB10055,o__OFGB10055,f__FGB10055,g__GGB6606,s__GGB6606_SGB9340,t__SGB9340,,,
k__Bacteria|p__Firmicutes|c__CFGB2889|o__OFGB2889|f__FGB2889|g__GGB9197|s__GGB9197_SGB14136|t__SGB14136,1,k__Bacteria,p__Firmicutes,c__CFGB2889,o__OFGB2889,f__FGB2889,g__GGB9197,s__GGB9197_SGB14136,t__SGB14136,,,
k__Bacteria|p__Firmicutes|c__Clostridia|o__Clostridia_unclassified|f__Clostridia_unclassified|g__GGB33512|s__GGB33512_SGB15202|t__SGB15202,2,k__Bacteria,p__Firmicutes,c__Clostridia,o__Clostridia_unclassified,f__Clostridia_unclassified,g__GGB33512,s__GGB33512_SGB15202,t__SGB15202,,,
k__Bacteria|p__Firmicutes|c__Clostridia|o__Eubacteriales|f__Clostridiaceae|g__Clostridiaceae_unclassified|s__Clostridiaceae_bacterium_H8|t__SGB4133,3,k__Bacteria,p__Firmicutes,c__Clostridia,o__Eubacteriales,f__Clostridiaceae,g__Clostridiaceae_unclassified,s__Clostridiaceae_bacterium_H8,t__SGB4133,,,
k__Bacteria|p__Firmicutes|c__Clostridia|o__Eubacteriales|f__Oscillospiraceae|g__GGB9611|s__GGB9611_SGB15045|t__SGB15045,2,k__Bacteria,p__Firmicutes,c__Clostridia,o__Eubacteriales,f__Oscillospiraceae,g__GGB9611,s__GGB9611_SGB15045,t__SGB15045,,,
k__Bacteria|p__Firmicutes|c__Clostridia|o__Eubacteriales|f__Oscillospiraceae|g__GGB9719|s__GGB9719_SGB53514|t__SGB53514,6,k__Bacteria,p__Firmicutes,c__Clostridia,o__Eubacteriales,f__Oscillospiraceae,g__GGB9719,s__GGB9719_SGB53514,t__SGB53514,,,
k__Bacteria|p__Synergistetes|c__Synergistia|o__Synergistales|f__Synergistaceae|g__Cloacibacillus|s__Cloacibacillus_porcorum|t__SGB15507,2,k__Bacteria,p__Synergistetes,c__Synergistia,o__Synergistales,f__Synergistaceae,g__Cloacibacillus,s__Cloacibacillus_porcorum,t__SGB15507,,,
k__Bacteria|p__Firmicutes|c__Clostridia|o__Clostridia_unclassified|f__Clostridia_unclassified|g__Candidatus_Protoclostridium|s__Candidatus_Protoclostridium_gallicola|t__SGB14049,3,k__Bacteria,p__Firmicutes,c__Clostridia,o__Clostridia_unclassified,f__Clostridia_unclassified,g__Candidatus_Protoclostridium,s__Candidatus_Protoclostridium_gallicola,t__SGB14049,,,
k__Bacteria|p__Tenericutes|c__CFGB1787|o__OFGB1787|f__FGB1787|g__GGB4745|s__GGB4745_SGB6571|t__SGB6571,34,k__Bacteria,p__Tenericutes,c__CFGB1787,o__OFGB1787,f__FGB1787,g__GGB4745,s__GGB4745_SGB6571,t__SGB6571,,,
k__Bacteria|p__Firmicutes|c__Clostridia|o__Eubacteriales|f__Oscillospiraceae|g__GGB3189|s__GGB3189_SGB4212|t__SGB4212,5,k__Bacteria,p__Firmicutes,c__Clostridia,o__Eubacteriales,f__Oscillospiraceae,g__GGB3189,s__GGB3189_SGB4212,t__SGB4212,,,
k__Bacteria|p__Verrucomicrobia|c__Verrucomicrobiae|o__Verrucomicrobiales|f__Akkermansiaceae|g__Akkermansia|s__Akkermansia_muciniphila|t__SGB9228,21,k__Bacteria,p__Verrucomicrobia,c__Verrucomicrobiae,o__Verrucomicrobiales,f__Akkermansiaceae,g__Akkermansia,s__Akkermansia_muciniphila,t__SGB9228,,,
k__Bacteria|p__Firmicutes|c__Clostridia|o__Eubacteriales|f__Oscillospiraceae|g__Ruminococcus|s__Ruminococcus_bovis|t__SGB4272,8,k__Bacteria,p__Firmicutes,c__Clostridia,o__Eubacteriales,f__Oscillospiraceae,g__Ruminococcus,s__Ruminococcus_bovis,t__SGB4272,,,
k__Bacteria|p__Firmicutes|c__Clostridia|o__Eubacteriales|f__Oscillospiraceae|g__GGB3341|s__GGB3341_SGB4420|t__SGB4420,21,k__Bacteria,p__Firmicutes,c__Clostridia,o__Eubacteriales,f__Oscillospiraceae,g__GGB3341,s__GGB3341_SGB4420,t__SGB4420,,,
k__Bacteria|p__Firmicutes|c__CFGB1765|o__OFGB1765|f__FGB1765|g__GGB4558|s__GGB4558_SGB6290|t__SGB6290,2,k__Bacteria,p__Firmicutes,c__CFGB1765,o__OFGB1765,f__FGB1765,g__GGB4558,s__GGB4558_SGB6290,t__SGB6290,,,
k__Bacteria|p__Firmicutes|c__Clostridia|o__Clostridia_unclassified|f__Clostridia_unclassified|g__Candidatus_Woodwardibium|s__Candidatus_Woodwardibium_SGB14954|t__SGB14954,8,k__Bacteria,p__Firmicutes,c__Clostridia,o__Clostridia_unclassified,f__Clostridia_unclassified,g__Candidatus_Woodwardibium,s__Candidatus_Woodwardibium_SGB14954,t__SGB14954,,,
k__Bacteria|p__Firmicutes|c__CFGB1012|o__OFGB1012|f__FGB1012|g__GGB2657|s__GGB2657_SGB3578|t__SGB3578,1,k__Bacteria,p__Firmicutes,c__CFGB1012,o__OFGB1012,f__FGB1012,g__GGB2657,s__GGB2657_SGB3578,t__SGB3578,,,
k__Bacteria|p__Firmicutes|c__Negativicutes|o__Acidaminococcales|f__Acidaminococcaceae|g__GGB4239|s__GGB4239_SGB5731|t__SGB5731,2,k__Bacteria,p__Firmicutes,c__Negativicutes,o__Acidaminococcales,f__Acidaminococcaceae,g__GGB4239,s__GGB4239_SGB5731,t__SGB5731,,,
k__Bacteria|p__Candidatus_Melainabacteria|c__CFGB2107|o__OFGB2107|f__FGB2107|g__GGB5998|s__GGB5998_SGB8621|t__SGB8621,2,k__Bacteria,p__Candidatus_Melainabacteria,c__CFGB2107,o__OFGB2107,f__FGB2107,g__GGB5998,s__GGB5998_SGB8621,t__SGB8621,,,
k__Bacteria|p__Proteobacteria|c__CFGB2403|o__OFGB2403|f__FGB2403|g__GGB6601|s__GGB6601_SGB9333|t__SGB9333,37,k__Bacteria,p__Proteobacteria,c__CFGB2403,o__OFGB2403,f__FGB2403,g__GGB6601,s__GGB6601_SGB9333,t__SGB9333,,,
k__Bacteria|p__Firmicutes|c__CFGB1765|o__OFGB1765|f__FGB1765|g__GGB4571|s__GGB4571_SGB6317|t__SGB6317,22,k__Bacteria,p__Firmicutes,c__CFGB1765,o__OFGB1765,f__FGB1765,g__GGB4571,s__GGB4571_SGB6317,t__SGB6317,,,
k__Bacteria|p__Candidatus_Melainabacteria|c__CFGB2106|o__OFGB2106|f__FGB2106|g__GGB5980|s__GGB5980_SGB8599|t__SGB8599,6,k__Bacteria,p__Candidatus_Melainabacteria,c__CFGB2106,o__OFGB2106,f__FGB2106,g__GGB5980,s__GGB5980_SGB8599,t__SGB8599,,,
k__Bacteria|p__Firmicutes|c__Clostridia|o__Eubacteriales|f__Clostridiaceae|g__Clostridium|s__Clostridium_SGB48024|t__SGB48024,4,k__Bacteria,p__Firmicutes,c__Clostridia,o__Eubacteriales,f__Clostridiaceae,g__Clostridium,s__Clostridium_SGB48024,t__SGB48024,,,
k__Bacteria|p__Firmicutes|c__CFGB2964|o__OFGB2964|f__FGB2964|g__GGB9309|s__GGB9309_SGB14270|t__SGB14270,5,k__Bacteria,p__Firmicutes,c__CFGB2964,o__OFGB2964,f__FGB2964,g__GGB9309,s__GGB9309_SGB14270,t__SGB14270,,,
k__Bacteria|p__Candidatus_Melainabacteria|c__CFGB2107|o__OFGB2107|f__FGB2107|g__GGB5997|s__GGB5997_SGB8620|t__SGB8620,6,k__Bacteria,p__Candidatus_Melainabacteria,c__CFGB2107,o__OFGB2107,f__FGB2107,g__GGB5997,s__GGB5997_SGB8620,t__SGB8620,,,
k__Bacteria|p__Firmicutes|c__Clostridia|o__Eubacteriales|f__Lachnospiraceae|g__Dorea|s__Dorea_phocaeensis|t__SGB4572,1,k__Bacteria,p__Firmicutes,c__Clostridia,o__Eubacteriales,f__Lachnospiraceae,g__Dorea,s__Dorea_phocaeensis,t__SGB4572,,,
k__Bacteria|p__Firmicutes|c__Clostridia|o__Eubacteriales|f__Clostridiaceae|g__GGB3550|s__GGB3550_SGB4747|t__SGB4747,2,k__Bacteria,p__Firmicutes,c__Clostridia,o__Eubacteriales,f__Clostridiaceae,g__GGB3550,s__GGB3550_SGB4747,t__SGB4747,,,
k__Bacteria|p__Firmicutes|c__CFGB1765|o__OFGB1765|f__FGB1765|g__GGB4605|s__GGB4605_SGB6378|t__SGB6378,1,k__Bacteria,p__Firmicutes,c__CFGB1765,o__OFGB1765,f__FGB1765,g__GGB4605,s__GGB4605_SGB6378,t__SGB6378,,,
k__Bacteria|p__Firmicutes|c__CFGB74538|o__OFGB74538|f__FGB74538|g__GGB3548|s__GGB3548_SGB4744|t__SGB4744,5,k__Bacteria,p__Firmicutes,c__CFGB74538,o__OFGB74538,f__FGB74538,g__GGB3548,s__GGB3548_SGB4744,t__SGB4744,,,
k__Eukaryota|p__Ascomycota|c__Saccharomycetes|o__Saccharomycetales|f__Saccharomycetaceae|g__Saccharomyces|s__Saccharomyces_cerevisiae|t__EUK4932,1,k__Eukaryota,p__Ascomycota,c__Saccharomycetes,o__Saccharomycetales,f__Saccharomycetaceae,g__Saccharomyces,s__Saccharomyces_cerevisiae,t__EUK4932,,,
k__Bacteria|p__Firmicutes|c__CFGB1474|o__OFGB1474|f__FGB1474|g__GGB51269|s__GGB51269_SGB5061|t__SGB5061,3,k__Bacteria,p__Firmicutes,c__CFGB1474,o__OFGB1474,f__FGB1474,g__GGB51269,s__GGB51269_SGB5061,t__SGB5061,,,
k__Bacteria|p__Firmicutes|c__CFGB32970|o__OFGB32970|f__FGB32970|g__GGB51884|s__GGB51884_SGB49168|t__SGB49168,1,k__Bacteria,p__Firmicutes,c__CFGB32970,o__OFGB32970,f__FGB32970,g__GGB51884,s__GGB51884_SGB49168,t__SGB49168,,,
k__Bacteria|p__Firmicutes|c__Clostridia|o__Eubacteriales|f__Lachnospiraceae|g__GGB79028|s__GGB79028_SGB105947|t__SGB105947,1,k__Bacteria,p__Firmicutes,c__Clostridia,o__Eubacteriales,f__Lachnospiraceae,g__GGB79028,s__GGB79028_SGB105947,t__SGB105947,,,
k__Bacteria|p__Firmicutes|c__Clostridia|o__Eubacteriales|f__Oscillospiraceae|g__GGB9634|s__GGB9634_SGB15099|t__SGB15099,6,k__Bacteria,p__Firmicutes,c__Clostridia,o__Eubacteriales,f__Oscillospiraceae,g__GGB9634,s__GGB9634_SGB15099,t__SGB15099,,,
k__Bacteria|p__Firmicutes|c__CFGB1695|o__OFGB1695|f__FGB1695|g__GGB4231|s__GGB4231_SGB5722|t__SGB5722,1,k__Bacteria,p__Firmicutes,c__CFGB1695,o__OFGB1695,f__FGB1695,g__GGB4231,s__GGB4231_SGB5722,t__SGB5722,,,
k__Bacteria|p__Proteobacteria|c__CFGB2404|o__OFGB2404|f__FGB2404|g__GGB6609|s__GGB6609_SGB9343|t__SGB9343,7,k__Bacteria,p__Proteobacteria,c__CFGB2404,o__OFGB2404,f__FGB2404,g__GGB6609,s__GGB6609_SGB9343,t__SGB9343,,,
k__Bacteria|p__Firmicutes|c__CFGB1359|o__OFGB1359|f__FGB1359|g__GGB3323|s__GGB3323_SGB4400|t__SGB4400,1,k__Bacteria,p__Firmicutes,c__CFGB1359,o__OFGB1359,f__FGB1359,g__GGB3323,s__GGB3323_SGB4400,t__SGB4400,,,
k__Bacteria|p__Firmicutes|c__CFGB1765|o__OFGB1765|f__FGB1765|g__GGB4567|s__GGB4567_SGB6307|t__SGB6307,7,k__Bacteria,p__Firmicutes,c__CFGB1765,o__OFGB1765,f__FGB1765,g__GGB4567,s__GGB4567_SGB6307,t__SGB6307,,,
k__Bacteria|p__Firmicutes|c__Clostridia|o__Eubacteriales|f__Oscillospiraceae|g__GGB79483|s__GGB79483_SGB105821|t__SGB105821,1,k__Bacteria,p__Firmicutes,c__Clostridia,o__Eubacteriales,f__Oscillospiraceae,g__GGB79483,s__GGB79483_SGB105821,t__SGB105821,,,
k__Bacteria|p__Firmicutes|c__CFGB2960|o__OFGB2960|f__FGB2960|g__GGB9302|s__GGB9302_SGB14263|t__SGB14263,1,k__Bacteria,p__Firmicutes,c__CFGB2960,o__OFGB2960,f__FGB2960,g__GGB9302,s__GGB9302_SGB14263,t__SGB14263,,,
k__Bacteria|p__Firmicutes|c__Clostridia|o__Eubacteriales|f__Clostridiaceae|g__Clostridiaceae_unclassified|s__Clostridiaceae_bacterium|t__SGB4629,3,k__Bacteria,p__Firmicutes,c__Clostridia,o__Eubacteriales,f__Clostridiaceae,g__Clostridiaceae_unclassified,s__Clostridiaceae_bacterium,t__SGB4629,,,
k__Bacteria|p__Firmicutes|c__CFGB3072|o__OFGB3072|f__FGB3072|g__GGB9782|s__GGB9782_SGB15403|t__SGB15403,4,k__Bacteria,p__Firmicutes,c__CFGB3072,o__OFGB3072,f__FGB3072,g__GGB9782,s__GGB9782_SGB15403,t__SGB15403,,,
k__Bacteria|p__Firmicutes|c__Clostridia|o__Eubacteriales|f__Eubacteriales_unclassified|g__Eubacteriales_unclassified|s__Clostridiales_bacterium|t__SGB15158,4,k__Bacteria,p__Firmicutes,c__Clostridia,o__Eubacteriales,f__Eubacteriales_unclassified,g__Eubacteriales_unclassified,s__Clostridiales_bacterium,t__SGB15158,,,
k__Bacteria|p__Proteobacteria|c__Epsilonproteobacteria|o__Campylobacterales|f__Campylobacteraceae|g__Campylobacter|s__Campylobacter_hominis|t__SGB19429,1,k__Bacteria,p__Proteobacteria,c__Epsilonproteobacteria,o__Campylobacterales,f__Campylobacteraceae,g__Campylobacter,s__Campylobacter_hominis,t__SGB19429,,,
k__Bacteria|p__Firmicutes|c__Clostridia|o__Eubacteriales|f__Oscillospiraceae|g__GGB9620|s__GGB9620_SGB15068|t__SGB15068,3,k__Bacteria,p__Firmicutes,c__Clostridia,o__Eubacteriales,f__Oscillospiraceae,g__GGB9620,s__GGB9620_SGB15068,t__SGB15068,,,
k__Bacteria|p__Firmicutes|c__Clostridia|o__Eubacteriales|f__Lachnospiraceae|g__GGB3576|s__GGB3576_SGB4784|t__SGB4784,1,k__Bacteria,p__Firmicutes,c__Clostridia,o__Eubacteriales,f__Lachnospiraceae,g__GGB3576,s__GGB3576_SGB4784,t__SGB4784,,,
k__Bacteria|p__Bacteroidetes|c__Bacteroidia|o__Bacteroidales|f__Prevotellaceae|g__Prevotella|s__Prevotella_corporis|t__SGB1504,2,k__Bacteria,p__Bacteroidetes,c__Bacteroidia,o__Bacteroidales,f__Prevotellaceae,g__Prevotella,s__Prevotella_corporis,t__SGB1504,,,
k__Bacteria|p__Firmicutes|c__CFGB1292|o__OFGB1292|f__FGB1292|g__GGB3109|s__GGB3109_SGB4119|t__SGB4119,1,k__Bacteria,p__Firmicutes,c__CFGB1292,o__OFGB1292,f__FGB1292,g__GGB3109,s__GGB3109_SGB4119,t__SGB4119,,,
k__Bacteria|p__Firmicutes|c__CFGB1226|o__OFGB1226|f__FGB1226|g__GGB58485|s__GGB58485_SGB80143|t__SGB80143,1,k__Bacteria,p__Firmicutes,c__CFGB1226,o__OFGB1226,f__FGB1226,g__GGB58485,s__GGB58485_SGB80143,t__SGB80143,,,
k__Bacteria|p__Bacteroidetes|c__CFGB11479|o__OFGB11479|f__FGB11479|g__GGB1631|s__GGB1631_SGB2239|t__SGB2239,18,k__Bacteria,p__Bacteroidetes,c__CFGB11479,o__OFGB11479,f__FGB11479,g__GGB1631,s__GGB1631_SGB2239,t__SGB2239,,,
k__Bacteria|p__Proteobacteria|c__Betaproteobacteria|o__Burkholderiales|f__Sutterellaceae|g__Sutterella|s__Sutterella_SGB9298|t__SGB9298,7,k__Bacteria,p__Proteobacteria,c__Betaproteobacteria,o__Burkholderiales,f__Sutterellaceae,g__Sutterella,s__Sutterella_SGB9298,t__SGB9298,,,
k__Bacteria|p__Firmicutes|c__Bacilli|o__Lactobacillales|f__Streptococcaceae|g__Streptococcus|s__Streptococcus_salivarius|t__SGB8005,3,k__Bacteria,p__Firmicutes,c__Bacilli,o__Lactobacillales,f__Streptococcaceae,g__Streptococcus,s__Streptococcus_salivarius,t__SGB8005,,,
k__Bacteria|p__Proteobacteria|c__Betaproteobacteria|o__Burkholderiales|f__Sutterellaceae|g__Sutterella|s__Sutterella_seckii|t__SGB9297,2,k__Bacteria,p__Proteobacteria,c__Betaproteobacteria,o__Burkholderiales,f__Sutterellaceae,g__Sutterella,s__Sutterella_seckii,t__SGB9297,,,
k__Bacteria|p__Actinobacteria|c__Coriobacteriia|o__Coriobacteriales|f__Coriobacteriaceae|g__Collinsella|s__Collinsella_SGB14745|t__SGB14745,1,k__Bacteria,p__Actinobacteria,c__Coriobacteriia,o__Coriobacteriales,f__Coriobacteriaceae,g__Collinsella,s__Collinsella_SGB14745,t__SGB14745,,,
k__Bacteria|p__Firmicutes|c__Bacilli|o__Lactobacillales|f__Streptococcaceae|g__Streptococcus|s__Streptococcus_pasteurianus|t__SGB8018,2,k__Bacteria,p__Firmicutes,c__Bacilli,o__Lactobacillales,f__Streptococcaceae,g__Streptococcus,s__Streptococcus_pasteurianus,t__SGB8018,,,
k__Bacteria|p__Firmicutes|c__Bacilli|o__Lactobacillales|f__Streptococcaceae|g__Streptococcus|s__Streptococcus_gordonii|t__SGB8053,3,k__Bacteria,p__Firmicutes,c__Bacilli,o__Lactobacillales,f__Streptococcaceae,g__Streptococcus,s__Streptococcus_gordonii,t__SGB8053,,,
k__Bacteria|p__Firmicutes|c__Bacilli|o__Lactobacillales|f__Lactobacillaceae|g__Ligilactobacillus|s__Ligilactobacillus_salivarius|t__SGB7082,1,k__Bacteria,p__Firmicutes,c__Bacilli,o__Lactobacillales,f__Lactobacillaceae,g__Ligilactobacillus,s__Ligilactobacillus_salivarius,t__SGB7082,,,
k__Bacteria|p__Bacteroidetes|c__Bacteroidia|o__Bacteroidales|f__Bacteroidaceae|g__GGB1387|s__GGB1387_SGB1894|t__SGB1894,1,k__Bacteria,p__Bacteroidetes,c__Bacteroidia,o__Bacteroidales,f__Bacteroidaceae,g__GGB1387,s__GGB1387_SGB1894,t__SGB1894,,,
k__Bacteria|p__Firmicutes|c__Negativicutes|o__Selenomonadales|f__Selenomonadaceae|g__Megamonas|s__Megamonas_funiformis|t__SGB6962,32,k__Bacteria,p__Firmicutes,c__Negativicutes,o__Selenomonadales,f__Selenomonadaceae,g__Megamonas,s__Megamonas_funiformis,t__SGB6962,,,
k__Bacteria|p__Firmicutes|c__Negativicutes|o__Veillonellales|f__Veillonellaceae|g__Megasphaera|s__Megasphaera_sp_MJR8396C|t__SGB5855,3,k__Bacteria,p__Firmicutes,c__Negativicutes,o__Veillonellales,f__Veillonellaceae,g__Megasphaera,s__Megasphaera_sp_MJR8396C,t__SGB5855,,,
k__Bacteria|p__Proteobacteria|c__Deltaproteobacteria|o__Desulfovibrionales|f__Desulfovibrionaceae|g__GGB9813|s__GGB9813_SGB15447|t__SGB15447,27,k__Bacteria,p__Proteobacteria,c__Deltaproteobacteria,o__Desulfovibrionales,f__Desulfovibrionaceae,g__GGB9813,s__GGB9813_SGB15447,t__SGB15447,,,
k__Bacteria|p__Bacteroidetes|c__CFGB658|o__OFGB658|f__FGB658|g__GGB1627|s__GGB1627_SGB2227|t__SGB2227,6,k__Bacteria,p__Bacteroidetes,c__CFGB658,o__OFGB658,f__FGB658,g__GGB1627,s__GGB1627_SGB2227,t__SGB2227,,,
k__Bacteria|p__Firmicutes|c__CFGB1765|o__OFGB1765|f__FGB1765|g__GGB4569|s__GGB4569_SGB6312|t__SGB6312,18,k__Bacteria,p__Firmicutes,c__CFGB1765,o__OFGB1765,f__FGB1765,g__GGB4569,s__GGB4569_SGB6312,t__SGB6312,,,
k__Bacteria|p__Firmicutes|c__CFGB1354|o__OFGB1354|f__FGB1354|g__GGB3304|s__GGB3304_SGB4365|t__SGB4365,10,k__Bacteria,p__Firmicutes,c__CFGB1354,o__OFGB1354,f__FGB1354,g__GGB3304,s__GGB3304_SGB4365,t__SGB4365,,,
k__Bacteria|p__Bacteroidetes|c__Bacteroidia|o__Bacteroidales|f__Bacteroidaceae|g__Phocaeicola|s__Phocaeicola_coprocola|t__SGB1891,54,k__Bacteria,p__Bacteroidetes,c__Bacteroidia,o__Bacteroidales,f__Bacteroidaceae,g__Phocaeicola,s__Phocaeicola_coprocola,t__SGB1891,,,
k__Bacteria|p__Bacteroidetes|c__CFGB4425|o__OFGB4425|f__FGB4425|g__GGB1511|s__GGB1511_SGB2091|t__SGB2091,6,k__Bacteria,p__Bacteroidetes,c__CFGB4425,o__OFGB4425,f__FGB4425,g__GGB1511,s__GGB1511_SGB2091,t__SGB2091,,,
k__Bacteria|p__Firmicutes|c__Erysipelotrichia|o__Erysipelotrichales|f__Erysipelotrichaceae|g__Absicoccus|s__Absicoccus_porci|t__SGB6818,2,k__Bacteria,p__Firmicutes,c__Erysipelotrichia,o__Erysipelotrichales,f__Erysipelotrichaceae,g__Absicoccus,s__Absicoccus_porci,t__SGB6818,,,
k__Bacteria|p__Bacteroidetes|c__Bacteroidia|o__Bacteroidales|f__Prevotellaceae|g__Prevotella|s__Prevotella_lascolaii|t__SGB1585,14,k__Bacteria,p__Bacteroidetes,c__Bacteroidia,o__Bacteroidales,f__Prevotellaceae,g__Prevotella,s__Prevotella_lascolaii,t__SGB1585,,,
k__Bacteria|p__Firmicutes|c__Clostridia|o__Eubacteriales|f__Oscillospiraceae|g__GGB9623|s__GGB9623_SGB15075|t__SGB15075,7,k__Bacteria,p__Firmicutes,c__Clostridia,o__Eubacteriales,f__Oscillospiraceae,g__GGB9623,s__GGB9623_SGB15075,t__SGB15075,,,
k__Bacteria|p__Firmicutes|c__CFGB1310|o__OFGB1310|f__FGB1310|g__GGB3328|s__GGB3328_SGB4406|t__SGB4406,5,k__Bacteria,p__Firmicutes,c__CFGB1310,o__OFGB1310,f__FGB1310,g__GGB3328,s__GGB3328_SGB4406,t__SGB4406,,,
k__Bacteria|p__Bacteroidetes|c__CFGB642|o__OFGB642|f__FGB642|g__GGB1567|s__GGB1567_SGB2154|t__SGB2154,3,k__Bacteria,p__Bacteroidetes,c__CFGB642,o__OFGB642,f__FGB642,g__GGB1567,s__GGB1567_SGB2154,t__SGB2154,,,
k__Archaea|p__Candidatus_Thermoplasmatota|c__Thermoplasmata|o__Methanomassiliicoccales|f__Methanomassiliicoccaceae|g__Methanomassiliicoccaceae_unclassified|s__Methanomassiliicoccaceae_unclassified_SGB380|t__SGB380,2,k__Archaea,p__Candidatus_Thermoplasmatota,c__Thermoplasmata,o__Methanomassiliicoccales,f__Methanomassiliicoccaceae,g__Methanomassiliicoccaceae_unclassified,s__Methanomassiliicoccaceae_unclassified_SGB380,t__SGB380,,,
k__Bacteria|p__Proteobacteria|c__Betaproteobacteria|o__Burkholderiales|f__Sutterellaceae|g__Mesosutterella|s__Mesosutterella_multiformis|t__SGB9272,7,k__Bacteria,p__Proteobacteria,c__Betaproteobacteria,o__Burkholderiales,f__Sutterellaceae,g__Mesosutterella,s__Mesosutterella_multiformis,t__SGB9272,,,
k__Bacteria|p__Firmicutes|c__CFGB1798|o__OFGB1798|f__FGB1798|g__GGB4769|s__GGB4769_SGB6602|t__SGB6602,19,k__Bacteria,p__Firmicutes,c__CFGB1798,o__OFGB1798,f__FGB1798,g__GGB4769,s__GGB4769_SGB6602,t__SGB6602,,,
k__Bacteria|p__Proteobacteria|c__Deltaproteobacteria|o__Desulfovibrionales|f__Desulfovibrionaceae|g__Desulfovibrio|s__Desulfovibrio_porci|t__SGB15471,1,k__Bacteria,p__Proteobacteria,c__Deltaproteobacteria,o__Desulfovibrionales,f__Desulfovibrionaceae,g__Desulfovibrio,s__Desulfovibrio_porci,t__SGB15471,,,
k__Bacteria|p__Bacteroidetes|c__Bacteroidia|o__Bacteroidales|f__Muribaculaceae|g__GGB1543|s__GGB1543_SGB2126|t__SGB2126,3,k__Bacteria,p__Bacteroidetes,c__Bacteroidia,o__Bacteroidales,f__Muribaculaceae,g__GGB1543,s__GGB1543_SGB2126,t__SGB2126,,,
k__Bacteria|p__Firmicutes|c__CFGB9500|o__OFGB9500|f__FGB9500|g__GGB3128|s__GGB3128_SGB4141|t__SGB4141,4,k__Bacteria,p__Firmicutes,c__CFGB9500,o__OFGB9500,f__FGB9500,g__GGB3128,s__GGB3128_SGB4141,t__SGB4141,,,
k__Bacteria|p__Firmicutes|c__Clostridia|o__Eubacteriales|f__Eubacteriales_unclassified|g__Gemmiger|s__Gemmiger_formicilis|t__SGB15277,1,k__Bacteria,p__Firmicutes,c__Clostridia,o__Eubacteriales,f__Eubacteriales_unclassified,g__Gemmiger,s__Gemmiger_formicilis,t__SGB15277,,,
k__Bacteria|p__Firmicutes|c__CFGB2875|o__OFGB2875|f__FGB2875|g__GGB9176|s__GGB9176_SGB14114|t__SGB14114,23,k__Bacteria,p__Firmicutes,c__CFGB2875,o__OFGB2875,f__FGB2875,g__GGB9176,s__GGB9176_SGB14114,t__SGB14114,,,
k__Bacteria|p__Bacteroidetes|c__Bacteroidia|o__Bacteroidales|f__Rikenellaceae|g__GGB1680|s__GGB1680_SGB2312|t__SGB2312,3,k__Bacteria,p__Bacteroidetes,c__Bacteroidia,o__Bacteroidales,f__Rikenellaceae,g__GGB1680,s__GGB1680_SGB2312,t__SGB2312,,,
k__Bacteria|p__Firmicutes|c__Clostridia|o__Clostridia_unclassified|f__Clostridia_unclassified|g__Candidatus_Alangreenwoodia|s__Candidatus_Alangreenwoodia_gallinarii|t__SGB60876,1,k__Bacteria,p__Firmicutes,c__Clostridia,o__Clostridia_unclassified,f__Clostridia_unclassified,g__Candidatus_Alangreenwoodia,s__Candidatus_Alangreenwoodia_gallinarii,t__SGB60876,,,
k__Bacteria|p__Actinobacteria|c__CFGB2992|o__OFGB2992|f__FGB2992|g__GGB9411|s__GGB9411_SGB14764|t__SGB14764_group,4,k__Bacteria,p__Actinobacteria,c__CFGB2992,o__OFGB2992,f__FGB2992,g__GGB9411,s__GGB9411_SGB14764,t__SGB14764_group,,,
k__Bacteria|p__Firmicutes|c__Clostridia|o__Eubacteriales|f__Eubacteriales_unclassified|g__Eubacteriales_unclassified|s__Bacteroides_pectinophilus|t__SGB5068,3,k__Bacteria,p__Firmicutes,c__Clostridia,o__Eubacteriales,f__Eubacteriales_unclassified,g__Eubacteriales_unclassified,s__Bacteroides_pectinophilus,t__SGB5068,,,
k__Bacteria|p__Firmicutes|c__Clostridia|o__Clostridia_unclassified|f__Clostridia_unclassified|g__Candidatus_Pseudobutyricicoccus|s__Candidatus_Pseudobutyricicoccus_lothianensis|t__SGB14975,2,k__Bacteria,p__Firmicutes,c__Clostridia,o__Clostridia_unclassified,f__Clostridia_unclassified,g__Candidatus_Pseudobutyricicoccus,s__Candidatus_Pseudobutyricicoccus_lothianensis,t__SGB14975,,,
k__Bacteria|p__Firmicutes|c__CFGB15212|o__OFGB15212|f__FGB15212|g__GGB41458|s__GGB41458_SGB58520|t__SGB58520,1,k__Bacteria,p__Firmicutes,c__CFGB15212,o__OFGB15212,f__FGB15212,g__GGB41458,s__GGB41458_SGB58520,t__SGB58520,,,
k__Bacteria|p__Firmicutes|c__CFGB1355|o__OFGB1355|f__FGB1355|g__GGB3306|s__GGB3306_SGB4373|t__SGB4373,8,k__Bacteria,p__Firmicutes,c__CFGB1355,o__OFGB1355,f__FGB1355,g__GGB3306,s__GGB3306_SGB4373,t__SGB4373,,,
k__Bacteria|p__Firmicutes|c__Clostridia|o__Eubacteriales|f__Oscillospiraceae|g__Oscillibacter|s__Oscillibacter_SGB15077|t__SGB15077,1,k__Bacteria,p__Firmicutes,c__Clostridia,o__Eubacteriales,f__Oscillospiraceae,g__Oscillibacter,s__Oscillibacter_SGB15077,t__SGB15077,,,
k__Bacteria|p__Firmicutes|c__Clostridia|o__Eubacteriales|f__Oscillospiraceae|g__Flavonifractor|s__Flavonifractor_sp_An10|t__SGB15134,6,k__Bacteria,p__Firmicutes,c__Clostridia,o__Eubacteriales,f__Oscillospiraceae,g__Flavonifractor,s__Flavonifractor_sp_An10,t__SGB15134,,,
k__Bacteria|p__Firmicutes|c__Erysipelotrichia|o__Erysipelotrichales|f__Erysipelotrichaceae|g__Faecalicoccus|s__Faecalicoccus_pleomorphus|t__SGB6791,3,k__Bacteria,p__Firmicutes,c__Erysipelotrichia,o__Erysipelotrichales,f__Erysipelotrichaceae,g__Faecalicoccus,s__Faecalicoccus_pleomorphus,t__SGB6791,,,
k__Bacteria|p__Firmicutes|c__Bacilli|o__Lactobacillales|f__Enterococcaceae|g__Enterococcus|s__Enterococcus_faecalis|t__SGB7962,8,k__Bacteria,p__Firmicutes,c__Bacilli,o__Lactobacillales,f__Enterococcaceae,g__Enterococcus,s__Enterococcus_faecalis,t__SGB7962,,,
k__Bacteria|p__Bacteroidetes|c__Bacteroidia|o__Bacteroidales|f__Rikenellaceae|g__Alistipes|s__Alistipes_SGB2305|t__SGB2305,2,k__Bacteria,p__Bacteroidetes,c__Bacteroidia,o__Bacteroidales,f__Rikenellaceae,g__Alistipes,s__Alistipes_SGB2305,t__SGB2305,,,
k__Bacteria|p__Firmicutes|c__Clostridia|o__Eubacteriales|f__Lachnospiraceae|g__GGB3737|s__GGB3737_SGB5071|t__SGB5071,3,k__Bacteria,p__Firmicutes,c__Clostridia,o__Eubacteriales,f__Lachnospiraceae,g__GGB3737,s__GGB3737_SGB5071,t__SGB5071,,,
k__Bacteria|p__Firmicutes|c__Clostridia|o__Clostridia_unclassified|f__Clostridia_unclassified|g__GGB79432|s__GGB79432_SGB105802|t__SGB105802,1,k__Bacteria,p__Firmicutes,c__Clostridia,o__Clostridia_unclassified,f__Clostridia_unclassified,g__GGB79432,s__GGB79432_SGB105802,t__SGB105802,,,
k__Bacteria|p__Firmicutes|c__Bacilli|o__Lactobacillales|f__Lactobacillaceae|g__Weissella|s__Weissella_confusa|t__SGB7115,1,k__Bacteria,p__Firmicutes,c__Bacilli,o__Lactobacillales,f__Lactobacillaceae,g__Weissella,s__Weissella_confusa,t__SGB7115,,,
k__Bacteria|p__Firmicutes|c__CFGB1227|o__OFGB1227|f__FGB1227|g__GGB3002|s__GGB3002_SGB3993|t__SGB3993,1,k__Bacteria,p__Firmicutes,c__CFGB1227,o__OFGB1227,f__FGB1227,g__GGB3002,s__GGB3002_SGB3993,t__SGB3993,,,
k__Bacteria|p__Firmicutes|c__Clostridia|o__Clostridia_unclassified|f__Clostridia_unclassified|g__GGB33512|s__GGB33512_SGB15203|t__SGB15203,6,k__Bacteria,p__Firmicutes,c__Clostridia,o__Clostridia_unclassified,f__Clostridia_unclassified,g__GGB33512,s__GGB33512_SGB15203,t__SGB15203,,,
k__Bacteria|p__Firmicutes|c__CFGB2898|o__OFGB2898|f__FGB2898|g__GGB9210|s__GGB9210_SGB14149|t__SGB14149,3,k__Bacteria,p__Firmicutes,c__CFGB2898,o__OFGB2898,f__FGB2898,g__GGB9210,s__GGB9210_SGB14149,t__SGB14149,,,
k__Bacteria|p__Firmicutes|c__Clostridia|o__Eubacteriales|f__Clostridiaceae|g__GGB3532|s__GGB3532_SGB4720|t__SGB4720,1,k__Bacteria,p__Firmicutes,c__Clostridia,o__Eubacteriales,f__Clostridiaceae,g__GGB3532,s__GGB3532_SGB4720,t__SGB4720,,,
k__Bacteria|p__Firmicutes|c__Clostridia|o__Eubacteriales|f__Eubacteriales_unclassified|g__Massilistercora|s__Massilistercora_timonensis|t__SGB4628,3,k__Bacteria,p__Firmicutes,c__Clostridia,o__Eubacteriales,f__Eubacteriales_unclassified,g__Massilistercora,s__Massilistercora_timonensis,t__SGB4628,,,
k__Bacteria|p__Firmicutes|c__Clostridia|o__Eubacteriales|f__Oscillospiraceae|g__GGB9641|s__GGB9641_SGB15117|t__SGB15117,2,k__Bacteria,p__Firmicutes,c__Clostridia,o__Eubacteriales,f__Oscillospiraceae,g__GGB9641,s__GGB9641_SGB15117,t__SGB15117,,,
k__Bacteria|p__Firmicutes|c__CFGB3069|o__OFGB3069|f__FGB3069|g__GGB9770|s__GGB9770_SGB15389|t__SGB15389,3,k__Bacteria,p__Firmicutes,c__CFGB3069,o__OFGB3069,f__FGB3069,g__GGB9770,s__GGB9770_SGB15389,t__SGB15389,,,
k__Bacteria|p__Firmicutes|c__Bacilli|o__Lactobacillales|f__Streptococcaceae|g__Streptococcus|s__Streptococcus_australis|t__SGB8059_group,1,k__Bacteria,p__Firmicutes,c__Bacilli,o__Lactobacillales,f__Streptococcaceae,g__Streptococcus,s__Streptococcus_australis,t__SGB8059_group,,,
k__Bacteria|p__Firmicutes|c__Clostridia|o__Eubacteriales|f__Lachnospiraceae|g__Lachnospiraceae_unclassified|s__Lachnospiraceae_bacterium_BX3|t__SGB4651,11,k__Bacteria,p__Firmicutes,c__Clostridia,o__Eubacteriales,f__Lachnospiraceae,g__Lachnospiraceae_unclassified,s__Lachnospiraceae_bacterium_BX3,t__SGB4651,,,
k__Bacteria|p__Firmicutes|c__Clostridia|o__Eubacteriales|f__Oscillospiraceae|g__Anaerotruncus|s__Anaerotruncus_massiliensis|t__SGB14965,7,k__Bacteria,p__Firmicutes,c__Clostridia,o__Eubacteriales,f__Oscillospiraceae,g__Anaerotruncus,s__Anaerotruncus_massiliensis,t__SGB14965,,,
k__Bacteria|p__Fusobacteria|c__Fusobacteriia|o__Fusobacteriales|f__Fusobacteriaceae|g__Fusobacterium|s__Fusobacterium_mortiferum|t__SGB6031,3,k__Bacteria,p__Fusobacteria,c__Fusobacteriia,o__Fusobacteriales,f__Fusobacteriaceae,g__Fusobacterium,s__Fusobacterium_mortiferum,t__SGB6031,,,
k__Bacteria|p__Proteobacteria|c__Betaproteobacteria|o__Burkholderiales|f__Sutterellaceae|g__GGB6574|s__GGB6574_SGB9290|t__SGB9290,2,k__Bacteria,p__Proteobacteria,c__Betaproteobacteria,o__Burkholderiales,f__Sutterellaceae,g__GGB6574,s__GGB6574_SGB9290,t__SGB9290,,,
k__Bacteria|p__Firmicutes|c__Clostridia|o__Eubacteriales|f__Lachnospiraceae|g__Blautia|s__Blautia_hansenii|t__SGB4794,4,k__Bacteria,p__Firmicutes,c__Clostridia,o__Eubacteriales,f__Lachnospiraceae,g__Blautia,s__Blautia_hansenii,t__SGB4794,,,
k__Bacteria|p__Proteobacteria|c__Epsilonproteobacteria|o__Campylobacterales|f__Helicobacteraceae|g__Helicobacter|s__Helicobacter_pullorum|t__SGB19402,2,k__Bacteria,p__Proteobacteria,c__Epsilonproteobacteria,o__Campylobacterales,f__Helicobacteraceae,g__Helicobacter,s__Helicobacter_pullorum,t__SGB19402,,,
k__Bacteria|p__Proteobacteria|c__CFGB2874|o__OFGB2874|f__FGB2874|g__GGB6611|s__GGB6611_SGB9345|t__SGB9345,1,k__Bacteria,p__Proteobacteria,c__CFGB2874,o__OFGB2874,f__FGB2874,g__GGB6611,s__GGB6611_SGB9345,t__SGB9345,,,
k__Bacteria|p__Bacteroidetes|c__Bacteroidia|o__Bacteroidales|f__Bacteroidaceae|g__Bacteroides|s__Bacteroides_mediterraneensis|t__SGB1910,11,k__Bacteria,p__Bacteroidetes,c__Bacteroidia,o__Bacteroidales,f__Bacteroidaceae,g__Bacteroides,s__Bacteroides_mediterraneensis,t__SGB1910,,,
k__Bacteria|p__Proteobacteria|c__Betaproteobacteria|o__Burkholderiales|f__Sutterellaceae|g__Sutterella|s__Sutterella_sp_AM11_39|t__SGB9280,15,k__Bacteria,p__Proteobacteria,c__Betaproteobacteria,o__Burkholderiales,f__Sutterellaceae,g__Sutterella,s__Sutterella_sp_AM11_39,t__SGB9280,,,
k__Bacteria|p__Firmicutes|c__Clostridia|o__Eubacteriales|f__Eubacteriales_unclassified|g__Intestinimonas|s__Intestinimonas_timonensis|t__SGB29334,2,k__Bacteria,p__Firmicutes,c__Clostridia,o__Eubacteriales,f__Eubacteriales_unclassified,g__Intestinimonas,s__Intestinimonas_timonensis,t__SGB29334,,,
k__Bacteria|p__Firmicutes|c__Bacilli|o__Lactobacillales|f__Lactobacillaceae|g__Lactobacillus|s__Lactobacillus_gasseri|t__SGB7039,1,k__Bacteria,p__Firmicutes,c__Bacilli,o__Lactobacillales,f__Lactobacillaceae,g__Lactobacillus,s__Lactobacillus_gasseri,t__SGB7039,,,
k__Bacteria|p__Firmicutes|c__Clostridia|o__Eubacteriales|f__Lachnospiraceae|g__GGB3678|s__GGB3678_SGB4991|t__SGB4991,1,k__Bacteria,p__Firmicutes,c__Clostridia,o__Eubacteriales,f__Lachnospiraceae,g__GGB3678,s__GGB3678_SGB4991,t__SGB4991,,,
k__Bacteria|p__Firmicutes|c__Tissierellia|o__Tissierellales|f__Peptoniphilaceae|g__Peptoniphilus|s__Peptoniphilus_lacrimalis|t__SGB6705,1,k__Bacteria,p__Firmicutes,c__Tissierellia,o__Tissierellales,f__Peptoniphilaceae,g__Peptoniphilus,s__Peptoniphilus_lacrimalis,t__SGB6705,,,
k__Bacteria|p__Firmicutes|c__Clostridia|o__Eubacteriales|f__Oscillospiraceae|g__GGB9453|s__GGB9453_SGB14845|t__SGB14845,8,k__Bacteria,p__Firmicutes,c__Clostridia,o__Eubacteriales,f__Oscillospiraceae,g__GGB9453,s__GGB9453_SGB14845,t__SGB14845,,,
k__Bacteria|p__Bacteroidetes|c__Bacteroidia|o__Bacteroidales|f__Prevotellaceae|g__Prevotella|s__Prevotella_buccalis|t__SGB1517,1,k__Bacteria,p__Bacteroidetes,c__Bacteroidia,o__Bacteroidales,f__Prevotellaceae,g__Prevotella,s__Prevotella_buccalis,t__SGB1517,,,
k__Bacteria|p__Firmicutes|c__Clostridia|o__Eubacteriales|f__Lachnospiraceae|g__Lachnoclostridium|s__Lachnoclostridium_sp_An131|t__SGB4775,1,k__Bacteria,p__Firmicutes,c__Clostridia,o__Eubacteriales,f__Lachnospiraceae,g__Lachnoclostridium,s__Lachnoclostridium_sp_An131,t__SGB4775,,,
k__Bacteria|p__Firmicutes|c__CFGB10318|o__OFGB10318|f__FGB10318|g__GGB4664|s__GGB4664_SGB6452|t__SGB6452,4,k__Bacteria,p__Firmicutes,c__CFGB10318,o__OFGB10318,f__FGB10318,g__GGB4664,s__GGB4664_SGB6452,t__SGB6452,,,
k__Bacteria|p__Firmicutes|c__Clostridia|o__Eubacteriales|f__Clostridiaceae|g__GGB3623|s__GGB3623_SGB4900|t__SGB4900,4,k__Bacteria,p__Firmicutes,c__Clostridia,o__Eubacteriales,f__Clostridiaceae,g__GGB3623,s__GGB3623_SGB4900,t__SGB4900,,,
k__Bacteria|p__Bacteroidetes|c__CFGB72486|o__OFGB72486|f__FGB72486|g__GGB1633|s__GGB1633_SGB2241|t__SGB2241,6,k__Bacteria,p__Bacteroidetes,c__CFGB72486,o__OFGB72486,f__FGB72486,g__GGB1633,s__GGB1633_SGB2241,t__SGB2241,,,
k__Bacteria|p__Firmicutes|c__CFGB9120|o__OFGB9120|f__FGB9120|g__GGB4642|s__GGB4642_SGB6422|t__SGB6422,14,k__Bacteria,p__Firmicutes,c__CFGB9120,o__OFGB9120,f__FGB9120,g__GGB4642,s__GGB4642_SGB6422,t__SGB6422,,,
k__Bacteria|p__Candidatus_Melainabacteria|c__CFGB2107|o__OFGB2107|f__FGB2107|g__GGB6002|s__GGB6002_SGB8625|t__SGB8625,8,k__Bacteria,p__Candidatus_Melainabacteria,c__CFGB2107,o__OFGB2107,f__FGB2107,g__GGB6002,s__GGB6002_SGB8625,t__SGB8625,,,
k__Bacteria|p__Firmicutes|c__CFGB1765|o__OFGB1765|f__FGB1765|g__GGB4587|s__GGB4587_SGB6346|t__SGB6346,6,k__Bacteria,p__Firmicutes,c__CFGB1765,o__OFGB1765,f__FGB1765,g__GGB4587,s__GGB4587_SGB6346,t__SGB6346,,,
k__Bacteria|p__Firmicutes|c__Clostridia|o__Eubacteriales|f__Eubacteriaceae|g__GGB3278|s__GGB3278_SGB4328|t__SGB4328,37,k__Bacteria,p__Firmicutes,c__Clostridia,o__Eubacteriales,f__Eubacteriaceae,g__GGB3278,s__GGB3278_SGB4328,t__SGB4328,,,
k__Bacteria|p__Firmicutes|c__CFGB1765|o__OFGB1765|f__FGB1765|g__GGB4586|s__GGB4586_SGB6344|t__SGB6344,2,k__Bacteria,p__Firmicutes,c__CFGB1765,o__OFGB1765,f__FGB1765,g__GGB4586,s__GGB4586_SGB6344,t__SGB6344,,,
k__Bacteria|p__Firmicutes|c__CFGB1765|o__OFGB1765|f__FGB1765|g__GGB4569|s__GGB4569_SGB6310|t__SGB6310,16,k__Bacteria,p__Firmicutes,c__CFGB1765,o__OFGB1765,f__FGB1765,g__GGB4569,s__GGB4569_SGB6310,t__SGB6310,,,
k__Bacteria|p__Firmicutes|c__Clostridia|o__Clostridia_unclassified|f__Clostridia_unclassified|g__Candidatus_Woodwardibium|s__Candidatus_Woodwardibium_gallinarum|t__SGB14953,1,k__Bacteria,p__Firmicutes,c__Clostridia,o__Clostridia_unclassified,f__Clostridia_unclassified,g__Candidatus_Woodwardibium,s__Candidatus_Woodwardibium_gallinarum,t__SGB14953,,,
k__Bacteria|p__Firmicutes|c__CFGB1765|o__OFGB1765|f__FGB1765|g__GGB4546|s__GGB4546_SGB6267|t__SGB6267,1,k__Bacteria,p__Firmicutes,c__CFGB1765,o__OFGB1765,f__FGB1765,g__GGB4546,s__GGB4546_SGB6267,t__SGB6267,,,
k__Bacteria|p__Candidatus_Melainabacteria|c__CFGB2107|o__OFGB2107|f__FGB2107|g__GGB6001|s__GGB6001_SGB8624|t__SGB8624,2,k__Bacteria,p__Candidatus_Melainabacteria,c__CFGB2107,o__OFGB2107,f__FGB2107,g__GGB6001,s__GGB6001_SGB8624,t__SGB8624,,,
k__Bacteria|p__Firmicutes|c__CFGB1298|o__OFGB1298|f__FGB1298|g__GGB3118|s__GGB3118_SGB4130|t__SGB4130,2,k__Bacteria,p__Firmicutes,c__CFGB1298,o__OFGB1298,f__FGB1298,g__GGB3118,s__GGB3118_SGB4130,t__SGB4130,,,
k__Bacteria|p__Firmicutes|c__Erysipelotrichia|o__Erysipelotrichales|f__Coprobacillaceae|g__Coprobacillus|s__Coprobacillus_cateniformis|t__SGB6771,7,k__Bacteria,p__Firmicutes,c__Erysipelotrichia,o__Erysipelotrichales,f__Coprobacillaceae,g__Coprobacillus,s__Coprobacillus_cateniformis,t__SGB6771,,,
k__Bacteria|p__Firmicutes|c__CFGB1778|o__OFGB1778|f__FGB1778|g__GGB4715|s__GGB4715_SGB6529|t__SGB6529,2,k__Bacteria,p__Firmicutes,c__CFGB1778,o__OFGB1778,f__FGB1778,g__GGB4715,s__GGB4715_SGB6529,t__SGB6529,,,
k__Bacteria|p__Bacteroidetes|c__Bacteroidia|o__Bacteroidales|f__Tannerellaceae|g__Parabacteroides|s__Parabacteroides_massiliensis|t__SGB1945,2,k__Bacteria,p__Bacteroidetes,c__Bacteroidia,o__Bacteroidales,f__Tannerellaceae,g__Parabacteroides,s__Parabacteroides_massiliensis,t__SGB1945,,,
k__Bacteria|p__Actinobacteria|c__Coriobacteriia|o__Coriobacteriales|f__Coriobacteriaceae|g__Enorma|s__Enorma_massiliensis|t__SGB14749,3,k__Bacteria,p__Actinobacteria,c__Coriobacteriia,o__Coriobacteriales,f__Coriobacteriaceae,g__Enorma,s__Enorma_massiliensis,t__SGB14749,,,
k__Bacteria|p__Firmicutes|c__CFGB9989|o__OFGB9989|f__FGB9989|g__GGB9712|s__GGB9712_SGB15241|t__SGB15241,2,k__Bacteria,p__Firmicutes,c__CFGB9989,o__OFGB9989,f__FGB9989,g__GGB9712,s__GGB9712_SGB15241,t__SGB15241,,,
k__Bacteria|p__Firmicutes|c__CFGB1249|o__OFGB1249|f__FGB1249|g__GGB3033|s__GGB3033_SGB4028|t__SGB4028,2,k__Bacteria,p__Firmicutes,c__CFGB1249,o__OFGB1249,f__FGB1249,g__GGB3033,s__GGB3033_SGB4028,t__SGB4028,,,
k__Bacteria|p__Firmicutes|c__CFGB31455|o__OFGB31455|f__FGB31455|g__GGB4699|s__GGB4699_SGB6503|t__SGB6503,4,k__Bacteria,p__Firmicutes,c__CFGB31455,o__OFGB31455,f__FGB31455,g__GGB4699,s__GGB4699_SGB6503,t__SGB6503,,,
k__Bacteria|p__Firmicutes|c__Clostridia|o__Eubacteriales|f__Eubacteriales_unclassified|g__Intestinimonas|s__Intestinimonas_massiliensis|t__SGB29331,1,k__Bacteria,p__Firmicutes,c__Clostridia,o__Eubacteriales,f__Eubacteriales_unclassified,g__Intestinimonas,s__Intestinimonas_massiliensis,t__SGB29331,,,
k__Bacteria|p__Actinobacteria|c__Coriobacteriia|o__Coriobacteriales|f__Atopobiaceae|g__Olsenella|s__Olsenella_sp_AF16_14LB|t__SGB14389,4,k__Bacteria,p__Actinobacteria,c__Coriobacteriia,o__Coriobacteriales,f__Atopobiaceae,g__Olsenella,s__Olsenella_sp_AF16_14LB,t__SGB14389,,,
k__Bacteria|p__Firmicutes|c__CFGB1779|o__OFGB1779|f__FGB1779|g__GGB4717|s__GGB4717_SGB6533|t__SGB6533,3,k__Bacteria,p__Firmicutes,c__CFGB1779,o__OFGB1779,f__FGB1779,g__GGB4717,s__GGB4717_SGB6533,t__SGB6533,,,
k__Bacteria|p__Firmicutes|c__Clostridia|o__Eubacteriales|f__Oscillospiraceae|g__Neglectibacter|s__Neglectibacter_timonensis|t__SGB14851,3,k__Bacteria,p__Firmicutes,c__Clostridia,o__Eubacteriales,f__Oscillospiraceae,g__Neglectibacter,s__Neglectibacter_timonensis,t__SGB14851,,,
k__Bacteria|p__Firmicutes|c__CFGB3054|o__OFGB3054|f__FGB3054|g__GGB9582|s__GGB9582_SGB15000|t__SGB15000,1,k__Bacteria,p__Firmicutes,c__CFGB3054,o__OFGB3054,f__FGB3054,g__GGB9582,s__GGB9582_SGB15000,t__SGB15000,,,
k__Bacteria|p__Firmicutes|c__Clostridia|o__Eubacteriales|f__Clostridiaceae|g__Clostridium|s__Clostridium_SGB47280|t__SGB47280,1,k__Bacteria,p__Firmicutes,c__Clostridia,o__Eubacteriales,f__Clostridiaceae,g__Clostridium,s__Clostridium_SGB47280,t__SGB47280,,,
k__Bacteria|p__Proteobacteria|c__Gammaproteobacteria|o__Enterobacterales|f__Enterobacteriaceae|g__Enterobacter|s__Enterobacter_hormaechei|t__SGB10130,2,k__Bacteria,p__Proteobacteria,c__Gammaproteobacteria,o__Enterobacterales,f__Enterobacteriaceae,g__Enterobacter,s__Enterobacter_hormaechei,t__SGB10130,,,
k__Bacteria|p__Actinobacteria|c__CFGB2992|o__OFGB2992|f__FGB2992|g__GGB9411|s__GGB9411_SGB14765|t__SGB14765,2,k__Bacteria,p__Actinobacteria,c__CFGB2992,o__OFGB2992,f__FGB2992,g__GGB9411,s__GGB9411_SGB14765,t__SGB14765,,,
k__Bacteria|p__Firmicutes|c__Clostridia|o__Eubacteriales|f__Lachnospiraceae|g__GGB3632|s__GGB3632_SGB4921|t__SGB4921,1,k__Bacteria,p__Firmicutes,c__Clostridia,o__Eubacteriales,f__Lachnospiraceae,g__GGB3632,s__GGB3632_SGB4921,t__SGB4921,,,
k__Bacteria|p__Firmicutes|c__CFGB9536|o__OFGB9536|f__FGB9536|g__GGB28474|s__GGB28474_SGB41058|t__SGB41058,2,k__Bacteria,p__Firmicutes,c__CFGB9536,o__OFGB9536,f__FGB9536,g__GGB28474,s__GGB28474_SGB41058,t__SGB41058,,,
k__Bacteria|p__Proteobacteria|c__Gammaproteobacteria|o__Enterobacterales|f__Enterobacteriaceae|g__Klebsiella|s__Klebsiella_michiganensis|t__SGB10119,2,k__Bacteria,p__Proteobacteria,c__Gammaproteobacteria,o__Enterobacterales,f__Enterobacteriaceae,g__Klebsiella,s__Klebsiella_michiganensis,t__SGB10119,,,
k__Bacteria|p__Proteobacteria|c__Gammaproteobacteria|o__Enterobacterales|f__Enterobacteriaceae|g__Citrobacter|s__Citrobacter_freundii|t__SGB10083,3,k__Bacteria,p__Proteobacteria,c__Gammaproteobacteria,o__Enterobacterales,f__Enterobacteriaceae,g__Citrobacter,s__Citrobacter_freundii,t__SGB10083,,,
k__Bacteria|p__Firmicutes|c__CFGB1776|o__OFGB1776|f__FGB1776|g__GGB4684|s__GGB4684_SGB6476|t__SGB6476,5,k__Bacteria,p__Firmicutes,c__CFGB1776,o__OFGB1776,f__FGB1776,g__GGB4684,s__GGB4684_SGB6476,t__SGB6476,,,
k__Bacteria|p__Bacteroidetes|c__Bacteroidia|o__Bacteroidales|f__Prevotellaceae|g__Prevotella|s__Prevotella_SGB1680|t__SGB1680,18,k__Bacteria,p__Bacteroidetes,c__Bacteroidia,o__Bacteroidales,f__Prevotellaceae,g__Prevotella,s__Prevotella_SGB1680,t__SGB1680,,,
k__Bacteria|p__Bacteroidetes|c__Bacteroidia|o__Bacteroidales|f__Prevotellaceae|g__GGB33085|s__GGB33085_SGB1673|t__SGB1673,7,k__Bacteria,p__Bacteroidetes,c__Bacteroidia,o__Bacteroidales,f__Prevotellaceae,g__GGB33085,s__GGB33085_SGB1673,t__SGB1673,,,
k__Bacteria|p__Firmicutes|c__Negativicutes|o__Veillonellales|f__Veillonellaceae|g__Megasphaera|s__Megasphaera_sp_NM10|t__SGB5858,11,k__Bacteria,p__Firmicutes,c__Negativicutes,o__Veillonellales,f__Veillonellaceae,g__Megasphaera,s__Megasphaera_sp_NM10,t__SGB5858,,,
k__Bacteria|p__Lentisphaerae|c__CFGB2378|o__OFGB2378|f__FGB2378|g__GGB6520|s__GGB6520_SGB9209|t__SGB9209,3,k__Bacteria,p__Lentisphaerae,c__CFGB2378,o__OFGB2378,f__FGB2378,g__GGB6520,s__GGB6520_SGB9209,t__SGB9209,,,
k__Bacteria|p__Firmicutes|c__Clostridia|o__Eubacteriales|f__Lachnospiraceae|g__GGB3862|s__GGB3862_SGB5239|t__SGB5239,9,k__Bacteria,p__Firmicutes,c__Clostridia,o__Eubacteriales,f__Lachnospiraceae,g__GGB3862,s__GGB3862_SGB5239,t__SGB5239,,,
k__Bacteria|p__Firmicutes|c__Negativicutes|o__Selenomonadales|f__Selenomonadaceae|g__Mitsuokella|s__Mitsuokella_jalaludinii|t__SGB5904,23,k__Bacteria,p__Firmicutes,c__Negativicutes,o__Selenomonadales,f__Selenomonadaceae,g__Mitsuokella,s__Mitsuokella_jalaludinii,t__SGB5904,,,
k__Bacteria|p__Bacteroidetes|c__CFGB1458|o__OFGB1458|f__FGB1458|g__GGB1458|s__GGB1458_SGB2021|t__SGB2021,5,k__Bacteria,p__Bacteroidetes,c__CFGB1458,o__OFGB1458,f__FGB1458,g__GGB1458,s__GGB1458_SGB2021,t__SGB2021,,,
k__Bacteria|p__Firmicutes|c__Clostridia|o__Eubacteriales|f__Eubacteriaceae|g__Eubacterium|s__Eubacterium_sp_AF22_8LB|t__SGB6816,9,k__Bacteria,p__Firmicutes,c__Clostridia,o__Eubacteriales,f__Eubacteriaceae,g__Eubacterium,s__Eubacterium_sp_AF22_8LB,t__SGB6816,,,
k__Bacteria|p__Bacteroidetes|c__Bacteroidia|o__Bacteroidales|f__Prevotellaceae|g__GGB1270|s__GGB1270_SGB1705|t__SGB1705,2,k__Bacteria,p__Bacteroidetes,c__Bacteroidia,o__Bacteroidales,f__Prevotellaceae,g__GGB1270,s__GGB1270_SGB1705,t__SGB1705,,,
k__Bacteria|p__Bacteroidetes|c__Bacteroidia|o__Bacteroidales|f__Prevotellaceae|g__Prevotella|s__Prevotella_copri_clade_G|t__SGB1653,5,k__Bacteria,p__Bacteroidetes,c__Bacteroidia,o__Bacteroidales,f__Prevotellaceae,g__Prevotella,s__Prevotella_copri_clade_G,t__SGB1653,,,
k__Bacteria|p__Bacteroidetes|c__Bacteroidia|o__Bacteroidales|f__Prevotellaceae|g__GGB1148|s__GGB1148_SGB1475|t__SGB1475,3,k__Bacteria,p__Bacteroidetes,c__Bacteroidia,o__Bacteroidales,f__Prevotellaceae,g__GGB1148,s__GGB1148_SGB1475,t__SGB1475,,,
k__Bacteria|p__Firmicutes|c__Negativicutes|o__Acidaminococcales|f__Acidaminococcaceae|g__Acidaminococcus|s__Acidaminococcus_timonensis|t__SGB5741,3,k__Bacteria,p__Firmicutes,c__Negativicutes,o__Acidaminococcales,f__Acidaminococcaceae,g__Acidaminococcus,s__Acidaminococcus_timonensis,t__SGB5741,,,
k__Bacteria|p__Firmicutes|c__Clostridia|o__Eubacteriales|f__Lachnospiraceae|g__GGB3859|s__GGB3859_SGB5234|t__SGB5234,5,k__Bacteria,p__Firmicutes,c__Clostridia,o__Eubacteriales,f__Lachnospiraceae,g__GGB3859,s__GGB3859_SGB5234,t__SGB5234,,,
k__Bacteria|p__Bacteroidetes|c__CFGB11479|o__OFGB11479|f__FGB11479|g__GGB1630|s__GGB1630_SGB2238|t__SGB2238,14,k__Bacteria,p__Bacteroidetes,c__CFGB11479,o__OFGB11479,f__FGB11479,g__GGB1630,s__GGB1630_SGB2238,t__SGB2238,,,
k__Bacteria|p__Firmicutes|c__CFGB1258|o__OFGB1258|f__FGB1258|g__GGB3051|s__GGB3051_SGB4051|t__SGB4051,5,k__Bacteria,p__Firmicutes,c__CFGB1258,o__OFGB1258,f__FGB1258,g__GGB3051,s__GGB3051_SGB4051,t__SGB4051,,,
k__Bacteria|p__Candidatus_Melainabacteria|c__CFGB2107|o__OFGB2107|f__FGB2107|g__GGB6019|s__GGB6019_SGB8651|t__SGB8651,2,k__Bacteria,p__Candidatus_Melainabacteria,c__CFGB2107,o__OFGB2107,f__FGB2107,g__GGB6019,s__GGB6019_SGB8651,t__SGB8651,,,
k__Bacteria|p__Firmicutes|c__Clostridia|o__Eubacteriales|f__Eubacteriales_unclassified|g__Gemmiger|s__Gemmiger_SGB15301|t__SGB15301,2,k__Bacteria,p__Firmicutes,c__Clostridia,o__Eubacteriales,f__Eubacteriales_unclassified,g__Gemmiger,s__Gemmiger_SGB15301,t__SGB15301,,,
k__Bacteria|p__Proteobacteria|c__Betaproteobacteria|o__Burkholderiales|f__Sutterellaceae|g__GGB6565|s__GGB6565_SGB9274|t__SGB9274,7,k__Bacteria,p__Proteobacteria,c__Betaproteobacteria,o__Burkholderiales,f__Sutterellaceae,g__GGB6565,s__GGB6565_SGB9274,t__SGB9274,,,
k__Archaea|p__Candidatus_Thermoplasmatota|c__Thermoplasmata|o__Methanomassiliicoccales|f__Candidatus_Methanomethylophilaceae|g__GGB269|s__GGB269_SGB376|t__SGB376,5,k__Archaea,p__Candidatus_Thermoplasmatota,c__Thermoplasmata,o__Methanomassiliicoccales,f__Candidatus_Methanomethylophilaceae,g__GGB269,s__GGB269_SGB376,t__SGB376,,,
k__Bacteria|p__Candidatus_Melainabacteria|c__CFGB2107|o__OFGB2107|f__FGB2107|g__GGB6012|s__GGB6012_SGB8640|t__SGB8640,10,k__Bacteria,p__Candidatus_Melainabacteria,c__CFGB2107,o__OFGB2107,f__FGB2107,g__GGB6012,s__GGB6012_SGB8640,t__SGB8640,,,
k__Bacteria|p__Bacteroidetes|c__Bacteroidia|o__Bacteroidales|f__Prevotellaceae|g__Prevotella|s__Prevotella_sp_P4_51|t__SGB1666,21,k__Bacteria,p__Bacteroidetes,c__Bacteroidia,o__Bacteroidales,f__Prevotellaceae,g__Prevotella,s__Prevotella_sp_P4_51,t__SGB1666,,,
k__Bacteria|p__Bacteroidetes|c__Bacteroidia|o__Bacteroidales|f__Prevotellaceae|g__GGB1243|s__GGB1243_SGB1663|t__SGB1663,5,k__Bacteria,p__Bacteroidetes,c__Bacteroidia,o__Bacteroidales,f__Prevotellaceae,g__GGB1243,s__GGB1243_SGB1663,t__SGB1663,,,
k__Bacteria|p__Firmicutes|c__CFGB9977|o__OFGB9977|f__FGB9977|g__GGB9606|s__GGB9606_SGB15038|t__SGB15038,2,k__Bacteria,p__Firmicutes,c__CFGB9977,o__OFGB9977,f__FGB9977,g__GGB9606,s__GGB9606_SGB15038,t__SGB15038,,,
k__Bacteria|p__Firmicutes|c__CFGB1838|o__OFGB1838|f__FGB1838|g__GGB4672|s__GGB4672_SGB6461|t__SGB6461,3,k__Bacteria,p__Firmicutes,c__CFGB1838,o__OFGB1838,f__FGB1838,g__GGB4672,s__GGB4672_SGB6461,t__SGB6461,,,
k__Bacteria|p__Bacteroidetes|c__Bacteroidia|o__Bacteroidales|f__Prevotellaceae|g__GGB1239|s__GGB1239_SGB1657|t__SGB1657,4,k__Bacteria,p__Bacteroidetes,c__Bacteroidia,o__Bacteroidales,f__Prevotellaceae,g__GGB1239,s__GGB1239_SGB1657,t__SGB1657,,,
k__Bacteria|p__Bacteroidetes|c__Bacteroidia|o__Bacteroidales|f__Prevotellaceae|g__Prevotella|s__Prevotella_sp_885|t__SGB1677,13,k__Bacteria,p__Bacteroidetes,c__Bacteroidia,o__Bacteroidales,f__Prevotellaceae,g__Prevotella,s__Prevotella_sp_885,t__SGB1677,,,
k__Bacteria|p__Bacteroidetes|c__Bacteroidia|o__Bacteroidales|f__Prevotellaceae|g__GGB1243|s__GGB1243_SGB1664|t__SGB1664,1,k__Bacteria,p__Bacteroidetes,c__Bacteroidia,o__Bacteroidales,f__Prevotellaceae,g__GGB1243,s__GGB1243_SGB1664,t__SGB1664,,,
k__Bacteria|p__Firmicutes|c__Firmicutes_unclassified|o__Firmicutes_unclassified|f__Firmicutes_unclassified|g__GGB9511|s__GGB9511_SGB14908|t__SGB14908,1,k__Bacteria,p__Firmicutes,c__Firmicutes_unclassified,o__Firmicutes_unclassified,f__Firmicutes_unclassified,g__GGB9511,s__GGB9511_SGB14908,t__SGB14908,,,
k__Bacteria|p__Firmicutes|c__Negativicutes|o__Veillonellales|f__Veillonellaceae|g__Megasphaera|s__Megasphaera_sp_DJF_B143|t__SGB5852,4,k__Bacteria,p__Firmicutes,c__Negativicutes,o__Veillonellales,f__Veillonellaceae,g__Megasphaera,s__Megasphaera_sp_DJF_B143,t__SGB5852,,,
k__Bacteria|p__Bacteroidetes|c__Bacteroidia|o__Bacteroidales|f__Prevotellaceae|g__Prevotella|s__Prevotella_hominis|t__SGB1615,14,k__Bacteria,p__Bacteroidetes,c__Bacteroidia,o__Bacteroidales,f__Prevotellaceae,g__Prevotella,s__Prevotella_hominis,t__SGB1615,,,
k__Bacteria|p__Actinobacteria|c__Coriobacteriia|o__Eggerthellales|f__Eggerthellaceae|g__GGB9420|s__GGB9420_SGB14786|t__SGB14786,3,k__Bacteria,p__Actinobacteria,c__Coriobacteriia,o__Eggerthellales,f__Eggerthellaceae,g__GGB9420,s__GGB9420_SGB14786,t__SGB14786,,,
k__Bacteria|p__Firmicutes|c__Clostridia|o__Eubacteriales|f__Lachnospiraceae|g__Roseburia|s__Roseburia_SGB4958|t__SGB4958,5,k__Bacteria,p__Firmicutes,c__Clostridia,o__Eubacteriales,f__Lachnospiraceae,g__Roseburia,s__Roseburia_SGB4958,t__SGB4958,,,
k__Bacteria|p__Bacteroidetes|c__Bacteroidia|o__Bacteroidales|f__Prevotellaceae|g__GGB1246|s__GGB1246_SGB1667|t__SGB1667,5,k__Bacteria,p__Bacteroidetes,c__Bacteroidia,o__Bacteroidales,f__Prevotellaceae,g__GGB1246,s__GGB1246_SGB1667,t__SGB1667,,,
k__Bacteria|p__Firmicutes|c__CFGB1354|o__OFGB1354|f__FGB1354|g__GGB3303|s__GGB3303_SGB4364|t__SGB4364,6,k__Bacteria,p__Firmicutes,c__CFGB1354,o__OFGB1354,f__FGB1354,g__GGB3303,s__GGB3303_SGB4364,t__SGB4364,,,
k__Bacteria|p__Bacteroidetes|c__Bacteroidia|o__Bacteroidales|f__Prevotellaceae|g__GGB33085|s__GGB33085_SGB1672|t__SGB1672,4,k__Bacteria,p__Bacteroidetes,c__Bacteroidia,o__Bacteroidales,f__Prevotellaceae,g__GGB33085,s__GGB33085_SGB1672,t__SGB1672,,,
k__Bacteria|p__Firmicutes|c__CFGB2873|o__OFGB2873|f__FGB2873|g__GGB9172|s__GGB9172_SGB14110|t__SGB14110,2,k__Bacteria,p__Firmicutes,c__CFGB2873,o__OFGB2873,f__FGB2873,g__GGB9172,s__GGB9172_SGB14110,t__SGB14110,,,
k__Bacteria|p__Proteobacteria|c__Betaproteobacteria|o__Burkholderiales|f__Sutterellaceae|g__Sutterella|s__Sutterella_SGB9287|t__SGB9287,3,k__Bacteria,p__Proteobacteria,c__Betaproteobacteria,o__Burkholderiales,f__Sutterellaceae,g__Sutterella,s__Sutterella_SGB9287,t__SGB9287,,,
k__Bacteria|p__Bacteroidetes|c__Bacteroidia|o__Bacteroidales|f__Prevotellaceae|g__Prevotella|s__Prevotella_sp_Marseille_P4119|t__SGB1676,2,k__Bacteria,p__Bacteroidetes,c__Bacteroidia,o__Bacteroidales,f__Prevotellaceae,g__Prevotella,s__Prevotella_sp_Marseille_P4119,t__SGB1676,,,
k__Bacteria|p__Proteobacteria|c__Betaproteobacteria|o__Burkholderiales|f__Sutterellaceae|g__GGB6567|s__GGB6567_SGB9278|t__SGB9278,2,k__Bacteria,p__Proteobacteria,c__Betaproteobacteria,o__Burkholderiales,f__Sutterellaceae,g__GGB6567,s__GGB6567_SGB9278,t__SGB9278,,,
k__Bacteria|p__Bacteroidetes|c__Bacteroidia|o__Bacteroidales|f__Prevotellaceae|g__Prevotella|s__Prevotella_pectinovora|t__SGB1662,7,k__Bacteria,p__Bacteroidetes,c__Bacteroidia,o__Bacteroidales,f__Prevotellaceae,g__Prevotella,s__Prevotella_pectinovora,t__SGB1662,,,
k__Bacteria|p__Proteobacteria|c__Deltaproteobacteria|o__Desulfovibrionales|f__Desulfovibrionaceae|g__Mailhella|s__Mailhella_SGB57321|t__SGB57321,1,k__Bacteria,p__Proteobacteria,c__Deltaproteobacteria,o__Desulfovibrionales,f__Desulfovibrionaceae,g__Mailhella,s__Mailhella_SGB57321,t__SGB57321,,,
k__Bacteria|p__Firmicutes|c__Negativicutes|o__Acidaminococcales|f__Acidaminococcaceae|g__Acidaminococcus|s__Acidaminococcus_fermentans|t__SGB5743,6,k__Bacteria,p__Firmicutes,c__Negativicutes,o__Acidaminococcales,f__Acidaminococcaceae,g__Acidaminococcus,s__Acidaminococcus_fermentans,t__SGB5743,,,
k__Bacteria|p__Firmicutes|c__Clostridia|o__Eubacteriales|f__Oscillospiraceae|g__GGB9618|s__GGB9618_SGB15064|t__SGB15064,2,k__Bacteria,p__Firmicutes,c__Clostridia,o__Eubacteriales,f__Oscillospiraceae,g__GGB9618,s__GGB9618_SGB15064,t__SGB15064,,,
k__Bacteria|p__Actinobacteria|c__Coriobacteriia|o__Eggerthellales|f__Eggerthellaceae|g__Slackia|s__Slackia_SGB14780|t__SGB14780,2,k__Bacteria,p__Actinobacteria,c__Coriobacteriia,o__Eggerthellales,f__Eggerthellaceae,g__Slackia,s__Slackia_SGB14780,t__SGB14780,,,
k__Bacteria|p__Firmicutes|c__CFGB74461|o__OFGB74461|f__FGB74461|g__GGB9523|s__GGB9523_SGB14922|t__SGB14922,3,k__Bacteria,p__Firmicutes,c__CFGB74461,o__OFGB74461,f__FGB74461,g__GGB9523,s__GGB9523_SGB14922,t__SGB14922,,,
k__Bacteria|p__Firmicutes|c__Clostridia|o__Clostridia_unclassified|f__Clostridia_unclassified|g__Candidatus_Gallimonas|s__Candidatus_Gallimonas_merdae|t__SGB54319,2,k__Bacteria,p__Firmicutes,c__Clostridia,o__Clostridia_unclassified,f__Clostridia_unclassified,g__Candidatus_Gallimonas,s__Candidatus_Gallimonas_merdae,t__SGB54319,,,
k__Bacteria|p__Firmicutes|c__CFGB74453|o__OFGB74453|f__FGB74453|g__GGB45497|s__GGB45497_SGB63169|t__SGB63169,1,k__Bacteria,p__Firmicutes,c__CFGB74453,o__OFGB74453,f__FGB74453,g__GGB45497,s__GGB45497_SGB63169,t__SGB63169,,,
k__Bacteria|p__Firmicutes|c__Clostridia|o__Clostridia_unclassified|f__Clostridia_unclassified|g__GGB9532|s__GGB9532_SGB14933|t__SGB14933,1,k__Bacteria,p__Firmicutes,c__Clostridia,o__Clostridia_unclassified,f__Clostridia_unclassified,g__GGB9532,s__GGB9532_SGB14933,t__SGB14933,,,
k__Bacteria|p__Actinobacteria|c__Coriobacteriia|o__Eggerthellales|f__Eggerthellaceae|g__Eggerthella|s__Eggerthella_sinensis|t__SGB14810,1,k__Bacteria,p__Actinobacteria,c__Coriobacteriia,o__Eggerthellales,f__Eggerthellaceae,g__Eggerthella,s__Eggerthella_sinensis,t__SGB14810,,,
k__Bacteria|p__Candidatus_Melainabacteria|c__CFGB2107|o__OFGB2107|f__FGB2107|g__GGB13727|s__GGB13727_SGB8655|t__SGB8655,8,k__Bacteria,p__Candidatus_Melainabacteria,c__CFGB2107,o__OFGB2107,f__FGB2107,g__GGB13727,s__GGB13727_SGB8655,t__SGB8655,,,
k__Bacteria|p__Candidatus_Melainabacteria|c__CFGB2107|o__OFGB2107|f__FGB2107|g__GGB6013|s__GGB6013_SGB8643|t__SGB8643,2,k__Bacteria,p__Candidatus_Melainabacteria,c__CFGB2107,o__OFGB2107,f__FGB2107,g__GGB6013,s__GGB6013_SGB8643,t__SGB8643,,,
k__Bacteria|p__Firmicutes|c__Clostridia|o__Eubacteriales|f__Clostridiaceae|g__Clostridium|s__Clostridium_sp_OM07_10AC|t__SGB4655,7,k__Bacteria,p__Firmicutes,c__Clostridia,o__Eubacteriales,f__Clostridiaceae,g__Clostridium,s__Clostridium_sp_OM07_10AC,t__SGB4655,,,
k__Bacteria|p__Firmicutes|c__Clostridia|o__Eubacteriales|f__Oscillospiraceae|g__Faecalibacterium|s__Faecalibacterium_prausnitzii|t__SGB15323,22,k__Bacteria,p__Firmicutes,c__Clostridia,o__Eubacteriales,f__Oscillospiraceae,g__Faecalibacterium,s__Faecalibacterium_prausnitzii,t__SGB15323,,,
k__Bacteria|p__Firmicutes|c__CFGB2837|o__OFGB2837|f__FGB2837|g__GGB9076|s__GGB9076_SGB13999|t__SGB13999,2,k__Bacteria,p__Firmicutes,c__CFGB2837,o__OFGB2837,f__FGB2837,g__GGB9076,s__GGB9076_SGB13999,t__SGB13999,,,
k__Bacteria|p__Firmicutes|c__CFGB1765|o__OFGB1765|f__FGB1765|g__GGB47174|s__GGB47174_SGB65105|t__SGB65105,1,k__Bacteria,p__Firmicutes,c__CFGB1765,o__OFGB1765,f__FGB1765,g__GGB47174,s__GGB47174_SGB65105,t__SGB65105,,,
k__Bacteria|p__Tenericutes|c__CFGB1789|o__OFGB1789|f__FGB1789|g__GGB4754|s__GGB4754_SGB6584|t__SGB6584,15,k__Bacteria,p__Tenericutes,c__CFGB1789,o__OFGB1789,f__FGB1789,g__GGB4754,s__GGB4754_SGB6584,t__SGB6584,,,
k__Bacteria|p__Bacteroidetes|c__CFGB653|o__OFGB653|f__FGB653|g__GGB1615|s__GGB1615_SGB2212|t__SGB2212,1,k__Bacteria,p__Bacteroidetes,c__CFGB653,o__OFGB653,f__FGB653,g__GGB1615,s__GGB1615_SGB2212,t__SGB2212,,,
k__Bacteria|p__Firmicutes|c__CFGB2837|o__OFGB2837|f__FGB2837|g__GGB9080|s__GGB9080_SGB14004|t__SGB14004,1,k__Bacteria,p__Firmicutes,c__CFGB2837,o__OFGB2837,f__FGB2837,g__GGB9080,s__GGB9080_SGB14004,t__SGB14004,,,
k__Bacteria|p__Bacteroidetes|c__Bacteroidia|o__Bacteroidales|f__Muribaculaceae|g__GGB1497|s__GGB1497_SGB2076|t__SGB2076,5,k__Bacteria,p__Bacteroidetes,c__Bacteroidia,o__Bacteroidales,f__Muribaculaceae,g__GGB1497,s__GGB1497_SGB2076,t__SGB2076,,,
k__Bacteria|p__Firmicutes|c__CFGB2834|o__OFGB2834|f__FGB2834|g__GGB9060|s__GGB9060_SGB13977|t__SGB13977,5,k__Bacteria,p__Firmicutes,c__CFGB2834,o__OFGB2834,f__FGB2834,g__GGB9060,s__GGB9060_SGB13977,t__SGB13977,,,
k__Bacteria|p__Bacteroidetes|c__CFGB654|o__OFGB654|f__FGB654|g__GGB1618|s__GGB1618_SGB2215|t__SGB2215,2,k__Bacteria,p__Bacteroidetes,c__CFGB654,o__OFGB654,f__FGB654,g__GGB1618,s__GGB1618_SGB2215,t__SGB2215,,,
k__Bacteria|p__Firmicutes|c__CFGB3062|o__OFGB3062|f__FGB3062|g__GGB9747|s__GGB9747_SGB15353|t__SGB15353,2,k__Bacteria,p__Firmicutes,c__CFGB3062,o__OFGB3062,f__FGB3062,g__GGB9747,s__GGB9747_SGB15353,t__SGB15353,,,
k__Bacteria|p__Proteobacteria|c__Betaproteobacteria|o__Burkholderiales|f__Oxalobacteraceae|g__GGB6648|s__GGB6648_SGB9389|t__SGB9389,1,k__Bacteria,p__Proteobacteria,c__Betaproteobacteria,o__Burkholderiales,f__Oxalobacteraceae,g__GGB6648,s__GGB6648_SGB9389,t__SGB9389,,,
k__Bacteria|p__Firmicutes|c__Clostridia|o__Eubacteriales|f__Oscillospiraceae|g__GGB9634|s__GGB9634_SGB15100|t__SGB15100,3,k__Bacteria,p__Firmicutes,c__Clostridia,o__Eubacteriales,f__Oscillospiraceae,g__GGB9634,s__GGB9634_SGB15100,t__SGB15100,,,
k__Bacteria|p__Firmicutes|c__CFGB73076|o__OFGB73076|f__FGB73076|g__GGB3111|s__GGB3111_SGB4123|t__SGB4123,1,k__Bacteria,p__Firmicutes,c__CFGB73076,o__OFGB73076,f__FGB73076,g__GGB3111,s__GGB3111_SGB4123,t__SGB4123,,,
k__Bacteria|p__Firmicutes|c__Clostridia|o__Eubacteriales|f__Oscillospiraceae|g__Oscillospiraceae_unclassified|s__Oscillospiraceae_unclassified_SGB15253|t__SGB15253,2,k__Bacteria,p__Firmicutes,c__Clostridia,o__Eubacteriales,f__Oscillospiraceae,g__Oscillospiraceae_unclassified,s__Oscillospiraceae_unclassified_SGB15253,t__SGB15253,,,
k__Bacteria|p__Verrucomicrobia|c__Opitutae|o__Puniceicoccales|f__Puniceicoccaceae|g__Puniceicoccaceae_unclassified|s__Puniceicoccaceae_unclassified_SGB8769|t__SGB8769,2,k__Bacteria,p__Verrucomicrobia,c__Opitutae,o__Puniceicoccales,f__Puniceicoccaceae,g__Puniceicoccaceae_unclassified,s__Puniceicoccaceae_unclassified_SGB8769,t__SGB8769,,,
k__Bacteria|p__Firmicutes|c__CFGB1765|o__OFGB1765|f__FGB1765|g__GGB4559|s__GGB4559_SGB6292|t__SGB6292,1,k__Bacteria,p__Firmicutes,c__CFGB1765,o__OFGB1765,f__FGB1765,g__GGB4559,s__GGB4559_SGB6292,t__SGB6292,,,
k__Bacteria|p__Firmicutes|c__CFGB1777|o__OFGB1777|f__FGB1777|g__GGB4694|s__GGB4694_SGB6493|t__SGB6493,4,k__Bacteria,p__Firmicutes,c__CFGB1777,o__OFGB1777,f__FGB1777,g__GGB4694,s__GGB4694_SGB6493,t__SGB6493,,,
k__Bacteria|p__Firmicutes|c__CFGB3026|o__OFGB3026|f__FGB3026|g__GGB9508|s__GGB9508_SGB14905|t__SGB14905,1,k__Bacteria,p__Firmicutes,c__CFGB3026,o__OFGB3026,f__FGB3026,g__GGB9508,s__GGB9508_SGB14905,t__SGB14905,,,
k__Bacteria|p__Firmicutes|c__CFGB1355|o__OFGB1355|f__FGB1355|g__GGB3305|s__GGB3305_SGB4368|t__SGB4368,2,k__Bacteria,p__Firmicutes,c__CFGB1355,o__OFGB1355,f__FGB1355,g__GGB3305,s__GGB3305_SGB4368,t__SGB4368,,,
k__Bacteria|p__Firmicutes|c__CFGB3054|o__OFGB3054|f__FGB3054|g__GGB9676|s__GGB9676_SGB15177|t__SGB15177,1,k__Bacteria,p__Firmicutes,c__CFGB3054,o__OFGB3054,f__FGB3054,g__GGB9676,s__GGB9676_SGB15177,t__SGB15177,,,
k__Bacteria|p__Firmicutes|c__Clostridia|o__Eubacteriales|f__Oscillospiraceae|g__GGB9708|s__GGB9708_SGB15235|t__SGB15235,3,k__Bacteria,p__Firmicutes,c__Clostridia,o__Eubacteriales,f__Oscillospiraceae,g__GGB9708,s__GGB9708_SGB15235,t__SGB15235,,,
k__Bacteria|p__Firmicutes|c__CFGB58145|o__OFGB58145|f__FGB58145|g__GGB3129|s__GGB3129_SGB4142|t__SGB4142,1,k__Bacteria,p__Firmicutes,c__CFGB58145,o__OFGB58145,f__FGB58145,g__GGB3129,s__GGB3129_SGB4142,t__SGB4142,,,
k__Bacteria|p__Firmicutes|c__Erysipelotrichia|o__Erysipelotrichales|f__Erysipelotrichaceae|g__Faecalitalea|s__Faecalitalea_cylindroides|t__SGB6790,12,k__Bacteria,p__Firmicutes,c__Erysipelotrichia,o__Erysipelotrichales,f__Erysipelotrichaceae,g__Faecalitalea,s__Faecalitalea_cylindroides,t__SGB6790,,,
k__Bacteria|p__Firmicutes|c__Clostridia|o__Eubacteriales|f__Clostridiaceae|g__GGB27106|s__GGB27106_SGB6188|t__SGB6188,1,k__Bacteria,p__Firmicutes,c__Clostridia,o__Eubacteriales,f__Clostridiaceae,g__GGB27106,s__GGB27106_SGB6188,t__SGB6188,,,
k__Bacteria|p__Firmicutes|c__CFGB1765|o__OFGB1765|f__FGB1765|g__GGB76327|s__GGB76327_SGB106569|t__SGB106569,1,k__Bacteria,p__Firmicutes,c__CFGB1765,o__OFGB1765,f__FGB1765,g__GGB76327,s__GGB76327_SGB106569,t__SGB106569,,,
k__Bacteria|p__Bacteroidetes|c__Bacteroidia|o__Bacteroidales|f__Prevotellaceae|g__Prevotella|s__Prevotella_SGB1638|t__SGB1638,4,k__Bacteria,p__Bacteroidetes,c__Bacteroidia,o__Bacteroidales,f__Prevotellaceae,g__Prevotella,s__Prevotella_SGB1638,t__SGB1638,,,
k__Bacteria|p__Firmicutes|c__Clostridia|o__Eubacteriales|f__Eubacteriales_unclassified|g__Fenollaria|s__Fenollaria_timonensis|t__SGB6719,1,k__Bacteria,p__Firmicutes,c__Clostridia,o__Eubacteriales,f__Eubacteriales_unclassified,g__Fenollaria,s__Fenollaria_timonensis,t__SGB6719,,,
k__Bacteria|p__Firmicutes|c__Clostridia|o__Eubacteriales|f__Eubacteriales_unclassified|g__Fenollaria|s__Fenollaria_massiliensis|t__SGB6716,1,k__Bacteria,p__Firmicutes,c__Clostridia,o__Eubacteriales,f__Eubacteriales_unclassified,g__Fenollaria,s__Fenollaria_massiliensis,t__SGB6716,,,
k__Bacteria|p__Firmicutes|c__CFGB3002|o__OFGB3002|f__FGB3002|g__GGB9464|s__GGB9464_SGB14857|t__SGB14857,1,k__Bacteria,p__Firmicutes,c__CFGB3002,o__OFGB3002,f__FGB3002,g__GGB9464,s__GGB9464_SGB14857,t__SGB14857,,,
k__Bacteria|p__Firmicutes|c__CFGB3012|o__OFGB3012|f__FGB3012|g__GGB9480|s__GGB9480_SGB14874|t__SGB14874,8,k__Bacteria,p__Firmicutes,c__CFGB3012,o__OFGB3012,f__FGB3012,g__GGB9480,s__GGB9480_SGB14874,t__SGB14874,,,
k__Bacteria|p__Firmicutes|c__Clostridia|o__Eubacteriales|f__Lachnospiraceae|g__Tyzzerella|s__Tyzzerella_nexilis|t__SGB4588,4,k__Bacteria,p__Firmicutes,c__Clostridia,o__Eubacteriales,f__Lachnospiraceae,g__Tyzzerella,s__Tyzzerella_nexilis,t__SGB4588,,,
k__Bacteria|p__Firmicutes|c__Clostridia|o__Eubacteriales|f__Eubacteriales_unclassified|g__Eubacteriales_unclassified|s__Clostridiales_bacterium_VE202_01|t__SGB6749,1,k__Bacteria,p__Firmicutes,c__Clostridia,o__Eubacteriales,f__Eubacteriales_unclassified,g__Eubacteriales_unclassified,s__Clostridiales_bacterium_VE202_01,t__SGB6749,,,
k__Bacteria|p__Firmicutes|c__CFGB3237|o__OFGB3237|f__FGB3237|g__GGB3236|s__GGB3236_SGB4274|t__SGB4274,4,k__Bacteria,p__Firmicutes,c__CFGB3237,o__OFGB3237,f__FGB3237,g__GGB3236,s__GGB3236_SGB4274,t__SGB4274,,,
k__Bacteria|p__Firmicutes|c__Clostridia|o__Eubacteriales|f__Eubacteriaceae|g__GGB32033|s__GGB32033_SGB59650|t__SGB59650,1,k__Bacteria,p__Firmicutes,c__Clostridia,o__Eubacteriales,f__Eubacteriaceae,g__GGB32033,s__GGB32033_SGB59650,t__SGB59650,,,
k__Bacteria|p__Firmicutes|c__CFGB74482|o__OFGB74482|f__FGB74482|g__GGB3123|s__GGB3123_SGB4135|t__SGB4135,1,k__Bacteria,p__Firmicutes,c__CFGB74482,o__OFGB74482,f__FGB74482,g__GGB3123,s__GGB3123_SGB4135,t__SGB4135,,,
k__Bacteria|p__Firmicutes|c__Clostridia|o__Eubacteriales|f__Lachnospiraceae|g__Eisenbergiella|s__Eisenbergiella_massiliensis|t__SGB4987,3,k__Bacteria,p__Firmicutes,c__Clostridia,o__Eubacteriales,f__Lachnospiraceae,g__Eisenbergiella,s__Eisenbergiella_massiliensis,t__SGB4987,,,
k__Bacteria|p__Bacteroidetes|c__Bacteroidia|o__Bacteroidales|f__Bacteroidaceae|g__Bacteroides|s__Bacteroides_fragilis|t__SGB1853,9,k__Bacteria,p__Bacteroidetes,c__Bacteroidia,o__Bacteroidales,f__Bacteroidaceae,g__Bacteroides,s__Bacteroides_fragilis,t__SGB1853,,,
k__Bacteria|p__Firmicutes|c__Clostridia|o__Eubacteriales|f__Eubacteriaceae|g__GGB3267|s__GGB3267_SGB4317|t__SGB4317,5,k__Bacteria,p__Firmicutes,c__Clostridia,o__Eubacteriales,f__Eubacteriaceae,g__GGB3267,s__GGB3267_SGB4317,t__SGB4317,,,
k__Bacteria|p__Fusobacteria|c__Fusobacteriia|o__Fusobacteriales|f__Fusobacteriaceae|g__Fusobacterium|s__Fusobacterium_nucleatum|t__SGB6007,1,k__Bacteria,p__Fusobacteria,c__Fusobacteriia,o__Fusobacteriales,f__Fusobacteriaceae,g__Fusobacterium,s__Fusobacterium_nucleatum,t__SGB6007,,,
k__Bacteria|p__Firmicutes|c__Clostridia|o__Eubacteriales|f__Clostridiaceae|g__Hungatella|s__Hungatella_hathewayi|t__SGB4742,1,k__Bacteria,p__Firmicutes,c__Clostridia,o__Eubacteriales,f__Clostridiaceae,g__Hungatella,s__Hungatella_hathewayi,t__SGB4742,,,
k__Bacteria|p__Firmicutes|c__Clostridia|o__Eubacteriales|f__Clostridiaceae|g__Clostridium|s__Clostridium_perfringens|t__SGB6191,3,k__Bacteria,p__Firmicutes,c__Clostridia,o__Eubacteriales,f__Clostridiaceae,g__Clostridium,s__Clostridium_perfringens,t__SGB6191,,,
k__Bacteria|p__Proteobacteria|c__CFGB2401|o__OFGB2401|f__FGB2401|g__GGB30719|s__GGB30719_SGB9303|t__SGB9303,2,k__Bacteria,p__Proteobacteria,c__CFGB2401,o__OFGB2401,f__FGB2401,g__GGB30719,s__GGB30719_SGB9303,t__SGB9303,,,
k__Bacteria|p__Firmicutes|c__Negativicutes|o__Acidaminococcales|f__Acidaminococcaceae|g__GGB4248|s__GGB4248_SGB5746|t__SGB5746,2,k__Bacteria,p__Firmicutes,c__Negativicutes,o__Acidaminococcales,f__Acidaminococcaceae,g__GGB4248,s__GGB4248_SGB5746,t__SGB5746,,,
k__Bacteria|p__Firmicutes|c__CFGB2837|o__OFGB2837|f__FGB2837|g__GGB9082|s__GGB9082_SGB14007|t__SGB14007,3,k__Bacteria,p__Firmicutes,c__CFGB2837,o__OFGB2837,f__FGB2837,g__GGB9082,s__GGB9082_SGB14007,t__SGB14007,,,
k__Bacteria|p__Lentisphaerae|c__CFGB2378|o__OFGB2378|f__FGB2378|g__GGB6519|s__GGB6519_SGB9208|t__SGB9208,4,k__Bacteria,p__Lentisphaerae,c__CFGB2378,o__OFGB2378,f__FGB2378,g__GGB6519,s__GGB6519_SGB9208,t__SGB9208,,,
k__Bacteria|p__Bacteroidetes|c__CFGB529|o__OFGB529|f__FGB529|g__GGB1096|s__GGB1096_SGB1408|t__SGB1408,7,k__Bacteria,p__Bacteroidetes,c__CFGB529,o__OFGB529,f__FGB529,g__GGB1096,s__GGB1096_SGB1408,t__SGB1408,,,
k__Bacteria|p__Firmicutes|c__Clostridia|o__Eubacteriales|f__Oscillospiraceae|g__Hydrogenoanaerobacterium|s__Hydrogenoanaerobacterium_SGB53821|t__SGB53821,3,k__Bacteria,p__Firmicutes,c__Clostridia,o__Eubacteriales,f__Oscillospiraceae,g__Hydrogenoanaerobacterium,s__Hydrogenoanaerobacterium_SGB53821,t__SGB53821,,,
k__Bacteria|p__Bacteroidetes|c__Bacteroidia|o__Bacteroidales|f__Prevotellaceae|g__Prevotella|s__Prevotella_hominis|t__SGB1617,16,k__Bacteria,p__Bacteroidetes,c__Bacteroidia,o__Bacteroidales,f__Prevotellaceae,g__Prevotella,s__Prevotella_hominis,t__SGB1617,,,
k__Bacteria|p__Proteobacteria|c__CFGB2394|o__OFGB2394|f__FGB2394|g__GGB6544|s__GGB6544_SGB9242|t__SGB9242,2,k__Bacteria,p__Proteobacteria,c__CFGB2394,o__OFGB2394,f__FGB2394,g__GGB6544,s__GGB6544_SGB9242,t__SGB9242,,,
k__Bacteria|p__Firmicutes|c__CFGB1765|o__OFGB1765|f__FGB1765|g__GGB4558|s__GGB4558_SGB6289|t__SGB6289,3,k__Bacteria,p__Firmicutes,c__CFGB1765,o__OFGB1765,f__FGB1765,g__GGB4558,s__GGB4558_SGB6289,t__SGB6289,,,
k__Bacteria|p__Proteobacteria|c__Betaproteobacteria|o__Burkholderiales|f__Sutterellaceae|g__Sutterella|s__Sutterella_parvirubra|t__SGB9292,2,k__Bacteria,p__Proteobacteria,c__Betaproteobacteria,o__Burkholderiales,f__Sutterellaceae,g__Sutterella,s__Sutterella_parvirubra,t__SGB9292,,,
k__Bacteria|p__Proteobacteria|c__Deltaproteobacteria|o__Desulfovibrionales|f__Desulfovibrionaceae|g__Desulfovibrio|s__Desulfovibrio_fairfieldensis|t__SGB15470,10,k__Bacteria,p__Proteobacteria,c__Deltaproteobacteria,o__Desulfovibrionales,f__Desulfovibrionaceae,g__Desulfovibrio,s__Desulfovibrio_fairfieldensis,t__SGB15470,,,
k__Bacteria|p__Proteobacteria|c__CFGB2404|o__OFGB2404|f__FGB2404|g__GGB6608|s__GGB6608_SGB9342|t__SGB9342,15,k__Bacteria,p__Proteobacteria,c__CFGB2404,o__OFGB2404,f__FGB2404,g__GGB6608,s__GGB6608_SGB9342,t__SGB9342,,,
k__Bacteria|p__Firmicutes|c__CFGB1765|o__OFGB1765|f__FGB1765|g__GGB4562|s__GGB4562_SGB6298|t__SGB6298,4,k__Bacteria,p__Firmicutes,c__CFGB1765,o__OFGB1765,f__FGB1765,g__GGB4562,s__GGB4562_SGB6298,t__SGB6298,,,
k__Bacteria|p__Firmicutes|c__Clostridia|o__Clostridia_unclassified|f__Clostridia_unclassified|g__GGB9695|s__GGB9695_SGB15211|t__SGB15211,5,k__Bacteria,p__Firmicutes,c__Clostridia,o__Clostridia_unclassified,f__Clostridia_unclassified,g__GGB9695,s__GGB9695_SGB15211,t__SGB15211,,,
k__Bacteria|p__Bacteroidetes|c__Bacteroidia|o__Bacteroidales|f__Prevotellaceae|g__Prevotella|s__Prevotella_disiens|t__SGB1559,5,k__Bacteria,p__Bacteroidetes,c__Bacteroidia,o__Bacteroidales,f__Prevotellaceae,g__Prevotella,s__Prevotella_disiens,t__SGB1559,,,
k__Bacteria|p__Firmicutes|c__Clostridia|o__Eubacteriales|f__Lachnospiraceae|g__Frisingicoccus|s__Frisingicoccus_caecimuris|t__SGB4675,2,k__Bacteria,p__Firmicutes,c__Clostridia,o__Eubacteriales,f__Lachnospiraceae,g__Frisingicoccus,s__Frisingicoccus_caecimuris,t__SGB4675,,,
k__Bacteria|p__Firmicutes|c__CFGB9115|o__OFGB9115|f__FGB9115|g__GGB4617|s__GGB4617_SGB6392|t__SGB6392,1,k__Bacteria,p__Firmicutes,c__CFGB9115,o__OFGB9115,f__FGB9115,g__GGB4617,s__GGB4617_SGB6392,t__SGB6392,,,
k__Bacteria|p__Firmicutes|c__Erysipelotrichia|o__Erysipelotrichales|f__Erysipelotrichaceae|g__Erysipelatoclostridium|s__Clostridium_spiroforme|t__SGB6747,2,k__Bacteria,p__Firmicutes,c__Erysipelotrichia,o__Erysipelotrichales,f__Erysipelotrichaceae,g__Erysipelatoclostridium,s__Clostridium_spiroforme,t__SGB6747,,,
k__Bacteria|p__Candidatus_Melainabacteria|c__CFGB2107|o__OFGB2107|f__FGB2107|g__GGB6006|s__GGB6006_SGB8630|t__SGB8630,4,k__Bacteria,p__Candidatus_Melainabacteria,c__CFGB2107,o__OFGB2107,f__FGB2107,g__GGB6006,s__GGB6006_SGB8630,t__SGB8630,,,
k__Bacteria|p__Firmicutes|c__Clostridia|o__Clostridia_unclassified|f__Clostridia_unclassified|g__GGB9529|s__GGB9529_SGB14929|t__SGB14929,1,k__Bacteria,p__Firmicutes,c__Clostridia,o__Clostridia_unclassified,f__Clostridia_unclassified,g__GGB9529,s__GGB9529_SGB14929,t__SGB14929,,,
k__Bacteria|p__Firmicutes|c__Clostridia|o__Eubacteriales|f__Oscillospiraceae|g__GGB79499|s__GGB79499_SGB105839|t__SGB105839,1,k__Bacteria,p__Firmicutes,c__Clostridia,o__Eubacteriales,f__Oscillospiraceae,g__GGB79499,s__GGB79499_SGB105839,t__SGB105839,,,
k__Bacteria|p__Firmicutes|c__CFGB2846|o__OFGB2846|f__FGB2846|g__GGB9117|s__GGB9117_SGB14050|t__SGB14050,2,k__Bacteria,p__Firmicutes,c__CFGB2846,o__OFGB2846,f__FGB2846,g__GGB9117,s__GGB9117_SGB14050,t__SGB14050,,,
k__Bacteria|p__Firmicutes|c__CFGB1785|o__OFGB1785|f__FGB1785|g__GGB4739|s__GGB4739_SGB6564|t__SGB6564,2,k__Bacteria,p__Firmicutes,c__CFGB1785,o__OFGB1785,f__FGB1785,g__GGB4739,s__GGB4739_SGB6564,t__SGB6564,,,
k__Bacteria|p__Bacteroidetes|c__Bacteroidia|o__Bacteroidales|f__Tannerellaceae|g__Parabacteroides|s__Parabacteroides_sp_N37|t__SGB1946,2,k__Bacteria,p__Bacteroidetes,c__Bacteroidia,o__Bacteroidales,f__Tannerellaceae,g__Parabacteroides,s__Parabacteroides_sp_N37,t__SGB1946,,,
k__Bacteria|p__Firmicutes|c__CFGB3054|o__OFGB3054|f__FGB3054|g__GGB9583|s__GGB9583_SGB15004|t__SGB15004,3,k__Bacteria,p__Firmicutes,c__CFGB3054,o__OFGB3054,f__FGB3054,g__GGB9583,s__GGB9583_SGB15004,t__SGB15004,,,
k__Bacteria|p__Firmicutes|c__Tissierellia|o__Tissierellia_unclassified|f__Tissierellia_unclassified|g__Ezakiella|s__Ezakiella_coagulans|t__SGB6728,1,k__Bacteria,p__Firmicutes,c__Tissierellia,o__Tissierellia_unclassified,f__Tissierellia_unclassified,g__Ezakiella,s__Ezakiella_coagulans,t__SGB6728,,,
k__Bacteria|p__Candidatus_Melainabacteria|c__CFGB2106|o__OFGB2106|f__FGB2106|g__GGB5979|s__GGB5979_SGB8597|t__SGB8597,2,k__Bacteria,p__Candidatus_Melainabacteria,c__CFGB2106,o__OFGB2106,f__FGB2106,g__GGB5979,s__GGB5979_SGB8597,t__SGB8597,,,
k__Bacteria|p__Proteobacteria|c__Gammaproteobacteria|o__Enterobacterales|f__Hafniaceae|g__Hafnia|s__Hafnia_alvei|t__SGB10209,1,k__Bacteria,p__Proteobacteria,c__Gammaproteobacteria,o__Enterobacterales,f__Hafniaceae,g__Hafnia,s__Hafnia_alvei,t__SGB10209,,,
k__Bacteria|p__Bacteroidetes|c__Bacteroidia|o__Bacteroidales|f__Bacteroidaceae|g__Bacteroides|s__Bacteroides_intestinalis|t__SGB1846,10,k__Bacteria,p__Bacteroidetes,c__Bacteroidia,o__Bacteroidales,f__Bacteroidaceae,g__Bacteroides,s__Bacteroides_intestinalis,t__SGB1846,,,
k__Bacteria|p__Proteobacteria|c__Gammaproteobacteria|o__Pasteurellales|f__Pasteurellaceae|g__Haemophilus|s__Haemophilus_pittmaniae|t__SGB9656,2,k__Bacteria,p__Proteobacteria,c__Gammaproteobacteria,o__Pasteurellales,f__Pasteurellaceae,g__Haemophilus,s__Haemophilus_pittmaniae,t__SGB9656,,,
k__Bacteria|p__Firmicutes|c__CFGB4529|o__OFGB4529|f__FGB4529|g__GGB3654|s__GGB3654_SGB4965|t__SGB4965,3,k__Bacteria,p__Firmicutes,c__CFGB4529,o__OFGB4529,f__FGB4529,g__GGB3654,s__GGB3654_SGB4965,t__SGB4965,,,
k__Bacteria|p__Bacteroidetes|c__Bacteroidia|o__Bacteroidales|f__Bacteroidaceae|g__Phocaeicola|s__Phocaeicola_barnesiae|t__SGB1897,3,k__Bacteria,p__Bacteroidetes,c__Bacteroidia,o__Bacteroidales,f__Bacteroidaceae,g__Phocaeicola,s__Phocaeicola_barnesiae,t__SGB1897,,,
k__Bacteria|p__Firmicutes|c__Bacilli|o__Lactobacillales|f__Lactobacillaceae|g__Limosilactobacillus|s__Limosilactobacillus_fermentum|t__SGB7106,2,k__Bacteria,p__Firmicutes,c__Bacilli,o__Lactobacillales,f__Lactobacillaceae,g__Limosilactobacillus,s__Limosilactobacillus_fermentum,t__SGB7106,,,
k__Bacteria|p__Bacteroidetes|c__Bacteroidia|o__Bacteroidales|f__Bacteroidaceae|g__Bacteroides|s__Bacteroides_intestinalis|t__SGB1845,4,k__Bacteria,p__Bacteroidetes,c__Bacteroidia,o__Bacteroidales,f__Bacteroidaceae,g__Bacteroides,s__Bacteroides_intestinalis,t__SGB1845,,,
k__Bacteria|p__Firmicutes|c__Clostridia|o__Eubacteriales|f__Lachnospiraceae|g__GGB3518|s__GGB3518_SGB4697|t__SGB4697,1,k__Bacteria,p__Firmicutes,c__Clostridia,o__Eubacteriales,f__Lachnospiraceae,g__GGB3518,s__GGB3518_SGB4697,t__SGB4697,,,
k__Bacteria|p__Firmicutes|c__Clostridia|o__Eubacteriales|f__Lachnospiraceae|g__GGB3496|s__GGB3496_SGB4671|t__SGB4671,2,k__Bacteria,p__Firmicutes,c__Clostridia,o__Eubacteriales,f__Lachnospiraceae,g__GGB3496,s__GGB3496_SGB4671,t__SGB4671,,,
k__Bacteria|p__Firmicutes|c__Clostridia|o__Eubacteriales|f__Clostridiaceae|g__Clostridiaceae_unclassified|s__Clostridiaceae_unclassified_SGB4702|t__SGB4702,1,k__Bacteria,p__Firmicutes,c__Clostridia,o__Eubacteriales,f__Clostridiaceae,g__Clostridiaceae_unclassified,s__Clostridiaceae_unclassified_SGB4702,t__SGB4702,,,
k__Bacteria|p__Firmicutes|c__Clostridia|o__Eubacteriales|f__Lachnospiraceae|g__Lachnoclostridium|s__Clostridium_scindens|t__SGB4631,1,k__Bacteria,p__Firmicutes,c__Clostridia,o__Eubacteriales,f__Lachnospiraceae,g__Lachnoclostridium,s__Clostridium_scindens,t__SGB4631,,,
k__Bacteria|p__Firmicutes|c__Bacilli|o__Lactobacillales|f__Lactobacillaceae|g__Lactiplantibacillus|s__Lactiplantibacillus_plantarum|t__SGB7202,1,k__Bacteria,p__Firmicutes,c__Bacilli,o__Lactobacillales,f__Lactobacillaceae,g__Lactiplantibacillus,s__Lactiplantibacillus_plantarum,t__SGB7202,,,
k__Bacteria|p__Firmicutes|c__Clostridia|o__Eubacteriales|f__Eubacteriaceae|g__Eubacteriaceae_unclassified|s__Eubacteriaceae_bacterium|t__SGB4546,3,k__Bacteria,p__Firmicutes,c__Clostridia,o__Eubacteriales,f__Eubacteriaceae,g__Eubacteriaceae_unclassified,s__Eubacteriaceae_bacterium,t__SGB4546,,,
k__Bacteria|p__Firmicutes|c__Bacilli|o__Lactobacillales|f__Lactobacillaceae|g__Limosilactobacillus|s__Limosilactobacillus_mucosae|t__SGB7088_group,4,k__Bacteria,p__Firmicutes,c__Bacilli,o__Lactobacillales,f__Lactobacillaceae,g__Limosilactobacillus,s__Limosilactobacillus_mucosae,t__SGB7088_group,,,
k__Bacteria|p__Firmicutes|c__Clostridia|o__Eubacteriales|f__Eubacteriaceae|g__GGB3281|s__GGB3281_SGB4335|t__SGB4335,6,k__Bacteria,p__Firmicutes,c__Clostridia,o__Eubacteriales,f__Eubacteriaceae,g__GGB3281,s__GGB3281_SGB4335,t__SGB4335,,,
k__Bacteria|p__Bacteroidetes|c__Bacteroidia|o__Bacteroidales|f__Muribaculaceae|g__GGB1538|s__GGB1538_SGB2121|t__SGB2121,1,k__Bacteria,p__Bacteroidetes,c__Bacteroidia,o__Bacteroidales,f__Muribaculaceae,g__GGB1538,s__GGB1538_SGB2121,t__SGB2121,,,
k__Bacteria|p__Firmicutes|c__Clostridia|o__Eubacteriales|f__Lachnospiraceae|g__Anaerotignum|s__Anaerotignum_lactatifermentans|t__SGB5193,3,k__Bacteria,p__Firmicutes,c__Clostridia,o__Eubacteriales,f__Lachnospiraceae,g__Anaerotignum,s__Anaerotignum_lactatifermentans,t__SGB5193,,,
k__Bacteria|p__Firmicutes|c__CFGB1780|o__OFGB1780|f__FGB1780|g__GGB4723|s__GGB4723_SGB6540|t__SGB6540,4,k__Bacteria,p__Firmicutes,c__CFGB1780,o__OFGB1780,f__FGB1780,g__GGB4723,s__GGB4723_SGB6540,t__SGB6540,,,
k__Bacteria|p__Firmicutes|c__CFGB9119|o__OFGB9119|f__FGB9119|g__GGB4653|s__GGB4653_SGB6440|t__SGB6440,4,k__Bacteria,p__Firmicutes,c__CFGB9119,o__OFGB9119,f__FGB9119,g__GGB4653,s__GGB4653_SGB6440,t__SGB6440,,,
k__Bacteria|p__Firmicutes|c__Clostridia|o__Eubacteriales|f__Lachnospiraceae|g__GGB28640|s__GGB28640_SGB4673|t__SGB4673,1,k__Bacteria,p__Firmicutes,c__Clostridia,o__Eubacteriales,f__Lachnospiraceae,g__GGB28640,s__GGB28640_SGB4673,t__SGB4673,,,
k__Bacteria|p__Bacteroidetes|c__Bacteroidia|o__Bacteroidales|f__Muribaculaceae|g__GGB1497|s__GGB1497_SGB2075|t__SGB2075,2,k__Bacteria,p__Bacteroidetes,c__Bacteroidia,o__Bacteroidales,f__Muribaculaceae,g__GGB1497,s__GGB1497_SGB2075,t__SGB2075,,,
k__Bacteria|p__Firmicutes|c__CFGB9583|o__OFGB9583|f__FGB9583|g__GGB3490|s__GGB3490_SGB4664|t__SGB4664,7,k__Bacteria,p__Firmicutes,c__CFGB9583,o__OFGB9583,f__FGB9583,g__GGB3490,s__GGB3490_SGB4664,t__SGB4664,,,
k__Bacteria|p__Firmicutes|c__CFGB1325|o__OFGB1325|f__FGB1325|g__GGB3176|s__GGB3176_SGB4194|t__SGB4194,4,k__Bacteria,p__Firmicutes,c__CFGB1325,o__OFGB1325,f__FGB1325,g__GGB3176,s__GGB3176_SGB4194,t__SGB4194,,,
k__Bacteria|p__Firmicutes|c__CFGB1359|o__OFGB1359|f__FGB1359|g__GGB39037|s__GGB39037_SGB4393|t__SGB4393,5,k__Bacteria,p__Firmicutes,c__CFGB1359,o__OFGB1359,f__FGB1359,g__GGB39037,s__GGB39037_SGB4393,t__SGB4393,,,
k__Bacteria|p__Bacteroidetes|c__Bacteroidia|o__Bacteroidales|f__Prevotellaceae|g__GGB18559|s__GGB18559_SGB27424|t__SGB27424,1,k__Bacteria,p__Bacteroidetes,c__Bacteroidia,o__Bacteroidales,f__Prevotellaceae,g__GGB18559,s__GGB18559_SGB27424,t__SGB27424,,,
k__Bacteria|p__Firmicutes|c__CFGB1765|o__OFGB1765|f__FGB1765|g__GGB4549|s__GGB4549_SGB6271|t__SGB6271,12,k__Bacteria,p__Firmicutes,c__CFGB1765,o__OFGB1765,f__FGB1765,g__GGB4549,s__GGB4549_SGB6271,t__SGB6271,,,
k__Bacteria|p__Firmicutes|c__CFGB72916|o__OFGB72916|f__FGB72916|g__GGB4700|s__GGB4700_SGB6506|t__SGB6506,4,k__Bacteria,p__Firmicutes,c__CFGB72916,o__OFGB72916,f__FGB72916,g__GGB4700,s__GGB4700_SGB6506,t__SGB6506,,,
k__Bacteria|p__Firmicutes|c__Clostridia|o__Eubacteriales|f__Eubacteriales_Family_XIII_Incertae_Sedis|g__Baileyella|s__Baileyella_intestinalis|t__SGB3928,1,k__Bacteria,p__Firmicutes,c__Clostridia,o__Eubacteriales,f__Eubacteriales_Family_XIII_Incertae_Sedis,g__Baileyella,s__Baileyella_intestinalis,t__SGB3928,,,
k__Bacteria|p__Firmicutes|c__CFGB1776|o__OFGB1776|f__FGB1776|g__GGB4674|s__GGB4674_SGB6463|t__SGB6463,1,k__Bacteria,p__Firmicutes,c__CFGB1776,o__OFGB1776,f__FGB1776,g__GGB4674,s__GGB4674_SGB6463,t__SGB6463,,,
k__Bacteria|p__Actinobacteria|c__Coriobacteriia|o__Coriobacteriales|f__Atopobiaceae|g__Olsenella|s__Olsenella_uli|t__SGB14367,2,k__Bacteria,p__Actinobacteria,c__Coriobacteriia,o__Coriobacteriales,f__Atopobiaceae,g__Olsenella,s__Olsenella_uli,t__SGB14367,,,
k__Bacteria|p__Actinobacteria|c__Coriobacteriia|o__Eggerthellales|f__Eggerthellaceae|g__GGB9434|s__GGB9434_SGB14812|t__SGB14812,1,k__Bacteria,p__Actinobacteria,c__Coriobacteriia,o__Eggerthellales,f__Eggerthellaceae,g__GGB9434,s__GGB9434_SGB14812,t__SGB14812,,,
k__Bacteria|p__Firmicutes|c__Clostridia|o__Eubacteriales|f__Clostridiaceae|g__Clostridium|s__Clostridium_SGB6177|t__SGB6177,2,k__Bacteria,p__Firmicutes,c__Clostridia,o__Eubacteriales,f__Clostridiaceae,g__Clostridium,s__Clostridium_SGB6177,t__SGB6177,,,
k__Bacteria|p__Firmicutes|c__Negativicutes|o__Veillonellales|f__Veillonellaceae|g__Megasphaera|s__Megasphaera_elsdenii|t__SGB5862,7,k__Bacteria,p__Firmicutes,c__Negativicutes,o__Veillonellales,f__Veillonellaceae,g__Megasphaera,s__Megasphaera_elsdenii,t__SGB5862,,,
k__Bacteria|p__Actinobacteria|c__Actinomycetia|o__Bifidobacteriales|f__Bifidobacteriaceae|g__Bifidobacterium|s__Bifidobacterium_angulatum|t__SGB17231,10,k__Bacteria,p__Actinobacteria,c__Actinomycetia,o__Bifidobacteriales,f__Bifidobacteriaceae,g__Bifidobacterium,s__Bifidobacterium_angulatum,t__SGB17231,,,
k__Bacteria|p__Firmicutes|c__Negativicutes|o__Veillonellales|f__Veillonellaceae|g__Dialister|s__Dialister_SGB5820|t__SGB5820,2,k__Bacteria,p__Firmicutes,c__Negativicutes,o__Veillonellales,f__Veillonellaceae,g__Dialister,s__Dialister_SGB5820,t__SGB5820,,,
k__Bacteria|p__Firmicutes|c__Clostridia|o__Eubacteriales|f__Lachnospiraceae|g__GGB3585|s__GGB3585_SGB4803|t__SGB4803,2,k__Bacteria,p__Firmicutes,c__Clostridia,o__Eubacteriales,f__Lachnospiraceae,g__GGB3585,s__GGB3585_SGB4803,t__SGB4803,,,
k__Bacteria|p__Firmicutes|c__Erysipelotrichia|o__Erysipelotrichales|f__Erysipelotrichaceae|g__Longicatena|s__Longicatena_caecimuris|t__SGB4041,7,k__Bacteria,p__Firmicutes,c__Erysipelotrichia,o__Erysipelotrichales,f__Erysipelotrichaceae,g__Longicatena,s__Longicatena_caecimuris,t__SGB4041,,,
k__Bacteria|p__Firmicutes|c__CFGB3005|o__OFGB3005|f__FGB3005|g__GGB9469|s__GGB9469_SGB14863|t__SGB14863,3,k__Bacteria,p__Firmicutes,c__CFGB3005,o__OFGB3005,f__FGB3005,g__GGB9469,s__GGB9469_SGB14863,t__SGB14863,,,
k__Bacteria|p__Firmicutes|c__Bacilli|o__Lactobacillales|f__Lactobacillaceae|g__Weissella|s__Weissella_cibaria|t__SGB7114,1,k__Bacteria,p__Firmicutes,c__Bacilli,o__Lactobacillales,f__Lactobacillaceae,g__Weissella,s__Weissella_cibaria,t__SGB7114,,,
k__Bacteria|p__Firmicutes|c__Clostridia|o__Eubacteriales|f__Lachnospiraceae|g__Blautia|s__Blautia_SGB47659|t__SGB47659,1,k__Bacteria,p__Firmicutes,c__Clostridia,o__Eubacteriales,f__Lachnospiraceae,g__Blautia,s__Blautia_SGB47659,t__SGB47659,,,
k__Bacteria|p__Firmicutes|c__Clostridia|o__Clostridia_unclassified|f__Clostridia_unclassified|g__GGB9529|s__GGB9529_SGB53518|t__SGB53518,1,k__Bacteria,p__Firmicutes,c__Clostridia,o__Clostridia_unclassified,f__Clostridia_unclassified,g__GGB9529,s__GGB9529_SGB53518,t__SGB53518,,,
k__Bacteria|p__Firmicutes|c__CFGB2831|o__OFGB2831|f__FGB2831|g__GGB9048|s__GGB9048_SGB13952|t__SGB13952,1,k__Bacteria,p__Firmicutes,c__CFGB2831,o__OFGB2831,f__FGB2831,g__GGB9048,s__GGB9048_SGB13952,t__SGB13952,,,
k__Bacteria|p__Verrucomicrobia|c__Verrucomicrobiae|o__Verrucomicrobiales|f__Akkermansiaceae|g__Akkermansia|s__Akkermansia_sp_BIOML_A40|t__SGB9223,4,k__Bacteria,p__Verrucomicrobia,c__Verrucomicrobiae,o__Verrucomicrobiales,f__Akkermansiaceae,g__Akkermansia,s__Akkermansia_sp_BIOML_A40,t__SGB9223,,,
k__Bacteria|p__Firmicutes|c__CFGB10325|o__OFGB10325|f__FGB10325|g__GGB4667|s__GGB4667_SGB6456|t__SGB6456,1,k__Bacteria,p__Firmicutes,c__CFGB10325,o__OFGB10325,f__FGB10325,g__GGB4667,s__GGB4667_SGB6456,t__SGB6456,,,
k__Bacteria|p__Firmicutes|c__CFGB31455|o__OFGB31455|f__FGB31455|g__GGB4699|s__GGB4699_SGB6501|t__SGB6501,1,k__Bacteria,p__Firmicutes,c__CFGB31455,o__OFGB31455,f__FGB31455,g__GGB4699,s__GGB4699_SGB6501,t__SGB6501,,,
k__Bacteria|p__Firmicutes|c__Clostridia|o__Eubacteriales|f__Clostridiaceae|g__GGB3524|s__GGB3524_SGB4704|t__SGB4704,1,k__Bacteria,p__Firmicutes,c__Clostridia,o__Eubacteriales,f__Clostridiaceae,g__GGB3524,s__GGB3524_SGB4704,t__SGB4704,,,
k__Bacteria|p__Firmicutes|c__CFGB2840|o__OFGB2840|f__FGB2840|g__GGB9093|s__GGB9093_SGB14024|t__SGB14024,3,k__Bacteria,p__Firmicutes,c__CFGB2840,o__OFGB2840,f__FGB2840,g__GGB9093,s__GGB9093_SGB14024,t__SGB14024,,,
k__Bacteria|p__Bacteroidetes|c__CFGB628|o__OFGB628|f__FGB628|g__GGB1492|s__GGB1492_SGB2067|t__SGB2067,2,k__Bacteria,p__Bacteroidetes,c__CFGB628,o__OFGB628,f__FGB628,g__GGB1492,s__GGB1492_SGB2067,t__SGB2067,,,
k__Bacteria|p__Firmicutes|c__CFGB1776|o__OFGB1776|f__FGB1776|g__GGB4671|s__GGB4671_SGB6460|t__SGB6460,1,k__Bacteria,p__Firmicutes,c__CFGB1776,o__OFGB1776,f__FGB1776,g__GGB4671,s__GGB4671_SGB6460,t__SGB6460,,,
k__Bacteria|p__Actinobacteria|c__Coriobacteriia|o__Eggerthellales|f__Eggerthellaceae|g__GGB9423|s__GGB9423_SGB14792|t__SGB14792,4,k__Bacteria,p__Actinobacteria,c__Coriobacteriia,o__Eggerthellales,f__Eggerthellaceae,g__GGB9423,s__GGB9423_SGB14792,t__SGB14792,,,
k__Bacteria|p__Bacteroidetes|c__CFGB667|o__OFGB667|f__FGB667|g__GGB1661|s__GGB1661_SGB2275|t__SGB2275,1,k__Bacteria,p__Bacteroidetes,c__CFGB667,o__OFGB667,f__FGB667,g__GGB1661,s__GGB1661_SGB2275,t__SGB2275,,,
k__Bacteria|p__Firmicutes|c__CFGB8331|o__OFGB8331|f__FGB8331|g__GGB13357|s__GGB13357_SGB13987|t__SGB13987,1,k__Bacteria,p__Firmicutes,c__CFGB8331,o__OFGB8331,f__FGB8331,g__GGB13357,s__GGB13357_SGB13987,t__SGB13987,,,
k__Bacteria|p__Firmicutes|c__Clostridia|o__Eubacteriales|f__Lachnospiraceae|g__Lachnospiraceae_unclassified|s__Lachnospiraceae_unclassified_SGB69346|t__SGB69346,2,k__Bacteria,p__Firmicutes,c__Clostridia,o__Eubacteriales,f__Lachnospiraceae,g__Lachnospiraceae_unclassified,s__Lachnospiraceae_unclassified_SGB69346,t__SGB69346,,,
k__Bacteria|p__Candidatus_Melainabacteria|c__CFGB2107|o__OFGB2107|f__FGB2107|g__GGB6020|s__GGB6020_SGB8653|t__SGB8653,3,k__Bacteria,p__Candidatus_Melainabacteria,c__CFGB2107,o__OFGB2107,f__FGB2107,g__GGB6020,s__GGB6020_SGB8653,t__SGB8653,,,
k__Bacteria|p__Firmicutes|c__Clostridia|o__Eubacteriales|f__Lachnospiraceae|g__Coprococcus|s__Coprococcus_eutactus|t__SGB5118,8,k__Bacteria,p__Firmicutes,c__Clostridia,o__Eubacteriales,f__Lachnospiraceae,g__Coprococcus,s__Coprococcus_eutactus,t__SGB5118,,,
k__Bacteria|p__Firmicutes|c__CFGB8140|o__OFGB8140|f__FGB8140|g__GGB3755|s__GGB3755_SGB5104|t__SGB5104,3,k__Bacteria,p__Firmicutes,c__CFGB8140,o__OFGB8140,f__FGB8140,g__GGB3755,s__GGB3755_SGB5104,t__SGB5104,,,
k__Bacteria|p__Proteobacteria|c__Deltaproteobacteria|o__Desulfovibrionales|f__Desulfovibrionaceae|g__Desulfovibrio|s__Desulfovibrio_piger|t__SGB15465,5,k__Bacteria,p__Proteobacteria,c__Deltaproteobacteria,o__Desulfovibrionales,f__Desulfovibrionaceae,g__Desulfovibrio,s__Desulfovibrio_piger,t__SGB15465,,,
k__Bacteria|p__Firmicutes|c__Clostridia|o__Eubacteriales|f__Eubacteriales_unclassified|g__Gemmiger|s__Gemmiger_SGB15292|t__SGB15292,3,k__Bacteria,p__Firmicutes,c__Clostridia,o__Eubacteriales,f__Eubacteriales_unclassified,g__Gemmiger,s__Gemmiger_SGB15292,t__SGB15292,,,
k__Bacteria|p__Firmicutes|c__CFGB45555|o__OFGB45555|f__FGB45555|g__GGB9701|s__GGB9701_SGB15218|t__SGB15218,3,k__Bacteria,p__Firmicutes,c__CFGB45555,o__OFGB45555,f__FGB45555,g__GGB9701,s__GGB9701_SGB15218,t__SGB15218,,,
k__Bacteria|p__Firmicutes|c__CFGB1800|o__OFGB1800|f__FGB1800|g__GGB4773|s__GGB4773_SGB6607|t__SGB6607,4,k__Bacteria,p__Firmicutes,c__CFGB1800,o__OFGB1800,f__FGB1800,g__GGB4773,s__GGB4773_SGB6607,t__SGB6607,,,
k__Bacteria|p__Proteobacteria|c__CFGB2404|o__OFGB2404|f__FGB2404|g__GGB6610|s__GGB6610_SGB9344|t__SGB9344,11,k__Bacteria,p__Proteobacteria,c__CFGB2404,o__OFGB2404,f__FGB2404,g__GGB6610,s__GGB6610_SGB9344,t__SGB9344,,,
k__Bacteria|p__Firmicutes|c__CFGB9629|o__OFGB9629|f__FGB9629|g__GGB3615|s__GGB3615_SGB4887|t__SGB4887,1,k__Bacteria,p__Firmicutes,c__CFGB9629,o__OFGB9629,f__FGB9629,g__GGB3615,s__GGB3615_SGB4887,t__SGB4887,,,
k__Bacteria|p__Proteobacteria|c__CFGB2404|o__OFGB2404|f__FGB2404|g__GGB6614|s__GGB6614_SGB9349|t__SGB9349,1,k__Bacteria,p__Proteobacteria,c__CFGB2404,o__OFGB2404,f__FGB2404,g__GGB6614,s__GGB6614_SGB9349,t__SGB9349,,,
k__Bacteria|p__Firmicutes|c__Clostridia|o__Eubacteriales|f__Oscillospiraceae|g__GGB9715|s__GGB9715_SGB15266|t__SGB15266,11,k__Bacteria,p__Firmicutes,c__Clostridia,o__Eubacteriales,f__Oscillospiraceae,g__GGB9715,s__GGB9715_SGB15266,t__SGB15266,,,
k__Bacteria|p__Firmicutes|c__CFGB9120|o__OFGB9120|f__FGB9120|g__GGB4642|s__GGB4642_SGB6421|t__SGB6421,1,k__Bacteria,p__Firmicutes,c__CFGB9120,o__OFGB9120,f__FGB9120,g__GGB4642,s__GGB4642_SGB6421,t__SGB6421,,,
k__Bacteria|p__Firmicutes|c__Clostridia|o__Eubacteriales|f__Lachnospiraceae|g__GGB3637|s__GGB3637_SGB4930|t__SGB4930,3,k__Bacteria,p__Firmicutes,c__Clostridia,o__Eubacteriales,f__Lachnospiraceae,g__GGB3637,s__GGB3637_SGB4930,t__SGB4930,,,
k__Bacteria|p__Bacteroidetes|c__Bacteroidia|o__Bacteroidales|f__Odoribacteraceae|g__Odoribacter|s__Odoribacter_sp_AF15_53|t__SGB1781,2,k__Bacteria,p__Bacteroidetes,c__Bacteroidia,o__Bacteroidales,f__Odoribacteraceae,g__Odoribacter,s__Odoribacter_sp_AF15_53,t__SGB1781,,,
k__Bacteria|p__Proteobacteria|c__Gammaproteobacteria|o__Enterobacterales|f__Enterobacteriaceae|g__Enterobacter|s__Enterobacter_asburiae|t__SGB10141,2,k__Bacteria,p__Proteobacteria,c__Gammaproteobacteria,o__Enterobacterales,f__Enterobacteriaceae,g__Enterobacter,s__Enterobacter_asburiae,t__SGB10141,,,
k__Bacteria|p__Actinobacteria|c__Actinomycetia|o__Bifidobacteriales|f__Bifidobacteriaceae|g__Bifidobacterium|s__Bifidobacterium_mongoliense|t__SGB17228,1,k__Bacteria,p__Actinobacteria,c__Actinomycetia,o__Bifidobacteriales,f__Bifidobacteriaceae,g__Bifidobacterium,s__Bifidobacterium_mongoliense,t__SGB17228,,,
k__Bacteria|p__Proteobacteria|c__Betaproteobacteria|o__Burkholderiales|f__Sutterellaceae|g__Sutterella|s__Sutterella_SGB9293|t__SGB9293,2,k__Bacteria,p__Proteobacteria,c__Betaproteobacteria,o__Burkholderiales,f__Sutterellaceae,g__Sutterella,s__Sutterella_SGB9293,t__SGB9293,,,
k__Bacteria|p__Firmicutes|c__Bacilli|o__Lactobacillales|f__Lactobacillaceae|g__Lactobacillus|s__Lactobacillus_crispatus|t__SGB7045,1,k__Bacteria,p__Firmicutes,c__Bacilli,o__Lactobacillales,f__Lactobacillaceae,g__Lactobacillus,s__Lactobacillus_crispatus,t__SGB7045,,,
k__Bacteria|p__Firmicutes|c__Clostridia|o__Eubacteriales|f__Lachnospiraceae|g__Lachnospiraceae_unclassified|s__Lachnospiraceae_unclassified_SGB4892|t__SGB4892,1,k__Bacteria,p__Firmicutes,c__Clostridia,o__Eubacteriales,f__Lachnospiraceae,g__Lachnospiraceae_unclassified,s__Lachnospiraceae_unclassified_SGB4892,t__SGB4892,,,
k__Bacteria|p__Firmicutes|c__CFGB2937|o__OFGB2937|f__FGB2937|g__GGB9270|s__GGB9270_SGB14221|t__SGB14221,2,k__Bacteria,p__Firmicutes,c__CFGB2937,o__OFGB2937,f__FGB2937,g__GGB9270,s__GGB9270_SGB14221,t__SGB14221,,,
k__Bacteria|p__Actinobacteria|c__Coriobacteriia|o__Eggerthellales|f__Eggerthellaceae|g__Gordonibacter|s__Gordonibacter_massiliensis|t__SGB33566,1,k__Bacteria,p__Actinobacteria,c__Coriobacteriia,o__Eggerthellales,f__Eggerthellaceae,g__Gordonibacter,s__Gordonibacter_massiliensis,t__SGB33566,,,
k__Bacteria|p__Firmicutes|c__CFGB3070|o__OFGB3070|f__FGB3070|g__GGB33544|s__GGB33544_SGB53490|t__SGB53490,1,k__Bacteria,p__Firmicutes,c__CFGB3070,o__OFGB3070,f__FGB3070,g__GGB33544,s__GGB33544_SGB53490,t__SGB53490,,,
k__Bacteria|p__Firmicutes|c__CFGB2942|o__OFGB2942|f__FGB2942|g__GGB9277|s__GGB9277_SGB14229|t__SGB14229,2,k__Bacteria,p__Firmicutes,c__CFGB2942,o__OFGB2942,f__FGB2942,g__GGB9277,s__GGB9277_SGB14229,t__SGB14229,,,
k__Bacteria|p__Firmicutes|c__Clostridia|o__Clostridia_unclassified|f__Clostridia_unclassified|g__GGB9548|s__GGB9548_SGB14955|t__SGB14955,2,k__Bacteria,p__Firmicutes,c__Clostridia,o__Clostridia_unclassified,f__Clostridia_unclassified,g__GGB9548,s__GGB9548_SGB14955,t__SGB14955,,,
k__Bacteria|p__Firmicutes|c__CFGB1677|o__OFGB1677|f__FGB1677|g__GGB4716|s__GGB4716_SGB6531|t__SGB6531,1,k__Bacteria,p__Firmicutes,c__CFGB1677,o__OFGB1677,f__FGB1677,g__GGB4716,s__GGB4716_SGB6531,t__SGB6531,,,
k__Bacteria|p__Firmicutes|c__CFGB74429|o__OFGB74429|f__FGB74429|g__GGB9334|s__GGB9334_SGB14297|t__SGB14297,1,k__Bacteria,p__Firmicutes,c__CFGB74429,o__OFGB74429,f__FGB74429,g__GGB9334,s__GGB9334_SGB14297,t__SGB14297,,,
k__Bacteria|p__Firmicutes|c__CFGB2936|o__OFGB2936|f__FGB2936|g__GGB9267|s__GGB9267_SGB14218|t__SGB14218,1,k__Bacteria,p__Firmicutes,c__CFGB2936,o__OFGB2936,f__FGB2936,g__GGB9267,s__GGB9267_SGB14218,t__SGB14218,,,
k__Bacteria|p__Bacteroidetes|c__Bacteroidia|o__Bacteroidales|f__Prevotellaceae|g__GGB1153|s__GGB1153_SGB1481|t__SGB1481,6,k__Bacteria,p__Bacteroidetes,c__Bacteroidia,o__Bacteroidales,f__Prevotellaceae,g__GGB1153,s__GGB1153_SGB1481,t__SGB1481,,,
k__Bacteria|p__Firmicutes|c__CFGB320|o__OFGB320|f__FGB320|g__GGB741|s__GGB741_SGB955|t__SGB955,1,k__Bacteria,p__Firmicutes,c__CFGB320,o__OFGB320,f__FGB320,g__GGB741,s__GGB741_SGB955,t__SGB955,,,
k__Bacteria|p__Bacteroidetes|c__CFGB642|o__OFGB642|f__FGB642|g__GGB1573|s__GGB1573_SGB2160|t__SGB2160,1,k__Bacteria,p__Bacteroidetes,c__CFGB642,o__OFGB642,f__FGB642,g__GGB1573,s__GGB1573_SGB2160,t__SGB2160,,,
k__Bacteria|p__Bacteroidetes|c__Bacteroidia|o__Bacteroidales|f__Muribaculaceae|g__Muribaculum|s__Muribaculum_gordoncarteri|t__SGB2087,6,k__Bacteria,p__Bacteroidetes,c__Bacteroidia,o__Bacteroidales,f__Muribaculaceae,g__Muribaculum,s__Muribaculum_gordoncarteri,t__SGB2087,,,
k__Bacteria|p__Firmicutes|c__CFGB1765|o__OFGB1765|f__FGB1765|g__GGB4591|s__GGB4591_SGB6350|t__SGB6350,2,k__Bacteria,p__Firmicutes,c__CFGB1765,o__OFGB1765,f__FGB1765,g__GGB4591,s__GGB4591_SGB6350,t__SGB6350,,,
k__Bacteria|p__Firmicutes|c__CFGB1765|o__OFGB1765|f__FGB1765|g__GGB4543|s__GGB4543_SGB6264|t__SGB6264,1,k__Bacteria,p__Firmicutes,c__CFGB1765,o__OFGB1765,f__FGB1765,g__GGB4543,s__GGB4543_SGB6264,t__SGB6264,,,
k__Bacteria|p__Proteobacteria|c__Gammaproteobacteria|o__Enterobacterales|f__Enterobacteriaceae|g__Enterobacter|s__Enterobacter_cloacae|t__SGB10131,1,k__Bacteria,p__Proteobacteria,c__Gammaproteobacteria,o__Enterobacterales,f__Enterobacteriaceae,g__Enterobacter,s__Enterobacter_cloacae,t__SGB10131,,,
k__Bacteria|p__Firmicutes|c__Clostridia|o__Eubacteriales|f__Lachnospiraceae|g__Faecalicatena|s__Faecalicatena_SGB4873|t__SGB4873,1,k__Bacteria,p__Firmicutes,c__Clostridia,o__Eubacteriales,f__Lachnospiraceae,g__Faecalicatena,s__Faecalicatena_SGB4873,t__SGB4873,,,
k__Bacteria|p__Firmicutes|c__Clostridia|o__Eubacteriales|f__Oscillospiraceae|g__GGB9739|s__GGB9739_SGB15313|t__SGB15313,3,k__Bacteria,p__Firmicutes,c__Clostridia,o__Eubacteriales,f__Oscillospiraceae,g__GGB9739,s__GGB9739_SGB15313,t__SGB15313,,,
k__Bacteria|p__Bacteria_unclassified|c__CFGB2989|o__OFGB2989|f__FGB2989|g__GGB9365|s__GGB9365_SGB14342|t__SGB14342,2,k__Bacteria,p__Bacteria_unclassified,c__CFGB2989,o__OFGB2989,f__FGB2989,g__GGB9365,s__GGB9365_SGB14342,t__SGB14342,,,
k__Bacteria|p__Bacteroidetes|c__Bacteroidia|o__Bacteroidales|f__Prevotellaceae|g__GGB12972|s__GGB12972_SGB1701|t__SGB1701,4,k__Bacteria,p__Bacteroidetes,c__Bacteroidia,o__Bacteroidales,f__Prevotellaceae,g__GGB12972,s__GGB12972_SGB1701,t__SGB1701,,,
k__Bacteria|p__Bacteroidetes|c__Bacteroidia|o__Bacteroidales|f__Prevotellaceae|g__Marseilla|s__Marseilla_massiliensis|t__SGB1592,4,k__Bacteria,p__Bacteroidetes,c__Bacteroidia,o__Bacteroidales,f__Prevotellaceae,g__Marseilla,s__Marseilla_massiliensis,t__SGB1592,,,
k__Bacteria|p__Bacteroidetes|c__Bacteroidia|o__Bacteroidales|f__Prevotellaceae|g__Prevotella|s__Prevotella_mizrahii|t__SGB1689,2,k__Bacteria,p__Bacteroidetes,c__Bacteroidia,o__Bacteroidales,f__Prevotellaceae,g__Prevotella,s__Prevotella_mizrahii,t__SGB1689,,,
k__Bacteria|p__Bacteroidetes|c__Bacteroidia|o__Bacteroidales|f__Prevotellaceae|g__GGB74447|s__GGB74447_SGB1595|t__SGB1595,4,k__Bacteria,p__Bacteroidetes,c__Bacteroidia,o__Bacteroidales,f__Prevotellaceae,g__GGB74447,s__GGB74447_SGB1595,t__SGB1595,,,
k__Bacteria|p__Bacteroidetes|c__Bacteroidia|o__Bacteroidales|f__Prevotellaceae|g__GGB1219|s__GGB1219_SGB1587|t__SGB1587,4,k__Bacteria,p__Bacteroidetes,c__Bacteroidia,o__Bacteroidales,f__Prevotellaceae,g__GGB1219,s__GGB1219_SGB1587,t__SGB1587,,,
k__Bacteria|p__Actinobacteria|c__CFGB74413|o__OFGB74413|f__FGB74413|g__GGB9421|s__GGB9421_SGB14789|t__SGB14789,4,k__Bacteria,p__Actinobacteria,c__CFGB74413,o__OFGB74413,f__FGB74413,g__GGB9421,s__GGB9421_SGB14789,t__SGB14789,,,
k__Bacteria|p__Bacteroidetes|c__Bacteroidia|o__Bacteroidales|f__Rikenellaceae|g__GGB1691|s__GGB1691_SGB2323|t__SGB2323,4,k__Bacteria,p__Bacteroidetes,c__Bacteroidia,o__Bacteroidales,f__Rikenellaceae,g__GGB1691,s__GGB1691_SGB2323,t__SGB2323,,,
k__Bacteria|p__Bacteroidetes|c__CFGB629|o__OFGB629|f__FGB629|g__GGB1496|s__GGB1496_SGB2073|t__SGB2073,1,k__Bacteria,p__Bacteroidetes,c__CFGB629,o__OFGB629,f__FGB629,g__GGB1496,s__GGB1496_SGB2073,t__SGB2073,,,
k__Bacteria|p__Firmicutes|c__CFGB2918|o__OFGB2918|f__FGB2918|g__GGB9239|s__GGB9239_SGB14181|t__SGB14181,3,k__Bacteria,p__Firmicutes,c__CFGB2918,o__OFGB2918,f__FGB2918,g__GGB9239,s__GGB9239_SGB14181,t__SGB14181,,,
k__Bacteria|p__Firmicutes|c__Negativicutes|o__Acidaminococcales|f__Acidaminococcaceae|g__GGB4237|s__GGB4237_SGB5728|t__SGB5728,1,k__Bacteria,p__Firmicutes,c__Negativicutes,o__Acidaminococcales,f__Acidaminococcaceae,g__GGB4237,s__GGB4237_SGB5728,t__SGB5728,,,
k__Bacteria|p__Bacteroidetes|c__Bacteroidia|o__Bacteroidales|f__Bacteroidaceae|g__Bacteroides|s__Bacteroides_sp_Marseille_P3684|t__SGB1429,5,k__Bacteria,p__Bacteroidetes,c__Bacteroidia,o__Bacteroidales,f__Bacteroidaceae,g__Bacteroides,s__Bacteroides_sp_Marseille_P3684,t__SGB1429,,,
k__Bacteria|p__Firmicutes|c__Clostridia|o__Eubacteriales|f__Lachnospiraceae|g__Lachnoclostridium|s__Lachnoclostridium_phocaeense|t__SGB4622,1,k__Bacteria,p__Firmicutes,c__Clostridia,o__Eubacteriales,f__Lachnospiraceae,g__Lachnoclostridium,s__Lachnoclostridium_phocaeense,t__SGB4622,,,
k__Bacteria|p__Firmicutes|c__Clostridia|o__Eubacteriales|f__Lachnospiraceae|g__Faecalicatena|s__Faecalicatena_SGB4872|t__SGB4872,1,k__Bacteria,p__Firmicutes,c__Clostridia,o__Eubacteriales,f__Lachnospiraceae,g__Faecalicatena,s__Faecalicatena_SGB4872,t__SGB4872,,,
k__Bacteria|p__Proteobacteria|c__Gammaproteobacteria|o__Enterobacterales|f__Enterobacteriaceae|g__Klebsiella|s__Klebsiella_variicola|t__SGB10114,2,k__Bacteria,p__Proteobacteria,c__Gammaproteobacteria,o__Enterobacterales,f__Enterobacteriaceae,g__Klebsiella,s__Klebsiella_variicola,t__SGB10114,,,
k__Bacteria|p__Proteobacteria|c__Gammaproteobacteria|o__Enterobacterales|f__Hafniaceae|g__Hafnia|s__Hafnia_paralvei|t__SGB10207,3,k__Bacteria,p__Proteobacteria,c__Gammaproteobacteria,o__Enterobacterales,f__Hafniaceae,g__Hafnia,s__Hafnia_paralvei,t__SGB10207,,,
k__Bacteria|p__Bacteroidetes|c__Bacteroidia|o__Bacteroidales|f__Prevotellaceae|g__GGB1147|s__GGB1147_SGB1474|t__SGB1474,2,k__Bacteria,p__Bacteroidetes,c__Bacteroidia,o__Bacteroidales,f__Prevotellaceae,g__GGB1147,s__GGB1147_SGB1474,t__SGB1474,,,
k__Bacteria|p__Candidatus_Melainabacteria|c__CFGB2107|o__OFGB2107|f__FGB2107|g__GGB6005|s__GGB6005_SGB8629|t__SGB8629,2,k__Bacteria,p__Candidatus_Melainabacteria,c__CFGB2107,o__OFGB2107,f__FGB2107,g__GGB6005,s__GGB6005_SGB8629,t__SGB8629,,,
k__Bacteria|p__Lentisphaerae|c__CFGB3176|o__OFGB3176|f__FGB3176|g__GGB10708|s__GGB10708_SGB17364|t__SGB17364,3,k__Bacteria,p__Lentisphaerae,c__CFGB3176,o__OFGB3176,f__FGB3176,g__GGB10708,s__GGB10708_SGB17364,t__SGB17364,,,
k__Bacteria|p__Spirochaetes|c__Spirochaetia|o__Brachyspirales|f__Brachyspiraceae|g__Brachyspira|s__Brachyspira_aalborgi|t__SGB5967,1,k__Bacteria,p__Spirochaetes,c__Spirochaetia,o__Brachyspirales,f__Brachyspiraceae,g__Brachyspira,s__Brachyspira_aalborgi,t__SGB5967,,,
k__Bacteria|p__Bacteroidetes|c__CFGB544|o__OFGB544|f__FGB544|g__GGB1123|s__GGB1123_SGB1437|t__SGB1437,5,k__Bacteria,p__Bacteroidetes,c__CFGB544,o__OFGB544,f__FGB544,g__GGB1123,s__GGB1123_SGB1437,t__SGB1437,,,
k__Bacteria|p__Firmicutes|c__CFGB9977|o__OFGB9977|f__FGB9977|g__GGB9607|s__GGB9607_SGB15040|t__SGB15040,1,k__Bacteria,p__Firmicutes,c__CFGB9977,o__OFGB9977,f__FGB9977,g__GGB9607,s__GGB9607_SGB15040,t__SGB15040,,,
k__Bacteria|p__Firmicutes|c__Clostridia|o__Eubacteriales|f__Clostridiaceae|g__Butyricicoccus|s__Butyricicoccus_SGB14990|t__SGB14990,1,k__Bacteria,p__Firmicutes,c__Clostridia,o__Eubacteriales,f__Clostridiaceae,g__Butyricicoccus,s__Butyricicoccus_SGB14990,t__SGB14990,,,
k__Bacteria|p__Candidatus_Melainabacteria|c__CFGB2104|o__OFGB2104|f__FGB2104|g__GGB5994|s__GGB5994_SGB8617|t__SGB8617,1,k__Bacteria,p__Candidatus_Melainabacteria,c__CFGB2104,o__OFGB2104,f__FGB2104,g__GGB5994,s__GGB5994_SGB8617,t__SGB8617,,,
k__Bacteria|p__Firmicutes|c__CFGB2933|o__OFGB2933|f__FGB2933|g__GGB9260|s__GGB9260_SGB14208|t__SGB14208,2,k__Bacteria,p__Firmicutes,c__CFGB2933,o__OFGB2933,f__FGB2933,g__GGB9260,s__GGB9260_SGB14208,t__SGB14208,,,
k__Bacteria|p__Candidatus_Melainabacteria|c__CFGB2107|o__OFGB2107|f__FGB2107|g__GGB6013|s__GGB6013_SGB8644|t__SGB8644,1,k__Bacteria,p__Candidatus_Melainabacteria,c__CFGB2107,o__OFGB2107,f__FGB2107,g__GGB6013,s__GGB6013_SGB8644,t__SGB8644,,,
k__Bacteria|p__Firmicutes|c__CFGB10290|o__OFGB10290|f__FGB10290|g__GGB4710|s__GGB4710_SGB6522|t__SGB6522,1,k__Bacteria,p__Firmicutes,c__CFGB10290,o__OFGB10290,f__FGB10290,g__GGB4710,s__GGB4710_SGB6522,t__SGB6522,,,
k__Bacteria|p__Firmicutes|c__CFGB6280|o__OFGB6280|f__FGB6280|g__GGB3102|s__GGB3102_SGB4110|t__SGB4110,1,k__Bacteria,p__Firmicutes,c__CFGB6280,o__OFGB6280,f__FGB6280,g__GGB3102,s__GGB3102_SGB4110,t__SGB4110,,,
k__Bacteria|p__Firmicutes|c__Clostridia|o__Eubacteriales|f__Lachnospiraceae|g__Lachnospiraceae_unclassified|s__Lachnospiraceae_bacterium_NSJ_12|t__SGB6077,3,k__Bacteria,p__Firmicutes,c__Clostridia,o__Eubacteriales,f__Lachnospiraceae,g__Lachnospiraceae_unclassified,s__Lachnospiraceae_bacterium_NSJ_12,t__SGB6077,,,
k__Bacteria|p__Firmicutes|c__Clostridia|o__Eubacteriales|f__Oscillospiraceae|g__GGB9455|s__GGB9455_SGB14847|t__SGB14847,1,k__Bacteria,p__Firmicutes,c__Clostridia,o__Eubacteriales,f__Oscillospiraceae,g__GGB9455,s__GGB9455_SGB14847,t__SGB14847,,,
k__Bacteria|p__Bacteroidetes|c__Bacteroidia|o__Bacteroidales|f__Bacteroidaceae|g__Phocaeicola|s__Phocaeicola_faecicola|t__SGB1887,2,k__Bacteria,p__Bacteroidetes,c__Bacteroidia,o__Bacteroidales,f__Bacteroidaceae,g__Phocaeicola,s__Phocaeicola_faecicola,t__SGB1887,,,
k__Bacteria|p__Bacteroidetes|c__Bacteroidia|o__Bacteroidales|f__Muribaculaceae|g__GGB1539|s__GGB1539_SGB2122|t__SGB2122,2,k__Bacteria,p__Bacteroidetes,c__Bacteroidia,o__Bacteroidales,f__Muribaculaceae,g__GGB1539,s__GGB1539_SGB2122,t__SGB2122,,,
k__Bacteria|p__Bacteroidetes|c__Bacteroidia|o__Bacteroidales|f__Odoribacteraceae|g__Culturomica|s__Culturomica_massiliensis|t__SGB1791,2,k__Bacteria,p__Bacteroidetes,c__Bacteroidia,o__Bacteroidales,f__Odoribacteraceae,g__Culturomica,s__Culturomica_massiliensis,t__SGB1791,,,
k__Bacteria|p__Firmicutes|c__Clostridia|o__Eubacteriales|f__Lachnospiraceae|g__Marvinbryantia|s__Marvinbryantia_SGB4691|t__SGB4691,3,k__Bacteria,p__Firmicutes,c__Clostridia,o__Eubacteriales,f__Lachnospiraceae,g__Marvinbryantia,s__Marvinbryantia_SGB4691,t__SGB4691,,,
k__Bacteria|p__Firmicutes|c__CFGB74840|o__OFGB74840|f__FGB74840|g__GGB4249|s__GGB4249_SGB5749|t__SGB5749,1,k__Bacteria,p__Firmicutes,c__CFGB74840,o__OFGB74840,f__FGB74840,g__GGB4249,s__GGB4249_SGB5749,t__SGB5749,,,
k__Bacteria|p__Firmicutes|c__Clostridia|o__Eubacteriales|f__Oscillospiraceae|g__GGB9628|s__GGB9628_SGB15082|t__SGB15082,1,k__Bacteria,p__Firmicutes,c__Clostridia,o__Eubacteriales,f__Oscillospiraceae,g__GGB9628,s__GGB9628_SGB15082,t__SGB15082,,,
k__Bacteria|p__Firmicutes|c__CFGB4616|o__OFGB4616|f__FGB4616|g__GGB3126|s__GGB3126_SGB4139|t__SGB4139,1,k__Bacteria,p__Firmicutes,c__CFGB4616,o__OFGB4616,f__FGB4616,g__GGB3126,s__GGB3126_SGB4139,t__SGB4139,,,
k__Bacteria|p__Firmicutes|c__Erysipelotrichia|o__Erysipelotrichales|f__Erysipelotrichaceae|g__Faecalicoccus|s__Faecalicoccus_pleomorphus|t__SGB6792,1,k__Bacteria,p__Firmicutes,c__Erysipelotrichia,o__Erysipelotrichales,f__Erysipelotrichaceae,g__Faecalicoccus,s__Faecalicoccus_pleomorphus,t__SGB6792,,,
k__Bacteria|p__Firmicutes|c__Tissierellia|o__Tissierellales|f__Peptoniphilaceae|g__Anaerococcus|s__Anaerococcus_lactolyticus|t__SGB6669,1,k__Bacteria,p__Firmicutes,c__Tissierellia,o__Tissierellales,f__Peptoniphilaceae,g__Anaerococcus,s__Anaerococcus_lactolyticus,t__SGB6669,,,
k__Bacteria|p__Actinobacteria|c__Coriobacteriia|o__Coriobacteriales|f__Atopobiaceae|g__Atopobium|s__Atopobium_deltae|t__SGB988,1,k__Bacteria,p__Actinobacteria,c__Coriobacteriia,o__Coriobacteriales,f__Atopobiaceae,g__Atopobium,s__Atopobium_deltae,t__SGB988,,,
k__Bacteria|p__Bacteroidetes|c__Bacteroidia|o__Bacteroidales|f__Bacteroidaceae|g__GGB1354|s__GGB1354_SGB1818|t__SGB1818,2,k__Bacteria,p__Bacteroidetes,c__Bacteroidia,o__Bacteroidales,f__Bacteroidaceae,g__GGB1354,s__GGB1354_SGB1818,t__SGB1818,,,
k__Bacteria|p__Candidatus_Melainabacteria|c__CFGB2107|o__OFGB2107|f__FGB2107|g__GGB6006|s__GGB6006_SGB8631|t__SGB8631,1,k__Bacteria,p__Candidatus_Melainabacteria,c__CFGB2107,o__OFGB2107,f__FGB2107,g__GGB6006,s__GGB6006_SGB8631,t__SGB8631,,,
k__Bacteria|p__Firmicutes|c__Clostridia|o__Eubacteriales|f__Eubacteriaceae|g__Eubacteriaceae_unclassified|s__Eubacteriaceae_bacterium|t__SGB5058,4,k__Bacteria,p__Firmicutes,c__Clostridia,o__Eubacteriales,f__Eubacteriaceae,g__Eubacteriaceae_unclassified,s__Eubacteriaceae_bacterium,t__SGB5058,,,
k__Bacteria|p__Firmicutes|c__Clostridia|o__Eubacteriales|f__Oscillospiraceae|g__GGB3167|s__GGB3167_SGB4181|t__SGB4181,6,k__Bacteria,p__Firmicutes,c__Clostridia,o__Eubacteriales,f__Oscillospiraceae,g__GGB3167,s__GGB3167_SGB4181,t__SGB4181,,,
k__Bacteria|p__Firmicutes|c__CFGB72899|o__OFGB72899|f__FGB72899|g__GGB4608|s__GGB4608_SGB6382|t__SGB6382,2,k__Bacteria,p__Firmicutes,c__CFGB72899,o__OFGB72899,f__FGB72899,g__GGB4608,s__GGB4608_SGB6382,t__SGB6382,,,
k__Bacteria|p__Actinobacteria|c__CFGB12107|o__OFGB12107|f__FGB12107|g__GGB9357|s__GGB9357_SGB14332|t__SGB14332,2,k__Bacteria,p__Actinobacteria,c__CFGB12107,o__OFGB12107,f__FGB12107,g__GGB9357,s__GGB9357_SGB14332,t__SGB14332,,,
k__Bacteria|p__Firmicutes|c__CFGB10318|o__OFGB10318|f__FGB10318|g__GGB37878|s__GGB37878_SGB47372|t__SGB47372,1,k__Bacteria,p__Firmicutes,c__CFGB10318,o__OFGB10318,f__FGB10318,g__GGB37878,s__GGB37878_SGB47372,t__SGB47372,,,
k__Bacteria|p__Firmicutes|c__Clostridia|o__Eubacteriales|f__Lachnospiraceae|g__Mediterraneibacter|s__Mediterraneibacter_sp_gm002|t__SGB59732,2,k__Bacteria,p__Firmicutes,c__Clostridia,o__Eubacteriales,f__Lachnospiraceae,g__Mediterraneibacter,s__Mediterraneibacter_sp_gm002,t__SGB59732,,,
k__Bacteria|p__Firmicutes|c__CFGB1765|o__OFGB1765|f__FGB1765|g__GGB4542|s__GGB4542_SGB6263|t__SGB6263,1,k__Bacteria,p__Firmicutes,c__CFGB1765,o__OFGB1765,f__FGB1765,g__GGB4542,s__GGB4542_SGB6263,t__SGB6263,,,
k__Bacteria|p__Firmicutes|c__CFGB1474|o__OFGB1474|f__FGB1474|g__GGB3731|s__GGB3731_SGB5063|t__SGB5063,2,k__Bacteria,p__Firmicutes,c__CFGB1474,o__OFGB1474,f__FGB1474,g__GGB3731,s__GGB3731_SGB5063,t__SGB5063,,,
k__Bacteria|p__Bacteroidetes|c__Bacteroidia|o__Bacteroidales|f__Odoribacteraceae|g__Odoribacter|s__Odoribacter_laneus|t__SGB1792,2,k__Bacteria,p__Bacteroidetes,c__Bacteroidia,o__Bacteroidales,f__Odoribacteraceae,g__Odoribacter,s__Odoribacter_laneus,t__SGB1792,,,
k__Bacteria|p__Bacteroidetes|c__Bacteroidia|o__Bacteroidales|f__Rikenellaceae|g__Rikenella|s__Rikenella_microfusus|t__SGB2284,1,k__Bacteria,p__Bacteroidetes,c__Bacteroidia,o__Bacteroidales,f__Rikenellaceae,g__Rikenella,s__Rikenella_microfusus,t__SGB2284,,,
k__Bacteria|p__Firmicutes|c__Erysipelotrichia|o__Erysipelotrichales|f__Erysipelotrichaceae|g__Erysipelotrichaceae_unclassified|s__Erysipelotrichaceae_bacterium_3_1_53|t__SGB4036,1,k__Bacteria,p__Firmicutes,c__Erysipelotrichia,o__Erysipelotrichales,f__Erysipelotrichaceae,g__Erysipelotrichaceae_unclassified,s__Erysipelotrichaceae_bacterium_3_1_53,t__SGB4036,,,
k__Bacteria|p__Actinobacteria|c__CFGB12107|o__OFGB12107|f__FGB12107|g__GGB9354|s__GGB9354_SGB14327|t__SGB14327,2,k__Bacteria,p__Actinobacteria,c__CFGB12107,o__OFGB12107,f__FGB12107,g__GGB9354,s__GGB9354_SGB14327,t__SGB14327,,,
k__Bacteria|p__Actinobacteria|c__Coriobacteriia|o__Coriobacteriales|f__Coriobacteriaceae|g__Collinsella|s__Collinsella_tanakaei|t__SGB14737,1,k__Bacteria,p__Actinobacteria,c__Coriobacteriia,o__Coriobacteriales,f__Coriobacteriaceae,g__Collinsella,s__Collinsella_tanakaei,t__SGB14737,,,
k__Bacteria|p__Firmicutes|c__Tissierellia|o__Tissierellales|f__Peptoniphilaceae|g__Parvimonas|s__Parvimonas_parva|t__SGB6648,1,k__Bacteria,p__Firmicutes,c__Tissierellia,o__Tissierellales,f__Peptoniphilaceae,g__Parvimonas,s__Parvimonas_parva,t__SGB6648,,,
k__Bacteria|p__Firmicutes|c__Clostridia|o__Eubacteriales|f__Peptostreptococcaceae|g__Peptostreptococcus|s__Peptostreptococcus_anaerobius|t__SGB746,1,k__Bacteria,p__Firmicutes,c__Clostridia,o__Eubacteriales,f__Peptostreptococcaceae,g__Peptostreptococcus,s__Peptostreptococcus_anaerobius,t__SGB746,,,
k__Bacteria|p__Actinobacteria|c__Actinomycetia|o__Actinomycetales|f__Actinomycetaceae|g__GGB9832|s__GGB9832_SGB15478|t__SGB15478,1,k__Bacteria,p__Actinobacteria,c__Actinomycetia,o__Actinomycetales,f__Actinomycetaceae,g__GGB9832,s__GGB9832_SGB15478,t__SGB15478,,,
k__Bacteria|p__Actinobacteria|c__Actinomycetia|o__Actinomycetales|f__Actinomycetaceae|g__Schaalia|s__Schaalia_turicensis|t__SGB17195,2,k__Bacteria,p__Actinobacteria,c__Actinomycetia,o__Actinomycetales,f__Actinomycetaceae,g__Schaalia,s__Schaalia_turicensis,t__SGB17195,,,
k__Bacteria|p__Firmicutes|c__Bacilli|o__Bacillales|f__Bacillales_unclassified|g__Gemella|s__Gemella_morbillorum|t__SGB7295,1,k__Bacteria,p__Firmicutes,c__Bacilli,o__Bacillales,f__Bacillales_unclassified,g__Gemella,s__Gemella_morbillorum,t__SGB7295,,,
k__Bacteria|p__Firmicutes|c__Bacilli|o__Lactobacillales|f__Streptococcaceae|g__Streptococcus|s__Streptococcus_constellatus|t__SGB8026,1,k__Bacteria,p__Firmicutes,c__Bacilli,o__Lactobacillales,f__Streptococcaceae,g__Streptococcus,s__Streptococcus_constellatus,t__SGB8026,,,
k__Bacteria|p__Proteobacteria|c__Gammaproteobacteria|o__Enterobacterales|f__Enterobacteriaceae|g__Escherichia|s__Escherichia_marmotae|t__SGB10064,1,k__Bacteria,p__Proteobacteria,c__Gammaproteobacteria,o__Enterobacterales,f__Enterobacteriaceae,g__Escherichia,s__Escherichia_marmotae,t__SGB10064,,,
k__Bacteria|p__Bacteroidetes|c__Bacteroidia|o__Bacteroidales|f__Porphyromonadaceae|g__Porphyromonas|s__Porphyromonas_sp_HMSC065F10|t__SGB1990_group,1,k__Bacteria,p__Bacteroidetes,c__Bacteroidia,o__Bacteroidales,f__Porphyromonadaceae,g__Porphyromonas,s__Porphyromonas_sp_HMSC065F10,t__SGB1990_group,,,
k__Bacteria|p__Bacteroidetes|c__Bacteroidia|o__Bacteroidales|f__Prevotellaceae|g__GGB1154|s__GGB1154_SGB1482|t__SGB1482,4,k__Bacteria,p__Bacteroidetes,c__Bacteroidia,o__Bacteroidales,f__Prevotellaceae,g__GGB1154,s__GGB1154_SGB1482,t__SGB1482,,,
k__Bacteria|p__Firmicutes|c__Clostridia|o__Eubacteriales|f__Lachnospiraceae|g__GGB3606|s__GGB3606_SGB4870|t__SGB4870,2,k__Bacteria,p__Firmicutes,c__Clostridia,o__Eubacteriales,f__Lachnospiraceae,g__GGB3606,s__GGB3606_SGB4870,t__SGB4870,,,
k__Bacteria|p__Firmicutes|c__Bacilli|o__Lactobacillales|f__Lactobacillaceae|g__Lactobacillus|s__Lactobacillus_gasseri|t__SGB7038,2,k__Bacteria,p__Firmicutes,c__Bacilli,o__Lactobacillales,f__Lactobacillaceae,g__Lactobacillus,s__Lactobacillus_gasseri,t__SGB7038,,,
k__Bacteria|p__Proteobacteria|c__Gammaproteobacteria|o__Pseudomonadales|f__Pseudomonadaceae|g__Pseudomonas|s__Pseudomonas_aeruginosa|t__SGB12320,1,k__Bacteria,p__Proteobacteria,c__Gammaproteobacteria,o__Pseudomonadales,f__Pseudomonadaceae,g__Pseudomonas,s__Pseudomonas_aeruginosa,t__SGB12320,,,
k__Bacteria|p__Bacteroidetes|c__Bacteroidia|o__Bacteroidales|f__Bacteroidaceae|g__Mediterranea|s__Mediterranea_massiliensis|t__SGB1824,2,k__Bacteria,p__Bacteroidetes,c__Bacteroidia,o__Bacteroidales,f__Bacteroidaceae,g__Mediterranea,s__Mediterranea_massiliensis,t__SGB1824,,,
k__Bacteria|p__Firmicutes|c__CFGB1765|o__OFGB1765|f__FGB1765|g__GGB4550|s__GGB4550_SGB6272|t__SGB6272,1,k__Bacteria,p__Firmicutes,c__CFGB1765,o__OFGB1765,f__FGB1765,g__GGB4550,s__GGB4550_SGB6272,t__SGB6272,,,
k__Bacteria|p__Proteobacteria|c__Betaproteobacteria|o__Burkholderiales|f__Sutterellaceae|g__GGB6547|s__GGB6547_SGB9247|t__SGB9247,7,k__Bacteria,p__Proteobacteria,c__Betaproteobacteria,o__Burkholderiales,f__Sutterellaceae,g__GGB6547,s__GGB6547_SGB9247,t__SGB9247,,,
k__Bacteria|p__Firmicutes|c__CFGB2941|o__OFGB2941|f__FGB2941|g__GGB9275|s__GGB9275_SGB14227|t__SGB14227,1,k__Bacteria,p__Firmicutes,c__CFGB2941,o__OFGB2941,f__FGB2941,g__GGB9275,s__GGB9275_SGB14227,t__SGB14227,,,
k__Bacteria|p__Firmicutes|c__Clostridia|o__Eubacteriales|f__Oscillospiraceae|g__GGB3340|s__GGB3340_SGB4419|t__SGB4419,2,k__Bacteria,p__Firmicutes,c__Clostridia,o__Eubacteriales,f__Oscillospiraceae,g__GGB3340,s__GGB3340_SGB4419,t__SGB4419,,,
k__Bacteria|p__Firmicutes|c__Clostridia|o__Eubacteriales|f__Oscillospiraceae|g__Fournierella|s__Fournierella_massiliensis|t__SGB15280,1,k__Bacteria,p__Firmicutes,c__Clostridia,o__Eubacteriales,f__Oscillospiraceae,g__Fournierella,s__Fournierella_massiliensis,t__SGB15280,,,
k__Bacteria|p__Bacteroidetes|c__CFGB642|o__OFGB642|f__FGB642|g__GGB1582|s__GGB1582_SGB2173|t__SGB2173,2,k__Bacteria,p__Bacteroidetes,c__CFGB642,o__OFGB642,f__FGB642,g__GGB1582,s__GGB1582_SGB2173,t__SGB2173,,,
k__Bacteria|p__Firmicutes|c__CFGB1258|o__OFGB1258|f__FGB1258|g__GGB74220|s__GGB74220_SGB4052|t__SGB4052,5,k__Bacteria,p__Firmicutes,c__CFGB1258,o__OFGB1258,f__FGB1258,g__GGB74220,s__GGB74220_SGB4052,t__SGB4052,,,
k__Bacteria|p__Firmicutes|c__Clostridia|o__Eubacteriales|f__Peptostreptococcaceae|g__Paeniclostridium|s__Eubacterium_tenue|t__SGB6145,1,k__Bacteria,p__Firmicutes,c__Clostridia,o__Eubacteriales,f__Peptostreptococcaceae,g__Paeniclostridium,s__Eubacterium_tenue,t__SGB6145,,,
k__Bacteria|p__Firmicutes|c__Clostridia|o__Eubacteriales|f__Lachnospiraceae|g__GGB42184|s__GGB42184_SGB59334|t__SGB59334,2,k__Bacteria,p__Firmicutes,c__Clostridia,o__Eubacteriales,f__Lachnospiraceae,g__GGB42184,s__GGB42184_SGB59334,t__SGB59334,,,
k__Bacteria|p__Firmicutes|c__Tissierellia|o__Tissierellales|f__Peptoniphilaceae|g__Parvimonas|s__Parvimonas_micra|t__SGB6653,1,k__Bacteria,p__Firmicutes,c__Tissierellia,o__Tissierellales,f__Peptoniphilaceae,g__Parvimonas,s__Parvimonas_micra,t__SGB6653,,,
k__Bacteria|p__Bacteroidetes|c__Bacteroidia|o__Bacteroidales|f__Barnesiellaceae|g__Barnesiella|s__Barnesiella_sp_WM24|t__SGB2084,2,k__Bacteria,p__Bacteroidetes,c__Bacteroidia,o__Bacteroidales,f__Barnesiellaceae,g__Barnesiella,s__Barnesiella_sp_WM24,t__SGB2084,,,
k__Bacteria|p__Firmicutes|c__Clostridia|o__Eubacteriales|f__Clostridiaceae|g__Clostridium|s__Clostridium_mediterraneense|t__SGB21135,2,k__Bacteria,p__Firmicutes,c__Clostridia,o__Eubacteriales,f__Clostridiaceae,g__Clostridium,s__Clostridium_mediterraneense,t__SGB21135,,,
k__Bacteria|p__Firmicutes|c__CFGB72939|o__OFGB72939|f__FGB72939|g__GGB74511|s__GGB74511_SGB47635|t__SGB47635,1,k__Bacteria,p__Firmicutes,c__CFGB72939,o__OFGB72939,f__FGB72939,g__GGB74511,s__GGB74511_SGB47635,t__SGB47635,,,
k__Bacteria|p__Firmicutes|c__Clostridia|o__Eubacteriales|f__Clostridiaceae|g__Clostridium|s__Clostridium_thermobutyricum|t__SGB6193,1,k__Bacteria,p__Firmicutes,c__Clostridia,o__Eubacteriales,f__Clostridiaceae,g__Clostridium,s__Clostridium_thermobutyricum,t__SGB6193,,,
k__Bacteria|p__Bacteroidetes|c__Bacteroidia|o__Bacteroidales|f__Prevotellaceae|g__GGB1256|s__GGB1256_SGB1684|t__SGB1684,4,k__Bacteria,p__Bacteroidetes,c__Bacteroidia,o__Bacteroidales,f__Prevotellaceae,g__GGB1256,s__GGB1256_SGB1684,t__SGB1684,,,
k__Bacteria|p__Bacteroidetes|c__Bacteroidia|o__Bacteroidales|f__Bacteroidales_unclassified|g__Bacteroidales_unclassified|s__Bacteroidales_bacterium|t__SGB1961,1,k__Bacteria,p__Bacteroidetes,c__Bacteroidia,o__Bacteroidales,f__Bacteroidales_unclassified,g__Bacteroidales_unclassified,s__Bacteroidales_bacterium,t__SGB1961,,,
k__Bacteria|p__Firmicutes|c__Negativicutes|o__Veillonellales|f__Veillonellaceae|g__Megasphaera|s__Megasphaera_micronuciformis|t__SGB5868,1,k__Bacteria,p__Firmicutes,c__Negativicutes,o__Veillonellales,f__Veillonellaceae,g__Megasphaera,s__Megasphaera_micronuciformis,t__SGB5868,,,
k__Bacteria|p__Firmicutes|c__Clostridia|o__Eubacteriales|f__Lachnospiraceae|g__Lachnospiraceae_unclassified|s__Lachnospiraceae_bacterium_2_1_46FAA|t__SGB4549,1,k__Bacteria,p__Firmicutes,c__Clostridia,o__Eubacteriales,f__Lachnospiraceae,g__Lachnospiraceae_unclassified,s__Lachnospiraceae_bacterium_2_1_46FAA,t__SGB4549,,,
k__Bacteria|p__Firmicutes|c__Negativicutes|o__Veillonellales|f__Veillonellaceae|g__Veillonella|s__Veillonella_seminalis|t__SGB6923,1,k__Bacteria,p__Firmicutes,c__Negativicutes,o__Veillonellales,f__Veillonellaceae,g__Veillonella,s__Veillonella_seminalis,t__SGB6923,,,
k__Bacteria|p__Firmicutes|c__Clostridia|o__Eubacteriales|f__Eubacteriaceae|g__GGB3267|s__GGB3267_SGB4316|t__SGB4316,2,k__Bacteria,p__Firmicutes,c__Clostridia,o__Eubacteriales,f__Eubacteriaceae,g__GGB3267,s__GGB3267_SGB4316,t__SGB4316,,,
k__Bacteria|p__Lentisphaerae|c__CFGB2378|o__OFGB2378|f__FGB2378|g__GGB6521|s__GGB6521_SGB9212|t__SGB9212,3,k__Bacteria,p__Lentisphaerae,c__CFGB2378,o__OFGB2378,f__FGB2378,g__GGB6521,s__GGB6521_SGB9212,t__SGB9212,,,
k__Bacteria|p__Firmicutes|c__Clostridia|o__Eubacteriales|f__Oscillospiraceae|g__GGB75022|s__GGB75022_SGB47502|t__SGB47502,1,k__Bacteria,p__Firmicutes,c__Clostridia,o__Eubacteriales,f__Oscillospiraceae,g__GGB75022,s__GGB75022_SGB47502,t__SGB47502,,,
k__Bacteria|p__Actinobacteria|c__Actinomycetia|o__Bifidobacteriales|f__Bifidobacteriaceae|g__Bifidobacterium|s__Bifidobacterium_breve|t__SGB17247,1,k__Bacteria,p__Actinobacteria,c__Actinomycetia,o__Bifidobacteriales,f__Bifidobacteriaceae,g__Bifidobacterium,s__Bifidobacterium_breve,t__SGB17247,,,
k__Bacteria|p__Firmicutes|c__Clostridia|o__Eubacteriales|f__Clostridiaceae|g__GGB51454|s__GGB51454_SGB71784|t__SGB71784,1,k__Bacteria,p__Firmicutes,c__Clostridia,o__Eubacteriales,f__Clostridiaceae,g__GGB51454,s__GGB51454_SGB71784,t__SGB71784,,,
k__Bacteria|p__Bacteroidetes|c__CFGB642|o__OFGB642|f__FGB642|g__GGB1575|s__GGB1575_SGB2165|t__SGB2165,2,k__Bacteria,p__Bacteroidetes,c__CFGB642,o__OFGB642,f__FGB642,g__GGB1575,s__GGB1575_SGB2165,t__SGB2165,,,
k__Bacteria|p__Firmicutes|c__CFGB1765|o__OFGB1765|f__FGB1765|g__GGB4586|s__GGB4586_SGB6343|t__SGB6343,1,k__Bacteria,p__Firmicutes,c__CFGB1765,o__OFGB1765,f__FGB1765,g__GGB4586,s__GGB4586_SGB6343,t__SGB6343,,,
k__Bacteria|p__Firmicutes|c__CFGB2942|o__OFGB2942|f__FGB2942|g__GGB9278|s__GGB9278_SGB14230|t__SGB14230,1,k__Bacteria,p__Firmicutes,c__CFGB2942,o__OFGB2942,f__FGB2942,g__GGB9278,s__GGB9278_SGB14230,t__SGB14230,,,
k__Bacteria|p__Bacteroidetes|c__CFGB668|o__OFGB668|f__FGB668|g__GGB1663|s__GGB1663_SGB2278|t__SGB2278,2,k__Bacteria,p__Bacteroidetes,c__CFGB668,o__OFGB668,f__FGB668,g__GGB1663,s__GGB1663_SGB2278,t__SGB2278,,,
k__Bacteria|p__Bacteroidetes|c__Bacteroidia|o__Bacteroidales|f__Bacteroidaceae|g__Bacteroides|s__Bacteroides_SGB1909|t__SGB1909,1,k__Bacteria,p__Bacteroidetes,c__Bacteroidia,o__Bacteroidales,f__Bacteroidaceae,g__Bacteroides,s__Bacteroides_SGB1909,t__SGB1909,,,
k__Bacteria|p__Actinobacteria|c__Actinomycetia|o__Bifidobacteriales|f__Bifidobacteriaceae|g__Bifidobacterium|s__Bifidobacterium_ruminantium|t__SGB17243,2,k__Bacteria,p__Actinobacteria,c__Actinomycetia,o__Bifidobacteriales,f__Bifidobacteriaceae,g__Bifidobacterium,s__Bifidobacterium_ruminantium,t__SGB17243,,,
k__Bacteria|p__Bacteroidetes|c__Bacteroidia|o__Bacteroidales|f__Prevotellaceae|g__GGB1221|s__GGB1221_SGB1590|t__SGB1590,2,k__Bacteria,p__Bacteroidetes,c__Bacteroidia,o__Bacteroidales,f__Prevotellaceae,g__GGB1221,s__GGB1221_SGB1590,t__SGB1590,,,
k__Bacteria|p__Proteobacteria|c__Betaproteobacteria|o__Burkholderiales|f__Sutterellaceae|g__GGB6580|s__GGB6580_SGB9301|t__SGB9301,2,k__Bacteria,p__Proteobacteria,c__Betaproteobacteria,o__Burkholderiales,f__Sutterellaceae,g__GGB6580,s__GGB6580_SGB9301,t__SGB9301,,,
k__Bacteria|p__Bacteroidetes|c__Bacteroidia|o__Bacteroidales|f__Prevotellaceae|g__GGB1223|s__GGB1223_SGB1593|t__SGB1593,2,k__Bacteria,p__Bacteroidetes,c__Bacteroidia,o__Bacteroidales,f__Prevotellaceae,g__GGB1223,s__GGB1223_SGB1593,t__SGB1593,,,
k__Bacteria|p__Firmicutes|c__CFGB330|o__OFGB330|f__FGB330|g__GGB756|s__GGB756_SGB993|t__SGB993,2,k__Bacteria,p__Firmicutes,c__CFGB330,o__OFGB330,f__FGB330,g__GGB756,s__GGB756_SGB993,t__SGB993,,,
k__Bacteria|p__Bacteroidetes|c__Bacteroidia|o__Bacteroidales|f__Prevotellaceae|g__GGB1219|s__GGB1219_SGB1586|t__SGB1586,1,k__Bacteria,p__Bacteroidetes,c__Bacteroidia,o__Bacteroidales,f__Prevotellaceae,g__GGB1219,s__GGB1219_SGB1586,t__SGB1586,,,
k__Bacteria|p__Actinobacteria|c__Coriobacteriia|o__Coriobacteriales|f__Coriobacteriaceae|g__Collinsella|s__Collinsella_intestinalis|t__SGB14741,6,k__Bacteria,p__Actinobacteria,c__Coriobacteriia,o__Coriobacteriales,f__Coriobacteriaceae,g__Collinsella,s__Collinsella_intestinalis,t__SGB14741,,,
k__Bacteria|p__Lentisphaerae|c__Lentisphaeria|o__Victivallales|f__Victivallaceae|g__GGB6512|s__GGB6512_SGB9197|t__SGB9197,2,k__Bacteria,p__Lentisphaerae,c__Lentisphaeria,o__Victivallales,f__Victivallaceae,g__GGB6512,s__GGB6512_SGB9197,t__SGB9197,,,
k__Bacteria|p__Bacteroidetes|c__Bacteroidia|o__Bacteroidales|f__Muribaculaceae|g__GGB1505|s__GGB1505_SGB2085|t__SGB2085,2,k__Bacteria,p__Bacteroidetes,c__Bacteroidia,o__Bacteroidales,f__Muribaculaceae,g__GGB1505,s__GGB1505_SGB2085,t__SGB2085,,,
k__Bacteria|p__Firmicutes|c__Negativicutes|o__Veillonellales|f__Veillonellaceae|g__GGB4266|s__GGB4266_SGB5805|t__SGB5805,2,k__Bacteria,p__Firmicutes,c__Negativicutes,o__Veillonellales,f__Veillonellaceae,g__GGB4266,s__GGB4266_SGB5805,t__SGB5805,,,
k__Bacteria|p__Bacteroidetes|c__Bacteroidia|o__Bacteroidales|f__Bacteroidaceae|g__GGB1385|s__GGB1385_SGB1890|t__SGB1890,2,k__Bacteria,p__Bacteroidetes,c__Bacteroidia,o__Bacteroidales,f__Bacteroidaceae,g__GGB1385,s__GGB1385_SGB1890,t__SGB1890,,,
k__Bacteria|p__Bacteroidetes|c__CFGB593|o__OFGB593|f__FGB593|g__GGB1345|s__GGB1345_SGB1803|t__SGB1803,1,k__Bacteria,p__Bacteroidetes,c__CFGB593,o__OFGB593,f__FGB593,g__GGB1345,s__GGB1345_SGB1803,t__SGB1803,,,
k__Bacteria|p__Bacteroidetes|c__CFGB629|o__OFGB629|f__FGB629|g__GGB1491|s__GGB1491_SGB2066|t__SGB2066,2,k__Bacteria,p__Bacteroidetes,c__CFGB629,o__OFGB629,f__FGB629,g__GGB1491,s__GGB1491_SGB2066,t__SGB2066,,,
k__Bacteria|p__Bacteroidetes|c__Bacteroidia|o__Bacteroidales|f__Bacteroidaceae|g__GGB47740|s__GGB47740_SGB65712|t__SGB65712,2,k__Bacteria,p__Bacteroidetes,c__Bacteroidia,o__Bacteroidales,f__Bacteroidaceae,g__GGB47740,s__GGB47740_SGB65712,t__SGB65712,,,
k__Bacteria|p__Bacteroidetes|c__Bacteroidia|o__Bacteroidales|f__Prevotellaceae|g__GGB38162|s__GGB38162_SGB65708|t__SGB65708,1,k__Bacteria,p__Bacteroidetes,c__Bacteroidia,o__Bacteroidales,f__Prevotellaceae,g__GGB38162,s__GGB38162_SGB65708,t__SGB65708,,,
k__Bacteria|p__Proteobacteria|c__Gammaproteobacteria|o__Aeromonadales|f__Succinivibrionaceae|g__GGB2731|s__GGB2731_SGB3673|t__SGB3673,1,k__Bacteria,p__Proteobacteria,c__Gammaproteobacteria,o__Aeromonadales,f__Succinivibrionaceae,g__GGB2731,s__GGB2731_SGB3673,t__SGB3673,,,
k__Bacteria|p__Bacteroidetes|c__CFGB536|o__OFGB536|f__FGB536|g__GGB1102|s__GGB1102_SGB1416|t__SGB1416,1,k__Bacteria,p__Bacteroidetes,c__CFGB536,o__OFGB536,f__FGB536,g__GGB1102,s__GGB1102_SGB1416,t__SGB1416,,,
k__Bacteria|p__Bacteroidetes|c__Bacteroidia|o__Bacteroidales|f__Bacteroidaceae|g__Bacteroides|s__Bacteroides_fluxus|t__SGB1835,2,k__Bacteria,p__Bacteroidetes,c__Bacteroidia,o__Bacteroidales,f__Bacteroidaceae,g__Bacteroides,s__Bacteroides_fluxus,t__SGB1835,,,
k__Bacteria|p__Firmicutes|c__CFGB4761|o__OFGB4761|f__FGB4761|g__GGB50912|s__GGB50912_SGB47238|t__SGB47238,2,k__Bacteria,p__Firmicutes,c__CFGB4761,o__OFGB4761,f__FGB4761,g__GGB50912,s__GGB50912_SGB47238,t__SGB47238,,,
k__Bacteria|p__Bacteroidetes|c__Bacteroidia|o__Bacteroidales|f__Muribaculaceae|g__GGB14016|s__GGB14016_SGB2119|t__SGB2119,1,k__Bacteria,p__Bacteroidetes,c__Bacteroidia,o__Bacteroidales,f__Muribaculaceae,g__GGB14016,s__GGB14016_SGB2119,t__SGB2119,,,
k__Bacteria|p__Firmicutes|c__CFGB72899|o__OFGB72899|f__FGB72899|g__GGB4611|s__GGB4611_SGB6386|t__SGB6386,2,k__Bacteria,p__Firmicutes,c__CFGB72899,o__OFGB72899,f__FGB72899,g__GGB4611,s__GGB4611_SGB6386,t__SGB6386,,,
k__Bacteria|p__Proteobacteria|c__Betaproteobacteria|o__Burkholderiales|f__Sutterellaceae|g__Turicimonas|s__Turicimonas_muris|t__SGB9258,3,k__Bacteria,p__Proteobacteria,c__Betaproteobacteria,o__Burkholderiales,f__Sutterellaceae,g__Turicimonas,s__Turicimonas_muris,t__SGB9258,,,
k__Bacteria|p__Bacteroidetes|c__Bacteroidia|o__Bacteroidales|f__Muribaculaceae|g__GGB1551|s__GGB1551_SGB2136|t__SGB2136,1,k__Bacteria,p__Bacteroidetes,c__Bacteroidia,o__Bacteroidales,f__Muribaculaceae,g__GGB1551,s__GGB1551_SGB2136,t__SGB2136,,,
k__Bacteria|p__Bacteroidetes|c__Bacteroidia|o__Bacteroidales|f__Porphyromonadaceae|g__Porphyromonas|s__Porphyromonas_asaccharolytica|t__SGB1981,1,k__Bacteria,p__Bacteroidetes,c__Bacteroidia,o__Bacteroidales,f__Porphyromonadaceae,g__Porphyromonas,s__Porphyromonas_asaccharolytica,t__SGB1981,,,
k__Bacteria|p__Bacteroidetes|c__Bacteroidia|o__Bacteroidales|f__Bacteroidaceae|g__Bacteroides|s__Bacteroides_ilei|t__SGB1889,2,k__Bacteria,p__Bacteroidetes,c__Bacteroidia,o__Bacteroidales,f__Bacteroidaceae,g__Bacteroides,s__Bacteroides_ilei,t__SGB1889,,,
k__Bacteria|p__Firmicutes|c__CFGB1765|o__OFGB1765|f__FGB1765|g__GGB4579|s__GGB4579_SGB6329|t__SGB6329,7,k__Bacteria,p__Firmicutes,c__CFGB1765,o__OFGB1765,f__FGB1765,g__GGB4579,s__GGB4579_SGB6329,t__SGB6329,,,
k__Bacteria|p__Firmicutes|c__Clostridia|o__Eubacteriales|f__Eubacteriaceae|g__Eubacterium|s__Eubacterium_sp_An11|t__SGB4681,2,k__Bacteria,p__Firmicutes,c__Clostridia,o__Eubacteriales,f__Eubacteriaceae,g__Eubacterium,s__Eubacterium_sp_An11,t__SGB4681,,,
k__Bacteria|p__Firmicutes|c__CFGB74461|o__OFGB74461|f__FGB74461|g__GGB9524|s__GGB9524_SGB14923|t__SGB14923,1,k__Bacteria,p__Firmicutes,c__CFGB74461,o__OFGB74461,f__FGB74461,g__GGB9524,s__GGB9524_SGB14923,t__SGB14923,,,
k__Bacteria|p__Bacteroidetes|c__Bacteroidia|o__Bacteroidales|f__Bacteroidales_unclassified|g__Bacteroidales_unclassified|s__Bacteroidales_bacterium_KA00251|t__SGB3324,1,k__Bacteria,p__Bacteroidetes,c__Bacteroidia,o__Bacteroidales,f__Bacteroidales_unclassified,g__Bacteroidales_unclassified,s__Bacteroidales_bacterium_KA00251,t__SGB3324,,,
k__Bacteria|p__Firmicutes|c__CFGB2947|o__OFGB2947|f__FGB2947|g__GGB9285|s__GGB9285_SGB14238|t__SGB14238,2,k__Bacteria,p__Firmicutes,c__CFGB2947,o__OFGB2947,f__FGB2947,g__GGB9285,s__GGB9285_SGB14238,t__SGB14238,,,
k__Bacteria|p__Actinobacteria|c__Actinomycetia|o__Bifidobacteriales|f__Bifidobacteriaceae|g__Bifidobacterium|s__Bifidobacterium_pullorum|t__SGB17264,1,k__Bacteria,p__Actinobacteria,c__Actinomycetia,o__Bifidobacteriales,f__Bifidobacteriaceae,g__Bifidobacterium,s__Bifidobacterium_pullorum,t__SGB17264,,,
k__Bacteria|p__Actinobacteria|c__Coriobacteriia|o__Coriobacteriales|f__Coriobacteriaceae|g__Enorma|s__Enorma_phocaeensis|t__SGB94947,1,k__Bacteria,p__Actinobacteria,c__Coriobacteriia,o__Coriobacteriales,f__Coriobacteriaceae,g__Enorma,s__Enorma_phocaeensis,t__SGB94947,,,
k__Bacteria|p__Firmicutes|c__CFGB1677|o__OFGB1677|f__FGB1677|g__GGB4197|s__GGB4197_SGB5684|t__SGB5684,1,k__Bacteria,p__Firmicutes,c__CFGB1677,o__OFGB1677,f__FGB1677,g__GGB4197,s__GGB4197_SGB5684,t__SGB5684,,,
k__Bacteria|p__Bacteroidetes|c__Bacteroidia|o__Bacteroidales|f__Prevotellaceae|g__Prevotella|s__Prevotella_clade_D|t__SGB1635,2,k__Bacteria,p__Bacteroidetes,c__Bacteroidia,o__Bacteroidales,f__Prevotellaceae,g__Prevotella,s__Prevotella_clade_D,t__SGB1635,,,
k__Bacteria|p__Firmicutes|c__Clostridia|o__Eubacteriales|f__Oscillospiraceae|g__GGB3220|s__GGB3220_SGB4252|t__SGB4252,2,k__Bacteria,p__Firmicutes,c__Clostridia,o__Eubacteriales,f__Oscillospiraceae,g__GGB3220,s__GGB3220_SGB4252,t__SGB4252,,,
k__Bacteria|p__Firmicutes|c__Clostridia|o__Eubacteriales|f__Lachnospiraceae|g__GGB13283|s__GGB13283_SGB4948|t__SGB4948,1,k__Bacteria,p__Firmicutes,c__Clostridia,o__Eubacteriales,f__Lachnospiraceae,g__GGB13283,s__GGB13283_SGB4948,t__SGB4948,,,
k__Bacteria|p__Bacteroidetes|c__Bacteroidia|o__Bacteroidales|f__Muribaculaceae|g__GGB32024|s__GGB32024_SGB48242|t__SGB48242,2,k__Bacteria,p__Bacteroidetes,c__Bacteroidia,o__Bacteroidales,f__Muribaculaceae,g__GGB32024,s__GGB32024_SGB48242,t__SGB48242,,,
k__Bacteria|p__Firmicutes|c__CFGB1765|o__OFGB1765|f__FGB1765|g__GGB4580|s__GGB4580_SGB6330|t__SGB6330,2,k__Bacteria,p__Firmicutes,c__CFGB1765,o__OFGB1765,f__FGB1765,g__GGB4580,s__GGB4580_SGB6330,t__SGB6330,,,
k__Bacteria|p__Firmicutes|c__Clostridia|o__Eubacteriales|f__Eubacteriaceae|g__GGB3265|s__GGB3265_SGB4314|t__SGB4314,2,k__Bacteria,p__Firmicutes,c__Clostridia,o__Eubacteriales,f__Eubacteriaceae,g__GGB3265,s__GGB3265_SGB4314,t__SGB4314,,,
k__Bacteria|p__Firmicutes|c__Clostridia|o__Eubacteriales|f__Eubacteriaceae|g__Eubacteriaceae_unclassified|s__Eubacteriaceae_bacterium_CHKCI004|t__SGB4682,1,k__Bacteria,p__Firmicutes,c__Clostridia,o__Eubacteriales,f__Eubacteriaceae,g__Eubacteriaceae_unclassified,s__Eubacteriaceae_bacterium_CHKCI004,t__SGB4682,,,
k__Bacteria|p__Actinobacteria|c__Coriobacteriia|o__Coriobacteriales|f__Coriobacteriaceae|g__Collinsella|s__Collinsella_sp_AF08_23|t__SGB14739,1,k__Bacteria,p__Actinobacteria,c__Coriobacteriia,o__Coriobacteriales,f__Coriobacteriaceae,g__Collinsella,s__Collinsella_sp_AF08_23,t__SGB14739,,,
k__Bacteria|p__Firmicutes|c__CFGB1777|o__OFGB1777|f__FGB1777|g__GGB4695|s__GGB4695_SGB6494|t__SGB6494,1,k__Bacteria,p__Firmicutes,c__CFGB1777,o__OFGB1777,f__FGB1777,g__GGB4695,s__GGB4695_SGB6494,t__SGB6494,,,
k__Bacteria|p__Lentisphaerae|c__CFGB3176|o__OFGB3176|f__FGB3176|g__GGB13152|s__GGB13152_SGB20361|t__SGB20361,1,k__Bacteria,p__Lentisphaerae,c__CFGB3176,o__OFGB3176,f__FGB3176,g__GGB13152,s__GGB13152_SGB20361,t__SGB20361,,,
k__Bacteria|p__Lentisphaerae|c__CFGB10083|o__OFGB10083|f__FGB10083|g__GGB10693|s__GGB10693_SGB17348|t__SGB17348,1,k__Bacteria,p__Lentisphaerae,c__CFGB10083,o__OFGB10083,f__FGB10083,g__GGB10693,s__GGB10693_SGB17348,t__SGB17348,,,
k__Bacteria|p__Firmicutes|c__CFGB336|o__OFGB336|f__FGB336|g__GGB763|s__GGB763_SGB1002|t__SGB1002,1,k__Bacteria,p__Firmicutes,c__CFGB336,o__OFGB336,f__FGB336,g__GGB763,s__GGB763_SGB1002,t__SGB1002,,,
k__Bacteria|p__Firmicutes|c__CFGB4761|o__OFGB4761|f__FGB4761|g__GGB4780|s__GGB4780_SGB6615|t__SGB6615,1,k__Bacteria,p__Firmicutes,c__CFGB4761,o__OFGB4761,f__FGB4761,g__GGB4780,s__GGB4780_SGB6615,t__SGB6615,,,
k__Bacteria|p__Firmicutes|c__CFGB4728|o__OFGB4728|f__FGB4728|g__GGB9145|s__GGB9145_SGB14079|t__SGB14079,1,k__Bacteria,p__Firmicutes,c__CFGB4728,o__OFGB4728,f__FGB4728,g__GGB9145,s__GGB9145_SGB14079,t__SGB14079,,,
k__Bacteria|p__Firmicutes|c__CFGB10314|o__OFGB10314|f__FGB10314|g__GGB4701|s__GGB4701_SGB6508|t__SGB6508,1,k__Bacteria,p__Firmicutes,c__CFGB10314,o__OFGB10314,f__FGB10314,g__GGB4701,s__GGB4701_SGB6508,t__SGB6508,,,
k__Bacteria|p__Firmicutes|c__Clostridia|o__Eubacteriales|f__Eubacteriaceae|g__GGB3280|s__GGB3280_SGB4333|t__SGB4333,1,k__Bacteria,p__Firmicutes,c__Clostridia,o__Eubacteriales,f__Eubacteriaceae,g__GGB3280,s__GGB3280_SGB4333,t__SGB4333,,,
k__Bacteria|p__Bacteroidetes|c__CFGB511|o__OFGB511|f__FGB511|g__GGB12851|s__GGB12851_SGB19976|t__SGB19976,1,k__Bacteria,p__Bacteroidetes,c__CFGB511,o__OFGB511,f__FGB511,g__GGB12851,s__GGB12851_SGB19976,t__SGB19976,,,
k__Bacteria|p__Bacteroidetes|c__CFGB11479|o__OFGB11479|f__FGB11479|g__GGB1629|s__GGB1629_SGB2237|t__SGB2237,1,k__Bacteria,p__Bacteroidetes,c__CFGB11479,o__OFGB11479,f__FGB11479,g__GGB1629,s__GGB1629_SGB2237,t__SGB2237,,,
k__Bacteria|p__Bacteroidetes|c__Bacteroidia|o__Bacteroidales|f__Prevotellaceae|g__GGB1147|s__GGB1147_SGB1473|t__SGB1473,1,k__Bacteria,p__Bacteroidetes,c__Bacteroidia,o__Bacteroidales,f__Prevotellaceae,g__GGB1147,s__GGB1147_SGB1473,t__SGB1473,,,
k__Bacteria|p__Firmicutes|c__Negativicutes|o__Veillonellales|f__Veillonellaceae|g__Megasphaera|s__Megasphaera_SGB5861|t__SGB5861,2,k__Bacteria,p__Firmicutes,c__Negativicutes,o__Veillonellales,f__Veillonellaceae,g__Megasphaera,s__Megasphaera_SGB5861,t__SGB5861,,,
k__Bacteria|p__Firmicutes|c__Clostridia|o__Eubacteriales|f__Clostridiaceae|g__Butyricicoccus|s__Butyricicoccus_SGB14985|t__SGB14985_group,1,k__Bacteria,p__Firmicutes,c__Clostridia,o__Eubacteriales,f__Clostridiaceae,g__Butyricicoccus,s__Butyricicoccus_SGB14985,t__SGB14985_group,,,
k__Bacteria|p__Proteobacteria|c__Gammaproteobacteria|o__Enterobacterales|f__Enterobacteriaceae|g__Salmonella|s__Salmonella_enterica|t__SGB10073,1,k__Bacteria,p__Proteobacteria,c__Gammaproteobacteria,o__Enterobacterales,f__Enterobacteriaceae,g__Salmonella,s__Salmonella_enterica,t__SGB10073,,,
k__Bacteria|p__Firmicutes|c__Bacilli|o__Bacillales|f__Staphylococcaceae|g__Staphylococcus|s__Staphylococcus_aureus|t__SGB7852,1,k__Bacteria,p__Firmicutes,c__Bacilli,o__Bacillales,f__Staphylococcaceae,g__Staphylococcus,s__Staphylococcus_aureus,t__SGB7852,,,
