ID,VISIT,microb_large_emb_coord_1,microb_large_emb_coord_2,microb_large_emb_coord_3,microb_large_emb_coord_4,microb_large_emb_coord_5,microb_large_emb_coord_6,microb_large_emb_coord_7,microb_large_emb_coord_8,microb_large_emb_coord_9,microb_large_emb_coord_10,microb_large_emb_coord_11,microb_large_emb_coord_12,microb_large_emb_coord_13,microb_large_emb_coord_14,microb_large_emb_coord_15,microb_large_emb_coord_16,microb_large_emb_coord_17,microb_large_emb_coord_18,microb_large_emb_coord_19,microb_large_emb_coord_20
3,1,0.03962065887727462,-0.02580297576364544,0.11606750855443028,0.13087041186585435,0.05958761317525108,0.02195483794423362,0.11697724344003906,-0.03434843762706409,0.0376276891949544,-0.011712121191430367,-0.056075069221504494,0.07589003872540405,0.0010988211459609391,-0.004150055777020056,0.048142056609184254,-0.11329722979902451,0.06562169602054865,0.09021081861899356,-0.20104233832846605,0.11488545662389624
3,3,0.0339520975363154,-0.0255117891915571,0.08441157522406403,0.08376998678554362,0.047324958661158524,0.023849052370229287,0.047528148729879885,-0.046317913748680536,0.016361876808138588,-0.009136711001681718,-0.06224536534306341,0.05160540755650839,0.006400518809229324,-0.05300879470894811,0.035408707508924595,-0.11269618511500892,0.06290663137661485,0.10549959555288879,-0.21102606589426456,0.1328215361208476
5,1,0.03101416004135599,0.02019710188038621,-0.03593003639273038,0.09609150786933077,-0.048991903536959126,-0.023924339777723024,-0.056957785541640646,0.05010402168918228,0.023689736277004277,-0.020206788856329944,-0.06099371828900924,-0.15115330181599881,-0.02306897506725723,-0.030088011068818234,0.023548224949834738,-0.001739348118414258,-0.013865438128259132,-0.029665456121122893,0.041314039643358086,-0.009171439224184688
5,3,0.028346377875082405,0.020548267490787947,-0.04928184804102342,0.07103465937942105,-0.05424188166411457,-0.012302155316711479,-0.10172358379997921,0.032242193708119725,0.20448848578338835,0.0186724258686175,-0.05912468296190338,-0.09475534559012339,-0.008764911740527438,-0.07623101034401011,0.11345468889840933,-0.09943144058155708,-0.044465018856870805,-0.00796933085582414,0.021680098501859542,-0.03762078846045212
7,1,0.04438347561568788,0.002502287647034439,0.09358105725391985,0.1291429814040787,0.027981432530419046,-0.005553622222922337,0.15478569876350962,0.025255717378962362,0.0519079395055466,0.005117657709135497,0.05409455221110346,0.06695302564647647,-0.004382336393919575,0.056043461339042235,0.02396416159404018,0.04672088699206125,-0.02418228646743917,-0.08806826886751833,0.1440711825745809,-0.11671399799289589
7,3,0.038830424452751686,0.026523370068036015,0.028901854008351317,0.014099972250133036,0.014867019357859034,-0.015185298108028086,0.024878355394336405,0.048558512757273554,-0.04270950382553981,0.02594352499677744,0.13568187876641938,-0.019195857204777587,-0.005910182948817131,-0.03876120327906692,-0.021138598498498862,-0.05948016253061813,0.046470672443143644,-0.0023155579225059117,0.036424294451595896,-0.03736275375496458
12,1,0.0022580555653333965,0.027706992458867524,-0.053142068984693584,0.03261250589138668,-0.0027163140353268964,0.053202870310070594,-0.01433399485448421,-0.097376839252161,-0.017993400530364016,-0.026894331885347456,0.013313221383380477,-0.04148785368291466,0.0335447988515017,0.09971495948430664,-0.15920633564798178,-0.06658149386701462,0.02806779391722828,0.006381342384354064,0.010235439551202903,-0.05214889990826375
12,3,-0.010079896058402793,0.030458662526474074,-0.055042439608897056,0.03231301764949021,0.007698399134102212,0.08186159190869637,-0.019621957795673797,-0.12112013495254174,-0.017866288486798623,-0.03175452342206702,0.028588783404448453,-0.017312735527675007,0.04320608740388161,0.095275653884173,-0.12454977940678558,-0.058693103643065056,-0.043874130785037456,0.0528595812227245,0.011528747759275327,-0.08278075613899509
13,1,0.04345228328307365,0.09347282012025948,-0.06939630197475508,-0.12006837303737049,0.14077798496987284,-0.09460921980672866,0.10883802422758383,-0.008154887006931049,0.013672385634200304,0.01971596889012513,-0.11495050556827306,-0.061496864742855394,-0.04187973880932775,0.05527521238038432,0.039363362138980916,-0.032046256385907544,-0.03916014988487586,0.03453499102153584,-0.01306897150142514,-0.05363672313507322
13,3,0.044815963045799725,0.08014060122926618,-0.03696344419672846,-0.018314588947795266,0.026438468052146027,-0.057318280467317,0.0009904643863479611,0.10592099011250704,-0.10537350853016758,0.03610610204931575,0.09777027666761809,0.04207326660058071,0.02348908488155229,0.01205283388254285,0.06640134005671813,-0.1720915728363408,-0.04958348296507178,0.025655009289527148,0.02193617392072664,-0.004929686296679427
15,1,0.026938542428891852,-0.07743600230559491,0.07763062170648084,0.01328090976712731,0.08252275824021213,-0.01006263321321424,-0.07695395456319286,-0.011304410484698178,-0.02588499181813759,0.05790955311433918,0.04174795116788864,-0.09516022240872547,-0.1175145583413547,-0.041560332630716734,-0.015030320993380671,0.017970804017624742,0.1228403131291902,0.26445096683654573,0.06423397323638129,-0.07406556698186217
15,3,0.021991939218380843,-0.06724164060875054,0.057059521392104844,0.016195257797407412,0.055092092809081276,0.001403873741562174,-0.021175483233396943,-0.03064616346024159,-0.005562567484276657,0.01908555155445449,0.031063166106188794,-0.01547653181560918,-0.07234253696310507,-0.05356410326575326,0.025506514373228654,-0.03783235420806382,0.09770190632760554,0.16165036576171166,-0.06628292089519763,0.018479419743112294
16,1,0.012688052183786094,-0.11133237460328124,-0.0003712807529524424,-0.023903604816476007,0.0006972117857541248,-0.09204340787225893,-0.042114148180877324,-0.09261653297531282,-0.034006318043950365,0.106106371679024,0.028507660191092812,0.02362940825370824,-0.006175571672972957,0.014482350303452471,0.0402277245520792,0.028019628832573973,0.07964381079645089,-0.0893346289336071,-0.034186737414851634,-0.12329436652831487
16,3,0.00579519066215472,-0.1332369599345581,-0.060149078416259036,-0.011153151004438056,-0.08771405538127913,-0.1787525617429791,0.020473538245085774,-0.16152261731216205,-0.05235776069025234,0.1589342603140023,0.04123276783273433,0.04724308988167716,0.05234005028927926,0.048941856714561034,0.06632858489548293,0.03431461388479116,0.10200379134478614,-0.11960111370580262,-0.10355833652783758,-0.15569504062246237
17,1,0.03543603372585395,0.07644517265313232,-0.070805918386748,-0.12349626645550221,0.13740793454502803,-0.06839323697093924,0.10493873610867521,-0.039845550158479126,0.06277869099810059,-0.007752730643195071,-0.12605145531060769,-0.07407010255610491,-0.07548326385314917,0.08612268735804546,0.0034284323322204924,0.07619295446184046,-0.002969617566920762,0.00479092611458659,-0.07539018495754322,-0.013889294042481504
17,3,0.010725218165533736,0.011028473068773527,-0.06633109357932265,0.04737513184270993,-0.029565887372177368,0.019852814302010777,-0.06071328419313337,-0.03927849563131985,0.04240852204967146,-0.0034060383800548696,-0.04484637590293944,0.037490538894919836,-0.02783569726481549,0.025660279510680874,-0.002546064956604719,-0.06680331314981931,0.051980368934924255,-0.023328534033913197,0.05678602856018916,0.01720373309031483
19,1,0.04570538040569955,0.06532708369696798,0.013116063751969366,-0.034235485943088395,-0.020425306852062376,-0.010985365208859125,0.013270782073085774,0.01011965564807453,0.09877828480351718,0.04161264812267096,0.09014395868109815,0.05259617687750635,0.06594333026886524,-0.033688732879154894,-0.0405687498845486,0.1584435647714474,-0.01503722156043661,0.02828369160382736,0.03693799103778464,-0.0021975735518537393
19,3,0.040990743180956565,0.07724066778073325,-0.03818896420261093,-0.06258848962730323,0.05074652376831383,-0.0422370379176884,0.04170011101333804,-0.005907968868383327,0.08756051454700103,0.03155207069815349,0.003799695923354662,0.002712672851975728,0.023480888904255676,0.0184482966951631,-0.028701451940516112,0.10367892851754765,-0.011699467027403281,0.04672923616336166,0.018508608965482343,-0.012249768033780967
20,1,0.05759105364398072,0.060106778576580595,0.12975677065989236,-0.1321095927705195,-0.1848779835251167,0.04950076682589106,0.017712106824375788,-0.0422160545862736,-0.0340846980051419,-0.019546004610649065,-0.04332999229840676,-0.010571374757308656,-0.06069214159823452,0.008113149696003023,0.03476942775098901,-0.03638789855884877,-0.005267754415734546,-0.000523314414324181,0.013410411423463794,-0.027671927181939955
20,3,0.04332777356949498,0.04577722022666501,0.039370507739587925,-0.042307880108313906,-0.025173202697430876,0.006294630139676732,0.000829259386912767,-0.009333957095348766,0.04425663874366027,0.01968167504622731,0.036121089392520456,0.02147335972491073,0.03618979113483938,0.000681534700730394,-0.06035726445189952,0.0881649727792268,0.01496227878179326,0.019046433616946738,-0.029628063865164467,0.04870772468977247
21,3,0.0436887297357886,0.049161254727931814,0.008491549669203617,0.014544781968692275,0.01339639174758415,-0.03177053309456078,0.03161830908985035,0.05276022628295491,-0.018506982132363417,0.020296621105935393,0.05862596170943188,0.00813205374560454,0.021434455337166636,0.007606987807281425,-0.009438002023812836,-0.010413918067927286,-0.016548774517627353,-0.008111030896476388,0.05189293672601535,0.027944474054593573
23,1,-0.00503552314795814,-0.11578252239074767,-0.02898138406437697,-0.06199593390610078,-0.02234794549524363,-0.024965539630441368,0.026203730727826745,0.07286842833601848,0.024655248885482556,-0.1713213675954225,0.007374796321500369,0.00842859866323903,0.1348314587936528,0.04591789564118114,0.030804267322565068,-0.01220141365756863,0.04342340510259847,0.06280073203951902,0.007986844822353118,-0.02386556523672426
24,1,0.020857388971831994,0.028665444293562613,-0.06367434010580807,0.053426066203179495,-0.022013346397716443,0.007556187336179709,-0.06815028565866549,0.036992555939353675,-0.04690448358842266,-0.02059596452595362,-0.046335940572851994,0.08687169379108955,-0.06594599293137178,0.05027381442929291,0.04852501961786969,0.053760089114476224,0.01760816281026768,0.009696464299736668,-0.014146212451958438,0.012797576290687973
24,3,0.03667843670739029,-0.015888256768182448,0.0918119069675459,0.10075741278356927,0.04130421977159513,0.026140900553106923,0.08357009730315204,-0.039734142708227886,0.01613555790470553,-0.01960666560349358,-0.04712638911376635,0.0583229517874422,0.011629911138390441,-0.03435204083196066,0.030015432320053787,-0.10464990563691684,0.06539547870375186,0.06955376178216519,-0.21185225097498545,0.11035782092428859
25,1,0.04361782894605238,0.01880492442514805,0.07276477633363851,0.047098551871634094,-0.021556591230513105,0.00640612381295799,0.05793702388025352,0.007148792639450612,-0.015066228627753366,-0.011550528675225848,0.009359050236400329,-0.023095905195602433,0.006118213408524084,0.0029981101341351383,-0.030122794299245952,-0.009595024262271204,0.028099344263661202,-0.04043621698215723,-0.03382467498424338,0.00015813094457974673
25,3,0.041674369795292335,-0.011033777404320051,0.0807089219740554,0.11683628698111947,0.0021259788523088547,-0.017367330235845482,0.09748385461943301,0.018037125365420608,-0.002870304149983563,-0.011383741287216193,-0.015793341694470765,-0.08005403098072521,-0.012902399652932188,0.03385406836972668,-0.03839041997052448,0.04194412668702291,-0.0032650664694931484,0.0019788156208329307,0.064881065544053,0.03597580224456614
26,1,0.007829836435500675,-0.04415302578514972,-0.05409434079201751,0.021665190303753232,-0.03452703848198102,-0.02265966336176446,-0.03661241763410811,-0.03630204718496396,0.03695696402942912,0.028331870778729104,-0.027648749394310047,0.04430086132320329,-0.06525085965744598,0.009153927863122987,0.023124343055538187,-0.07378475351256623,0.035231233643120204,-0.0758524799804142,0.02196164057877408,0.07114371837098021
26,3,0.005650212671344639,-0.0566868091688249,-0.06777006582611851,0.023597995685101392,-0.05935159980604069,-0.05059651205640089,-0.02213910929456156,-0.037635256105567776,0.02827361647017915,0.042571444461294905,-0.030603714449339767,0.036620315311886295,-0.04911569367628928,0.01735335468071416,0.013263908148921411,-0.07297940346159247,0.02002915243427393,-0.043784427430451044,0.030283112001725714,0.06058569051679225
27,1,-0.01720497022678146,0.016729363234657672,-0.06563258407229443,0.026018135542398044,-0.013290189451289153,0.07091152689121363,-0.03882664439724782,-0.05538719668325085,0.051204167977084596,0.006434901048863328,-0.017384184325203632,0.027495284822897655,-0.032494477165821,0.13604347766373368,-0.0967490489332983,-0.1304184048591673,0.1325069709729939,-0.042141957774634135,0.12116148631862624,0.06577616259382112
27,3,-0.017185308552587958,0.016288029069392928,-0.0648015594546366,0.021987060305982242,-0.008847209558048272,0.07357502626249925,-0.033187586850714844,-0.061740763078198625,0.043054942892163967,-3.277562575960804e-05,-0.0050520216266467695,0.02390499914138274,-0.03528046401559056,0.14418901406419654,-0.11357239068390691,-0.12409980174685037,0.12964414915431954,-0.045244534708387366,0.11263338010358796,0.06508758973095531
28,1,0.04728854213079572,0.0899809486161977,-0.047462815355078944,-0.052484568632551236,0.06754538666262518,-0.08412682361540541,0.041842107157466495,0.09873011076995837,-0.10788907377681331,0.04224971353530105,0.0641080291220786,0.005482534567841676,0.013060229821242662,0.013016564072964042,0.08343405779019031,-0.2470912289657377,-0.06363722786766425,0.020442985561477618,0.038032273560685385,-0.030950798634907007
28,3,0.04657663526093203,0.07903506122228397,-0.024049613288771553,-0.03476400216636292,0.0358325736690788,-0.05855914741389214,0.03024152442556587,0.0797977710747415,-0.07762903471493607,0.03995553054260046,0.09890310188965923,0.021371149859288535,0.03729618106956158,-0.008182158444083243,0.022179394553702988,-0.16756774290640195,-0.026960300532806288,0.008570608472920701,0.0478012329663687,0.010368895237290818
29,1,-0.1240470307570683,0.0473849473781153,0.012814245061033867,0.016055060872336126,0.0050813556179931125,-0.0006707217787850444,-0.02451655339918699,-0.0631913162718056,-0.005644863709456278,-0.03592623096943302,0.03446852320406501,0.01000727880165986,-0.00036816879417031533,0.06394917254020092,-0.03905879335428875,-0.02913396157043723,-0.05388460338415683,0.029077528396364658,0.03471052524770474,-0.025649570176142753
29,3,-0.06895287008842049,0.020279448316280407,-0.038807069180656496,0.011195730978720318,-0.004874440803328617,0.08564893010104921,-0.01008780326062821,-0.03892872455665984,0.021299641915019644,0.03763420652204425,-0.005276035819573443,0.001120524174167404,0.006769313665351765,0.1469456486252095,-0.0768071563474673,-0.10681753706510355,0.11692569219701919,-0.01572703291562172,0.11503009858236912,0.05730913332670305
30,1,0.053495795534367147,0.04054750003219004,0.12732024406109083,-0.11851679510049092,-0.17509593858541506,0.045271187176296704,0.035373887973545085,-0.04208279121924839,-0.021749872803716066,-0.052773622780275455,-0.06671203046944961,-0.010431580257795519,-0.06092117092144769,0.045531133835784734,0.06838344862526317,-0.007800875332967355,0.0055998126271916545,0.06310797310025835,0.07608918216430749,-0.02930706648843354
30,3,0.04824658005094431,0.01787729928990111,0.10242871406830553,-0.0009502491598938406,-0.05463789122782558,0.01259092938414517,0.05526516503725533,-0.006326357512487467,0.00026262421095666163,-0.009436356804447526,-0.025143922292303812,-0.01403967200446761,-0.031571785755067146,0.040960762737650085,0.008924246850685809,0.014999293948591494,0.007825275122613872,0.05589503798771143,0.057944576306648135,0.03250981504883907
32,1,0.03533981568433392,0.04118291971638044,-0.04165757805272289,0.039058365402246276,-0.055355904199120606,-0.013789488216140044,-0.10575065406841973,0.037918309407988404,0.2878244164395762,0.04799024784098412,-0.008816370284287821,-0.07037278840722457,0.03706753870434758,-0.11299855702643129,0.11873894795458205,-0.058658308856399936,-0.06637847531725155,0.009841533100324094,-0.04408367799367142,-0.06609814150836273
32,3,0.05321414422439607,0.04603336627563364,0.12285138224991292,-0.11611889233532033,-0.14921036455270048,0.05100476311497388,0.014139717026987776,-0.05605131477095679,-0.012393650986203902,-0.022528697671936306,-0.06626170459330998,0.016053503065812276,-0.05431528749698748,0.006772148737585221,0.04803435699327802,-0.0014949403638720752,-0.01076390981955462,0.03141230666545652,0.024237634326421426,0.001707096773729071
33,1,0.04393821243945112,-0.012505971829783918,0.11423905447124649,0.15536211975318556,0.044188147943044834,0.0005337630198493728,0.17926384454528413,0.013333506286342806,0.07727049073894003,0.005526063938087653,0.03393206107813399,0.09936251435542226,-0.010438187159668929,0.07208816082373593,0.04832155888824055,0.04864898180392893,-0.03298919108941206,-0.09370833600510976,0.14295219980590534,-0.14652187579096082
33,3,0.04594841015680129,0.020879261794922825,0.07677883071122049,0.09003707364203978,0.016482533149874502,-0.0074538915622171225,0.13124390647055886,0.021623610825097006,0.09808366521430137,0.02567185929095594,0.0866223233105294,0.10282247808558591,0.02999943468924032,0.0315445728901458,0.014370653902029795,0.1396152036257158,-0.04834041546836672,-0.0779047528873468,0.17844364364519555,-0.1414542731307439
35,1,0.02220232343136787,0.02684049519511046,-0.03015239521092403,-0.0011555093939277878,0.01847429537926542,0.01654564071998326,0.004957755597351539,-0.12469305536024561,-0.031591387914953306,-0.020629050657048113,-0.014535375557693095,0.0738252088302219,0.1042053813411683,-0.20389954258007553,-0.006407322370895208,0.09312387760776113,0.033184129291772,-0.03846720160630868,0.12261216773036489,-0.024284230522446056
35,3,0.0075474058677703956,0.01603616464254664,-0.04318889293833191,0.016478690919700806,0.0316373806507291,0.053905713452001416,-0.005012936604326716,-0.1372025048347437,-0.050671717416653196,-0.05942855187082467,-0.048279525028421935,0.052736913601019744,0.07610179745558038,-0.2167094553022753,0.010087315390400864,0.03664430660452292,0.03471269703000313,-0.041374021800941345,0.12252899699168206,0.014646532642438434
36,1,0.01446729900334482,-0.038930890514502006,0.09340175076531804,-0.031722286809106694,0.06421787029386304,0.015471612832158343,-0.11521875688802108,0.016803543419635796,-0.031467257581469794,0.049969368678500325,-0.08248522986403348,0.04046556598778729,0.0836084499548165,0.06420272780342876,-0.009994191272870517,0.03545644958873872,-0.10773614304580122,-0.12031693494627821,-0.01585465133329076,0.0889298374339305
36,3,0.025507073888357695,0.03229674699346087,-0.04301960290031127,0.07144852719146375,-0.028170224807722775,0.00315586377666499,-0.051521371739822484,0.017638134395595,-0.025587420000617696,-0.024787637275629243,-0.03611412450736157,-0.017507686325975595,-0.012831293580237539,-0.0006658101614852243,0.019419248454124193,0.024285803988335967,0.00038526437081218474,0.00048727398464889636,0.010778595751783217,-0.021746517953858745
37,1,-0.000965207311347991,-0.09528732868201505,-0.02328588333448497,-0.07276560434873212,0.01468292675820731,0.0007748520839753466,0.0175388800436042,0.061174998813288396,0.030912277037265096,-0.20466986804742518,0.03565988367884322,-0.013511117336915781,0.08948621805507498,0.04634152347213801,0.07160096746864036,0.011255469892638434,0.08794916749943643,-0.0009361058123223508,-0.010967663762635811,-0.01249203555866499
37,3,-0.0034128542015864735,-0.11122429811730151,-0.01569072549490665,-0.0755125437058019,-0.001138036271872198,-0.0023255353566882736,0.013023601158262364,0.09039972414685389,0.03345811004638139,-0.23647513368301723,0.021659669389099724,-0.00380972453316368,0.17028603197709755,0.06796313179180516,0.06780289819708638,-0.00981592908860872,0.09481058800329742,0.04032903711115049,0.0008505369641061356,-0.06455928470757832
38,1,0.04182127952418967,-0.02944596933887862,0.12477036025088713,0.13031315834691734,0.06198152166812068,0.012043950170761833,0.11441383472035031,-0.015117272260904493,0.04408265176789376,0.004730208776843506,-0.043892768274569754,0.0632257165348784,-0.009185602026536897,0.03277732502497242,0.03439711220797002,-0.07531242815311338,0.03560685955739289,0.05313155824407844,-0.1067409117627803,0.07300771993435155
38,3,0.04458656599594953,-0.018565569763855806,0.12815766466708617,0.16435134952297178,0.053456234065848644,0.00845615099587885,0.1737355785136259,-0.004378731342807419,0.06247074183613849,-0.0031633862848087055,-0.017566401432172675,0.0850578655998015,-0.008794801391243095,0.059725944180980484,0.04778018970990776,-0.0380230626624017,0.017770085446009654,-0.01440287623589757,-0.02367764981790122,-0.008694541397146502
40,1,-0.12549913366697324,0.004941202739898775,-0.0026524862070739738,-0.014917137482570458,-0.00960675864812218,0.08353765556995553,0.0453741174891106,0.0726303359504641,-0.014129651630106209,0.1344524416243519,-0.0619081893347813,-0.0356820384895101,0.07442657315786334,0.005436113131942716,0.04868402536919463,0.02340063520947727,0.11200224183087787,0.00983917073385695,0.025113465774621768,0.02608087805473674
40,3,-0.061149690762458735,-0.057170821876392046,-0.041253859080240964,-0.03668846753612563,-0.021944937427467358,0.08457349804245644,0.06318176487392294,0.1384507757257559,-0.0022834533303025275,0.05985934189594992,-0.08209881644746894,0.05691848168316751,-0.031169229808925458,-0.07481500067487835,-0.10055050413833477,0.019248598894797325,0.017785690068128093,-0.00294734553144097,-0.03805514300134332,-0.10884848369317478
41,1,0.03247678847624238,0.0006005418215200753,-0.008879049645642812,0.09458207607986188,-0.026135485552976408,-0.043987986904408305,0.018108051891354875,0.060227973263142776,-0.052504685128709774,-0.013598496001640106,-0.012428793377730394,-0.07769086354955605,-0.03770394277319478,0.014636067991049004,0.015266947341169818,0.06028750398709578,-0.06546805500189994,0.01741705903647897,0.11031668657202585,0.0246680528870827
41,3,0.03512237014075168,0.048038968333558335,-0.05044008891549633,0.06484291586517046,-0.01735347383954209,-0.03192523772464355,-0.049152684979053916,0.10219594743552995,-0.12606379809654034,-0.017938164108574003,-0.017361330555631275,0.026671724832742175,-0.05676065802384198,0.04550387062799316,0.09597233443011652,0.019498937226217684,-0.021360331655808956,-0.005048954367056145,-0.005653425148978721,-0.022913650727103285
42,3,0.03986989094119343,-0.01578510128481061,0.10831041178509031,0.15533798939836024,0.04648490071164059,0.015532782987495178,0.16232030834883932,-0.01497112834829757,0.04900897697411455,-0.01628477165462911,-0.012004031105927649,0.07747455828858295,-0.0026943770595980964,0.026699358456191737,0.04880436265031779,-0.034937367499907335,0.012018132265462453,-0.012098018218589733,-0.04337346171849792,-0.025384364347071305
43,1,-0.20737951668535684,0.0769915784271091,0.08648467175847763,0.01237167763045913,-0.0003580112244553976,-0.1581359061860349,-0.041593048855626646,-0.012192076448982648,0.021853950063091505,-0.09306821713463219,0.007593531899382533,0.039420503008022946,-0.05524260352548711,-0.03408089592027572,-0.04709219878794074,-0.009768389934186451,-0.008232652844702568,-0.010595317291953102,-0.012904699057007729,-0.0160908521047802
43,3,-0.13553203845140857,0.011494060043868989,0.005973775744526239,-0.015038172471952712,-0.006387955087781141,0.07459965121238223,0.04359319657784132,0.06825965735585124,-0.020174421752477717,0.13675117962600009,-0.0558732485257141,-0.04319678921932927,0.08128313366184498,-0.00983187234740231,0.0821765571936784,0.05888135325151239,0.10983955004863634,0.0021409246664171777,0.026800402921278686,0.06329120526352233
44,1,0.04113341628057535,0.029072448262725724,0.03182535134606617,0.026449919093322654,-0.027775052692199587,-0.00910414039354197,0.02224267859630524,0.030739892481965056,-0.011618805201036312,-0.010996136124850309,0.02234153185705662,-0.03297504008564425,0.0070100075037956375,-0.00115576300735554,-0.01709840981260013,0.046447861345798404,0.0013937537646746588,0.003749722724743968,0.03579511417346111,0.03247064904808905
44,3,0.03585972056868381,0.036647736402935754,-0.032613919266809954,0.0878820166184403,-0.04005703620418475,-0.02819792710944619,-0.04435180478134968,0.08057794555825855,-0.07872873666441639,-0.032308598100438075,-0.03831585890314206,-0.11541021237156908,-0.02683818029832084,0.0002841806681784475,0.014827832105936169,0.03411208725929395,0.001980785664148768,-0.06351151005867721,-0.015529668265337023,-0.03179614413876885
46,1,0.010197031966962884,0.0034791770097196734,-0.051308895973536495,0.03151010184016064,-0.013620840875093925,0.023088703392281196,-0.05913972346378387,0.08928536579031676,-0.07753886960250259,-0.01115043647307876,-0.0718854003597835,0.1402479786105832,-0.09132907377962399,0.03716936101807657,0.018239371217786175,0.1444880129769374,-0.03803861605700466,0.0390358934076193,-0.06749162239962629,-0.004075934761772006
46,3,0.011004383340380034,-0.022507703339501934,-0.04690051640805859,0.028955124174722194,-0.021155371528737678,0.004059488512565212,-0.03231405144540915,0.07995685955825904,-0.045779511248583114,-0.023107482748610558,-0.05418049173784768,0.0709980033928436,-0.09625581937872102,0.0029778964225797796,-0.008571755121891568,0.09440365671119408,-0.06410633992345545,0.016672549423671343,-0.019291093699372923,0.031465249915262075
47,1,-0.19047812597674454,0.07152288156953307,0.07038635265712231,0.014073992858698566,0.0015717656086056847,-0.12203121631714757,-0.03971525600703298,-0.03180856927256503,0.01493469469681219,-0.08658105891089694,0.02255971182987609,0.033426696783656236,-0.04521433298652731,0.0001335011996070569,-0.05165729995232288,-0.0223652967494366,-0.039971661855519765,0.00435702010430585,0.005901014077498508,-0.028199118608621867
47,3,0.009244423222381708,0.02288987988388418,-0.06295969474286271,0.05758544970580642,-0.0339522775580774,0.03364219965565448,-0.07557151009653691,-0.02855097595288042,0.10002859598116981,-0.000535304669003657,-0.0539831992493917,-0.008948755202562832,-0.012863285269404924,0.017441640575033758,0.009107524999840366,-0.1075499397442845,0.054244226966761774,-0.02116907279499855,0.06717206781048336,-0.006367895023070026
48,3,-0.003501873057791193,-0.07770071064188465,-0.018704134900983427,0.007363391944348436,-0.013990267966175252,-0.0037009241674057546,0.04109800884925105,0.01646278282920532,0.009098689545193467,-0.03777079381826167,0.017361715265571044,-0.020437930267781408,-0.018753439886013704,-0.025842723762037924,-0.014357029099249158,-0.00337990046403864,-0.1019984326325837,0.05969381806629418,0.04300597132712689,0.049813520224215146
49,3,-0.19156315265542526,0.0658625131459953,0.07022293723777044,0.00973445823949298,-0.00020734441779359753,-0.11268584803801746,-0.02862929532291948,-0.010210318826870533,0.012982677262174882,-0.057489553454320115,0.008094895789175837,0.01902411691986079,-0.030871078479600043,-0.01825349889485225,-0.018956046559237383,-0.006683283896987466,-0.01671105600458979,-0.0027694378695170135,-0.013751136308853537,-0.011760360209704805
50,1,0.0381875309224797,0.04295313964104457,-0.026480966253603445,0.07075041356296198,-0.0408201142537509,-0.027852585141025794,-0.043009479717429,0.08419187878400068,-0.08117538662507123,-0.025485427448582877,-0.017671971691854943,-0.10182168366185286,-0.015100224111883668,-0.0020267277736597178,0.012967890758255388,0.013898354934118234,0.008158376309734032,-0.08167232386951714,-0.055900400402371986,-0.05346650440434681
50,3,0.035384182548499815,0.02844573510018054,-0.021250283926989057,0.07575313278376863,-0.031684937013542684,-0.030106583301018636,-0.023801950862988096,0.07029109360140107,-0.053809312881884584,-0.019437711458580927,-0.018476184189349813,-0.09848919487479532,-0.021181874551980874,-0.0038342683444832345,0.005600130758789458,0.036097662515823775,-0.025186331679575725,-0.023804626100825246,0.03168900132019339,0.002712221275979387
51,1,0.03486195577542825,0.06298269666943686,-0.03914753767784477,-0.01942458307104228,0.027131002876091822,-0.02196362655751466,0.0059115410917045036,0.009755627164107378,-0.0013894214513280965,0.014190731763350888,0.03358636311405592,0.01700075780257066,0.020541127560797207,0.01638432949772505,-0.032498970344088635,-0.0208529489844232,0.015448770892328857,0.0155435081142416,0.01136618373012018,0.01954791629018205
51,3,0.0432571490439832,0.07039841124467645,-0.021632384598690456,-0.02017696333281655,0.023538470669446053,-0.0392943156148283,0.012753619045329945,0.05953260460393437,-0.051461741917747925,0.032755261235485694,0.10797951044415532,0.03374435675762722,0.04293771527553213,-0.025508299505880724,-0.011295974910109722,-0.08438557505941809,0.010206769317571305,0.012380972347057321,0.037815042739175804,0.02657009840066319
53,1,0.030397321813521182,-0.06527565030395277,0.10087473197404748,-0.05031869705260411,0.07436063315330187,0.013029444042253709,-0.1202249056518817,0.010419124869099896,-0.01526486430997512,0.010070894731441515,-0.08748772123435347,0.02592502817426062,0.09008089985509697,0.04960969289436601,-0.01742698499017131,-0.009117374021804694,-0.11461725525638392,-0.13624909159149343,0.0022063057559546305,0.04449855534720699
54,1,0.006405408761313409,0.02970772340991312,-0.050851763882025995,0.029198738511943115,0.012988294617362275,0.056758105756023504,-0.02373070463910441,-0.10075667773501687,-0.02267846180970794,-0.039768223049044316,-0.006195047702446852,0.023669344479213542,0.04353835456240245,-0.03392223074036029,-0.053899585736630756,-0.02091456847398431,0.006894065915545619,0.015164921676920073,0.05239941820066805,-0.0315524101734037
54,3,0.009937835085806255,0.002502227111094879,-0.06662630072892296,0.03284292592039222,-0.027626091291852763,0.005725222428553637,-0.047954549771462816,-0.025672372236567886,0.03628906482977212,0.009375580286423846,-0.029245604141305576,0.04095314400931054,-0.05621908456979688,0.057920878583352306,-0.0032383549739112513,-0.07062488561489283,0.07852246173855215,-0.05968780152896118,0.04837567033773161,0.05472089641594145
55,1,0.0069111076845640084,0.037956711984999975,-0.05419709739838099,0.004452914136042296,0.01112197095107274,0.049076969531363694,-0.019673908912307116,-0.07583129984547055,0.03687545925978083,-0.014634498481710738,0.01302724275046569,0.011835697422798745,0.005180224119828518,0.08940506393438469,-0.1158567442547772,-0.0355270870734622,0.061404464529881575,0.006470905299062055,0.0435334511657498,0.021264916925490818
55,3,-0.020484781618615555,0.030085853124734167,-0.058837187066824316,0.013273289732690211,0.006070211096499401,0.07624078225136834,-0.024227092526028816,-0.08746646774677269,0.032226387181866274,-0.013398033733042863,0.01795709820028694,0.011619693006481854,-0.014388404333548287,0.1710633099575069,-0.1539029918898727,-0.09340884554457834,0.09640283173863338,-0.00534310463321703,0.08407621150917133,0.03455203292907865
56,1,-0.030038034351967748,0.0029397454418925656,-0.02485479935886761,0.045132372929089275,0.009744139978560466,0.09121388652981509,0.018559482041770048,-0.08673425058031836,-0.020801101379250148,-0.011701396055496497,0.012387449265357751,-0.03400503818252524,0.056119323808409734,-0.008558158176770516,0.02608968371313907,-0.06903981652609502,-0.14742815989931643,0.10019551541333621,-0.10766589738370141,-0.0652635666537477
56,3,-0.033440707346510244,0.01620704375813688,-0.03745008197113478,0.038302750718968964,0.011768656394362677,0.10685991166593259,0.006197543426864691,-0.11451376033727131,-0.037136921846483484,-0.014147049179109899,0.03437139187612911,-0.03754143988821277,0.0661904923206611,0.044199900081450534,-0.027062510663173188,-0.057558831419876964,-0.14670082003669366,0.0959639710111345,-0.06806311892545593,-0.09792176209622823
57,1,0.0036306968218090554,-0.13484614173867576,-0.06358086641727785,-0.009319780480531002,-0.09590776285716228,-0.17465926680259813,0.03178455204090534,-0.13605009580582123,-0.047592606014533724,0.13733947809969016,0.03180472126217962,0.03477274296195403,0.05784005265179383,0.05383067038924825,0.043751534057093186,0.026456938973606105,0.06036739609306307,-0.06270609088499468,-0.08721124922214368,-0.1074291681573272
60,1,0.025143644420078333,0.03399601168205947,-0.06230173730830315,0.07702314823112014,-0.042304610741954574,0.006852391779787728,-0.0984315728975103,0.0315405517298199,0.03884374963485617,-0.016137004433579655,-0.0762858565036254,0.011656697716462112,-0.04770826063976718,0.015409888537514627,0.08770212696343704,-0.007850024251192082,0.02050670381129215,-0.016953712806104,-0.032833369600033184,-0.05301414128222851
60,3,0.029764719526915628,0.04177998391392044,-0.0651443410502354,0.08163146069107713,-0.03923873963937138,-0.00564551777755023,-0.10419089228108018,0.0792086135171226,-0.0382554745573568,-0.02510318065745615,-0.07840190183389206,0.047549783650292846,-0.08020526806936555,0.04210163236455502,0.13254240173313925,0.05717680835273751,0.014013098630859082,-0.018673960117904627,-0.06582481711664714,-0.05758179734806712
61,1,0.0415241412256521,0.06003467218156076,-0.016569301664539928,-0.004777416813626163,-0.042996023870202106,-0.011078508363870233,-0.055964108663413954,0.026698568726898658,0.21644544720048328,0.054498375788539444,0.060517985850858616,-0.008873874493521524,0.0676229127665468,-0.0790569918835714,0.023803390848317365,0.06216249584201975,-0.03833479521905249,0.02504077894469635,-0.03529266569596697,-0.024725985858290802
61,3,0.03722603225305879,0.04492763042155547,-0.03466774123708433,0.0308040697811224,-0.05265261380574962,-0.01440736432214896,-0.0999687569692019,0.04445608238221559,0.26851120447305843,0.049968531290715684,0.010719346092211987,-0.06402849949460154,0.04340493162956095,-0.10937415270070341,0.10564497356149204,-0.04678849958113441,-0.06520459724370305,0.005306929248390553,-0.05978359468808721,-0.05983811763854358
62,1,0.030327854750652767,0.0434356528860037,-0.01699113110422564,0.04264060360996413,-0.024857709582416655,0.0147424915164929,-0.021681584500703167,-0.026909226199469484,-0.007424831400618065,-0.03454991392658596,-0.01002275152735865,-0.09147086897859258,0.07476302226510202,-0.07193474268538701,-0.10009521820198804,0.03086821666304192,0.033031354100009166,-0.05182664630594002,-0.07285176654414212,-0.05322652629850512
62,3,0.03932920475078348,0.06533675838685941,-0.018499364664330456,-0.04871304944281109,0.012070386906055997,-0.016153495898351466,0.010436197644648322,-0.011568541891803619,0.10137522221186365,0.01814809605539156,0.016514728713269356,-0.024236515692811367,0.03348881544440298,0.02440937034779533,-0.07452174869138965,0.10462089820942484,0.018380495364151758,0.02863990827069829,-0.07978370080178125,0.02704906443557688
63,1,0.05103746763239681,0.04992527651205916,0.08217267089814538,-0.07435883224965167,-0.07823059971996542,0.01576465792552039,-0.009972759527624232,0.007336041983328222,-0.029495376274051324,0.02661185905111779,0.049254743833373006,0.013905847194098897,0.020131340839159902,-0.03280147303553552,-0.03351105663235937,-0.04126877457741412,-0.0017777722925348286,-0.04760304053854599,-0.053464438359150254,0.040977711606874585
63,3,0.04452301968585257,-0.007571033482140252,0.10815567237598703,0.14227370756655291,0.03143893762584657,-0.0010520548401655482,0.15473577227313484,0.013635835875707658,0.0437680748294047,-0.0030847233951222077,0.008466940726941862,0.043682204234024885,-0.008058425405099226,0.05954311840555215,0.018539599777731328,0.014218101946605026,-0.010506808627719985,-0.06337806461611874,0.06870877185955163,-0.05572197481574115
64,1,-0.0977083608943764,-0.03859187781257505,-0.025849821991449543,-0.035593003635296806,-0.02719317614336439,0.08998577310555762,0.07760380642168707,0.1551527922591264,-0.006227272917380904,0.14393357105435647,-0.12631672164806756,0.02591633774448168,0.04065617210329765,-0.07822767685884127,-0.069443752032858,0.03500355160961016,0.12274991289216329,0.0203297276123586,0.0023505675664443684,-0.07170708330955687
64,3,-0.00811164707382639,0.0278659001462829,-0.0411062461352997,0.018069308232802776,0.020541817482462553,0.07529079431011343,-0.010170978879857184,-0.1229254702453017,-0.0461949477677495,-0.04004192035988033,0.03064366968288752,0.0026329048250769973,0.07036340299151597,-0.06056655573617753,-0.03428299568886094,0.011198831205368628,-0.0732652542875678,0.021327665941778276,0.04475402415265812,-0.06744669074535488
65,1,-0.13093758181002596,0.0031788257759244208,0.0018333256042172988,-0.01960795637138566,-0.011503996179386808,0.07854190731570448,0.0501983005230279,0.09826561702899925,-0.016545414086458963,0.15273206420402824,-0.08731564751274483,-0.028152437645719744,0.08393567354987115,-0.01594140573590212,0.04939493770218753,0.0531648856788526,0.15254072158465745,0.006224915526079382,0.031050686124258518,0.043269120162376815
65,3,-0.14814079956154225,0.020418580195457742,0.018623673134020833,-0.012376036696087868,-0.008303291390151376,0.04058254853435687,0.03340884814245875,0.0722408809249297,-0.011181215670065152,0.11943999467274932,-0.06778288407591221,-0.028011766605115954,0.07229415013347357,-0.008094649659894818,0.051392636093704105,0.041685209367075454,0.138608279871558,0.00385140929445515,0.03271592687977355,0.05250972434608167
66,1,0.04091547181114489,0.0882674439732955,-0.07486506623124513,-0.12766820699199802,0.15882771375365495,-0.09020479228596504,0.12024401895291029,-0.05068854952725011,0.014893199042799777,-0.0014981517691846356,-0.17688970881230584,-0.0629179532664903,-0.04344485657241018,-0.008996950825751223,0.058003077801575015,0.012436932362492287,-0.022317651551008857,0.007764153335201711,0.02860443734040839,-0.06251781672448055
66,3,0.03828247150371908,0.06538750393260526,-0.04744729738153356,0.013109447804303944,0.0160762700128729,-0.03538945734304622,-0.01903333633670459,0.07626795955055655,-0.08504808515632553,0.008791553998400295,0.03818405674369992,0.06310809552637105,-0.007011531412495031,0.021260077587173177,0.05224232193646273,-0.048853805815392476,-0.0015788340616793785,0.019793616413791525,0.03190933091375975,0.017417505600762277
67,1,-0.12166307918515783,0.025475560703814928,0.008038596664108734,0.006270245593785537,0.002854620446942456,0.039135820250754336,0.007576160405406386,-0.03284604974931599,-0.016602819535397842,0.02527673187825273,0.039222656342348554,-0.047920460547329874,0.026554959736203913,0.03549325989645282,0.057829299911547845,-0.015219352980292514,-0.12221554498083115,0.02641573706301222,-0.054191027232715745,-0.050900073734639215
73,1,0.047499386777402015,0.05841400966807942,0.02408971451648562,-0.01929604183076606,-0.0014906987327679754,-0.023502287727493888,0.008226759006482846,0.05548801737133768,0.021674240561694296,0.05828863050609578,0.14222270915294008,0.049942061561052395,0.07336268603658314,-0.042929906128151424,-0.04201646497632121,0.015665652128736607,-0.02314859652701568,-0.027590906399855925,0.013748600494116166,0.01838570417746326
73,3,0.045761427973577566,0.06796584899500858,-0.0020184528823959744,-0.024167161515751392,-0.011716196899360107,-0.025192089032254873,-0.014180701509175327,0.05380882942111955,0.07377350724133812,0.05828411687304178,0.13684742335436087,0.029228354216915872,0.07959601663912087,-0.05777804208848281,-0.02894321310150126,0.010173354556400229,-0.018673475636068682,0.005340031141089562,-0.01782866249237495,0.024033673849459626
74,1,0.03464980459880122,-0.056264861612643574,0.10055151369105825,0.05049139914944397,0.06469708341217094,-0.004275602037019051,-0.009379185637639714,-0.004529747404855725,0.0040929525232762986,0.03463987515075358,-0.02213981740308152,-0.040059882940573735,-0.04791084928081836,0.008457713026226093,-0.01628901181858389,-0.017653444183685037,0.03701285164432909,0.14075558954476994,0.0071692226871797335,0.03738661292354561
74,3,0.029031632434368612,-0.07954236093347873,0.0994426496902885,-0.019966226501509955,0.10829292311443035,0.0025566147953807986,-0.12462628489610056,-0.0011646355137465575,-0.017897189885684686,0.07085975165890518,0.008501660523485296,-0.03797782359451993,-0.05448189637887106,-0.0027325460545420998,-0.025251265180032595,0.004820956639686431,0.049666594564880095,0.10322934720708968,0.04552974397698165,-0.09872413087165548
75,1,-0.03717190858254553,0.02825910853309536,-0.04350321465035354,0.03202426999255118,0.005815338421137114,0.08765081638973059,-0.027263218964972216,-0.08363037882205787,-0.04332032515311239,-0.018985660727975712,0.02538358672022214,0.022099403432913226,0.0329915297068374,0.06107027089849993,-0.0042231652049009175,0.019029932989083984,-0.09532898406190271,0.07186310089488161,0.0011269758303469695,-0.04931003915822762
75,3,-0.19956706127312313,0.07654982615025219,0.08001487796928407,0.014905921097444833,0.0009645137543768825,-0.14828023232416157,-0.04506019355321907,-0.028632125926040284,0.020121351330115982,-0.1031499060603501,0.019746518532109576,0.04218618563424109,-0.05823833597910076,-0.015848363233675965,-0.061269005554623626,-0.02211148232975912,-0.0362706162502149,-0.001685445328735936,-0.005012331532750891,-0.0321662399004441
76,1,0.04471937757933533,0.05334010629292906,0.022307773586833772,-0.032446525621791115,-0.004723748688199324,-0.01565335384815153,-0.004257527091927787,0.046367923926926714,-0.043241125210618986,0.04158451444324364,0.14563526731951612,0.012549474345931132,0.02918517935858874,-0.049160507644663176,-0.04603088161087817,-0.07677930954944621,0.05335423526711872,0.010031762914230753,-0.011622536997007743,0.0046742139146735235
76,3,0.042870784907406694,0.0642601998102111,0.00108020304908769,-0.023825308215212955,-0.007740866731865464,-0.018154473923480127,0.0035668232137072054,0.03878254946486741,-0.05238755561019477,0.02236692273017957,0.10175725592243832,0.020408710171232483,0.05196628746777926,-0.04056989334083608,-0.03852654271034971,-0.059122653093712806,0.019446612561428697,-0.013319548842997344,-0.005151691083318573,0.02455399071851007
78,1,-0.20234555699188242,0.07352971025102471,0.0817563685296643,0.011197456479936894,0.00013273107805846881,-0.14229671751292397,-0.037987215413485015,-0.010896791070942529,0.018123990093308773,-0.07866139490056998,0.0058777380880685026,0.0327592010091063,-0.043746640887176204,-0.026881180530378572,-0.03570588189000759,-0.0053046326776615286,-0.0063423187253517635,-0.00929533843469094,-0.007347917533287363,-0.006345328269765971
78,3,-0.1997147428668423,0.07110084898102892,0.0785745465204497,0.010058491932453294,2.1681164296221428e-05,-0.13131936750045226,-0.03423977552107714,-0.007246885921370696,0.015697256580384178,-0.06588556081734985,0.002377040446573918,0.027402204832875345,-0.03462387180443337,-0.024263205503214324,-0.02575539789614945,-0.00019855457602903503,0.002587442651484168,-0.008623953001552286,-0.003521291068579106,0.0028054416253250505
79,1,0.03282561901615843,-0.010646714925992543,0.06213045954794821,-0.021660383414186267,0.039174816513359995,0.031290050983888096,-0.05144164392578681,-0.06686494905447786,-0.04047775148184312,-0.019957896917804294,-0.11488676894418681,0.05803241561231627,0.08608496035938216,-0.10231185381561902,-0.0009792228216701402,-0.011214233635187625,-0.048011518075037875,-0.09190630823855042,-0.005992338749482171,0.08290679709039106
79,3,0.03426515997992203,0.03517978977649636,-0.03583411886037088,0.057263857238354164,-0.03723715633030178,-0.010866723650165404,-0.09693046851864695,0.05704511501241424,0.0799192179400444,0.0070380419238816475,-0.044902488588996696,-0.03494731778937672,-0.016882495459137704,-0.032346547355688635,0.09245519152023254,0.004261142976689573,-0.020046227178273368,-0.03898082000265922,-0.047525065506846466,-0.05597368818477613
80,1,0.042581653081460155,0.0010981256421577663,0.09407826972636088,-0.013291452588827624,-0.0016143772517229276,0.013480247364514137,-0.011243688016075783,-0.006360970866223266,-0.0003932963643923844,0.026236554730931193,-0.015216283078960854,0.019568516119342325,0.015128511379871042,0.002617906174140591,-0.024834132550849722,-0.013186534438341934,-0.007070029699261241,-0.01845084484816746,-0.05818899098638636,0.05837212945707153
80,3,0.029724174273361558,-0.03302921131905543,0.05267165350188105,0.026504971444410514,0.03265863618779443,0.0017168882378909966,-0.013994400751404316,-0.024022331385380274,0.0008518175952830353,0.018577363132469944,-0.034422390873954455,0.02491782713954061,-0.009564239416956916,-0.05189966906149411,-0.00325748378889598,-0.04230253864962309,0.018087898883412685,0.04238676902457724,-0.0665601292841433,0.09685567669384647
82,1,0.04554917088294134,0.025268870565066114,0.0682268979887008,-0.048588101884695575,-0.00227080382978637,-1.2129219918297732e-05,-0.04767590104600203,0.030338094224340563,-0.009649929097132224,0.06211367331406797,0.07867851997008415,0.02391678866824046,0.03972522749483314,-0.04083497185528546,-0.052646868420264475,-0.014783629072023578,-0.017740659002400183,-0.051722298352147894,-0.05637233549214152,0.03692106356428552
82,3,0.029942799999471838,0.04960909090355066,-0.03625916333755105,0.03733806646007022,-0.004622799122473582,0.014995957598456492,-0.0469593964245074,0.00511901177967693,-0.07919107209399391,-0.026721882538720286,-0.015114162557999371,0.11500250057275702,0.017338168659610395,-0.025071691291098142,0.018102255921611778,0.11237735401175505,0.025269976469565813,0.05034053447943979,-0.02889858433400455,0.024753495433395965
83,1,-0.04048632946719812,-0.0229252482442877,-0.02754652115869801,-0.0038244293163604915,0.02032691771734354,0.09687529570019161,0.02453829618981236,-0.045732419838679775,-0.015013244509668679,-0.015721305022929594,0.08700132128140499,-0.036561710695461345,-0.03768479857840816,-0.015304581717011278,0.051506153421912566,0.002532339672289293,-0.09061986497866077,-0.015675533468452164,-0.036568842056001534,-0.01620228443426163
84,1,-0.030962676642972694,0.025061975097076798,-0.044697927688348266,0.026050685405736254,0.00843661216627345,0.08686214016169527,-0.012797585046359432,-0.10316948323161242,-0.021649397827592287,-0.014894091149186293,0.04408470413534345,-0.02606342104012575,0.04208873209997391,0.062127526563622484,-0.02231964330319372,-0.014728356660688658,-0.1376455343604328,0.06903883829991982,-0.033023677608559766,-0.0930859449292562
84,3,0.03011922093501268,0.03614826080547278,-0.05758361475221322,0.07514621003568692,-0.0366003486547671,-0.020898705050119103,-0.07036136122322259,0.07810497558911068,-0.08699353205317681,-0.02264073257921831,-0.04754001305717477,0.007958862369049281,-0.0676470095426643,0.04662723276137615,0.07858832579166422,0.04316716311036695,0.016871039005992922,-0.04436436304850526,-0.03177292920448414,-0.026918167605398172
85,1,0.04012678777334434,0.03861843534076892,0.010891911023843487,0.026002926290135897,-0.04622820583173815,-0.009509358694915471,-0.003932977949166686,0.0426626053142958,-0.06350214505034539,-0.045729532780207256,0.016467246806241242,-0.112788668986588,0.04299584983298997,-0.021521297606864925,-0.06890606502042841,0.0037428356608269096,0.06090363072367949,-0.09164099980084234,-0.0913989540062448,-0.0446488679034543
85,3,0.03001517460661777,-0.012348515031000564,-0.0022588059342295705,0.09215378687815226,-0.03898559510523336,-0.04511927953006392,0.019174497916030212,0.027955632095839095,-0.05543352765475328,-0.022922672899790865,-0.021652280490995244,-0.1840808775673323,-0.007695335420856703,-0.010659375612468412,-0.07125981219014031,0.06094528968731357,-0.024689878380791327,0.012449251111954423,0.05906063550658257,0.051731083549142146
87,1,0.025613950411815575,0.03347931693435315,-0.021649499094422226,0.06494920752492443,-0.010291741850665627,0.024104746980452313,-0.013500392300407931,-0.044536066140642705,-0.052950054011021985,-0.047215512004423754,-0.03614614906919668,-0.035967660369909206,0.05131770467383969,-0.04490391203743127,-0.07352263915298629,-0.021314047961486476,0.04362788408940301,-0.011897087461192167,-0.025812644771624597,-0.03419713369582843
87,3,0.027766807133941893,0.03748781171927699,-0.05134008556968849,0.06926844404413547,-0.024334766552524506,0.0023268945633816863,-0.06402701311591383,0.02269323149401136,-0.0340076226336721,-0.026715565150409685,-0.05334535523864079,0.019341457423341094,-0.019322711146424143,-0.006113188623642127,0.03934055906176339,0.008079451574862848,0.03204383475780616,-0.008352085411155986,-0.008372054386348634,-0.011882400090700863
88,1,-0.14290563891435526,0.028535709782176736,0.036309108527609726,-0.007035075995074915,0.0054632120748401795,0.023604318718211937,0.0035384475414472344,0.030818673176815848,-0.021111136217331967,0.09426515956475166,-0.040430298833921886,-0.03659233007986622,0.085269150440106,0.013598318592928534,0.09593472707162105,0.06182548770941401,0.04870680560773363,-0.013288616040060987,0.0237758362578892,0.10622331496599886
89,1,0.022520479407009377,0.03226530034681643,-0.02705068581597932,0.06327159356255994,0.013517828196913814,0.044604044201781504,-0.019709979553965685,-0.0995769449330659,-0.06429387396558237,-0.0679312514675366,-0.09318668293775002,0.0381126405100628,0.09353298164545558,-0.15036136707627934,-0.036341439732927194,-0.007258451683057922,0.04734123291328938,0.01508670703429338,-0.023020126842998218,-0.0149866073884958
89,3,0.02192547961955325,0.03214735894219446,-0.03041861275075321,0.06510313645618548,0.021152605634469374,0.04622231476595167,-0.01283568294702237,-0.10546198674381482,-0.0803904067680663,-0.07401550867209382,-0.10003989651351987,0.0749017121123514,0.0907783059285822,-0.18084032483705711,-0.007532496800788199,0.019638310990899487,0.05743429850050911,0.03591910885039877,-0.024918457532377793,0.006099789422802488
90,1,0.05132374174021921,0.05912750135361351,0.06657845188889862,-0.05915164008627351,-0.08408263231397213,0.007502839691574606,0.012685525628153142,0.017341393518156868,-0.056482556855203404,0.007450627522601546,0.05839717270311084,-0.01599987042534039,0.014872163665729587,-0.03166911959325563,-0.037157911445058575,-0.07019903025180908,0.0313809477797422,-0.047885508700967826,-0.04979137517317811,0.004725992687879638
90,3,0.05070452432185255,0.053942043696265304,0.07612924333673583,-0.05270271247759767,-0.11491010826868879,0.01839444453631407,0.01831023326841312,-0.0025384141448853573,-0.05718842585191946,-0.02163741287996371,0.004239814485089791,-0.07371848891188393,-0.006186408066673672,-0.010853497130605141,-0.053908314278621604,-0.032341631003134357,0.04526117333473537,-0.07033922696277932,-0.07075360194047717,-0.034597131718878606
92,1,0.03496298766643573,0.012427196387672172,0.00710126734048716,0.10089646396969222,-0.035623445382001274,-0.025794148906705654,0.019595169416329633,0.027871607653775263,-0.07568655804826505,-0.03678894277909398,-0.03580053185044023,-0.18547628580197606,0.011710346367371158,-0.014791280005406597,-0.089927900523938,0.040728099819912655,0.01072040286704281,-0.05461293312411244,-0.034782629597110565,-0.004441566666366934
92,3,0.03187442007614419,0.025184415404585072,-0.010223519796107534,0.075422361416457,-0.06035249180560283,-0.009892745817676693,-0.010773345777151737,0.004996537541220984,-0.08116681359589802,-0.04523910060331306,-0.04033718381081719,-0.19987824786858338,0.021729329888657476,0.0013545240370689254,-0.13551993703965665,0.01727915720767004,0.056298166329841845,-0.12803589850573857,-0.10568463006304511,-0.09268600620868067
93,1,0.00716848091588142,-0.08043404557628639,0.007540419503158855,-0.025675665803038608,0.02617705124695318,0.00586406797016589,-0.02062645521832624,0.019824365076146856,0.02447059161291281,-0.0673105220662791,0.03661591259623376,-0.01989020784727903,-0.01604470216829909,-0.01427459746646424,0.03940143164339899,-0.0073383836276514625,0.014990928349666135,0.020049852644271945,0.011204320044828653,0.017182610465490755
93,3,-0.01574759980134596,-0.10243953664244919,-0.058026642383445695,-0.018043694337160132,-0.05801865317447598,-0.03401517543775084,0.04993500160075709,0.030660030489430976,0.0024967188067702138,0.03999232165441545,-0.032298301609178154,0.056140077844976696,-0.04221854580235029,-0.042905510860052856,-0.08780923845953796,-0.028991486792877892,-0.09670456970706001,0.04614932781649133,0.0014941240111403505,0.020428562117096358
94,1,0.04008027055096841,-0.01070624743191077,0.0842539527396023,0.13934599442436488,0.02103624621128835,-0.007499171415977088,0.14716137112497596,0.021853327899588708,0.04695925217828969,-0.004373994949011084,0.023354476580398197,0.05107122929962977,-0.019940368120937788,0.05121776098731237,0.03774752168447736,0.045133111726426624,-0.04424810028259824,-0.06839056207601674,0.12353484696957429,-0.09287867010516339
94,3,0.031512951156445694,0.05768558628494432,-0.043058011642373786,0.011163547294954685,0.0047882310593640376,-0.005584562880452701,-0.02845998689031118,0.02608036930756471,-0.03056455495547206,0.0020403778402424775,0.029598780999855474,0.06798342917394978,0.0042578007933949166,0.025472763497434003,0.0016813393195609062,0.03612970492011741,0.012892519951256926,0.035995447846246205,0.006185730087311493,0.018235256917682678
95,1,0.04264188134797007,0.0568646471179269,0.007104929066697692,-0.03287519152088547,-0.0002803405939057922,-0.013974016195371494,-0.0029876818508627967,0.024236915637880586,0.02648785911712624,0.0320313970086965,0.07425062379195685,0.028290920787430462,0.04351431075669784,-0.012179765103129823,-0.04911748672607754,0.06060971307121273,-0.0018048406039880421,0.00011894049035058485,-0.033017569331621956,0.04686087870136836
95,3,0.056727374726714616,0.05992082152368143,0.12942731548410707,-0.13946778936797727,-0.1938449953586936,0.055915231144819784,0.023617180900100558,-0.05925218231840001,-0.007277522001341925,-0.030993061864120906,-0.07009554651729259,0.0008341665466235301,-0.07956495308006685,0.02816252040674647,0.06353828568691336,0.0002458690675177424,-0.0068702294372814145,0.05624282285414421,0.05717515956628521,-0.034432773733719065
96,1,-0.001195373020366405,-0.014139072651667734,-0.06175151522898761,-0.03178032783921268,0.030801821394590274,0.034081777762267784,0.013273372107113981,0.010025391422772097,0.011734722984722449,-0.052050604320644754,-0.0025668879934309654,0.025687060960299334,-0.1459166179897739,0.03840387959781137,0.014774982751047641,0.03927690968128503,0.034606983773627295,-0.11088681010157535,-0.0571686260797976,0.0775074265497573
97,1,0.041721872600086904,-0.024105856462412308,0.11392382671386726,0.08040957115924201,0.04226068143793187,0.0078000464337876375,0.058333749962476415,-0.004361686536167534,0.017681948130710355,0.01333262797073254,-0.03779151134426691,0.01919340959493166,-0.0008629509969253096,0.030983945642925306,-0.004770181161884685,-0.035644282752466616,0.008891081802250024,0.011083077563640745,-0.055921942995099554,0.06396244941930489
97,3,0.03760409301794783,-0.01656641067444415,0.10808544413326905,-0.04583371338304828,0.023129482023128804,0.02068115825513129,-0.07771921264673637,-0.0019500144909929198,-0.02588315309248679,0.0381774073150161,-0.06545580501496598,0.04088357070769193,0.06695594035768103,0.017457203250487788,-0.026156398097792723,-0.008926670434121636,-0.10363848073982157,-0.13968934064372332,-0.04193914084906528,0.10522275723368282
98,1,0.004123616007616252,-0.09102376498848846,-0.06635909804767183,0.013196657206329869,-0.07750928646688435,-0.11369495355143969,0.005897293547441052,-0.11191569904032532,-0.01957222772610093,0.09967908244330857,0.01003032334002548,0.025544197045839073,0.0037579745518537457,0.043234257844002116,0.02799853636266098,-0.02172343974272282,0.0474644945604949,-0.07215616679536427,-0.03605547633473497,-0.027663855864003887
98,3,-0.03281874281328915,-0.003328262825815332,-0.04305888815438714,0.023643039924621575,-0.011567841906424842,0.048279771583833314,-0.0044178000106203765,-0.07420032916740087,-0.023644365589712633,0.009233516265003839,0.04428475342538407,-0.04527421032742119,0.010049933520446714,0.05816346513228806,0.003151384361662605,-0.021098394679455304,-0.10513892070457478,0.010743523114679887,-0.05108437807925997,-0.08467977858460149
100,1,0.007218592014901274,-0.07468334214300386,-0.002227547940961717,-0.014300088088202413,0.011623674886528374,-0.0041651666640030475,-0.021668211831920966,0.02399195150317711,0.014120103348153433,-0.0032792261411366693,-0.024885166293231047,0.03273471428327191,-0.04132872002874446,-0.019972097129697365,-0.023834348600715424,-0.011472922052378907,-0.06663619195564807,-0.028625832087201885,0.00761942559082983,0.06896141955425299
100,3,0.00828629854248153,-0.07892042779263148,-0.019587565718418166,0.027481388626687815,-0.03334967871765407,-0.04738069697232936,0.03873595316046573,0.006971018580175107,0.013671044416588347,0.01880280358203398,-0.013528646929804248,0.0141110232040315,-0.034703755768077,-0.021148184705242254,-0.021526129574049754,-0.004376485991899356,-0.100179187362883,0.04926854591466704,0.055127778861548654,0.0631869567249074
101,1,0.04029413938601604,-0.000418876356188106,0.06596879635320822,0.12283870756127849,-0.006527851848314374,-0.010685681467875121,0.08637485620493535,0.013413589777599565,-0.0276239103873784,-0.029766915648816422,-0.03127403180720693,-0.1223019520444066,0.00927601365097254,0.005852147258080504,-0.07232577852254979,0.03554604807996166,0.011366718703066502,-0.03783781773283176,-0.018227921742745797,0.021572821578688513
101,3,0.05929690759303122,0.05963298502616664,0.1513429170272572,-0.1582613635041709,-0.21908189223650223,0.0652066087828019,0.02753716057603343,-0.0684339478521973,-0.03324244030535322,-0.03790630995398171,-0.09113436745294733,0.00012375118128019213,-0.0997607974053211,0.03232647665207639,0.08022942099997395,-0.025368224037363583,-0.015155286053704945,0.046783817619809424,0.07039121061972774,-0.043037621571241615
102,1,0.02262207100186469,0.04058315023977364,-0.06394402566887544,0.04783054554378312,-0.012274248898948533,0.01156239229161564,-0.07123047183347382,0.04754785348882311,-0.06857281444790607,-0.024438497444480484,-0.036524945959937855,0.11863392707137752,-0.06641461469976416,0.07203908328843235,0.05768963766674921,0.10078505804296042,0.008645854196323471,0.04290416162675078,-0.035473484375100915,0.012894447968716884
102,3,0.030321520776230796,0.046939869724517205,-0.06648244245518808,0.06776584678709367,-0.022971298996293205,-0.013774924035678506,-0.085277353405891,0.10804933458868701,-0.11574359844563598,-0.023562130830650042,-0.05388184162306479,0.09772942793866377,-0.09443632626090658,0.0717405320064313,0.13364479269736643,0.07539559130818557,-0.0034217448966178364,0.007311928447272769,-0.05773129849975403,-0.035561366723561215
103,1,0.04642078952851917,0.04955506035349631,0.038750023465234616,-0.02247256008039287,-0.03182552352011368,-0.006195555118871544,-0.008441667467225638,0.036514967528195996,-0.03217533462591668,0.026201715932462108,0.08193143715020125,0.0014583005086292256,0.038040875366253744,-0.04240739906021285,-0.04417468944426253,-0.02903475449380911,0.021910166083103484,-0.03653933678872183,-0.054015399557505124,0.019337329013854238
103,3,0.0556576272567945,0.046750790029168605,0.13801932539256062,-0.13538393169879376,-0.16425769680826888,0.052516049073337144,-0.0008719408004100121,-0.04672660940255026,-0.02934360337951925,-0.012913355397115252,-0.0672473623686889,0.010145024907605571,-0.050355607244956906,0.017687124975134652,0.04317979128243899,-0.02777013558925937,-0.04084001665908241,-0.016570294757286667,0.026015359799693417,-0.0031597214411761445
104,1,0.03188249100561593,-0.02963735189107374,0.0605720679232572,-0.03434522055043771,0.06213061124473915,0.0041021663800175035,-0.08808375138297712,0.013156279395236238,-0.00645510016024607,0.04020084070498953,-0.014697920481910032,0.017997588637626197,0.00653384505505587,-0.003428548894834328,-0.02488098103770461,0.027915148935667523,-0.042318508908766345,-0.06874628589918351,-0.027764228040215354,0.026751519544538086
104,3,0.03592779417016454,-0.002572646155586722,0.043176393951907116,-0.0299219139230888,0.04675133907024004,-0.008855226686766441,-0.04215506369786135,0.018672256846115128,0.019309318322862288,0.04034523105095251,0.0008247809849816237,0.020475962098828238,0.017750730831164782,0.014240774550712014,-0.04742698293718562,0.03625299104086732,-0.05247632680474583,-0.037380119107659746,-0.029887957744092305,0.0737634727312725
106,1,-0.011239702467611867,-0.08211414462789525,-0.05864522294432161,-0.009915539926026826,-0.04616061237242982,-0.008679065137508195,0.0326133262398263,0.05525215615998436,0.003685101417227967,0.009208562959689177,-0.04499257187528083,0.07213350284289498,-0.0725352479227155,-0.04508774876161237,-0.09084857538114223,-0.01558518621465062,-0.10430049619403654,0.04147184316620754,0.009883164091929332,0.043312729738949965
106,3,-0.1984009605386835,0.07156975895606912,0.07759373791526665,0.011812203594330994,0.00012983929724705905,-0.1342541024736307,-0.03598715297389177,-0.016020305574899567,0.01676094469081679,-0.07857646164293916,0.013031616622174877,0.027797544601421698,-0.04427958941498165,-0.02267013331362013,-0.03284216980648177,-0.011679499791982788,-0.028555951815798446,-0.004180419814073819,-0.018129586314992438,-0.02270202008621437
107,1,0.03482078023652092,0.06521718124916014,-0.060998874192626396,-0.08407599103541763,0.12822629134735142,-0.05221115203595916,0.08265794244786909,-0.08380517561685549,-0.042760439202164956,-0.027622275178165,-0.14868082668156876,-0.0055170819117184595,0.013658390941188023,-0.15874042791407708,0.07037393280325589,-0.011790708583559047,0.007919214128836382,-0.03858745022173184,0.12447006871805542,-0.03105520969128636
107,3,0.019586005926706316,0.020134529914097237,-0.028865281230517133,-0.010569250801931699,0.05552106896416371,0.027053730407393204,0.009564620535694379,-0.12592813055344768,-0.05532368495123156,-0.051610389349691206,-0.06435122753350181,0.05272221487533261,0.06920327177447215,-0.23264455720290053,0.02037840967008938,0.035936209698303655,0.030192890392691824,-0.05777780519881025,0.12051470099731151,0.019960035256436207
108,1,0.03818048336609857,0.04951884431592411,0.00033344813182627095,0.0055802194492413125,-0.004128579957083382,-0.003931968966530397,0.0034923295699623,0.017834523153851006,0.0022916625457927654,0.01366468191793795,0.07741998309294369,0.049140192687172936,0.03905262641426278,-0.034307881413881934,-0.021595731075028716,0.06220298941176726,0.015681374742456775,0.010192005733872347,0.015383180068960872,0.012857826694618976
109,1,0.039736034823486636,0.05526165280944967,-0.02329648593602895,0.027510886587654562,-0.004051609942116937,-0.029394268334463312,-0.010315442876664142,0.062465118892245694,-0.07504528708955471,-0.0002209053519478934,0.03478110222911896,-0.014619976655184923,0.012651995294459513,-0.0062762100665127675,0.0001770434568289368,-0.03877615387577905,0.007002304901425494,-0.015714232726061473,-0.0004287533600467381,0.00036066189756169356
109,3,0.045887100884503464,0.06882398209778788,-0.004998796313624567,-0.027067610188450553,0.004625556067349733,-0.03611192875119847,0.0008146815478768192,0.06868325490076437,-0.04584814065820224,0.04059161835156999,0.11056097574178939,0.01783580782314245,0.04300084983033323,-0.03048655567863011,-0.006213047635477005,-0.09986329860628247,-0.006623858093870776,-0.0076228906844693495,-0.008546696266746916,0.012499501916562355
111,1,0.0007152945604618582,-0.10615962162587927,-0.0380475095050132,-0.008012030377887234,-0.04365680995564217,-0.06731864523943609,0.02760607048600954,-0.013697528667714424,-0.004083246875717676,0.0080463774424751,0.007745501801494511,-0.002870613694502861,-0.014304347897003127,-0.018634537266841365,-0.016424360883288226,-0.0027203859085519477,-0.059781048266557876,0.08125092280808424,0.03561368164038533,0.0914270013126862
111,3,-0.001480499416421895,-0.11677382248321401,-0.05798841275642191,-0.012459074887623274,-0.07148600177760173,-0.10447964901952853,0.030694201451223774,-0.051361919113785064,-0.011457179435775348,0.062192780990414656,0.0027123797064695335,0.03481195201503134,0.007984002564427904,0.0034235408822395536,-0.0050475282305585175,-0.009706761264484358,-0.017340445796348396,0.008467553648906999,-0.011947979284119618,0.013101049418151435
112,1,0.023915458912904263,0.0038733483570900003,0.039231493930400776,0.10852760486412856,0.04401367313836339,0.05139676074068315,0.0700640225986091,-0.10408618617056196,-0.029770766851314048,-0.05610406920709167,-0.09689631681473551,0.06301007940023214,0.08247291251005194,-0.13908014080902262,0.023644670488306492,-0.09830297696118637,0.03541480608284313,0.10769062121369681,-0.21488385345105715,0.059307132365297915
112,3,0.018889476970109533,0.006972506850020554,0.026296818874884376,0.11131833539576597,0.024684819202492173,0.05114255000747672,0.05908738451812464,-0.08902340803275201,-0.04399076568463384,-0.054825281238868116,-0.07523528668096102,-0.001759198502237952,0.07976922605847238,-0.0999948743212115,-0.01306074521562384,-0.07016646912868871,-0.004067370734823035,0.08956458403529668,-0.1881933557299639,0.014954419283805746
113,1,0.05682237341303856,0.05372051433236007,0.1364177461764074,-0.13240527298012492,-0.18152329264981715,0.053201422074953104,0.024555713907043208,-0.052675440040516025,-0.02522868193492498,-0.02713672864542368,-0.06665284127749982,-0.002684882465257175,-0.07338450800430918,0.02868773411066942,0.05031402314026461,-0.020209843525115005,-0.00717215828239844,0.031596451302583116,0.03775727825183798,-0.017741189551180363
113,3,0.044315460156830265,-0.008410732961707855,0.10844527262995737,0.11540287648186333,0.028642472498839975,0.0018257628580315673,0.12273548885304539,0.008441693351069238,0.03748459273468675,0.0030888943737691957,-0.002234347067134198,0.03837238963157603,-0.0041452499718445555,0.049272563308919014,0.010917575534753443,0.004664736901265726,-0.005086428843878199,-0.03705777917164309,0.03171951337035428,-0.015503260553034661
114,1,0.027297801274979782,-0.04293917211430299,0.0038784265528994254,0.08027221251317948,-0.03342022295937047,-0.06420603894113708,0.02160772006385727,0.021612392256801297,-0.03752513594894385,-0.010035670240831424,-0.015442494513250181,-0.17498471912181846,-0.024825934157972476,-0.0032656996997500395,-0.04435173178437593,0.07261750247325707,-0.03404994098788181,0.10388293728921578,0.12304363598746569,0.11367625195629127
114,3,0.021412721972646428,-0.06094843167401519,-0.011690615678259283,0.06260117840526454,-0.04053267600305476,-0.07735395340708758,0.02182769302491629,0.01258530371793003,-0.04253639205772564,-0.0008321545935488224,-0.006888544654198344,-0.14585142430976777,-0.02623270700005643,-0.005045645365573857,-0.03866557548000492,0.07001890977215619,-0.0586259969741315,0.12466025158147609,0.12957364679941993,0.12919397887208103
116,1,0.038990468106512396,0.027325360272741173,0.012420609081123387,0.08512368638805203,-0.05991681819628993,-0.017690989800159186,0.009035649041183383,0.0316558664654139,-0.089565070996896,-0.054107560945940755,-0.036378232921365806,-0.24909061477548583,0.027730756940166978,-0.026057403950961327,-0.15184823797325084,0.0499775613738667,0.05713769269318044,-0.1485615392686394,-0.11057356636045676,-0.06857326059359752
116,3,0.03794525101189558,0.01943906090141482,0.01151003805211526,0.0997316033283208,-0.04818759076314545,-0.022605145429556803,0.01123264971611817,0.036522483573525104,-0.07324316771634946,-0.04968128240849242,-0.040968849248728574,-0.24483414330693914,0.019147335725277877,-0.026515451131314278,-0.1314913719390541,0.057643879951591676,0.03977693083668636,-0.11304102914056342,-0.06689911325096529,-0.031114756132251013
117,1,0.05000276914180587,0.053893000948866315,0.062345269352078445,-0.0630377733891684,-0.07326777178072068,0.008746614538649096,-0.024168264925388233,0.016843912639385523,0.02705883618255519,0.038412763196519574,0.05712824824036774,0.0076079001202598,0.030951399231472346,-0.0460340989801006,-0.019022360460872204,-0.020672702347448797,-0.01987650462410307,-0.03404431849150407,-0.06503944255473716,0.025402143397555376
117,3,0.04155364750315264,0.05487716668838397,-0.006248621896057433,0.0018583653358037414,-0.04669570710812595,-0.009015759347752802,-0.05367842692539665,0.03635990404130048,0.11093812982469826,0.03327398179213429,0.04530482437942117,-0.037202792697936936,0.048947766760941716,-0.06957320516387747,0.007158323568373365,-0.014334245907882714,-0.018523819904144288,-0.025102512090788887,-0.07731879330055844,-0.018896043817482326
118,1,0.04232081670902358,0.08581372056324672,-0.0618145989099918,-0.10011011418704753,0.1222208725089028,-0.08172399042564914,0.0882277062938739,-0.0038799202545066196,-0.010357240637080316,0.013377033682487983,-0.09114865938141552,-0.04719533777829993,-0.028365566993655396,0.0234318651782529,0.03655553574256988,-0.047071814131057876,-0.02588094977302658,0.011110187896966016,-0.004220322354777127,-0.03230110214808037
118,3,0.04010856452479028,0.08064711699361647,-0.06082895370399811,-0.11101812115164873,0.12478255505872882,-0.07321088486797013,0.09361317197852267,-0.026880936565782984,0.026523785457269317,0.0023111685561132927,-0.11244433376892947,-0.05754963320524009,-0.03955468180895267,0.03776792845059115,0.015050949958996957,0.01901723739737029,-0.008606253329866765,0.006325136620641846,-0.03668656140854681,-0.01708514595030066
119,1,0.02433755582651453,-0.012247512702918345,-0.03141525014692249,0.04268489794086947,-0.0361319950456222,-0.016263214065798576,-0.09364057219584777,0.0251263885476752,0.20009891080979372,0.02218605007509705,-0.04462284216572889,-0.06241849553644739,-0.008488268448156281,-0.07732911004117567,0.11293004583780268,-0.10336805477484072,-0.06446236662044005,0.02002340834584876,0.010823185459945647,-0.009339562976915452
120,1,-0.02696457488641503,0.037100620797356605,-0.04727942538652435,0.02548041648161081,0.016115448867136593,0.08279820452983166,-0.025164505590378708,-0.12201813009596293,-0.0442304820607276,-0.03853885329922171,0.04410043806121647,0.01905449940505311,0.051767614113798516,0.059072570155027614,-0.05826432116208029,0.017404256136631525,-0.11725940423279514,0.08555133269980757,0.019650922567088874,-0.08703173485648773
120,3,0.02112402310116481,0.0522291803696669,-0.05495850835130185,0.033895726619207624,-0.0017734597752160275,0.024285092014906393,-0.062381721718135476,0.015015071438402524,-0.07674172113535246,-0.02288332241728089,-0.0012814353146112087,0.13937071730570066,-0.018824965901802684,0.07721264339425551,0.02059653004021542,0.12982167852079005,-0.004057968245727157,0.09158946481850674,-0.03745795434013982,0.022025918030029703
121,1,-0.10286709940307787,0.005275282201389147,-0.013386726859409346,-0.009427143797308144,0.009222968152217839,0.10973167432027815,0.03271614863352659,-0.012562442426510174,-0.03221043785899334,0.08095356743527465,0.03644357124413467,-0.06764694663721475,0.04980180611649698,0.012330400791914532,0.1365650686424951,0.05771539030519349,-0.051217071286480904,-0.024164142428631068,0.007260140445858781,0.0975645554424449
121,3,-0.03546866648353453,-0.04357298320950743,-0.043665132759587645,-0.032414733882974715,0.016921225136285734,0.08502786126303327,0.03118127267518055,-0.005055455983601718,0.008227195661317709,-0.029649189868854522,0.07224645704499481,-0.01448855126108912,-0.10854713464038783,-0.0208552291632357,0.024435299278448053,0.01458456472030339,-0.0063878763024787675,-0.1316002019793423,-0.012723662188931437,0.12241033224862063
122,1,0.028942544481582747,0.03218730220699706,-0.05187757786602335,0.050490953807725676,-0.05049225099163545,-0.004023570008110809,-0.1019465224349597,0.02002767598458819,0.2189205944217976,0.027239245210452585,-0.041080890837926765,-0.04209867283382954,0.002084782493697042,-0.060656171974323034,0.1008140500397556,-0.06844584135825628,-0.02298087869548394,-0.0024517288495093667,-0.01128209504924941,-0.04505738896341537
122,3,0.016124632000780206,-0.016190009494903033,-0.059041629965747126,0.04278711317179816,-0.04826460810142138,-0.015927886810016993,-0.07486105396807725,-0.007627840852461487,0.13847957202325162,0.020545099576661018,-0.05009442318228879,-0.0068670651173155725,-0.04100856368775302,-0.024936892058463823,0.07312410017942385,-0.11884689270192354,0.007024029088747954,-0.03461953970214835,0.04152745111702328,0.030257580485035147
123,3,0.0303596614809265,0.04257592469690718,-0.04276676884267588,0.03319347660847345,-0.03516008007581185,-0.0014355028822979966,-0.06600489353270243,0.00863710599109816,0.1469973403734682,0.020183603242252865,-0.0051840611394420736,-0.02104230047008164,0.02027642806278268,-0.03474718710681344,0.027905443734094273,-0.009025495368981267,-0.00538854521375235,0.010046800972008364,-0.0009374568545175098,-0.01908756650852858
123,1,0.01658480493155704,0.034805864475661384,-0.05337063439080362,0.051192375295706534,-0.017797770507632434,0.02181458739979527,-0.05326310742943886,-0.015256037936628112,0.007839013153210088,-0.013731262471556108,-0.013605167635965407,0.012634208624423859,-0.004619804879276726,0.022992897949046947,0.01015089123333267,-0.0002393026035347096,-0.019363695786749225,0.025531148999681022,0.011513074892015673,-0.034255227119252184
125,3,-0.11832437230357375,0.009453168551091476,-0.006178036891039598,-0.009022829392509334,-0.004562551982111424,0.09134294289858397,0.03471775579679191,0.03669018073601309,-0.01451983100636523,0.11814593143050248,-0.03143932071646969,-0.04739361921295848,0.07303706913236532,0.04055441692607979,0.06545283600072828,0.00436923398818461,0.07609034290638347,0.003866554738019487,0.0367097626284657,0.05391269502354707
125,1,-0.050848715084472584,-0.07760804017502244,-0.050057068339425165,-0.04672882363704866,-0.029048044687471054,0.08099908968865943,0.07463035111398664,0.15235634721155358,0.011888291589482621,0.03302880035292303,-0.08756007364494268,0.07570361137971958,-0.04037764946399711,-0.09092313768358651,-0.16180840220199347,-0.02044103876564128,-0.02035596335808637,-0.002015222358161373,-0.046553133306976496,-0.16545094782553313
127,1,0.03981220531888483,0.08605063259092162,-0.07484574645201729,-0.1314222377724962,0.1534184101874768,-0.08926955612069674,0.11773088961752187,-0.02782904950235667,0.03317784627542674,0.0009432938900495934,-0.14919995456627225,-0.0781197742649067,-0.07188936805593661,0.07425936593032004,0.03407538836934131,0.017596907407405177,-0.02182471449120586,0.014483600672564542,-0.051922463712897764,-0.04026098933556016
127,3,0.03378671512123718,0.06885259818165633,-0.050902795339511024,-0.07768957997101773,0.08431090845243602,-0.03799848901189649,0.05253963157042427,-0.021181050844347633,0.04460822956522234,0.0083206237977654,-0.031829975722332565,-0.028197903193361937,-0.0259488656222962,0.07823819588800114,-0.045518582917838814,0.045862637133817476,0.0032941001717248118,0.017164308282974834,-0.05345963668228428,0.022640425218028996
130,1,0.05708294422363379,0.06111739797016729,0.12766342177082315,-0.13755783908268507,-0.18402189340876013,0.05252497698474863,0.024134613899495557,-0.05688467797877149,-0.006360940202899209,-0.02135474039230081,-0.05559343226462321,0.017615818589488894,-0.06410519163164509,0.014358155307692041,0.05562284820405894,0.028867778316252684,-0.01888124606065365,0.04299353833464652,0.07269054783015741,-0.036266434844609556
131,1,0.028794938429873268,-0.0780590391435189,0.09586382853071049,-0.009721596961196535,0.10809703298492665,0.0026439081202958184,-0.1110170526537736,-0.00798108849028695,-0.02210198009007768,0.07624324979674295,0.04435262726171618,-0.06387978939351288,-0.1079713729252301,-0.03219037579538271,-0.019876800507400455,0.009490871316856317,0.12208300282216619,0.20476629656630846,0.05561790248144557,-0.13597358537033027
131,3,0.018239021731724887,-0.0712930629019673,0.06454104447506961,-0.01685492760507419,0.09598792510143069,0.025417191263057023,-0.08222606014991095,-0.01540640646439679,-0.02161616432882461,0.0387664488333438,0.11128999308952299,-0.07302555635436207,-0.15064642079600019,-0.06893095305132606,0.017153514414160246,0.020991992602803704,0.1548937894078226,0.1806415408889478,0.033131053291859724,-0.13837751394514777
132,1,0.025819106552731626,0.020254384421198535,-0.05511737933762664,0.06295887239691231,-0.051913408873345813,-0.006870999574878507,-0.09782259715078825,0.023572178172208656,0.1591648184788308,0.013547041733254356,-0.059222571015365606,-0.03930284984257346,-0.018936555578619344,-0.04756667391662376,0.10143424642742208,-0.08076037246220327,-0.018946887348894926,-0.012346185793030727,0.0015180751836369024,-0.03523020629476719
132,3,0.020896222371339344,0.020270653977227552,-0.05071683179038019,0.0691505461271919,-0.0359048250790842,0.01030578033115881,-0.07655740719141241,0.0004252912596278495,0.0957556315973938,-0.0015620297148695084,-0.059301613787175134,-0.011899581432976175,-0.018239244208380426,-0.019735340693268783,0.07008548483566857,-0.07297440749562668,-0.004702274444307874,0.011015210094414486,-0.003235001123763228,-0.021938262444371137
133,1,0.03513729661450394,0.05870138190486118,-0.01937829378147507,-0.02575090928953444,-0.027565014832936708,0.0051594727273091764,-0.02866362598696226,-0.010310125677098587,0.15154084267745993,0.021855687098736986,0.033308410636951606,-0.016198653851670984,0.03177940212419048,0.012879585444347337,-0.04765754549979587,0.07145065840461681,0.01538239228277294,0.031880504471819296,-0.06032147906522057,0.015236690913399634
133,3,0.03331496899385105,0.05904405794272121,-0.024598944727590413,-0.032088984675953135,0.004281215973039879,0.001721109698728542,-0.0075484121331343855,-0.007878997869935237,0.08666830756756218,0.01934933895336247,0.07382200235783427,0.008474876736739646,0.027108330141399694,0.031437534989314196,-0.08281278794208459,0.07261439138030593,0.030342687074923404,0.021519323405369804,-0.050491601384588296,0.04820559866047
135,1,0.04629505636683173,0.0852697576946286,-0.04795212661582075,-0.031825757687898644,0.052501488803194184,-0.07887503100301906,0.02456349671369072,0.11140234613764718,-0.12600747801326684,0.03425484263106875,0.062450647126120806,0.0075636400266530365,0.0035865876919721996,0.014953806311415626,0.09692997925823306,-0.2325610424140592,-0.0617647450841277,0.00991337861756113,0.03295962257922775,-0.03526448547980703
135,3,0.042444874194828446,0.0673137113735423,-0.043880456937948384,0.029830205740833025,0.0025686841406479346,-0.05517313085195279,-0.02360796996764214,0.12557282110823056,-0.13711014270203922,0.006699567896484699,0.03911895968567146,-0.009673582450789553,-0.01765635214362375,0.021844997592174904,0.09168957959874134,-0.12064684944404999,-0.04090405639859187,-0.020259490917724304,0.0007535209261199349,-0.039428663314220166
139,1,0.04046790164237516,0.05028490501273464,0.017778004544213223,-0.05488448960869797,-0.02162699152186929,0.00040438556037813143,0.014834279780106565,-0.00914049662978919,0.05930268676198015,-0.0076985480364041,0.01957233834100908,-0.02663149684055257,0.026432897723145707,0.034023606134772746,-0.06603046186992587,0.07369058011796983,0.03694647247490733,0.00624673187196455,-0.0856685408367144,0.02773748198196012
139,3,0.018144577132897032,0.05179306350988013,-0.04127307231363457,-0.046054781524204315,0.030534710498826452,0.019173336862416318,0.014827913784855947,-0.04986791757415707,0.082873854124742,-0.004165930275145327,0.02270113176736671,-0.02583743389211376,-0.00828845208130615,0.10149015123624522,-0.10633910941411097,0.0656247851354129,0.027729052597231914,0.01897925082287984,-0.07575933469355904,0.0335721651044298
143,1,0.03482078023652092,0.06521718124916012,-0.060998874192626375,-0.08407599103541762,0.12822629134735142,-0.052211152035959156,0.08265794244786907,-0.08380517561685552,-0.042760439202164956,-0.027622275178165012,-0.14868082668156876,-0.0055170819117184595,0.013658390941188021,-0.1587404279140771,0.07037393280325592,-0.011790708583559049,0.007919214128836394,-0.038587450221731816,0.12447006871805548,-0.031055209691286344
143,3,0.02308749065317067,0.0417882249892869,-0.04196993530496352,-0.06372880791844668,0.06086080192649305,0.00013226869255534952,0.03213273516182273,-0.03333058955989733,0.06110582105956847,-0.008665074897635978,0.03159949676035865,-0.02608620195304042,-0.045968982194401375,0.058039451041176256,-0.062390710157141815,0.07905236076471442,0.02981033325190542,-0.026932030392769032,-0.07710013054651914,0.07554869152849844
147,1,-0.022463810965225622,-0.04363936467742491,-0.05928584592900879,-0.019894944133606922,-0.004285976007999138,0.06530160590524778,0.0174511756163812,0.007199423080283847,0.027568282452839057,-0.022355567339178862,0.020960905904568873,0.029814667196396638,-0.11767626899849573,0.01672459289946602,-0.05769063749766617,-0.05155190057812341,0.028450138320978497,-0.11726186997345421,0.023623926269024896,0.10346685175183815
147,3,-0.02535186228143345,-0.07630535546366035,-0.05114950660488101,-0.026323722277122433,-0.023751053916390458,0.026504147339545373,0.036326031867829775,0.03819474943635621,0.01140772856513497,0.003034070069611097,-0.006172522076582331,0.04066127012111971,-0.08075534596483724,-0.04811901888491985,-0.057887447788271276,-0.025420134024821572,-0.04591712588892168,-0.03696325758843476,0.0035247982938821673,0.0503332567811914
150,1,0.024932406404621722,-0.07874580496518185,0.07966836845952172,-0.03311829384824195,0.0987419818525161,0.002304809986430089,-0.11929329694093654,-0.007377814890339606,-0.020800818812440752,0.059950891332701824,0.024347862129173746,-0.025010312238398023,-0.05415384113085719,-0.012359867630057315,-0.01022737617856025,0.01939480643576831,0.044912419012761266,0.02548613816616749,0.03141017806730305,-0.0969179870033138
150,3,0.02929639962240789,-0.07790745472870471,0.11076454669762545,-0.044400942164301606,0.10268774254320108,0.007398039557263316,-0.14993170910847692,0.01407684501450051,-0.019269824940961532,0.041342141725087045,-0.09044543717264518,0.01943322146342268,0.08873388525621338,0.06815615765610303,-0.03251600525705384,-4.662816280418653e-06,-0.1321284137802288,-0.14561706248184303,0.022232569795062,0.03049306211363226
161,1,0.0044103026850059865,-0.1251432132410794,-0.04814800894981176,-0.018836486613748555,-0.07471149525383115,-0.12684455003968853,0.030184569792388635,-0.05742691558948301,-0.022417242232003004,0.0060700497508537924,0.021284791597421936,-0.010413416256815206,0.09209636129550597,0.054108467630658345,0.03583853014866571,0.01844457219245577,0.017581468055646997,0.03952842835170041,-0.009766549291830547,0.003937357069741338
161,3,0.004464008445086989,-0.11532238906011476,-0.04061050053033919,-0.01102880605216823,-0.057966171526684984,-0.09603503793483095,0.03001313081222688,-0.016660094792213247,-0.007403913923827019,-0.02026250452534154,0.01074707609891295,-0.0265293928980483,0.044621302010238,0.01579062006459112,0.009158320666911647,0.014279019104082616,-0.037457188932932595,0.09574027326813317,0.04924440148960372,0.09939848298169415
164,1,0.04515370801047458,0.0618064889706394,0.023226980465594037,-0.03833274893423157,-0.03480896728519373,-0.0002650571259043077,0.02028901999516368,-0.011826916798833971,0.07104535202466193,0.02583536365370641,0.061253625470120775,0.06686476862020867,0.05230202421305319,-0.03728471966748049,-0.023658208259503946,0.1741785810943008,-0.01133519154709988,0.02998105651839777,0.07809975616707066,-0.02099783976030876
164,3,0.02289764185095108,0.03614254183865105,-0.03597418217365299,0.0024736729887029274,0.06075385187400754,0.024754153710901956,0.016827603645535132,-0.13662283016244453,-0.06876230909427354,-0.060618066727459535,-0.11147696676449181,0.06273876647712126,0.0966756373290767,-0.24243694820139491,0.01839495076735982,0.02713493468050258,0.03215109608550128,-0.026196912181791748,0.10216815406255822,-0.006424442720719409
165,1,0.042580050614165844,0.07633027264082315,-0.03765113562767225,-0.03263897812501568,0.04586638121794913,-0.0499611293031426,0.026780313746297576,0.050938942557458386,-0.03392463219486656,0.03123654228949826,0.06870740159235632,0.03333248918149112,0.027929278279111673,0.009186147445634325,-0.002062204366530099,-0.0608013865626139,-0.003435175270740871,0.030705330671691376,0.05168173771257863,0.030182499163314423
165,3,0.044472552599608195,0.07561955253435847,-0.027170924590629142,-0.02680095421685113,0.030509196459959628,-0.049616228665807206,0.015311700276181887,0.0745852596200459,-0.07247150536013182,0.03752306330713519,0.11216469191356676,0.031157678881990145,0.040543409592777316,-0.02114590586707372,0.009686881525626115,-0.14093737512462454,-0.004496825431542344,0.014745944063090793,0.04084863926541418,0.017415778963563076
169,1,-0.08694101471244883,-0.0003793694337815357,-0.02126501715776007,-0.0008721016206916761,0.005369927151126148,0.11215448292562359,0.031018606397513183,-0.021731511396789797,-0.024949118355051276,0.05970954058259359,0.03932368952805641,-0.058321502390797184,0.038416514930596994,0.03151328993388787,0.07785126606524398,-0.010585346518093681,-0.101756852557012,0.022672609903126383,-0.039018302956385136,-0.028036895968195242
169,3,-0.011454487112540495,-0.05173455930548969,-0.029826718417691734,-0.028709628557235214,0.028159978664123436,0.050342043990310996,0.007981747163270115,-0.025233032567824283,0.008369588085498491,-0.043300338691830066,0.08312967449250358,-0.015046052745042551,-0.10396426310855081,-0.038047889400251195,0.032910658146600096,0.014112008859262249,0.007771562098058627,-0.09293344820174851,-0.009572051506067998,0.05597258205363875
172,1,0.0038076947298928657,0.038532027337320834,-0.056441664881519485,-0.01779441525669462,0.03316089949292468,0.045408727201289446,0.0002576986231068244,-0.06641249768641228,0.024884680715427012,-0.023212293761561156,0.031593345918732633,0.0015797702226895433,-0.02358444573814277,0.1190619394668198,-0.09990376486169938,0.018510809881594145,0.01991280944793206,0.01564133224671504,-0.02143283329872665,0.015387541658107311
172,3,0.03967060285042821,0.08599492805177816,-0.06460242749667072,-0.10574199399719943,0.11960553844908542,-0.07219249169991937,0.08957800745598775,-0.021573208602406416,0.044490312870154064,0.015218436128345739,-0.09128244780377914,-0.052544733630892806,-0.035337884899902736,0.0724608408463726,-0.005900104686815127,0.03321131493758295,-0.018251037906906995,0.038187883954147205,-0.035669821723556525,-0.026788259772018985
176,1,0.04205322933971326,0.06299227560584292,-0.007804088291519028,-0.0168056659807242,-0.009666042464630757,-0.013711658091866478,0.0035112088906711805,0.0030001266467955872,0.11938052337319366,0.038368952045514534,0.07009993185359928,0.049760207472550166,0.06946520030036381,-0.04660248386619197,-0.02615987446461482,0.1695216122857858,-0.014211178176605435,0.031312213823273795,0.0500390253741668,-0.019658961522150135
176,3,0.04254896632432941,0.06051508372904355,0.001712726655682213,-0.02562690907146238,-0.024158610545396555,-0.008218173356917262,-0.013902387788673495,0.017418675931724317,0.07346861655647235,0.029675208782756046,0.06104052939022432,0.026498632651634844,0.04540214013124375,-0.02150226724908801,-0.026017490874426265,0.08388699133613307,-0.006107468447075977,0.025967953696960908,-0.01409185270632935,0.020443390182757273
181,1,0.008491612719631787,-0.07866965449003324,-0.008702960632553783,-0.06664736306929747,-0.007427870469358515,-0.005477438149361112,0.011170576852143224,0.0700255208340399,0.026673573073029224,-0.22373171731443636,0.05018769743333015,-0.03957511728247747,0.1549511777056675,0.06432577294949164,0.06349081647760813,0.0182942397855133,0.12516237790287613,0.02195827899449613,-0.034150447266900905,-0.054418600143305546
181,3,-0.0007222948589803306,-0.10782415429819868,-0.01316665839687558,-0.06157695979288277,0.0023792985185812927,-0.007511185351794183,0.006898473096599599,0.06878813142821688,0.025799806784107187,-0.18885999786680036,0.021438491460084055,-0.008896867721844805,0.12202332436649962,0.044275843079844335,0.05281526975050457,-0.0031896689148508167,0.04765226482160648,0.03267131938736111,0.01738383656865037,-0.00960615274247703
182,1,-0.004005933781364832,-0.11525881036153444,-0.05372424770619225,-0.016152375664099133,-0.06361232959985785,-0.07755086545833018,0.04147807955388201,-0.0007670480321947232,0.000536118312554439,0.012095818341796098,-0.008594989615641355,0.029101764560131412,0.0007257918072069211,-0.015285216399649823,-0.03603339125942914,-0.012393622095265025,-0.07867300061580365,0.07813258397343506,0.02348606336116806,0.07735263927335319
182,3,0.03344829713413731,-0.028999597374702982,0.034916480664714054,0.1040119333525076,-0.019133521255789546,-0.04365928890782352,0.039684040933715886,0.024716093803707182,-0.047280590829751855,-0.02254170814827926,-0.03428036800165656,-0.2179724618194103,-0.019096960143476047,-0.006610216168105752,-0.09829857371667895,0.0736773055390963,-0.019422194835519647,0.06207479418891725,0.07228396512291012,0.11666880358921598
186,1,0.021937552853693667,0.03190099667785871,-0.06579098061232276,-0.10514897035647741,0.11124573985499293,-0.036580051992635185,0.08160864034576469,-0.01440530297575848,0.038637320551128874,-0.05370684284236764,-0.07685951399147203,-0.05288961430937686,-0.1053681261131508,0.07181978892631144,0.03696834749137861,0.05153012976276265,0.023347212023947843,-0.05721353059356245,-0.0836969007029553,0.024118204505501672
186,3,-0.003023056785518392,-0.061208694656225124,-0.022488110433448637,-0.043966840930225036,0.0375887326162266,0.03327063871420903,0.009290742598980092,-0.0026813839276137496,0.010001166374973752,-0.07039510180759259,0.0533096002530054,-0.005368544849501476,-0.08708035311233313,-0.0390762123300201,0.03561959239325135,0.02409476917351984,0.03199587936054909,-0.09251586238581785,-0.023643247495158483,0.05098633827716975
190,1,-0.1683794996969993,0.04593246887206598,0.04443379238498827,0.001314338020368552,-0.0012353017260147302,-0.03495995917569182,-0.0026024882528516936,0.013225819935249334,-0.0011749212698600152,0.01944622646580119,-0.012047043123891878,-0.010005631018826568,0.01826037814299421,-0.002675977466687047,0.02828244153074253,0.01556415349482963,0.03188626895142808,-0.0008752683109642369,0.009288281576129988,0.028732439512011373
190,3,-0.19392544595832842,0.06753477310760822,0.07195175479124291,0.00938238943730172,-0.000577772168722023,-0.11814558228165481,-0.030341330582517482,-0.0069492641838268775,0.015405391614236463,-0.0607189301116869,0.0031199841596763426,0.025702986869307547,-0.03365222622108979,-0.0178184543553419,-0.03072918372622474,-0.007664178507121886,0.005911350418039603,-0.005969477162519462,-0.0011139849966352137,-0.007318425238779022
198,1,0.04119728771988858,0.07008460476962727,-0.03653723096730779,-0.03478353519447879,0.05019496206401669,-0.04710246554627614,0.0269083859184989,0.03793533569029283,-0.06461221353839203,0.019559990365537093,0.05526913866666759,0.03906547136878219,0.03135426991349039,-0.048296509298871616,0.022462349851934932,-0.08856604154796853,0.005750330423213508,0.0018457738513553658,0.07957479726013716,0.030849491429263732
198,3,0.04133100963437458,0.0837930509266294,-0.06331945942562028,-0.09396419911539702,0.11755354255197834,-0.07857369666655176,0.08302357780130476,0.0027770805098077684,-0.024513038142570567,0.009976770796935994,-0.0738728510935613,-0.030056865878631673,-0.025241047933626828,0.010252967756031425,0.04912816507777358,-0.06752920377189126,-0.020196224559136666,0.009452292485746097,0.018058971432113095,-0.026920235277639877
200,1,0.004540950850493342,-0.09081309477770211,-0.04555924790436783,-0.015837429317011036,-0.02772638728513748,-0.07176148999005855,-0.0016800855728202515,-0.08165202521688854,-0.011416910988977371,0.048726521724004664,0.030614556884928812,0.02830425264698746,-0.03513164697767368,-0.011780465696014961,0.049078124353858374,0.0023406133046156717,0.061814025659244175,-0.10779361223144301,-0.007160943543005622,-0.005448564073910569
200,3,0.0008854784731533141,-0.09537619398283036,-0.04552608698531173,-0.0047669272102993125,-0.05018394806809115,-0.058177555202794745,0.014567945503114538,0.005003509456871238,0.031235645751542727,0.01929167463339032,-0.019587020027599666,0.019758429287010566,-0.021135714671674747,-0.03158972426355897,-0.012924425664650404,-0.028464357384145936,-0.07658643426356378,0.045798120357871085,0.023625705160242837,0.06441137193087605
202,1,0.01234330241061706,-0.02122835709489182,-0.03278898808911972,-0.0447717950978415,0.06387856811496175,0.0014964778172927777,0.01817745208413875,-0.06654411954979032,-0.03304056592260609,-0.041993137359242906,0.0007515077427082208,0.011551384119329152,-0.03748845487936123,-0.15092728695424026,0.061565681183355446,0.013795543459707295,0.034739291815008684,-0.10274970776837859,0.09517738876180383,0.042855856289097945
202,3,0.01977130982082234,-0.07652645543360545,0.05407644059971643,-0.03478207168707265,0.0832857611128833,0.0007865306333408219,-0.08959800603872858,-0.015720125398869723,-0.014697851793493488,0.03366161808658978,0.017103621826363956,-0.012059360408453984,-0.0519024787599895,-0.022302005019350094,0.0067413442909895205,0.02353799438709227,0.030422804951573804,-0.030106529882402967,0.028484888345723797,-0.04864526453845267
204,1,-0.008492548849829935,-0.06140769188428985,-0.006389217587770099,-0.031156724669948066,0.04541207847870896,0.06225026041009871,-0.0011369659592772123,-0.0102242918333825,0.005974899546698023,-0.07434946973459189,0.14384437756697552,-0.048262176294764335,-0.11357049729189646,-0.050912472307273145,0.0809056093023612,0.03218510110679101,0.0651816363831192,-0.04017058662992483,-0.018897958625489198,-0.025019854318818473
204,3,-0.03859190021899596,-0.025650584914471652,-0.038264013820023215,-0.02294397585705722,0.017156270394016994,0.08563942969611635,0.022328365983012594,-0.009796014420710175,0.010864250093764707,-0.02324762143304484,0.06442546886671559,-0.015382872206939121,-0.07501792066508992,0.017591109094648016,-0.0030081290773861053,-0.006051285308923389,0.000916471586127527,-0.07374462853849925,-0.0260132655404813,0.011383968835082772
205,1,-0.04548863802555246,-0.07292362936968785,-0.03397028626854672,-0.05226520369159129,-0.00932488993573714,0.07517791616313746,0.04813802999200827,0.11621730267058218,0.020993781487269974,-0.05742724546171335,-0.03363100992626117,0.03749529862496547,0.02892913397845487,-0.013313274780241321,-0.08005390584789902,-0.039112994039327366,0.014932891444663723,-0.01426781045536898,-0.03722152269281552,-0.1578673162056638
205,3,-0.1165684420571498,0.01866918020226864,-0.001006126379875154,-0.0031458988946419875,0.008878283354861143,0.09831638376572695,0.024019823127550386,-0.01623103872392994,-0.040775816270292024,0.0977485468062257,0.01760560076924026,-0.07074092993652764,0.09364785046902921,0.019666273276914156,0.15406254844146755,0.07577905362369533,-0.0485901070834912,0.006999308987576387,0.021479072986336348,0.10119211679455987
206,1,-0.06677065039477147,0.02262930627272421,-0.028703568391991296,0.016227501681927905,0.015381812021894595,0.10610085052511678,-0.00046829024824712604,-0.10049771409823108,-0.046332516038235134,0.006028286423516911,0.06435901637551088,-0.03719411893204939,0.06228218137874641,0.03611009716762454,0.05467942595280814,0.028507761891155815,-0.16565939106582417,0.054838667040031826,0.002971062930261351,-0.033990531866644434
206,3,0.010486112433511247,0.03128853863198003,-0.04938866478203401,0.05548092488712217,0.0042159610232712945,0.060208444486209836,-0.034992039854887316,-0.11609204105475071,-0.03394643425639484,-0.06010811330400167,-0.06226113881806811,0.02928584117168895,0.07528911418603844,-0.09891422106280222,-0.059730352526417514,-0.031014684452103123,0.050907508929519014,0.006688306095046659,0.0543719096616843,-0.032826224154417334
207,1,0.022003553889389963,-0.08982767745675498,0.08080366301749949,-0.05243837922327543,0.07777406607084954,0.0008543548881349747,-0.11430620242179582,0.036196861186617205,-0.003562281232012014,-0.03603369391920931,-0.0728558129423019,0.01652261248419043,0.130988501230395,0.08190505415809586,-0.003692126183443999,-0.0060436932943115935,-0.08848319614335087,-0.1034868217812768,0.020819073956882407,0.015067350582497504
207,3,-0.00028106893169441393,-0.10534807508356323,0.006388258902561011,-0.06636049147039462,0.012720962660685895,0.004827453443356446,-0.008891678740699214,0.08203406319012962,0.026451764726898024,-0.18272665924012127,-0.008230169344608922,0.008279898342660926,0.15842969260476236,0.0642279490472462,0.041916972280665196,-0.023107541478499655,0.04373904765687325,0.01459561860085926,-0.0039918303142876,-0.05450619483853193
209,1,-0.12751732363758192,0.017363610083870763,0.006618040161979665,-0.007489815764938771,-0.002418102654971869,0.046917574065946606,0.020788454783060812,0.02581062306866714,-0.0037404400438994924,0.060404333125154384,-0.01370312608956083,-0.026883536785683327,0.03402756081812645,0.029197670222319574,0.028366698175970276,-0.008013751875645084,0.05304124105991,-0.0046519692456890435,0.01745923848711283,0.013179177866281583
209,3,-0.07304632574736607,-0.008660062550164015,-0.034336418254629075,-0.0063329588656129785,-0.006611699774040404,0.09963047091286097,0.023186698317686258,0.01517792584299595,0.007897472469239056,0.053206013259800386,-0.008273897651905471,-0.016130569331309113,0.01513746491087721,0.05609114352681317,-0.013195352536829404,-0.057635564537227124,0.03802367702744544,-0.0109613970592958,0.033004047812102345,-0.006821077012046377
215,1,-0.0977083608943764,-0.03859187781257505,-0.025849821991449546,-0.035593003635296806,-0.027193176143364375,0.08998577310555761,0.07760380642168704,0.1551527922591264,-0.006227272917380903,0.14393357105435647,-0.12631672164806754,0.02591633774448165,0.04065617210329765,-0.07822767685884124,-0.06944375203285798,0.03500355160961016,0.12274991289216333,0.020329727612358614,0.0023505675664443563,-0.0717070833095569
215,3,0.038726300516493305,0.06302377769078216,-0.031608534177806034,-0.07794202288243812,0.08141199775750006,-0.04400760237102792,0.04811309332695648,-0.006775538241061019,0.03118462270569611,0.014715509664863183,-0.02621124312645893,-0.03154973796536769,-0.01781896885601491,0.048280074252898125,-0.03514610210804573,0.04168788471179023,-0.002204354738890542,-0.00891204674398808,-0.05924814042146477,0.03805596891050927
229,1,-0.027304300784865225,-0.09019154730943622,-0.05066927072802195,-0.02825564564173257,-0.040054748314624175,0.014384413272565915,0.054544990651347366,0.07646701178013338,0.010970063795818101,0.02227901864961447,-0.04671781347333901,0.05527509757492606,-0.042636947673337845,-0.058546959794572646,-0.10303926489436055,-0.024757513707922327,-0.0716731410032567,0.02764589826014324,-0.004112540069387307,-0.016038177229187992
229,3,-0.02356536390969984,-0.07997343187057034,-0.052448814420131475,-0.02824520167700304,-0.030606812418068216,0.03180086810474473,0.043429045451871165,0.09927282753863687,0.007206680648008414,0.009511421149349622,-0.061531274483867485,0.07815310716205053,-0.07870569384053078,-0.06558914365094166,-0.11977839639161125,-0.006757506722525182,-0.0843434462781208,0.006422521171844742,-0.029494035741441348,-0.03828724534024381
230,1,0.05452196721361313,0.052965347955432625,0.11405806104505099,-0.10034678534007875,-0.14316590339873997,0.03864035926626689,0.022053497828611258,-0.030885286139989632,-0.029188421259479316,-0.014164470882008557,-0.023826212105066802,-0.007784367137397157,-0.03907748804202837,0.007600065276956881,0.009016111660105297,-0.025563120403692692,0.010110172001616588,-0.005121772151272163,-0.009585513425297065,-0.004698059567965408
230,3,0.05685537715856573,0.05510857489544092,0.1335289455344596,-0.1238132728483953,-0.18099531814687772,0.05174017376220851,0.0261507681842714,-0.04889997003060942,-0.036712728658640746,-0.02802744510607525,-0.05983393448846681,-0.0124740626857241,-0.06986839519623808,0.018162782199564975,0.03945442977465013,-0.032320273744548926,0.0031358683287164863,0.01099603163543868,0.019920170711210192,-0.028853237567827504
237,1,0.026354941275882195,0.04433461142658527,-0.058955074537416476,0.06387544847024638,-0.02057791225555802,0.006188419069249989,-0.07774235717469556,0.05567480684641051,-0.0848560725290136,-0.028386220407545158,-0.04575158665816703,0.0938484126861123,-0.05433046403928569,0.05797814937222072,0.06552961425917277,0.10411401411102315,0.012633289657353915,0.03342987550551762,-0.041230114968912206,-0.0037092417226399464
237,3,0.004623651158769636,0.033186540220284735,-0.051511539581224945,0.05220853145354434,-0.0049362933081259905,0.06054972593815957,-0.04048176667792048,-0.0922131098934517,-0.014249109466233176,-0.04167067065561127,-0.02550534365592887,-0.0012307187969760464,0.050507710301526565,-0.011995770348899955,-0.06314504167450455,-0.03496764445440057,0.002469902108667751,0.021028310975916877,0.03144652188189317,-0.05913638239012984
239,1,0.03318032708521794,0.014736732683693144,-0.017008734430625252,0.08320876027688814,-0.031175374995594946,-0.03191734268717505,-0.015605541088934916,0.05403707378771288,-0.017248675793836658,-0.013636999078432372,-0.024440011077138196,-0.11044202660574956,-0.021214216453209596,-0.01101650955129119,-0.0022128210426677532,0.046567358836194214,-0.03720776101611681,-0.001876197291540071,0.05403299538085988,0.017955873754440178
239,3,0.037450676647315995,0.058219631783133864,-0.03299461844339796,-0.006177478635701608,-0.01630153237003922,-0.01658979768660245,-0.031364839720045494,0.008664770453684998,0.16945188396023972,0.03606830009234815,0.025539577261668788,-0.014689110717348379,0.04105214591008685,-0.02425257455184548,-0.01150694037985888,0.08727868729591876,-0.0075581676906438175,0.03307491591885213,-0.014698047711915494,-0.004672966704439878
241,1,0.007207929700931409,-0.11548545749882844,-0.058607754068191006,-0.008069014741245365,-0.07574236039057038,-0.15526425874721883,0.018323204417943103,-0.16174834897764342,-0.04809583921706069,0.14492115404519243,0.034157642234585534,0.05755594545678163,0.045745166139261356,0.00687653416184912,0.057650299080481394,0.03797452700138764,0.09579645633587196,-0.12027150245543,-0.07172939181826513,-0.13402753358686773
241,3,0.04149176355045453,0.050806928142059844,0.014047811036758092,-0.018554982539061408,-0.01253428562678177,-0.0024558090861273867,-0.00499014577302588,0.0027355876165514647,-0.011422728173099105,0.015063508120086735,0.057265984792480774,0.03894406624539901,0.05802621614381479,-0.06474582131450507,-0.045337389141716936,0.047005346109104666,0.022303198814524514,-0.005077542403838059,-0.015548388683863653,0.047975218197858764
247,1,-0.09533281802543621,0.004467429252094944,-0.015129635158172826,0.005052173025258206,-0.0025607178563722853,0.08714289235282507,0.027931076687240357,-0.019793415184899993,-0.02198991544415491,0.06520757359892648,0.01821398762149468,-0.05955037699114017,0.05422733689093378,0.043822249572896786,0.056257986281494164,-0.032298138370030205,-0.10048868539495265,0.04879106793342372,-0.04606723986665785,-0.04554079184891513
247,3,-0.19905014385181646,0.07093721751889802,0.07775032782114034,0.010689794448237458,-0.00035304747944674256,-0.13370342564519236,-0.03445516998599379,-0.010159562658395016,0.01754341521908581,-0.07384969622355958,0.007432778453998986,0.028519677459154166,-0.042478499588432694,-0.025252247976227875,-0.03265290709742737,-0.008998061661300991,-0.009900412635953256,-0.007562527011918871,-0.013251633292548493,-0.01462243088731536
249,1,0.019892605832361236,0.040623369804516175,-0.04521345993740876,0.0388521934351133,-0.0030397862629718934,0.02432676747081298,-0.0777990407930594,0.032391170974679306,-0.08738476673518199,-0.018848239421358732,-0.03033081318106975,0.1509304062651735,-0.026986957381767897,0.0758240075691203,0.03870330636091216,0.16691361681031855,-0.021265547434999522,0.07395943583007926,-0.057957032771062296,0.031801408036605694
249,3,0.01649944820084365,0.04475509570983459,-0.057844666436772045,0.048313958277688536,-0.005746888917341328,0.03238234203907281,-0.06949050389582416,0.012789193007820306,-0.08941856765445219,-0.031342396243396076,-0.030953472009670083,0.14848145479076577,-0.02677781974991216,0.061441072977060925,0.0356715422663331,0.14648300470991632,-0.001398823340402429,0.08997541170582295,-0.044117623329125916,0.017554730893170823
251,1,-0.017049812663422054,-0.08698278826791664,-0.04034479683742222,-0.008908321869448992,-0.03760972639219948,-0.012195837970091104,0.04345847898293883,0.024350004847287034,-0.004199108654473276,0.0028987487554982786,-0.006197611687186959,-0.0061205855771351,-0.02120065385663711,-0.026165946077415823,-0.0636431982275489,-0.016113936342907066,-0.11302447559042061,0.06441661831607394,0.004321871766800556,0.020837816001515103
251,3,0.0040732224847939945,-0.1353712856011362,-0.06710362212155525,-0.007279222513375246,-0.10116507376422877,-0.18091287909063195,0.036108876627141226,-0.14129103495577078,-0.047686625284834146,0.13593576191005508,0.033596458572722754,0.033891007591423015,0.06245155264026555,0.05202069571582285,0.048118990979516885,0.028861961136151672,0.05807850000223753,-0.05632190471183963,-0.0823182002953556,-0.09065358414284166
256,1,-0.00058397624103531,0.03219683694707391,-0.06291935217213548,0.029446024469397706,-0.00581236721525439,0.055875054263982434,-0.04729266559297449,-0.048246786957352045,0.010187798026253003,-0.0140028952788967,-0.0051931006529231435,0.05717737662639791,-0.02291778860613924,0.1098950336811966,-0.0637062984972362,-0.031140790197868327,0.0712223617612148,0.011190719355560838,0.0597280558219639,0.03432809094579079
273,1,-0.154724536315973,0.029065438683354605,0.027619821621397016,-0.008955499979286517,-0.0034914187987062925,0.03360586692966709,0.024298963862758365,0.056374045270361814,-0.017918932530808528,0.12081540384652664,-0.058512027908518796,-0.04095060421170421,0.09034763198401567,-0.0002888516382393843,0.09539629605443775,0.06620535200885883,0.12426845214026551,4.729488197901059e-05,0.038869859159001874,0.10470121221569292
278,1,0.025825847040967763,-0.08261671334559136,0.09091429119882469,-0.0477694035370989,0.0908834851439583,0.0070096626806806965,-0.13140219902358005,0.017186210253102022,-0.014365258858116925,0.002575439196378165,-0.08980106803484723,0.023275473661561148,0.10150627250378236,0.05393720789570843,-0.02244301472306345,-0.005615388383681267,-0.12601958641195884,-0.1440026157169215,0.027576387973998456,0.03801334414025013
278,3,0.003549731410078419,-0.11573828374156162,-0.005318688570648855,-0.07170098254275376,0.00038467952595216986,-0.024274802971013552,-0.00397991225236372,0.07213225146038298,0.026406672497766636,-0.2182573721097797,0.012079309537398442,-0.008641944238014154,0.19401509914351392,0.08794501284740802,0.0758826932219596,-0.00461470804940632,0.07216068120380764,0.0377672794939109,0.011301591080678639,-0.03421256768378874
280,1,-0.04526502769176288,-0.081137351524749,-0.050763548819163146,-0.04031716974472896,-0.03453636883465948,0.05710431664658847,0.0684595261667426,0.11678611621096296,0.01142811066015941,0.03015606681795661,-0.06666869571387629,0.060461289059472,-0.02613831770502504,-0.06723429811373467,-0.12931588108668374,-0.03053117824369893,-0.03503416247960355,0.01980728185220213,-0.01965967537178609,-0.09237727112101546
280,3,-0.05757051012194647,-0.051199307445607654,-0.03932720541588854,-0.02806542578593316,-0.013078964907377182,0.08930016011756933,0.0553104272136055,0.06792476611532212,0.002626710438280144,0.03272079996966175,-0.010985976403573761,0.01423921527987009,-0.022513310780250866,-0.029055053146315693,-0.05392458609884599,-0.02925238979926941,-0.04344239437857959,-0.003041650095893176,-0.027486744584434945,-0.08214378065375097
293,1,0.005221299066031537,-0.11668910404164029,-0.04880432572786755,0.002847156502477691,-0.07145804736591992,-0.12633564746414466,0.030467063072242544,-0.08779655535457814,-0.021900665475396663,0.09415001179305309,0.015941105778781356,0.024799803268431536,0.0025071631657941763,0.0031987994254622366,0.01268969499294528,-0.0027560301068907567,-0.0052078838530545115,0.030282723857775605,-0.030954463204964672,0.01433806613162411
293,3,0.004915837714082775,-0.1255586767149418,-0.06366423924416577,0.0022610168478242963,-0.09539918902449587,-0.16777008747947758,0.03369729499794598,-0.13839630867317662,-0.045761282951628596,0.13923664064681351,0.029311904345909728,0.02747494918980818,0.04031036750784465,0.04331474482268258,0.03437530239208869,0.020051346392961845,0.04501446687641165,-0.057880432304243876,-0.07909533166772069,-0.08202579867886314
295,1,-0.009009253598659976,-0.03582120447527093,-0.024086182679576244,-0.022941509064718025,0.04238729485439951,0.06425715181286136,0.007968648270267551,-0.052895511337129955,-0.00815467583395896,-0.05392020315570396,0.08480164391140335,-0.020315281186751872,-0.08312818707366872,-0.07498007446838538,0.04779543188455504,0.030617143069990922,0.019207924546485504,-0.0638890211574575,-0.003216957298070321,0.04725025123963762
295,3,-0.00988980655601649,-0.06923196341792855,-0.03478517120819228,-0.024192783936287092,0.009579172258527228,0.025399151527533165,0.0239883950752662,-0.019655769487321645,-0.0015978099353653418,-0.05045638589487633,0.05355332912548732,-0.01159535842634811,-0.07161890565620019,-0.07237790858211532,0.021389946899937968,0.016007339196911774,-0.03569676958583778,-0.038499363246443805,0.031841009266414144,0.10583437993557561
324,1,0.030964162939188154,-0.0723849226621464,0.10940664430169912,-0.03315655805750616,0.09842199110545158,0.005331173940517224,-0.1336916167610566,0.009689282491950103,-0.01520850327564968,0.05359315338413664,-0.060320516082470375,0.005516487710439542,0.046384565762248836,0.048002595055110536,-0.03486197183981582,-0.0014519929011760676,-0.07448918188874645,-0.06261920250990965,0.018456532129807836,-0.0006798736377005463
324,3,0.03023783677350756,-0.07005404534660387,0.0940489725088186,-0.004821697308210719,0.0854409843413394,-0.002200120059829033,-0.08581870992231759,-0.008827541634685129,-0.008610836051810242,0.060533780608124116,-0.019316857559198906,-0.005245704979065569,-0.025764573555105003,0.007988153014792044,-0.01808958731396188,-0.001661739044990984,0.010242095751538878,0.03284342040797948,0.016585963840118588,-0.03436718643998524
336,1,-0.0038045326219334,-0.061017755181841486,0.0026166062535633505,-0.03271529977674579,0.06034889106364253,0.06005761533137515,-0.014879241683290311,-0.01651138204897171,-0.0006236097319279056,-0.04775183857937774,0.1503442681787629,-0.048674790558293185,-0.15096612112238417,-0.06594952373564605,0.07378756475515935,0.039996169832982646,0.08087119227320166,-0.044899664789754296,-0.015434588555738465,-0.030427297155942303
336,3,-0.09454229300499001,0.006495105050090025,-0.01052294436510875,-0.0038606431830875173,0.013583319859196395,0.08703362238605235,0.019860393447470655,-0.03712387391236639,-0.020694420553878597,0.022923084460264052,0.07360037264223256,-0.05572193790869714,-0.0003904703838376206,0.021334396008851442,0.08561709770895369,0.011428497833932133,-0.10777300375173425,-0.011127675776884794,-0.04004455845589388,-0.01325922695516203
342,1,-0.08601679222424634,0.00972331380137491,-0.017534276327794907,0.008258570922327705,0.006550419216250503,0.0888130295024577,0.01736835863583098,-0.05365212561012581,-0.023027617577683786,0.02749821433899958,0.059537246296287316,-0.06114540191995336,0.02780693455340936,0.04435859097272939,0.06329364432085127,-0.025799836800654466,-0.16646063802130973,0.038445696487741265,-0.07549661522901385,-0.07569072991810334
347,1,-0.04143562018043349,-0.0771573730953645,-0.04915148302430742,-0.047550790742679185,-0.01847067237874804,0.07955118093494834,0.06441469101120448,0.1297195146422165,0.014726375216888524,-0.005145133806635205,-0.054344272948706994,0.06744688974688837,-0.057610138397711376,-0.07611214426963815,-0.1417777517078984,-0.02158857909057133,-0.03517138691629886,-0.025525764201020432,-0.05626467714437125,-0.1540681415434941
347,3,0.03059559030630482,-0.06584580373713125,0.09451863560502913,-0.007430229592331049,0.0833512959499724,0.002199474218337186,-0.08313905761731347,0.010569294903600035,0.0019524644374815494,0.03442667214981397,-0.05368589236527313,0.008821074588699893,0.026972551647908596,0.03669373033616913,-0.02548452593567012,-0.009676751779443639,-0.06967230464744754,-0.03903689422835435,-0.0006134221789871927,0.050526183468044716
353,1,-0.17728240823297933,0.061317826505332504,0.057129986153613546,0.01039931174476567,0.002359302945047443,-0.08379113703542394,-0.027864482561843467,-0.02666919912766091,0.008547269026782912,-0.05708366712971971,0.023554448816512738,0.01629140830337322,-0.02855673408871604,0.008676928949529187,-0.02484652074039142,-0.01556062957038584,-0.0342150250875675,0.00234380709832322,0.006148018061127365,-0.01680973098188027
353,3,-0.10863123006522274,0.00031105315508443357,-0.01139922447455162,-0.009531503868853994,-0.006304832470797116,0.08270187906921432,0.03541172300567887,0.02878785459695335,-0.01128488270901731,0.08983531476714011,-0.01389672049295243,-0.038250667748713135,0.042905620822329106,0.027354550772553905,0.04357172793244227,-0.013444614268442135,0.011687540218071004,0.006550239744386009,0.0060899951758327155,0.012595709132039588
359,1,-0.07070702086048208,0.004228278135983373,-0.025130465086463,-1.4634130388492876e-05,0.02133486345524935,0.12087721168221621,0.018569545405186873,-0.0705237454020554,-0.04502823948013947,0.030261053738528717,0.0737369704396847,-0.05805924502903767,0.03951207063105952,-0.011902996308770225,0.13409596056607395,0.06165055435383187,-0.12475964096144912,-0.006923717566431033,0.0035778332993582126,0.044940331541247734
359,3,-0.19821173351556232,0.0670008220457614,0.07483172219033277,0.007235082041632969,-0.0019507157257928655,-0.120004346738535,-0.026007726232470215,0.007600787370652696,0.014727682122216163,-0.04558156268353013,-0.010747323107653198,0.023474020493868923,-0.02554058435648709,-0.03186797385513166,-0.019492340484822113,0.007037446557122089,0.03406549768456468,-0.009064120270376728,-0.0022042267066084476,0.0077828683995526116
363,1,0.03149550535401222,-0.059570486991278274,0.09465220554967357,-0.014328415387340308,0.080072426815433,0.0039188980334704014,-0.09478135679077146,0.005328174316447752,0.0029006945137291054,0.04562634845956959,-0.033624497622826925,-0.0013630719292223538,0.012188577409303208,0.022080726359979215,-0.0205096988650457,-0.003975986133489453,-0.028359956819129648,-0.004976415786045051,0.0027907526527870727,0.001504624298683165
363,3,0.006368421234539508,-0.10995042620941775,-0.002488032275784999,-0.07468658954865615,-0.024306946513019356,-0.03267010339688693,0.00635376630906051,0.05714548290836589,0.019349175017008512,-0.2068350513813834,0.008021762328936992,-0.010461914622929624,0.19132326773106553,0.09434443172046321,0.0814149918488806,-0.0027596570574262803,0.07691974382201146,0.05343761096957725,0.015272505896752582,-0.04146806930773548
365,1,0.025586019624658018,-0.021244357618020175,0.0679207429553819,0.07269842554909973,0.03634506365256464,0.03153641148038325,0.08120796806124216,-0.017878259546757525,0.02042935103919952,-0.021370422417593474,0.04137496610923734,0.03587846708959845,-0.03288527768051099,-0.018553730825474013,0.05368447641076515,-0.03246408414334815,0.04171857994456777,0.024031196275260996,-0.09660345186274998,0.013925444053876189
365,3,0.028060971248338003,-0.04993145500526713,0.07060008384421614,-0.020715084522931183,0.08679394378474124,0.010052593292434676,-0.08323268330783021,0.004436991036219756,-0.03270699324294172,0.06012837577907637,0.12520535813484696,-0.05220460647218646,-0.11018215970678628,-0.06630967986862309,-0.009570634936439339,-0.016375667641467598,0.15205273192830096,0.15436024798144396,0.024767568247310117,-0.14492322245358652
368,1,0.007356173956553062,-0.05458948681365321,-0.043279819456300286,0.04065786741785858,-0.06419747639037525,-0.06724910764214044,0.02035389368984189,-0.06337698640815576,-0.05519375513686474,0.025115039343115084,0.00387672585252608,-0.10386464976579625,0.032995461073177426,0.044329879561146,-0.07333167370914417,0.009978203590938544,-0.012638807143644971,-0.023328652778370467,-0.041693021138202,-0.040609441978955045
368,3,0.006579322078268472,-0.10648436969330556,-0.049356834435985,0.01324615172579718,-0.07491884187502804,-0.11903854910700068,0.031895257520315516,-0.05754072447474129,-0.030655324339893767,0.04512849889582303,0.010577704013814693,-0.04215016483184952,0.020967876275379622,0.021695156369508996,-0.006263986095849359,0.02241828104434799,-0.029139010885113108,0.0584403203232506,0.029981965471636396,0.07403555849794294
371,1,-0.03462457304643845,-0.035686965153790974,-0.024415073087262686,-0.024467044947402955,0.03619100724226547,0.09606463814624507,0.021694297649595552,-0.026635094547414036,-0.005049405039388962,-0.032261721551469724,0.12821295041528952,-0.04424921950020012,-0.11074895344306518,-0.039700447763668344,0.07801535973046712,0.036903354318640065,-0.014691485292190335,-0.08606684528001088,-0.04360508793589293,0.004972211731571591
371,3,-0.005178496626481456,-0.04084990923557293,0.004775746285433939,-0.005768720971120679,0.04160970544230278,0.06392181381918523,0.023848594621713022,-0.004408261211839245,0.005133928700500296,-0.03340637514375535,0.14322702612709765,-0.026640085305665244,-0.11433477637053895,-0.049419582411365376,0.06266263779544362,0.025327072317051957,0.04014873019839352,-0.04328449411843518,-0.012584839648217076,-0.04841450932461864
375,1,-0.011021027406010062,-0.031839288446979,-0.04152193828854326,-0.04491805128465964,0.04473858011636255,0.06142951481608957,0.021447241214301516,-0.022488493442921694,0.01747701082505685,-0.07085009643095266,0.08521650600003658,-0.02314351794856493,-0.12497300827842031,0.003123274370384302,0.0315270625885163,0.04579683900141988,0.03778190751310014,-0.12076355393507923,-0.050784454837322676,0.077995799835621
375,3,-0.029640160560010113,-0.08144015643200703,-0.042998177294637556,-0.04424161276220458,-0.013745262912502823,0.05185866159799711,0.047064252060585024,0.08731957032020922,0.016847604295707284,-0.0506385118928936,-0.015215921013221839,0.03636073255906699,-0.023191379828742975,-0.03520191373792658,-0.06998257677767619,-0.020542782898625878,-0.022653537183168537,-0.012936619284618117,-0.018314190093479475,-0.05140790416135225
377,1,0.03481053690454916,-0.04275164069878582,0.09028139037863131,-0.03412860043891513,0.08013187499067065,0.005877553411956639,-0.11221548321840705,0.012408483157343138,-0.02452800014208915,0.07926105833258264,0.06257356576118957,-0.025552174842922545,-0.04269114892032987,-0.03547310383107996,-0.0431078022016408,0.0003639319561710278,0.06188095264328437,0.06793051461650951,0.0030151180683923957,-0.09292085414083058
377,3,0.024249972355478166,-0.08643052384629976,0.07785324095669698,-0.01927053194269713,0.0886107088311509,-0.007384237561535312,-0.10137346005996206,-0.009369892478322773,-0.013607890388495952,0.05433856848689964,0.007559317503534608,-0.03029735025812758,-0.05096188628117373,-0.005170726011180425,-0.009427412920200723,0.006744759400402157,0.04531679100010297,0.08528731714081095,0.037190990218111425,-0.07100260259755448
379,1,-0.001226167265991417,-0.08281524249894957,-0.01854604467530918,-0.038834759197296106,0.02166966677329216,0.009092710683095227,-0.0023976493508519386,0.003890304270684153,0.004294929025047752,-0.07181125361286324,0.05414521843586825,-0.007667147426560899,-0.048841135266536974,-0.03301646262553866,0.03876569217780425,0.021829172742478663,0.028444884108004588,-0.037979557552034415,0.012379230529669251,0.037426909041246376
379,3,0.003726809006603408,-0.10433686290256576,-0.03518022529537088,-0.006877574233023789,-0.03972468258502696,-0.06889698637047569,0.027676220863445067,-0.011017713372419215,-0.006070108593424065,-0.0341528530925166,0.021693451714198467,-0.04154021762105593,0.007668563481872664,-0.009369148846369087,0.008274682456088691,0.020703246966976906,-0.050216488748079956,0.08251185049979999,0.06983820215911742,0.13517906095800483
380,1,0.03561679230656974,-0.021200793119229205,0.08802977481497434,0.1352899130668804,0.031140195759767873,0.0011125943952632804,0.16693276524591044,0.015111220284920932,0.06735213884466162,-0.004810857268190521,0.04767421818485866,0.08093651918453254,-0.02509675937006092,0.05190218920995781,0.046310948390907616,0.04883281349326575,-0.05244064264614166,-0.0842104339763913,0.14701166170533364,-0.1300282939518256
380,3,0.014899055313726463,-0.07952386796854187,0.011634514008613157,0.020592066821358505,0.00047427256249134005,-0.03410258983957478,0.001376303317677461,0.0038828671190613336,0.02303849541511259,-0.009668241369228916,-0.005470992064160388,-0.05927616673724788,-0.0262889584564219,-0.023686306873475855,-0.0024715886349268618,-0.006205174483382986,-0.06917101361859346,0.10588685296491261,0.062434622760536865,0.1351214313195444
404,1,0.02769833268839594,-0.08370806805847762,0.1003453041343356,-0.036643237308309845,0.1035318096801767,-0.0009032725119667786,-0.14024183453127576,0.0015175877524815085,-0.018873101197884913,0.056497862699505776,-0.053856263754781315,0.0020779976848255307,0.034525853094067006,0.04389545053620305,-0.02375954727214318,0.0069020147348814445,-0.05944010762625252,-0.06878280105232554,0.03100157876677148,-0.030352588764446343
404,3,0.025327664187950467,-0.04369472294204561,0.06968179709023724,0.016465465223489194,0.03591356662603386,0.0272364916560446,0.01839239805521748,-0.01869410539426899,0.010745457818243369,-0.038080665264638935,-0.003240773221465568,0.020976685989800258,-0.017112358817028547,-0.023083464602056226,0.04612468584377079,-0.05510785468831202,0.05489542779675772,0.044658495949043274,-0.1207406399670382,0.07023382316872105
