idx,A,S,E,O,R,T
0,old,F,high,emp,big,train
1,young,M,high,emp,big,car
2,young,M,uni,emp,big,car
3,adult,M,high,emp,small,train
4,young,M,high,emp,big,car
5,adult,F,uni,emp,big,other
6,old,F,high,emp,big,car
7,adult,F,high,emp,big,train
8,young,M,high,emp,big,car
9,adult,M,uni,emp,big,train
10,adult,M,high,emp,small,train
11,adult,F,uni,emp,small,other
12,young,M,uni,emp,big,other
13,adult,M,high,emp,big,other
14,adult,M,high,emp,big,car
15,adult,M,high,emp,big,car
16,adult,M,high,emp,small,car
17,old,M,high,emp,small,car
18,old,F,uni,emp,big,car
19,adult,M,high,emp,big,other
20,old,F,high,emp,small,car
21,young,M,high,emp,big,car
22,adult,M,uni,emp,big,train
23,adult,M,high,emp,big,other
24,adult,M,high,emp,big,other
25,young,M,high,emp,big,other
26,old,M,high,emp,big,other
27,adult,M,uni,emp,big,car
28,old,M,uni,emp,big,car
29,adult,M,uni,emp,big,car
30,adult,M,high,emp,small,train
31,adult,M,high,emp,big,car
32,old,M,high,emp,small,train
33,young,F,uni,emp,big,car
34,adult,M,high,emp,big,other
35,young,F,uni,emp,small,train
36,adult,M,high,emp,small,train
37,adult,M,high,emp,big,train
38,adult,F,uni,emp,big,car
39,adult,M,high,emp,small,car
40,adult,M,high,emp,small,train
41,adult,M,high,emp,small,train
42,adult,M,uni,emp,big,other
43,young,F,high,emp,big,other
44,young,F,high,emp,big,car
45,adult,F,high,emp,big,car
46,young,M,uni,emp,big,car
47,old,M,high,emp,big,car
48,adult,F,uni,emp,big,car
49,old,F,high,emp,big,car
50,adult,F,high,self,big,other
51,old,M,high,emp,big,car
52,adult,M,high,emp,big,train
53,adult,M,high,emp,small,train
54,adult,M,uni,emp,big,car
55,young,F,high,self,big,train
56,young,F,uni,emp,big,other
57,young,M,high,emp,small,train
58,adult,F,uni,emp,big,car
59,old,F,high,emp,small,train
60,adult,M,high,emp,big,car
61,adult,M,high,emp,small,car
62,old,F,high,emp,big,car
63,adult,F,high,emp,big,car
64,old,F,high,emp,small,train
65,young,M,high,emp,big,train
66,adult,F,high,self,big,train
67,old,F,uni,emp,small,train
68,young,M,high,emp,big,car
69,adult,M,high,emp,big,car
70,adult,F,uni,emp,big,train
71,adult,F,high,emp,big,car
72,old,F,high,emp,small,other
73,adult,M,high,emp,small,other
74,old,M,uni,emp,big,car
75,young,M,high,emp,big,train
76,old,M,high,emp,big,car
77,young,F,high,emp,big,car
78,young,M,high,emp,big,car
79,young,M,high,emp,big,train
80,adult,M,uni,emp,big,car
81,young,M,high,emp,big,car
82,adult,M,high,emp,big,car
83,old,M,uni,emp,small,train
84,adult,F,high,emp,big,train
85,young,M,high,emp,big,car
86,adult,M,high,emp,big,other
87,old,M,high,emp,big,car
88,adult,F,high,emp,big,other
89,adult,M,high,emp,big,car
90,adult,M,high,emp,small,car
91,adult,M,uni,emp,big,car
92,adult,M,high,emp,big,car
93,adult,M,uni,emp,big,car
94,adult,M,high,emp,big,car
95,young,M,high,emp,big,other
96,adult,M,high,emp,big,train
97,adult,F,high,self,big,car
98,adult,F,high,emp,big,other
99,young,M,high,emp,big,car
100,old,M,high,emp,big,car
101,adult,F,high,emp,small,car
102,young,F,uni,emp,big,car
103,adult,F,uni,emp,big,other
104,young,M,high,emp,small,train
105,adult,M,high,emp,big,other
106,adult,F,high,emp,big,other
107,old,F,high,emp,big,train
108,young,M,high,emp,small,car
109,adult,M,uni,emp,big,car
110,adult,F,high,emp,big,car
111,adult,F,high,emp,big,other
112,young,M,high,emp,big,car
113,old,M,uni,emp,big,car
114,adult,M,uni,emp,small,car
115,adult,F,high,emp,big,car
116,young,M,high,emp,big,car
117,young,M,high,emp,small,train
118,adult,M,high,emp,small,car
119,adult,M,high,emp,small,train
120,adult,F,high,emp,big,train
121,young,M,high,emp,big,other
122,old,F,high,emp,small,other
123,old,M,high,emp,big,car
124,young,M,uni,emp,big,other
125,adult,M,high,emp,big,other
126,young,F,high,emp,big,car
127,adult,M,high,emp,big,car
128,adult,F,uni,emp,big,car
129,adult,M,high,emp,small,train
130,old,F,uni,emp,big,car
131,adult,M,high,emp,small,other
132,adult,M,high,emp,big,other
133,old,M,uni,emp,small,car
134,young,F,uni,emp,big,car
135,old,F,high,emp,small,train
136,adult,M,high,emp,small,train
137,adult,F,high,emp,big,car
138,adult,F,high,emp,big,car
139,young,M,high,emp,small,car
140,adult,F,high,emp,big,car
141,adult,F,uni,emp,big,other
142,young,M,high,emp,big,car
143,adult,M,uni,emp,big,other
144,young,F,uni,emp,big,other
145,old,F,high,emp,big,train
146,old,M,high,self,big,car
147,adult,M,high,emp,big,car
148,old,M,high,emp,big,train
149,adult,M,high,emp,big,car
150,old,M,high,emp,big,train
151,young,M,high,emp,small,train
152,adult,M,high,emp,big,car
153,young,M,high,emp,big,car
154,young,F,high,emp,big,other
155,young,F,high,emp,big,car
156,adult,F,high,emp,small,train
157,adult,F,high,emp,big,car
158,old,M,high,emp,big,car
159,young,F,uni,emp,small,car
160,young,M,high,emp,big,train
161,adult,F,high,emp,big,car
162,adult,F,high,emp,big,train
163,young,F,uni,emp,big,train
164,young,M,uni,emp,big,car
165,young,M,high,emp,big,car
166,young,M,high,emp,small,train
167,adult,M,high,emp,big,other
168,adult,M,uni,emp,small,car
169,adult,F,high,emp,big,other
170,young,F,high,emp,big,train
171,young,F,high,emp,small,car
172,young,M,uni,emp,small,train
173,adult,F,high,emp,big,train
174,young,M,high,emp,small,car
175,young,M,high,emp,big,car
176,adult,M,high,emp,small,car
177,adult,M,uni,emp,big,train
178,old,M,high,self,big,train
179,adult,M,high,emp,big,car
180,young,M,high,emp,big,car
181,young,M,high,emp,small,car
182,young,M,high,emp,small,car
183,young,M,high,emp,big,other
184,adult,M,high,emp,big,car
185,young,F,uni,emp,big,other
186,old,F,high,self,small,other
187,adult,M,high,emp,big,train
188,young,M,high,emp,big,other
189,young,F,uni,emp,big,train
190,adult,M,high,self,big,car
191,adult,M,high,emp,big,train
192,adult,M,high,emp,small,car
193,old,M,high,emp,big,train
194,adult,M,uni,emp,big,train
195,adult,F,uni,emp,big,car
196,adult,M,high,emp,big,car
197,young,M,uni,emp,big,train
198,adult,M,uni,emp,small,train
199,young,M,uni,emp,big,train
200,old,M,uni,emp,big,car
201,old,F,high,emp,big,train
202,young,M,high,emp,big,car
203,adult,M,high,emp,big,car
204,adult,M,high,emp,big,car
205,adult,F,high,self,big,car
206,old,M,high,emp,big,train
207,old,M,high,emp,big,car
208,adult,M,uni,emp,big,train
209,adult,M,high,emp,small,other
210,young,M,high,emp,small,train
211,adult,M,uni,emp,small,train
212,adult,M,high,emp,big,car
213,old,F,high,emp,small,car
214,young,F,high,emp,big,car
215,adult,M,uni,emp,big,car
216,adult,F,high,emp,big,train
217,adult,M,high,emp,big,other
218,old,F,high,emp,big,train
219,young,F,high,emp,big,train
220,adult,F,high,emp,small,other
221,adult,F,uni,emp,big,train
222,young,M,high,emp,big,other
223,old,M,high,emp,small,other
224,young,M,uni,emp,big,other
225,young,F,high,emp,big,train
226,adult,F,high,emp,small,other
227,young,F,uni,emp,small,train
228,adult,F,high,emp,big,car
229,old,F,high,emp,big,car
230,young,M,high,emp,big,car
231,old,F,high,emp,big,other
232,young,F,uni,emp,big,car
233,old,M,high,self,big,car
234,old,M,high,emp,big,car
235,old,F,high,emp,small,train
236,adult,M,uni,emp,small,car
237,old,M,high,emp,big,car
238,old,F,high,emp,big,car
239,adult,M,high,emp,big,car
240,adult,M,high,emp,big,car
241,old,M,high,emp,big,car
242,adult,M,uni,emp,big,car
243,adult,F,high,emp,big,train
244,old,F,uni,emp,big,train
245,young,F,uni,emp,big,train
246,young,F,uni,emp,big,car
247,adult,M,high,emp,big,train
248,adult,M,high,emp,small,train
249,old,F,high,emp,big,other
250,adult,F,high,emp,big,car
251,adult,M,high,emp,big,train
252,adult,M,high,self,big,train
253,adult,M,high,emp,big,car
254,adult,M,uni,emp,small,car
255,young,M,high,emp,big,car
256,young,F,high,emp,big,car
257,young,M,uni,emp,big,car
258,young,M,high,emp,big,car
259,old,M,high,emp,big,train
260,old,M,high,emp,big,other
261,adult,M,uni,self,big,car
262,adult,F,high,emp,big,car
263,adult,M,high,emp,big,car
264,young,F,uni,emp,small,car
265,adult,F,high,emp,big,car
266,adult,F,high,self,big,car
267,young,F,uni,emp,big,car
268,adult,M,high,emp,big,car
269,young,M,high,emp,big,other
270,adult,M,high,emp,small,other
271,old,M,high,emp,big,car
272,old,M,high,emp,big,train
273,young,M,uni,emp,big,other
274,adult,F,high,emp,small,other
275,young,M,high,emp,big,train
276,adult,F,high,emp,big,car
277,young,M,uni,emp,big,train
278,adult,F,uni,emp,big,train
279,adult,F,uni,emp,small,train
280,young,F,high,emp,big,other
281,old,F,high,emp,big,car
282,young,M,high,emp,small,train
283,young,F,high,emp,big,car
284,young,F,high,emp,big,car
285,adult,M,high,emp,big,car
286,old,F,high,emp,small,car
287,adult,F,high,emp,big,train
288,adult,M,high,emp,big,car
289,old,F,high,emp,small,car
290,adult,F,high,emp,big,car
291,adult,M,high,emp,big,car
292,adult,M,uni,emp,big,car
293,young,F,uni,emp,big,car
294,young,F,high,emp,big,car
295,adult,M,high,emp,big,car
296,young,M,high,emp,small,car
297,young,F,high,emp,big,car
298,old,M,high,emp,small,car
299,young,M,uni,emp,big,car
300,old,F,high,emp,small,car
301,old,M,uni,emp,big,car
302,young,M,high,emp,big,car
303,adult,F,uni,emp,big,car
304,young,M,high,emp,small,car
305,young,F,high,emp,big,car
306,young,M,high,emp,big,car
307,adult,M,high,emp,big,train
308,adult,M,high,emp,big,train
309,adult,F,high,emp,big,car
310,adult,F,uni,self,small,train
311,adult,M,high,emp,big,other
312,adult,M,uni,emp,big,car
313,young,F,uni,emp,big,car
314,adult,F,uni,emp,big,car
315,adult,M,uni,emp,big,train
316,adult,F,uni,emp,big,train
317,adult,M,high,emp,big,car
318,old,M,high,emp,big,car
319,young,M,high,emp,big,car
320,young,M,high,emp,big,car
321,adult,F,high,emp,small,car
322,adult,F,uni,emp,big,car
323,old,F,uni,emp,big,car
324,adult,F,uni,emp,big,other
325,adult,M,high,emp,big,car
326,old,F,high,emp,small,train
327,old,M,high,emp,small,train
328,young,F,high,emp,big,car
329,young,F,uni,emp,big,car
330,young,M,high,emp,big,train
331,adult,M,high,emp,big,other
332,adult,M,high,emp,big,car
333,adult,F,high,emp,big,car
334,adult,M,high,emp,big,car
335,young,M,high,emp,small,car
336,adult,M,high,emp,big,other
337,adult,M,uni,emp,big,car
338,old,F,high,emp,big,car
339,adult,M,uni,emp,small,train
340,adult,F,high,emp,big,other
341,adult,M,high,emp,small,car
342,adult,F,high,emp,small,train
343,young,M,high,emp,big,train
344,young,F,high,emp,small,car
345,adult,F,uni,emp,big,car
346,adult,M,uni,emp,small,car
347,adult,M,high,emp,small,train
348,adult,F,high,self,big,car
349,adult,F,uni,emp,big,car
350,young,M,high,emp,big,car
351,adult,M,high,emp,big,train
352,adult,M,uni,emp,big,car
353,young,F,high,emp,small,car
354,adult,M,high,emp,big,train
355,adult,F,high,emp,big,car
356,adult,M,uni,emp,big,car
357,young,M,high,emp,big,train
358,adult,F,high,emp,small,other
359,adult,M,uni,emp,small,other
360,adult,M,high,emp,small,train
361,adult,M,high,emp,big,train
362,adult,F,high,emp,big,car
363,young,F,uni,emp,big,car
364,young,F,high,emp,small,car
365,old,M,high,emp,big,car
366,adult,F,high,emp,small,other
367,old,M,high,emp,big,car
368,adult,M,high,emp,small,car
369,adult,M,high,emp,small,other
370,old,M,high,emp,small,train
371,adult,F,high,emp,big,car
372,adult,F,high,emp,big,train
373,young,M,uni,emp,big,car
374,young,F,high,emp,big,car
375,young,M,high,emp,big,car
376,adult,M,high,emp,small,car
377,young,M,high,emp,small,train
378,old,M,high,emp,big,car
379,adult,M,high,emp,small,train
380,adult,M,uni,emp,big,car
381,adult,M,high,emp,big,car
382,adult,F,high,emp,big,car
383,old,M,high,emp,small,train
384,adult,M,high,emp,big,other
385,adult,M,uni,emp,small,other
386,young,M,high,emp,big,car
387,young,M,uni,emp,big,train
388,adult,M,uni,emp,big,car
389,adult,M,high,emp,big,car
390,adult,M,high,emp,small,car
391,old,M,high,emp,big,car
392,young,M,high,emp,small,car
393,young,F,high,emp,big,train
394,old,M,uni,emp,big,car
395,old,M,high,emp,small,car
396,young,M,high,emp,big,train
397,adult,M,uni,emp,small,car
398,adult,M,high,emp,big,train
399,adult,M,high,self,big,car
400,old,M,high,emp,small,car
401,young,M,uni,emp,small,car
402,young,M,high,emp,big,car
403,adult,F,high,emp,big,car
404,adult,F,uni,self,small,car
405,young,M,high,emp,big,car
406,adult,M,high,self,big,car
407,young,M,high,emp,big,other
408,adult,M,uni,emp,big,other
409,adult,M,high,emp,small,car
410,young,F,high,emp,big,train
411,young,F,high,emp,small,car
412,young,M,high,emp,big,car
413,adult,M,uni,emp,big,train
414,adult,M,high,emp,big,car
415,old,M,high,emp,big,car
416,old,M,high,emp,small,car
417,adult,M,high,emp,big,other
418,young,F,uni,self,big,car
419,adult,M,uni,emp,big,other
420,young,M,high,emp,small,train
421,adult,M,high,emp,big,other
422,young,M,high,emp,small,car
423,adult,F,high,emp,small,car
424,young,F,uni,self,big,car
425,old,M,uni,emp,big,car
426,old,F,high,emp,small,car
427,young,M,uni,emp,big,car
428,adult,M,high,emp,big,train
429,old,F,high,emp,big,car
430,young,F,uni,emp,big,car
431,old,F,high,emp,big,other
432,adult,M,high,emp,big,car
433,adult,M,uni,emp,big,train
434,adult,M,uni,emp,small,train
435,adult,F,high,emp,small,car
436,young,M,high,emp,big,car
437,young,M,high,emp,big,car
438,adult,M,uni,emp,small,train
439,young,M,high,emp,big,other
440,adult,M,uni,emp,small,car
441,young,F,high,self,big,car
442,old,M,high,emp,big,train
443,old,F,high,emp,big,car
444,adult,M,high,emp,big,car
445,young,M,high,emp,big,car
446,adult,F,uni,emp,big,car
447,old,F,high,emp,small,train
448,young,M,high,emp,small,train
449,old,F,high,emp,small,car
450,adult,F,high,emp,big,car
451,adult,F,high,emp,big,train
452,adult,F,high,emp,big,other
453,adult,M,uni,emp,small,train
454,old,F,high,emp,big,other
455,adult,M,high,emp,big,other
456,adult,F,uni,emp,big,other
457,young,M,uni,emp,small,train
458,young,F,uni,emp,small,train
459,adult,M,high,emp,big,train
460,young,M,uni,self,big,other
461,adult,M,high,emp,small,train
462,old,F,high,emp,big,car
463,adult,M,high,emp,big,car
464,old,M,high,emp,small,car
465,old,M,high,emp,big,train
466,adult,F,uni,emp,big,car
467,adult,F,high,self,big,train
468,old,F,high,emp,big,train
469,adult,M,uni,self,big,other
470,young,M,high,emp,big,car
471,adult,M,high,emp,big,other
472,young,M,high,emp,big,car
473,old,F,high,emp,small,car
474,adult,M,high,emp,small,train
475,adult,F,uni,emp,small,train
476,young,F,high,emp,big,car
477,old,M,high,emp,small,train
478,adult,M,high,emp,big,train
479,adult,F,high,emp,big,car
480,adult,F,high,emp,small,car
481,young,F,uni,emp,big,train
482,adult,M,uni,emp,big,other
483,adult,F,high,emp,big,car
484,adult,M,high,emp,big,other
485,young,F,high,emp,big,car
486,young,M,high,emp,big,car
487,adult,F,high,emp,small,train
488,young,M,uni,emp,small,train
489,adult,F,high,emp,big,train
490,adult,M,high,emp,small,car
491,old,F,high,emp,big,train
492,young,F,high,emp,big,car
493,young,F,high,emp,big,other
494,adult,M,high,self,big,car
495,adult,M,uni,emp,big,car
496,young,M,high,emp,big,train
497,young,M,uni,self,big,car
498,adult,M,high,emp,small,train
499,old,M,high,emp,small,car
500,old,F,high,self,big,car
501,adult,M,high,emp,small,car
502,adult,M,uni,emp,big,car
503,adult,F,high,emp,big,car
504,young,M,high,emp,big,other
505,adult,F,uni,emp,big,car
506,young,M,high,emp,big,car
507,adult,F,high,emp,big,car
508,young,M,uni,emp,small,other
509,adult,F,uni,emp,small,car
510,old,M,high,emp,big,car
511,adult,M,high,emp,small,train
512,adult,F,high,emp,big,car
513,young,M,uni,emp,small,car
514,adult,M,high,emp,big,car
515,adult,M,high,emp,big,car
516,adult,F,high,self,small,car
517,adult,F,uni,emp,big,car
518,adult,M,high,emp,big,train
519,adult,M,high,emp,big,train
520,young,M,high,emp,big,car
521,young,F,high,emp,small,train
522,adult,F,high,emp,big,other
523,adult,M,high,emp,small,car
524,young,F,uni,emp,big,train
525,old,M,high,emp,small,train
526,old,M,high,emp,small,car
527,young,M,high,emp,small,train
528,adult,F,high,emp,big,car
529,adult,F,uni,self,small,car
530,adult,M,high,emp,big,car
531,adult,M,uni,emp,small,train
532,adult,F,high,emp,small,other
533,old,M,high,emp,big,car
534,young,M,high,emp,big,train
535,young,M,high,emp,small,train
536,adult,M,high,emp,small,train
537,old,F,high,emp,big,car
538,adult,M,uni,emp,big,car
539,adult,M,high,emp,big,car
540,adult,F,high,emp,big,car
541,old,M,high,emp,big,car
542,adult,F,high,emp,big,other
543,adult,F,high,emp,big,car
544,young,F,high,emp,big,other
545,adult,F,high,emp,big,train
546,young,M,high,emp,big,other
547,old,M,high,self,big,other
548,young,F,high,emp,big,other
549,adult,M,uni,emp,big,car
550,young,F,high,emp,small,car
551,old,F,high,emp,big,car
552,adult,F,high,emp,big,car
553,young,M,high,emp,small,train
554,old,M,high,emp,big,car
555,old,M,high,emp,small,car
556,young,M,uni,emp,big,car
557,adult,M,high,self,big,car
558,old,M,high,emp,small,train
559,young,M,high,emp,big,other
560,young,F,high,emp,big,train
561,adult,F,uni,emp,big,train
562,young,F,high,emp,small,other
563,adult,M,uni,emp,big,other
564,young,M,high,emp,big,car
565,young,M,uni,emp,big,car
566,adult,F,high,emp,big,car
567,old,M,high,emp,big,car
568,adult,F,uni,emp,small,train
569,young,F,high,emp,big,car
570,adult,F,uni,emp,big,car
571,adult,F,high,emp,big,car
572,young,F,high,emp,big,car
573,young,M,high,emp,big,car
574,adult,F,high,emp,small,car
575,young,M,high,emp,big,car
576,old,M,high,emp,big,train
577,adult,M,high,emp,small,train
578,adult,M,high,emp,small,car
579,adult,F,high,emp,big,other
580,adult,M,high,emp,big,car
581,old,M,high,self,big,car
582,old,M,high,emp,big,train
583,adult,M,high,emp,small,car
584,adult,M,high,emp,big,car
585,old,F,high,emp,big,other
586,adult,F,uni,emp,small,car
587,adult,M,high,emp,big,car
588,adult,M,uni,emp,small,train
589,adult,F,high,emp,big,train
590,young,F,high,emp,big,car
591,adult,M,high,emp,big,car
592,adult,F,high,emp,big,train
593,adult,M,high,emp,big,car
594,old,F,high,emp,small,train
595,adult,M,high,emp,big,car
596,adult,M,high,emp,small,car
597,adult,F,high,emp,big,car
598,adult,M,high,emp,big,train
599,adult,F,high,self,big,other
600,adult,M,uni,emp,big,car
601,young,F,high,emp,big,car
602,young,M,high,emp,small,car
603,adult,F,high,emp,big,car
604,old,M,high,emp,big,other
605,adult,M,high,emp,small,car
606,adult,M,high,emp,big,car
607,adult,F,high,emp,small,train
608,adult,F,uni,emp,big,car
609,adult,M,uni,emp,big,car
610,old,M,high,emp,small,other
611,old,F,high,emp,big,train
612,old,M,uni,emp,small,car
613,adult,M,high,emp,big,train
614,adult,F,high,emp,small,car
615,adult,M,high,emp,big,car
616,young,M,high,emp,big,car
617,old,F,high,emp,big,train
618,young,F,uni,self,big,car
619,adult,M,high,emp,small,other
620,old,M,high,emp,big,car
621,adult,F,high,emp,big,other
622,young,F,high,emp,big,train
623,young,F,uni,emp,big,car
624,adult,F,uni,self,small,car
625,adult,F,uni,emp,big,train
626,old,M,high,emp,big,other
627,old,M,high,emp,big,car
628,adult,M,uni,emp,big,car
629,young,M,high,emp,big,train
630,adult,M,high,emp,big,other
631,young,M,uni,emp,big,other
632,old,F,high,emp,big,car
633,old,F,high,emp,big,train
634,adult,F,high,emp,small,car
635,adult,F,high,self,small,train
636,old,F,high,emp,big,car
637,adult,M,high,emp,big,car
638,adult,M,high,emp,big,car
639,adult,F,high,emp,big,car
640,adult,F,uni,self,big,car
641,adult,F,uni,emp,big,train
642,old,F,high,emp,small,car
643,adult,M,high,emp,big,other
644,adult,M,high,emp,big,car
645,young,M,uni,emp,big,other
646,adult,F,high,emp,big,other
647,adult,M,high,emp,big,car
648,young,F,high,emp,big,car
649,young,F,high,emp,big,other
650,young,M,high,emp,big,car
651,adult,F,uni,emp,big,car
652,adult,F,uni,emp,big,car
653,young,F,high,emp,big,train
654,adult,F,high,emp,small,car
655,old,M,high,emp,small,car
656,old,F,high,emp,big,train
657,young,M,high,self,big,train
658,adult,M,uni,emp,big,car
659,adult,F,uni,emp,big,car
660,adult,M,high,emp,small,train
661,adult,F,high,emp,big,car
662,old,F,high,emp,small,train
663,adult,F,high,emp,big,car
664,adult,F,high,emp,big,car
665,young,M,uni,emp,big,car
666,old,M,uni,emp,big,train
667,adult,M,high,emp,big,car
668,adult,M,high,emp,small,train
669,young,F,uni,emp,big,car
670,adult,M,uni,emp,big,car
671,adult,F,high,emp,big,train
672,young,M,uni,emp,big,train
673,adult,M,high,emp,small,train
674,adult,F,high,emp,big,car
675,young,M,uni,emp,big,car
676,adult,F,uni,emp,small,train
677,adult,M,high,emp,big,car
678,adult,F,high,emp,big,train
679,young,M,high,emp,small,car
680,old,M,high,emp,big,train
681,adult,F,high,emp,small,car
682,adult,M,high,emp,big,train
683,young,F,high,emp,big,car
684,old,M,high,self,big,car
685,young,M,uni,emp,big,other
686,young,F,high,emp,big,car
687,young,F,high,emp,big,car
688,old,M,high,emp,small,car
689,old,M,high,emp,big,car
690,old,F,high,emp,big,train
691,old,F,high,emp,big,car
692,adult,M,high,emp,small,car
693,adult,M,high,emp,big,car
694,adult,M,uni,self,small,car
695,adult,M,high,emp,big,train
696,adult,F,high,emp,small,train
697,old,M,high,emp,big,car
698,adult,M,high,emp,small,car
699,old,M,high,self,big,train
700,adult,F,high,emp,small,car
701,adult,M,high,emp,small,car
702,old,M,high,emp,big,car
703,adult,F,high,emp,big,car
704,young,F,high,emp,big,car
705,old,M,high,emp,big,car
706,adult,M,uni,emp,big,other
707,adult,F,high,emp,big,car
708,young,F,high,emp,small,train
709,old,M,high,emp,small,car
710,old,F,high,emp,big,train
711,old,M,uni,emp,big,car
712,young,F,high,emp,big,train
713,adult,M,high,emp,big,other
714,old,M,high,emp,small,train
715,adult,F,uni,emp,big,car
716,adult,M,high,emp,big,car
717,old,F,high,emp,big,car
718,adult,F,high,emp,big,other
719,adult,M,high,emp,small,train
720,adult,F,high,self,big,car
721,adult,F,uni,emp,small,car
722,old,F,high,emp,big,car
723,adult,M,high,emp,big,train
724,old,M,high,emp,big,car
725,young,M,uni,emp,big,train
726,adult,F,uni,emp,big,other
727,young,M,high,emp,big,train
728,old,M,high,emp,big,car
729,adult,F,uni,emp,big,car
730,adult,M,high,emp,big,other
731,old,F,high,emp,big,car
732,adult,M,high,emp,small,other
733,adult,M,high,emp,small,train
734,old,M,high,emp,small,car
735,adult,F,uni,self,big,train
736,young,F,uni,emp,big,car
737,adult,M,high,emp,small,car
738,old,F,high,emp,big,car
739,old,M,uni,emp,big,car
740,adult,M,uni,emp,small,train
741,old,M,high,emp,small,car
742,old,M,high,emp,big,train
743,adult,F,uni,emp,big,other
744,young,M,high,emp,small,train
745,adult,M,high,emp,big,other
746,young,M,high,emp,big,car
747,adult,M,high,emp,big,car
748,old,F,high,emp,big,train
749,adult,M,high,emp,big,other
750,old,M,high,emp,small,train
751,young,F,high,emp,big,car
752,young,M,high,emp,small,train
753,old,M,high,emp,big,car
754,adult,M,uni,emp,big,car
755,adult,M,high,emp,small,train
756,adult,M,high,emp,big,car
757,adult,M,high,emp,small,car
758,young,M,uni,emp,big,car
759,adult,F,high,emp,big,train
760,adult,M,high,emp,big,other
761,adult,M,high,emp,big,train
762,adult,F,high,emp,small,train
763,adult,F,high,emp,big,car
764,young,M,high,emp,big,car
765,young,M,uni,emp,big,car
766,adult,M,high,emp,big,car
767,adult,M,high,emp,big,car
768,adult,M,high,emp,big,train
769,old,M,high,self,big,train
770,adult,M,high,emp,big,car
771,young,M,high,emp,big,car
772,young,M,high,emp,small,train
773,young,F,high,emp,big,train
774,old,F,high,emp,small,train
775,young,M,high,emp,big,other
776,young,M,uni,emp,big,train
777,young,F,uni,emp,big,car
778,adult,F,high,emp,big,train
779,adult,M,uni,emp,big,car
780,old,F,high,emp,big,other
781,young,M,uni,emp,big,car
782,adult,F,high,self,big,other
783,adult,F,high,emp,small,train
784,young,F,high,emp,big,car
785,adult,F,high,emp,big,car
786,old,M,high,emp,big,car
787,adult,M,high,emp,big,train
788,adult,M,high,emp,small,car
789,adult,F,high,emp,big,other
790,adult,M,high,emp,big,car
791,young,M,uni,emp,small,car
792,old,F,high,emp,big,other
793,adult,M,high,emp,big,other
794,young,M,high,emp,big,car
795,young,M,high,emp,small,train
796,adult,M,high,emp,small,car
797,young,M,uni,emp,big,other
798,young,M,high,emp,small,train
799,young,F,high,emp,small,car
800,young,F,high,emp,big,train
801,young,F,high,emp,big,train
802,young,F,high,emp,big,train
803,adult,F,high,emp,big,car
804,adult,F,uni,self,big,car
805,adult,F,uni,emp,big,car
806,adult,F,uni,emp,small,train
807,adult,M,high,emp,big,train
808,old,F,high,emp,big,car
809,young,F,uni,emp,big,car
810,adult,M,high,emp,big,train
811,adult,F,high,emp,big,car
812,adult,F,high,emp,big,train
813,old,M,high,emp,big,car
814,young,M,high,emp,big,train
815,young,M,high,emp,big,car
816,old,M,high,emp,small,car
817,young,F,high,emp,big,car
818,adult,M,high,emp,big,other
819,adult,M,high,emp,big,car
820,adult,F,high,emp,small,train
821,old,M,high,emp,big,other
822,old,M,high,self,big,car
823,old,F,high,emp,big,car
824,adult,F,high,emp,small,car
825,adult,M,high,emp,big,other
826,young,M,uni,emp,big,other
827,old,M,high,emp,big,car
828,old,F,high,emp,big,car
829,young,F,high,emp,big,car
830,young,F,high,emp,big,train
831,young,F,high,emp,big,car
832,adult,F,high,emp,big,other
833,young,M,high,emp,big,car
834,young,F,uni,emp,big,car
835,adult,F,high,emp,small,train
836,adult,M,uni,emp,big,car
837,old,M,high,emp,big,train
838,adult,F,high,emp,small,train
839,young,M,uni,emp,big,train
840,young,M,high,emp,small,other
841,adult,M,high,emp,small,train
842,adult,F,uni,emp,big,other
843,adult,M,uni,emp,big,train
844,adult,M,high,emp,big,train
845,adult,F,high,emp,big,train
846,old,M,high,emp,big,car
847,old,F,high,emp,small,other
848,adult,F,high,self,big,car
849,old,F,uni,emp,big,car
850,adult,M,high,emp,big,train
851,young,M,high,emp,small,train
852,old,M,high,emp,big,car
853,young,F,high,self,big,train
854,adult,M,high,emp,big,car
855,old,F,high,emp,small,train
856,adult,F,uni,emp,big,train
857,adult,M,high,emp,big,train
858,adult,M,uni,self,big,car
859,young,M,high,emp,big,car
860,young,M,uni,emp,big,car
861,young,M,high,emp,big,train
862,adult,F,high,emp,big,car
863,old,M,high,emp,big,train
864,old,M,high,emp,big,other
865,adult,F,uni,emp,big,other
866,adult,M,high,emp,big,car
867,old,M,high,emp,big,car
868,adult,M,uni,emp,big,train
869,adult,M,high,emp,small,train
870,young,M,high,emp,big,other
871,young,F,high,emp,small,train
872,young,M,uni,emp,small,car
873,young,M,high,emp,big,car
874,young,M,high,emp,big,car
875,old,M,high,emp,big,other
876,adult,M,high,emp,big,other
877,adult,M,high,emp,big,car
878,young,F,uni,emp,big,train
879,young,F,high,emp,big,train
880,adult,F,high,emp,big,train
881,young,M,uni,emp,big,other
882,adult,F,high,emp,small,car
883,young,F,high,emp,big,car
884,young,M,high,emp,small,other
885,adult,M,high,emp,small,train
886,young,F,uni,emp,big,car
887,adult,F,uni,emp,small,train
888,old,M,high,emp,small,car
889,old,M,uni,emp,big,car
890,adult,F,uni,emp,big,car
891,old,F,uni,emp,big,car
892,adult,M,high,emp,big,train
893,young,M,high,emp,big,car
894,adult,F,high,emp,big,other
895,young,M,high,self,big,other
896,old,M,high,self,big,train
897,old,F,high,emp,big,train
898,adult,M,high,emp,big,other
899,young,M,high,emp,big,car
900,adult,F,uni,emp,big,train
901,adult,F,uni,emp,big,other
902,adult,M,high,emp,big,other
903,old,M,high,emp,big,car
904,adult,M,high,emp,big,other
905,old,M,high,emp,big,train
906,adult,F,uni,emp,big,train
907,old,F,high,emp,big,car
908,young,M,high,emp,big,car
909,young,F,high,emp,big,train
910,adult,M,high,emp,small,train
911,young,F,high,emp,big,train
912,old,M,high,emp,big,car
913,young,F,uni,emp,small,car
914,adult,F,uni,emp,big,car
915,old,M,high,emp,small,car
916,adult,F,uni,emp,small,train
917,adult,F,high,emp,big,other
918,old,F,high,emp,big,car
919,young,F,high,emp,big,car
920,adult,M,high,emp,big,car
921,old,M,high,emp,small,train
922,adult,F,high,emp,big,car
923,young,M,high,emp,big,train
924,adult,M,high,emp,big,car
925,old,M,high,emp,big,car
926,adult,M,high,emp,small,car
927,young,F,uni,emp,big,car
928,young,M,high,emp,big,train
929,adult,F,high,emp,big,car
930,young,F,uni,emp,small,car
931,old,M,high,emp,big,car
932,adult,M,high,emp,big,car
933,adult,M,high,emp,big,car
934,adult,M,uni,emp,small,car
935,old,F,high,emp,small,train
936,young,F,high,emp,small,other
937,old,F,high,emp,big,car
938,adult,F,high,emp,small,car
939,old,M,high,emp,small,train
940,young,F,high,emp,big,other
941,adult,M,uni,emp,big,car
942,young,M,high,emp,big,car
943,adult,F,high,emp,big,car
944,adult,M,uni,self,small,train
945,old,F,high,emp,small,train
946,young,M,high,emp,small,car
947,adult,M,high,emp,big,train
948,adult,M,high,emp,big,car
949,adult,F,high,emp,big,train
950,adult,M,high,emp,big,train
951,young,M,uni,self,big,train
952,adult,M,uni,emp,big,car
953,old,M,high,emp,big,other
954,adult,F,uni,emp,big,car
955,adult,M,uni,emp,big,car
956,old,F,high,emp,big,car
957,young,F,uni,emp,big,other
958,young,M,high,emp,big,car
959,adult,M,high,emp,big,car
960,old,M,high,self,small,train
961,adult,M,high,emp,big,train
962,young,M,high,emp,big,car
963,adult,F,uni,emp,big,other
964,young,M,high,emp,big,car
965,young,F,high,emp,big,train
966,young,M,high,emp,big,train
967,young,M,uni,emp,big,other
968,adult,F,high,emp,big,car
969,old,M,uni,emp,big,car
970,adult,F,uni,emp,big,car
971,young,M,high,emp,big,train
972,young,F,uni,emp,big,other
973,young,M,uni,emp,big,car
974,adult,F,uni,emp,big,other
975,young,M,high,emp,big,car
976,old,F,high,emp,big,train
977,adult,M,high,emp,small,car
978,young,M,high,emp,big,car
979,adult,M,uni,self,big,car
980,old,F,high,emp,small,car
981,adult,M,high,emp,big,train
982,old,M,high,emp,big,car
983,young,M,high,emp,big,car
984,old,F,high,emp,big,car
985,adult,F,uni,emp,big,train
986,young,M,high,self,big,train
987,old,F,high,self,big,car
988,old,F,high,emp,big,car
989,young,M,high,emp,big,car
990,old,M,high,self,small,train
991,adult,M,uni,emp,small,train
992,young,M,uni,emp,big,car
993,adult,F,high,emp,big,car
994,adult,F,high,emp,small,car
995,adult,F,uni,emp,small,car
996,adult,F,uni,emp,big,car
997,adult,F,high,emp,small,car
998,adult,M,high,emp,small,train
999,adult,F,uni,emp,big,car
1000,adult,F,high,emp,small,other
1001,adult,F,uni,emp,big,train
1002,young,M,high,emp,big,car
1003,adult,M,high,emp,small,other
1004,young,F,uni,self,small,train
1005,young,F,high,emp,big,train
1006,adult,M,high,emp,big,other
1007,old,M,high,emp,big,train
1008,adult,F,high,emp,big,car
1009,adult,M,high,emp,big,car
1010,old,M,high,emp,big,car
1011,adult,M,high,emp,small,other
1012,old,F,uni,emp,big,car
1013,old,F,high,emp,small,car
1014,young,M,high,emp,big,other
1015,young,F,uni,emp,small,other
1016,young,M,high,emp,big,other
1017,adult,F,high,emp,small,other
1018,young,M,high,emp,big,car
1019,old,M,uni,emp,big,other
1020,young,F,uni,self,small,car
1021,adult,M,high,emp,small,train
1022,young,M,high,emp,small,train
1023,adult,M,high,emp,big,train
1024,adult,F,high,emp,big,car
1025,adult,M,high,emp,big,train
1026,adult,F,high,emp,big,other
1027,adult,M,uni,emp,big,car
1028,old,M,high,self,big,car
1029,young,M,high,emp,small,other
1030,adult,M,uni,emp,small,car
1031,adult,M,high,emp,big,car
1032,young,M,uni,emp,big,car
1033,old,M,high,emp,big,other
1034,young,M,high,emp,big,train
1035,young,F,high,emp,big,train
1036,adult,M,uni,emp,big,car
1037,young,F,high,emp,big,other
1038,young,F,uni,self,big,other
1039,old,F,high,emp,small,train
1040,adult,M,uni,emp,big,train
1041,adult,M,uni,emp,big,other
1042,young,M,high,emp,big,other
1043,adult,F,high,self,big,car
1044,young,M,uni,emp,big,train
1045,adult,F,high,emp,big,train
1046,adult,M,high,emp,big,car
1047,adult,M,uni,emp,big,car
1048,old,M,high,emp,big,train
1049,adult,F,high,emp,big,car
1050,young,M,high,emp,big,car
1051,adult,M,high,emp,big,car
1052,old,M,high,emp,big,car
1053,young,M,uni,emp,big,car
1054,adult,M,uni,emp,big,car
1055,adult,M,high,emp,big,car
1056,old,F,high,emp,big,car
1057,adult,M,high,emp,big,train
1058,adult,F,uni,emp,small,train
1059,young,M,high,emp,small,car
1060,young,M,high,emp,big,train
1061,adult,F,high,emp,big,other
1062,adult,F,high,emp,big,other
1063,old,M,uni,emp,big,car
1064,adult,M,uni,emp,big,car
1065,adult,M,high,emp,big,train
1066,adult,F,high,emp,small,car
1067,young,M,high,emp,big,car
1068,adult,F,high,emp,big,car
1069,adult,M,high,emp,big,car
1070,young,M,uni,emp,big,car
1071,old,F,high,emp,big,other
1072,old,M,high,emp,small,other
1073,adult,M,high,emp,big,car
1074,old,F,high,emp,small,car
1075,adult,F,uni,emp,big,car
1076,adult,F,high,emp,big,car
1077,adult,F,high,emp,big,train
1078,adult,M,high,emp,big,other
1079,old,M,high,emp,big,car
1080,adult,M,uni,emp,big,car
1081,adult,F,high,emp,small,train
1082,old,M,high,emp,big,train
1083,young,M,high,emp,big,car
1084,adult,F,high,emp,small,other
1085,adult,M,uni,emp,small,car
1086,old,M,high,emp,big,train
1087,old,F,high,emp,big,train
1088,old,M,high,emp,big,car
1089,young,F,high,emp,big,car
1090,young,F,high,emp,small,train
1091,adult,M,high,emp,big,car
1092,young,F,high,emp,big,train
1093,young,F,high,emp,big,train
1094,adult,F,high,emp,small,train
1095,adult,M,high,emp,big,car
1096,adult,F,uni,emp,small,other
1097,adult,M,uni,emp,big,car
1098,adult,M,high,emp,big,car
1099,old,M,high,emp,big,car
1100,adult,F,high,emp,big,car
1101,adult,F,high,emp,big,train
1102,young,M,high,self,big,car
1103,old,M,high,emp,big,other
1104,old,F,high,emp,small,train
1105,old,M,high,emp,big,car
1106,young,F,high,emp,big,car
1107,young,M,uni,emp,big,train
1108,young,M,high,emp,big,car
1109,old,M,high,emp,big,car
1110,old,M,high,emp,big,car
1111,adult,M,high,emp,big,car
1112,young,M,high,emp,big,car
1113,adult,M,high,emp,small,car
1114,adult,M,high,emp,small,other
1115,adult,F,uni,emp,big,train
1116,adult,F,uni,emp,big,car
1117,adult,F,high,emp,big,other
1118,young,M,high,emp,big,car
1119,adult,M,high,emp,small,train
1120,adult,M,uni,emp,big,train
1121,young,M,high,emp,small,train
1122,young,F,high,emp,big,car
1123,young,M,high,emp,big,car
1124,old,M,high,emp,big,other
1125,young,M,high,emp,big,car
1126,adult,M,high,emp,big,train
1127,old,F,high,emp,big,train
1128,adult,M,high,emp,big,car
1129,adult,M,high,emp,big,car
1130,young,M,high,emp,small,train
1131,adult,F,high,emp,small,car
1132,adult,M,high,emp,big,car
1133,adult,M,uni,self,big,train
1134,young,M,high,emp,small,train
1135,old,M,high,emp,big,car
1136,adult,F,high,emp,big,car
1137,adult,F,high,emp,big,train
1138,young,F,uni,self,big,car
1139,adult,F,high,emp,big,other
1140,young,F,high,emp,small,car
1141,adult,M,high,emp,big,car
1142,old,M,high,emp,big,car
1143,young,F,uni,emp,small,train
1144,adult,M,high,emp,big,car
1145,old,M,high,emp,big,other
1146,young,M,high,emp,big,car
1147,old,F,high,emp,big,train
1148,adult,M,high,emp,small,train
1149,adult,F,high,emp,small,car
1150,adult,M,uni,emp,big,car
1151,young,M,high,emp,big,car
1152,adult,F,high,emp,big,car
1153,adult,M,high,emp,big,car
1154,young,M,high,emp,big,car
1155,adult,F,uni,emp,big,other
1156,young,F,high,emp,small,car
1157,adult,M,uni,emp,big,other
1158,adult,M,uni,emp,big,train
1159,old,M,high,emp,big,car
1160,young,F,high,emp,big,other
1161,adult,M,uni,emp,big,car
1162,adult,F,high,emp,big,train
1163,young,M,high,emp,big,car
1164,young,M,high,emp,big,car
1165,adult,F,high,emp,big,car
1166,young,M,high,emp,big,train
1167,adult,M,high,emp,big,car
1168,old,F,high,emp,big,other
1169,young,F,high,self,big,car
1170,adult,M,high,emp,big,other
1171,young,M,high,emp,small,train
1172,old,M,high,emp,big,car
1173,adult,M,high,emp,big,car
1174,adult,M,high,emp,big,car
1175,adult,M,high,emp,big,train
1176,adult,M,high,emp,big,car
1177,adult,F,high,emp,big,car
1178,old,M,high,emp,big,train
1179,adult,M,high,emp,big,car
1180,young,F,high,emp,big,car
1181,young,M,high,emp,big,other
1182,young,F,uni,emp,big,car
1183,adult,F,high,self,big,car
1184,old,M,high,emp,big,car
1185,adult,F,uni,emp,big,car
1186,young,M,high,emp,small,train
1187,adult,F,high,self,big,car
1188,old,M,high,emp,big,car
1189,young,F,uni,emp,small,other
1190,adult,F,high,emp,big,car
1191,adult,M,high,emp,big,other
1192,old,F,uni,emp,big,train
1193,adult,M,high,emp,big,car
1194,adult,F,high,emp,small,train
1195,young,M,high,emp,big,train
1196,old,F,high,emp,big,other
1197,old,F,uni,emp,small,other
1198,adult,F,high,emp,big,train
1199,adult,M,uni,emp,big,car
1200,old,F,high,emp,big,car
1201,adult,F,high,emp,small,other
1202,young,F,high,emp,big,car
1203,adult,M,high,emp,big,other
1204,young,M,high,emp,big,car
1205,adult,M,high,emp,small,train
1206,adult,M,high,emp,big,train
1207,adult,M,uni,emp,big,car
1208,young,M,uni,emp,big,car
1209,young,M,high,emp,big,car
1210,adult,F,uni,emp,big,car
1211,old,M,high,emp,big,train
1212,young,F,high,emp,big,car
1213,adult,F,high,emp,small,car
1214,young,M,high,emp,big,car
1215,old,F,high,emp,big,other
1216,adult,M,high,emp,big,train
1217,adult,F,high,emp,big,car
1218,adult,M,high,emp,big,train
1219,adult,M,high,emp,big,train
1220,old,M,high,emp,big,car
1221,young,M,high,emp,small,car
1222,young,M,high,emp,big,other
1223,old,F,high,emp,big,car
1224,young,M,uni,emp,big,other
1225,adult,M,high,emp,big,train
1226,young,M,uni,emp,big,other
1227,adult,M,high,emp,small,car
1228,young,M,high,emp,big,car
1229,adult,M,uni,emp,small,train
1230,young,M,high,emp,big,car
1231,young,M,high,self,big,car
1232,young,M,high,emp,big,car
1233,young,M,high,emp,big,car
1234,young,M,high,emp,big,car
1235,adult,F,uni,emp,small,train
1236,old,M,high,emp,big,car
1237,young,F,uni,emp,big,other
1238,adult,F,uni,emp,big,car
1239,young,M,high,emp,small,other
1240,old,M,high,emp,big,car
1241,adult,F,high,emp,big,train
1242,young,F,high,emp,small,car
1243,adult,M,uni,emp,small,car
1244,old,F,high,emp,small,train
1245,young,F,high,emp,big,train
1246,adult,F,uni,self,big,train
1247,adult,F,high,emp,big,car
1248,adult,M,high,emp,big,car
1249,adult,M,high,emp,big,car
1250,adult,M,uni,emp,big,train
1251,adult,M,uni,emp,big,car
1252,young,M,uni,emp,big,car
1253,old,M,high,emp,big,car
1254,adult,F,high,self,small,car
1255,old,F,uni,emp,small,train
1256,adult,F,uni,emp,small,train
1257,young,M,high,emp,big,other
1258,adult,F,high,emp,big,other
1259,adult,M,high,emp,big,car
1260,old,M,high,emp,small,car
1261,old,M,high,emp,small,car
1262,young,M,high,emp,big,car
1263,young,M,high,emp,small,car
1264,young,M,uni,emp,small,other
1265,young,F,high,self,small,car
1266,young,F,high,emp,big,car
1267,adult,M,uni,emp,small,car
1268,adult,M,high,emp,big,car
1269,adult,F,high,emp,big,car
1270,young,M,high,emp,big,train
1271,adult,F,high,emp,small,train
1272,adult,M,high,self,big,other
1273,adult,F,high,emp,big,other
1274,old,M,high,emp,big,car
1275,adult,F,high,emp,big,train
1276,adult,F,uni,emp,small,train
1277,old,M,high,emp,big,car
1278,adult,M,uni,emp,big,car
1279,adult,F,uni,emp,small,car
1280,adult,F,high,emp,small,train
1281,young,F,high,emp,big,car
1282,adult,M,high,emp,big,car
1283,adult,M,high,emp,big,car
1284,adult,M,uni,emp,big,other
1285,young,M,high,emp,big,car
1286,adult,F,high,emp,big,car
1287,young,M,high,emp,big,car
1288,adult,F,uni,self,big,train
1289,young,F,high,emp,big,other
1290,adult,M,high,emp,big,train
1291,young,M,uni,emp,small,train
1292,adult,F,high,emp,big,train
1293,adult,M,high,emp,big,car
1294,old,F,uni,emp,big,car
1295,old,M,high,self,big,car
1296,adult,F,uni,emp,big,car
1297,adult,M,high,emp,big,car
1298,young,M,high,emp,big,car
1299,young,M,high,emp,small,car
1300,adult,M,high,emp,big,car
1301,adult,F,uni,emp,big,car
1302,young,F,uni,emp,big,train
1303,adult,M,high,emp,big,train
1304,adult,M,high,emp,big,car
1305,young,M,high,emp,small,train
1306,young,M,high,emp,big,train
1307,adult,F,high,emp,big,car
1308,old,M,high,emp,big,train
1309,adult,M,high,emp,small,other
1310,young,M,high,emp,big,car
1311,old,M,high,emp,big,train
1312,old,F,high,self,small,car
1313,adult,M,high,emp,big,car
1314,adult,F,uni,emp,big,other
1315,adult,F,high,emp,big,car
1316,adult,M,high,emp,big,train
1317,young,F,high,emp,big,car
1318,old,M,high,emp,small,car
1319,adult,M,high,emp,big,other
1320,adult,F,high,emp,big,car
1321,adult,M,uni,emp,small,train
1322,young,M,high,emp,big,other
1323,young,M,high,emp,small,train
1324,young,F,uni,emp,small,train
1325,old,M,high,emp,small,other
1326,young,F,uni,emp,big,car
1327,young,F,uni,emp,big,car
1328,adult,M,high,emp,big,car
1329,adult,F,high,emp,small,car
1330,adult,M,high,emp,big,other
1331,adult,F,high,emp,big,train
1332,adult,F,high,emp,big,car
1333,young,M,high,emp,big,train
1334,adult,M,high,emp,big,car
1335,adult,F,high,emp,big,car
1336,adult,F,high,emp,big,car
1337,adult,F,high,self,big,train
1338,old,F,high,emp,small,train
1339,young,F,uni,emp,big,other
1340,adult,M,high,emp,big,car
1341,young,M,uni,emp,small,car
1342,young,M,high,emp,big,car
1343,young,F,high,emp,big,car
1344,old,F,high,emp,big,car
1345,adult,M,high,emp,big,car
1346,adult,F,high,self,big,car
1347,young,M,high,emp,small,train
1348,old,M,high,emp,big,car
1349,old,M,uni,emp,big,train
1350,adult,M,high,emp,small,train
1351,young,F,uni,emp,small,train
1352,adult,M,high,emp,big,train
1353,adult,M,high,emp,big,car
1354,young,M,uni,emp,big,car
1355,young,M,high,emp,big,other
1356,adult,F,high,emp,small,train
1357,adult,M,high,emp,big,car
1358,young,M,uni,emp,big,car
1359,old,M,high,emp,big,train
1360,young,F,high,emp,big,car
1361,old,F,high,emp,big,car
1362,old,F,high,emp,small,other
1363,adult,F,uni,emp,small,car
1364,young,F,high,emp,small,train
1365,young,M,uni,self,big,train
1366,young,M,high,emp,big,other
1367,adult,M,high,emp,big,car
1368,adult,F,high,emp,big,car
1369,old,M,uni,emp,small,other
1370,adult,F,high,emp,big,train
1371,old,F,high,emp,small,train
1372,adult,M,uni,emp,big,car
1373,old,F,high,emp,small,other
1374,adult,M,high,emp,big,train
1375,young,M,high,emp,big,car
1376,adult,M,high,emp,big,car
1377,old,F,high,emp,small,car
1378,young,M,high,emp,big,train
1379,young,F,high,emp,big,car
1380,old,F,high,emp,big,car
1381,adult,M,high,emp,big,car
1382,young,M,high,emp,big,car
1383,adult,M,uni,self,big,car
1384,young,M,high,emp,big,car
1385,adult,M,high,emp,big,other
1386,old,M,high,emp,big,car
1387,adult,M,high,emp,small,train
1388,adult,F,high,emp,small,other
1389,old,F,high,emp,big,car
1390,old,F,high,emp,big,car
1391,adult,M,high,emp,small,car
1392,adult,M,high,emp,big,car
1393,adult,M,high,emp,small,other
1394,adult,M,uni,emp,big,train
1395,adult,M,high,emp,small,train
1396,adult,F,high,emp,big,car
1397,adult,M,uni,emp,big,car
1398,young,M,uni,emp,big,train
1399,young,M,uni,self,big,car
1400,adult,M,high,emp,small,car
1401,adult,F,high,emp,big,car
1402,adult,M,uni,emp,big,car
1403,old,F,high,emp,big,car
1404,old,M,high,emp,big,other
1405,young,F,uni,emp,big,car
1406,old,M,high,emp,big,car
1407,young,F,high,emp,big,car
1408,adult,M,high,emp,big,car
1409,young,M,high,emp,small,train
1410,young,M,high,emp,big,car
1411,adult,M,high,emp,big,other
1412,young,M,high,emp,big,car
1413,adult,F,high,emp,small,train
1414,young,M,high,emp,big,car
1415,young,F,high,emp,big,car
1416,adult,F,high,emp,big,train
1417,young,M,uni,emp,big,other
1418,adult,F,high,emp,small,train
1419,adult,M,high,emp,big,train
1420,adult,M,uni,emp,small,other
1421,young,M,high,emp,small,car
1422,old,M,high,emp,big,other
1423,old,M,high,emp,big,other
1424,young,M,high,emp,big,train
1425,young,F,high,self,big,car
1426,old,M,high,emp,big,car
1427,adult,F,high,emp,small,train
1428,old,F,high,emp,big,other
1429,old,M,uni,emp,big,car
1430,adult,F,high,emp,small,train
1431,adult,M,high,emp,big,train
1432,adult,F,uni,emp,small,car
1433,old,M,high,emp,small,train
1434,young,F,high,emp,big,train
1435,adult,M,high,emp,big,car
1436,adult,F,high,emp,small,train
1437,young,M,uni,self,small,train
1438,adult,M,high,emp,big,car
1439,young,F,uni,emp,small,other
1440,young,M,high,self,small,train
1441,adult,M,uni,emp,big,car
1442,adult,F,high,emp,big,car
1443,young,F,uni,emp,big,car
1444,adult,M,uni,self,small,car
1445,young,M,high,emp,big,car
1446,adult,M,high,emp,big,car
1447,old,F,high,emp,big,train
1448,young,F,high,emp,big,other
1449,adult,M,high,emp,big,train
1450,adult,M,high,emp,big,other
1451,young,M,high,emp,big,car
1452,adult,F,high,emp,big,train
1453,adult,F,uni,self,big,train
1454,adult,M,high,emp,big,car
1455,young,F,high,emp,big,car
1456,young,F,high,emp,big,car
1457,adult,M,uni,emp,big,car
1458,old,F,high,emp,big,car
1459,adult,M,high,emp,big,car
1460,young,F,high,emp,big,car
1461,adult,M,high,emp,big,car
1462,young,M,high,emp,small,train
1463,old,M,high,emp,big,train
1464,old,F,high,emp,big,other
1465,young,M,high,emp,big,other
1466,adult,F,uni,emp,small,car
1467,young,M,high,emp,big,car
1468,old,F,high,emp,big,car
1469,adult,F,high,emp,small,other
1470,old,M,high,emp,big,other
1471,adult,F,uni,emp,small,other
1472,adult,M,high,emp,big,other
1473,adult,F,uni,emp,big,car
1474,old,M,high,emp,big,train
1475,adult,F,high,emp,big,car
1476,adult,M,high,emp,big,train
1477,old,M,high,emp,big,train
1478,old,M,high,self,small,train
1479,adult,M,high,emp,big,other
1480,adult,M,uni,emp,big,car
1481,adult,F,uni,emp,big,car
1482,old,M,high,emp,big,car
1483,young,F,high,emp,big,car
1484,adult,M,high,emp,big,car
1485,old,M,high,emp,big,car
1486,young,M,high,emp,small,other
1487,young,M,uni,emp,big,car
1488,young,F,high,emp,big,car
1489,adult,F,high,emp,big,train
1490,adult,M,high,emp,big,car
1491,old,M,high,emp,big,car
1492,adult,M,high,emp,big,car
1493,old,M,high,emp,big,car
1494,adult,M,high,emp,big,car
1495,young,F,high,emp,big,car
1496,young,F,high,emp,small,car
1497,old,F,high,emp,big,car
1498,old,M,uni,emp,big,train
1499,adult,M,high,emp,big,car
1500,young,M,high,emp,big,car
1501,adult,F,high,emp,big,other
1502,old,M,high,emp,big,other
1503,young,M,uni,emp,big,other
1504,adult,M,high,emp,big,car
1505,adult,F,uni,emp,big,car
1506,adult,F,high,emp,small,train
1507,young,F,high,emp,big,car
1508,adult,F,high,emp,big,other
1509,adult,F,uni,emp,big,other
1510,young,M,high,emp,big,other
1511,young,F,high,emp,small,other
1512,young,F,uni,emp,big,car
1513,old,F,high,emp,small,train
1514,adult,F,high,self,small,train
1515,adult,F,uni,emp,big,car
1516,adult,F,uni,emp,big,car
1517,young,F,high,emp,big,car
1518,old,F,high,emp,big,car
1519,young,F,uni,self,big,car
1520,old,F,high,emp,big,car
1521,adult,M,high,emp,small,train
1522,adult,F,high,emp,big,car
1523,adult,M,high,emp,big,car
1524,adult,M,high,emp,big,car
1525,old,F,high,emp,small,car
1526,adult,F,high,emp,small,car
1527,adult,M,high,emp,big,car
1528,old,F,high,emp,small,car
1529,young,M,high,emp,big,car
1530,adult,M,uni,emp,small,train
1531,old,M,high,emp,big,car
1532,adult,F,high,emp,big,train
1533,old,M,high,emp,big,car
1534,old,M,high,emp,small,car
1535,adult,F,high,emp,big,train
1536,young,F,high,emp,big,train
1537,old,M,high,emp,big,train
1538,young,F,uni,emp,big,train
1539,adult,F,high,emp,small,other
1540,adult,F,high,emp,small,car
1541,adult,F,uni,self,big,train
1542,young,F,uni,emp,small,car
1543,adult,F,high,emp,big,car
1544,old,F,high,emp,big,car
1545,adult,M,high,emp,small,train
1546,adult,M,high,emp,big,train
1547,adult,F,high,self,big,car
1548,adult,M,high,self,big,car
1549,old,M,high,emp,big,car
1550,young,F,uni,emp,big,car
1551,young,F,high,emp,big,train
1552,young,M,high,emp,small,car
1553,old,M,high,emp,big,other
1554,adult,M,high,emp,big,car
1555,adult,F,uni,emp,big,car
1556,adult,M,uni,emp,small,car
1557,young,M,uni,emp,big,train
1558,young,M,high,emp,small,train
1559,adult,F,high,emp,big,car
1560,young,M,uni,self,big,car
1561,adult,F,high,emp,small,car
1562,adult,M,high,emp,big,train
1563,adult,M,high,emp,big,other
1564,young,M,high,emp,big,car
1565,adult,M,high,emp,big,car
1566,adult,F,high,emp,small,car
1567,young,F,uni,emp,big,car
1568,young,M,high,emp,big,other
1569,young,M,uni,emp,big,car
1570,adult,F,high,emp,big,car
1571,old,F,high,emp,big,car
1572,young,M,high,emp,big,car
1573,adult,F,high,emp,big,other
1574,adult,F,high,emp,big,other
1575,adult,M,high,emp,big,car
1576,young,F,uni,emp,big,car
1577,young,F,high,emp,big,other
1578,old,F,high,emp,small,car
1579,adult,M,high,emp,small,car
1580,old,M,high,emp,small,train
1581,adult,F,uni,emp,big,car
1582,adult,M,high,emp,big,train
1583,adult,M,high,emp,big,car
1584,old,M,high,emp,small,car
1585,young,M,high,emp,big,other
1586,adult,M,high,emp,big,car
1587,adult,F,high,self,big,car
1588,adult,M,high,emp,big,car
1589,adult,M,high,emp,big,car
1590,adult,F,uni,emp,big,train
1591,adult,M,high,emp,small,train
1592,adult,M,uni,emp,big,car
1593,young,F,uni,self,small,train
1594,adult,M,high,emp,big,other
1595,adult,F,high,emp,big,car
1596,young,M,high,emp,small,car
1597,adult,M,high,emp,big,car
1598,adult,M,high,emp,big,car
1599,young,M,high,emp,small,car
1600,adult,M,uni,emp,big,car
1601,adult,F,high,emp,small,car
1602,adult,M,high,emp,big,car
1603,old,F,high,emp,small,other
1604,adult,M,uni,emp,big,car
1605,old,F,high,emp,small,car
1606,young,F,high,emp,big,car
1607,adult,M,high,emp,big,car
1608,old,F,high,emp,big,train
1609,old,M,high,emp,small,train
1610,young,M,high,emp,small,train
1611,young,M,high,self,big,car
1612,old,F,high,emp,big,train
1613,young,M,high,emp,big,car
1614,young,F,uni,emp,big,car
1615,young,M,uni,emp,small,train
1616,old,M,high,emp,big,car
1617,adult,M,high,emp,big,car
1618,adult,M,high,emp,big,car
1619,adult,F,high,emp,small,train
1620,young,F,high,self,big,car
1621,adult,M,uni,emp,small,car
1622,adult,F,uni,emp,big,other
1623,adult,M,high,emp,big,car
1624,adult,M,high,emp,small,train
1625,adult,M,high,emp,big,car
1626,old,M,high,emp,big,other
1627,adult,M,uni,emp,big,train
1628,young,M,high,emp,big,train
1629,old,M,high,emp,small,car
1630,adult,M,high,emp,small,train
1631,adult,F,high,emp,big,train
1632,adult,M,high,emp,big,train
1633,adult,M,high,self,big,car
1634,adult,F,high,emp,big,train
1635,young,M,high,emp,big,car
1636,young,F,high,emp,big,train
1637,young,F,high,emp,big,other
1638,young,M,high,emp,big,car
1639,adult,F,high,emp,big,car
1640,young,M,high,emp,big,car
1641,adult,M,high,emp,small,car
1642,young,F,uni,emp,small,car
1643,adult,M,uni,emp,big,car
1644,adult,M,uni,emp,big,car
1645,adult,M,high,emp,big,car
1646,adult,M,high,emp,big,car
1647,young,M,high,emp,small,train
1648,young,F,high,emp,big,car
1649,adult,M,high,emp,big,train
1650,adult,M,high,emp,big,train
1651,old,F,high,emp,big,train
1652,old,F,high,emp,big,car
1653,young,M,high,emp,big,other
1654,adult,M,uni,self,big,car
1655,old,M,uni,emp,big,train
1656,young,F,uni,emp,big,car
1657,young,M,high,emp,big,other
1658,adult,F,high,emp,big,car
1659,adult,M,uni,emp,big,car
1660,adult,M,high,emp,big,train
1661,adult,M,high,emp,small,train
1662,old,F,high,emp,big,car
1663,adult,F,uni,emp,big,train
1664,young,F,high,emp,big,train
1665,adult,M,high,emp,small,other
1666,young,F,uni,emp,big,train
1667,adult,M,uni,emp,big,other
1668,old,M,high,emp,small,train
1669,young,M,uni,self,big,car
1670,young,M,high,emp,big,train
1671,adult,M,uni,emp,small,car
1672,adult,M,uni,emp,big,other
1673,adult,M,uni,emp,big,train
1674,adult,M,uni,emp,big,car
1675,adult,M,high,emp,small,train
1676,adult,M,high,emp,small,train
1677,old,F,high,emp,small,car
1678,adult,M,high,emp,big,other
1679,young,M,uni,emp,big,other
1680,adult,F,high,emp,big,other
1681,adult,M,high,emp,big,car
1682,adult,F,high,emp,small,train
1683,adult,M,high,emp,big,other
1684,young,F,high,emp,big,train
1685,adult,M,high,emp,big,other
1686,old,M,high,emp,big,train
1687,adult,F,high,emp,big,car
1688,adult,F,high,emp,big,train
1689,old,F,high,self,big,car
1690,adult,M,high,emp,big,car
1691,young,F,uni,emp,big,train
1692,adult,M,uni,self,big,car
1693,young,M,uni,emp,big,car
1694,old,M,high,emp,small,car
1695,adult,M,high,emp,big,car
1696,adult,M,high,emp,small,train
1697,young,M,high,emp,small,train
1698,adult,M,high,emp,big,train
1699,adult,F,high,emp,big,other
1700,adult,M,high,emp,big,train
1701,old,M,high,emp,big,car
1702,adult,F,high,emp,big,car
1703,old,F,high,emp,big,other
1704,old,M,high,emp,small,train
1705,old,M,high,emp,big,other
1706,young,M,uni,self,big,car
1707,adult,M,uni,self,big,car
1708,adult,M,high,emp,big,other
1709,young,M,high,self,big,car
1710,adult,M,high,emp,big,car
1711,adult,F,high,emp,big,car
1712,young,F,high,emp,small,train
1713,adult,M,high,emp,small,other
1714,adult,F,high,emp,big,train
1715,young,M,uni,emp,big,car
1716,young,M,uni,emp,big,car
1717,young,M,high,emp,big,train
1718,adult,M,uni,emp,big,car
1719,young,M,high,emp,big,car
1720,old,F,high,emp,big,train
1721,old,M,uni,self,big,car
1722,adult,F,uni,emp,big,car
1723,old,M,high,emp,big,train
1724,young,M,high,emp,small,train
1725,old,F,uni,emp,big,car
1726,adult,F,uni,emp,small,car
1727,adult,M,high,emp,big,train
1728,adult,M,high,emp,big,car
1729,adult,M,high,emp,big,car
1730,old,F,high,emp,big,car
1731,old,F,high,emp,big,car
1732,adult,F,high,emp,small,train
1733,adult,M,high,emp,big,car
1734,young,F,high,emp,big,other
1735,adult,M,high,emp,big,car
1736,adult,M,high,emp,small,train
1737,old,F,high,emp,big,other
1738,adult,F,high,emp,big,train
1739,adult,F,high,emp,big,train
1740,old,M,high,emp,small,car
1741,old,M,high,emp,big,car
1742,old,M,high,emp,big,car
1743,young,F,uni,emp,small,car
1744,young,M,high,emp,big,car
1745,adult,M,high,emp,big,train
1746,adult,M,uni,emp,big,car
1747,old,M,high,emp,big,other
1748,adult,M,high,emp,big,car
1749,adult,M,high,emp,big,car
1750,young,M,high,emp,small,car
1751,adult,M,high,emp,big,train
1752,adult,M,high,emp,big,car
1753,adult,F,high,emp,big,car
1754,adult,F,high,emp,small,train
1755,adult,F,uni,emp,big,car
1756,old,M,high,emp,small,other
1757,young,F,high,emp,small,train
1758,adult,F,high,emp,small,car
1759,adult,M,high,emp,big,train
1760,adult,F,uni,emp,big,other
1761,old,F,high,emp,big,other
1762,adult,M,uni,emp,small,car
1763,adult,M,high,emp,big,train
1764,young,M,uni,emp,big,train
1765,adult,M,high,emp,small,car
1766,young,M,high,emp,big,train
1767,young,M,uni,emp,big,car
1768,adult,M,uni,emp,big,train
1769,adult,M,high,emp,small,car
1770,adult,M,high,self,big,car
1771,old,F,uni,emp,big,car
1772,young,M,uni,emp,big,car
1773,old,M,high,emp,small,train
1774,adult,F,high,emp,big,car
1775,young,F,high,emp,big,other
1776,adult,F,uni,emp,small,car
1777,adult,F,uni,emp,big,other
1778,adult,M,uni,emp,big,train
1779,young,M,high,emp,big,car
1780,young,M,high,emp,small,car
1781,old,M,high,emp,big,other
1782,young,M,high,emp,big,car
1783,old,M,high,emp,big,other
1784,adult,M,high,emp,small,car
1785,adult,M,uni,emp,big,car
1786,old,F,high,emp,big,car
1787,old,F,high,emp,big,car
1788,young,F,high,emp,big,train
1789,old,F,high,emp,big,train
1790,old,F,high,emp,big,car
1791,old,M,high,emp,small,car
1792,young,F,high,emp,small,train
1793,old,M,high,emp,big,car
1794,adult,F,high,emp,small,car
1795,young,M,high,emp,big,car
1796,adult,F,high,emp,big,train
1797,adult,F,high,emp,big,car
1798,adult,M,high,emp,big,train
1799,adult,F,high,emp,big,other
1800,adult,M,high,emp,big,car
1801,young,F,uni,self,big,car
1802,young,M,high,emp,big,car
1803,adult,M,uni,self,big,train
1804,old,F,high,emp,big,other
1805,old,M,high,emp,big,train
1806,old,M,high,emp,big,other
1807,old,F,high,emp,big,car
1808,adult,F,high,emp,big,car
1809,adult,M,high,emp,big,car
1810,adult,M,high,emp,big,car
1811,young,M,high,emp,big,car
1812,old,F,uni,emp,big,car
1813,adult,F,high,emp,small,train
1814,young,F,high,emp,big,train
1815,adult,M,uni,emp,big,car
1816,old,F,high,emp,big,train
1817,young,M,high,emp,big,car
1818,young,M,high,emp,big,car
1819,adult,M,high,emp,big,train
1820,adult,F,high,emp,big,other
1821,young,F,high,emp,big,car
1822,adult,F,high,emp,big,car
1823,adult,F,uni,emp,big,train
1824,adult,M,high,emp,big,other
1825,adult,F,high,emp,big,other
1826,adult,F,uni,emp,big,train
1827,adult,F,high,emp,small,car
1828,adult,F,uni,emp,big,train
1829,young,F,high,emp,big,car
1830,old,M,high,emp,big,car
1831,old,F,high,emp,big,car
1832,young,F,high,emp,big,train
1833,young,F,uni,emp,big,car
1834,adult,M,high,emp,big,car
1835,old,M,high,emp,big,car
1836,young,M,high,emp,small,train
1837,adult,M,high,emp,big,car
1838,adult,F,high,emp,small,car
1839,adult,F,high,emp,big,train
1840,adult,M,high,emp,big,train
1841,young,F,high,emp,big,car
1842,adult,M,uni,emp,big,car
1843,young,M,high,emp,big,car
1844,adult,M,high,emp,big,other
1845,old,M,high,emp,big,train
1846,old,F,high,emp,small,train
1847,young,M,high,emp,big,train
1848,adult,F,high,emp,big,car
1849,adult,M,high,emp,big,train
1850,old,F,high,emp,small,car
1851,adult,F,high,emp,big,other
1852,adult,M,high,emp,big,other
1853,old,M,high,emp,small,train
1854,old,F,high,self,small,car
1855,young,M,high,self,big,train
1856,adult,F,high,emp,big,other
1857,young,M,uni,emp,big,other
1858,adult,M,high,emp,small,train
1859,old,M,high,emp,big,car
1860,young,M,uni,emp,big,train
1861,young,M,high,emp,big,other
1862,old,M,high,emp,big,car
1863,adult,F,high,emp,big,train
1864,old,F,high,emp,big,car
1865,adult,M,high,emp,big,car
1866,adult,M,high,emp,small,car
1867,adult,M,high,emp,small,car
1868,old,M,high,emp,small,car
1869,adult,M,high,emp,big,car
1870,adult,F,high,emp,big,car
1871,adult,F,uni,emp,big,car
1872,young,F,uni,emp,small,car
1873,old,F,high,emp,big,train
1874,old,M,uni,emp,big,car
1875,adult,M,uni,emp,big,car
1876,old,F,uni,emp,small,train
1877,adult,F,high,emp,big,car
1878,old,F,high,emp,big,train
1879,young,F,high,emp,big,other
1880,adult,M,uni,emp,big,car
1881,old,M,high,emp,big,car
1882,young,F,high,emp,big,train
1883,adult,M,high,emp,small,car
1884,young,M,uni,emp,big,car
1885,young,F,uni,emp,small,car
1886,adult,M,high,emp,big,train
1887,old,F,high,emp,big,car
1888,adult,M,high,emp,small,train
1889,adult,F,uni,self,big,car
1890,old,M,high,emp,big,car
1891,adult,M,uni,emp,small,train
1892,young,F,high,emp,big,train
1893,adult,M,high,emp,big,car
1894,young,M,high,emp,small,car
1895,adult,M,high,emp,big,car
1896,adult,F,high,emp,small,other
1897,adult,M,high,emp,big,train
1898,old,F,high,emp,big,train
1899,adult,F,high,emp,big,car
1900,young,M,high,emp,big,car
1901,adult,M,high,emp,big,train
1902,old,F,high,emp,big,train
1903,young,M,high,emp,small,train
1904,young,F,high,emp,big,car
1905,adult,F,high,emp,big,car
1906,young,M,high,self,big,other
1907,adult,F,high,emp,big,car
1908,adult,F,high,emp,big,other
1909,old,M,high,emp,big,other
1910,adult,M,high,emp,small,car
1911,young,F,high,emp,small,train
1912,old,F,high,emp,big,train
1913,adult,M,uni,emp,big,train
1914,young,M,high,emp,big,train
1915,young,M,high,emp,big,car
1916,adult,M,uni,emp,small,train
1917,old,F,high,emp,small,car
1918,adult,M,high,emp,big,train
1919,young,M,high,emp,big,other
1920,adult,F,high,emp,small,car
1921,adult,M,high,emp,big,car
1922,adult,F,high,emp,big,train
1923,adult,M,high,emp,big,other
1924,young,M,high,emp,big,car
1925,old,F,high,emp,big,other
1926,adult,F,high,emp,big,car
1927,adult,F,high,emp,big,train
1928,adult,M,high,emp,small,train
1929,young,F,high,self,small,train
1930,old,M,high,emp,big,car
1931,adult,M,high,emp,big,train
1932,adult,M,high,emp,big,car
1933,adult,F,high,emp,small,train
1934,old,F,high,emp,big,car
1935,adult,M,high,emp,big,car
1936,adult,M,high,emp,small,train
1937,adult,F,high,emp,big,car
1938,adult,M,high,emp,big,car
1939,young,M,high,emp,big,train
1940,adult,M,high,emp,small,car
1941,adult,F,uni,emp,big,other
1942,young,M,high,emp,big,car
1943,adult,M,high,emp,small,train
1944,adult,M,uni,emp,small,train
1945,adult,M,uni,emp,big,car
1946,adult,M,high,emp,big,car
1947,young,M,high,emp,big,car
1948,young,F,uni,emp,small,train
1949,young,M,high,emp,small,train
1950,young,M,high,emp,big,car
1951,adult,F,high,self,small,train
1952,young,M,high,emp,big,other
1953,adult,F,high,emp,small,car
1954,adult,F,high,emp,small,car
1955,adult,F,high,emp,big,car
1956,adult,M,high,emp,big,train
1957,adult,F,high,emp,big,train
1958,adult,M,high,emp,small,train
1959,young,F,high,emp,small,train
1960,adult,M,high,emp,big,car
1961,old,M,high,emp,big,car
1962,old,M,high,emp,big,car
1963,old,F,high,emp,big,car
1964,young,M,high,emp,small,train
1965,young,F,high,emp,small,train
1966,adult,F,high,emp,small,train
1967,adult,F,uni,emp,small,train
1968,old,M,high,emp,big,car
1969,young,M,high,emp,big,other
1970,young,M,high,emp,big,car
1971,adult,M,high,emp,big,train
1972,old,F,high,emp,small,other
1973,adult,F,high,emp,big,other
1974,adult,M,high,emp,big,train
1975,old,M,high,emp,small,car
1976,adult,M,high,emp,big,car
1977,old,M,high,emp,big,car
1978,young,F,high,emp,big,train
1979,adult,M,high,emp,big,car
1980,young,M,high,emp,small,car
1981,young,M,high,emp,big,car
1982,adult,F,high,emp,big,other
1983,adult,F,high,emp,big,car
1984,adult,M,uni,emp,big,car
1985,young,M,uni,emp,small,car
1986,young,M,uni,emp,big,other
1987,adult,M,uni,emp,big,car
1988,adult,F,high,emp,big,train
1989,adult,F,uni,emp,big,train
1990,adult,M,high,emp,big,car
1991,adult,F,high,emp,big,train
1992,adult,F,high,emp,big,train
1993,young,M,uni,emp,big,car
1994,young,F,uni,emp,big,car
1995,adult,M,high,emp,big,car
1996,young,F,uni,emp,big,car
1997,adult,F,high,emp,big,other
1998,adult,F,uni,emp,big,other
1999,old,M,high,emp,small,car
2000,adult,F,high,emp,big,car
2001,old,M,high,emp,big,train
2002,young,M,uni,self,small,car
2003,old,F,high,emp,big,train
2004,old,F,high,emp,big,car
2005,old,F,high,emp,big,car
2006,old,F,high,emp,big,car
2007,young,M,high,self,big,car
2008,adult,F,high,emp,big,car
2009,young,M,high,emp,small,train
2010,adult,F,high,emp,small,car
2011,adult,M,uni,emp,big,car
2012,young,M,high,emp,big,car
2013,young,M,high,emp,big,car
2014,adult,M,high,emp,big,car
2015,adult,M,high,emp,small,car
2016,old,M,high,self,big,car
2017,adult,M,high,emp,big,other
2018,adult,F,high,emp,big,other
2019,young,M,high,emp,small,car
2020,old,M,uni,emp,big,car
2021,adult,F,high,emp,big,car
2022,adult,M,high,emp,small,car
2023,adult,M,high,emp,big,car
2024,adult,M,high,emp,big,car
2025,adult,M,high,emp,small,train
2026,old,F,high,emp,big,car
2027,young,M,high,emp,big,car
2028,adult,M,high,emp,small,train
2029,young,F,uni,self,big,car
2030,young,M,high,emp,big,train
2031,young,M,high,emp,big,train
2032,adult,F,high,emp,big,other
2033,young,M,high,emp,big,train
2034,adult,F,high,emp,big,train
2035,young,F,high,emp,big,car
2036,young,F,high,emp,big,train
2037,adult,M,uni,emp,big,other
2038,adult,F,high,emp,big,train
2039,old,F,high,emp,big,car
2040,young,F,high,self,big,car
2041,adult,M,high,emp,big,other
2042,adult,M,uni,emp,big,other
2043,young,F,high,emp,big,car
2044,adult,M,high,emp,big,car
2045,adult,M,high,emp,small,car
2046,adult,M,uni,self,big,car
2047,old,M,high,emp,big,car
2048,young,F,high,emp,big,other
2049,adult,F,high,emp,big,other
2050,adult,M,uni,emp,big,car
2051,young,M,uni,emp,small,other
2052,old,F,high,emp,big,car
2053,young,F,high,emp,big,car
2054,young,F,high,emp,big,car
2055,young,F,high,emp,big,train
2056,old,F,uni,emp,big,other
2057,adult,M,uni,emp,big,train
2058,young,M,high,emp,big,car
2059,adult,M,high,emp,big,car
2060,young,F,high,emp,small,car
2061,old,M,uni,emp,big,car
2062,young,F,uni,emp,big,car
2063,adult,F,uni,emp,small,train
2064,adult,M,high,emp,big,other
2065,old,M,high,emp,big,car
2066,old,F,uni,emp,big,car
2067,young,F,high,emp,big,car
2068,young,M,high,emp,big,other
2069,adult,M,high,emp,big,train
2070,young,M,uni,emp,big,car
2071,old,M,high,emp,big,car
2072,adult,M,high,emp,big,car
2073,adult,M,high,emp,big,other
2074,adult,M,high,emp,big,train
2075,old,F,high,emp,small,train
2076,young,F,high,emp,small,other
2077,old,F,high,emp,big,car
2078,adult,F,high,emp,big,train
2079,young,M,high,emp,big,car
2080,old,F,high,emp,big,train
2081,adult,F,high,emp,big,train
2082,young,M,high,emp,big,car
2083,young,F,high,emp,small,car
2084,young,F,high,emp,small,car
2085,young,M,high,emp,small,car
2086,young,M,high,emp,big,car
2087,adult,M,uni,emp,big,car
2088,young,M,uni,emp,small,car
2089,old,F,high,emp,big,train
2090,adult,M,uni,emp,big,car
2091,young,F,uni,emp,small,car
2092,old,M,high,emp,big,car
2093,young,M,high,emp,big,train
2094,adult,M,uni,emp,big,train
2095,adult,F,high,emp,big,car
2096,young,F,high,self,big,other
2097,adult,M,high,emp,big,train
2098,adult,M,uni,emp,big,car
2099,adult,F,high,emp,big,train
2100,old,M,high,emp,big,other
2101,old,M,high,emp,big,car
2102,old,M,high,emp,small,car
2103,adult,F,high,emp,big,train
2104,old,F,high,emp,big,car
2105,young,M,uni,emp,big,car
2106,young,M,high,emp,big,train
2107,young,F,uni,emp,small,train
2108,adult,F,high,emp,big,train
2109,old,M,uni,emp,big,car
2110,adult,F,high,emp,big,train
2111,young,M,high,emp,big,train
2112,young,F,high,emp,big,car
2113,adult,F,high,emp,small,train
2114,adult,F,high,emp,big,car
2115,old,F,high,emp,big,car
2116,adult,M,high,emp,big,car
2117,adult,M,high,self,big,car
2118,young,M,high,emp,small,train
2119,adult,M,high,emp,small,train
2120,young,M,high,emp,big,car
2121,adult,F,high,emp,big,car
2122,adult,M,high,emp,big,car
2123,old,F,high,emp,small,other
2124,old,M,high,emp,big,car
2125,young,M,high,emp,big,train
2126,adult,M,high,emp,small,train
2127,old,M,high,emp,big,car
2128,adult,M,high,emp,big,car
2129,young,F,high,emp,big,car
2130,young,F,high,emp,big,train
2131,adult,M,high,emp,big,car
2132,adult,M,high,emp,big,car
2133,adult,M,uni,emp,big,car
2134,adult,F,high,emp,small,train
2135,young,M,uni,emp,big,car
2136,adult,F,high,emp,big,train
2137,adult,M,high,emp,small,car
2138,adult,F,uni,emp,big,train
2139,old,M,high,emp,big,train
2140,young,M,high,emp,small,other
2141,adult,M,uni,emp,small,car
2142,adult,M,high,emp,big,car
2143,old,F,uni,emp,big,car
2144,old,F,high,emp,big,car
2145,adult,F,high,self,big,car
2146,adult,F,uni,emp,big,car
2147,young,M,uni,emp,big,car
2148,adult,F,high,emp,big,car
2149,old,M,high,emp,small,train
2150,young,M,high,emp,small,car
2151,adult,M,high,emp,big,train
2152,adult,M,high,emp,big,car
2153,old,F,high,emp,small,other
2154,adult,M,high,emp,small,car
2155,old,M,high,emp,small,car
2156,old,F,high,emp,small,car
2157,young,M,high,emp,big,car
2158,adult,F,high,emp,big,train
2159,young,M,high,emp,big,train
2160,adult,M,uni,emp,big,train
2161,old,M,high,emp,big,car
2162,adult,F,high,emp,big,other
2163,adult,F,high,emp,big,other
2164,old,F,high,emp,big,train
2165,old,M,high,emp,big,car
2166,adult,M,high,self,small,train
2167,old,M,high,emp,big,car
2168,adult,M,high,emp,small,train
2169,adult,M,high,emp,big,train
2170,adult,F,high,emp,small,other
2171,young,M,high,emp,small,other
2172,adult,M,high,emp,big,car
2173,adult,M,high,emp,big,car
2174,adult,M,high,emp,big,other
2175,adult,F,uni,emp,big,train
2176,young,M,high,emp,small,other
2177,young,M,high,emp,small,train
2178,old,F,high,emp,big,car
2179,adult,M,high,emp,big,train
2180,adult,M,high,emp,big,train
2181,old,F,high,emp,big,car
2182,adult,F,high,emp,big,train
2183,adult,F,uni,emp,big,car
2184,young,M,high,emp,big,car
2185,old,M,high,emp,big,car
2186,young,F,high,emp,big,train
2187,young,M,high,emp,big,car
2188,adult,F,high,emp,small,car
2189,adult,F,uni,emp,big,car
2190,adult,M,high,emp,small,car
2191,old,F,high,emp,small,train
2192,adult,M,high,emp,small,other
2193,young,M,uni,emp,big,train
2194,young,M,high,emp,big,other
2195,adult,M,uni,emp,small,car
2196,adult,F,high,emp,big,car
2197,old,F,high,emp,big,car
2198,young,F,high,emp,big,car
2199,old,M,high,emp,small,train
2200,adult,M,high,emp,big,car
2201,adult,M,high,emp,big,car
2202,old,F,high,emp,big,car
2203,young,M,uni,emp,small,train
2204,adult,F,uni,emp,big,car
2205,young,F,high,emp,big,car
2206,old,F,high,emp,small,train
2207,adult,F,high,emp,big,car
2208,adult,M,high,emp,big,car
2209,young,M,high,emp,big,train
2210,old,F,high,self,small,car
2211,young,M,uni,emp,big,car
2212,adult,M,high,emp,big,car
2213,adult,M,high,emp,big,train
2214,old,F,uni,emp,big,other
2215,adult,F,high,emp,big,other
2216,adult,M,high,emp,big,car
2217,old,M,high,emp,big,train
2218,adult,M,high,emp,small,train
2219,adult,M,high,emp,big,other
2220,adult,M,uni,emp,small,car
2221,old,M,high,emp,big,car
2222,young,F,high,emp,big,other
2223,young,M,uni,emp,big,car
2224,old,F,high,emp,big,other
2225,adult,M,high,emp,small,car
2226,young,M,high,emp,small,car
2227,adult,F,high,emp,big,train
2228,adult,M,uni,emp,big,car
2229,old,M,high,emp,small,train
2230,adult,M,high,emp,big,car
2231,old,F,high,emp,big,other
2232,old,M,high,emp,big,other
2233,adult,F,uni,emp,big,other
2234,adult,M,high,emp,big,car
2235,young,F,high,emp,big,train
2236,old,F,high,emp,big,train
2237,young,M,uni,emp,small,train
2238,young,F,high,emp,big,car
2239,young,F,high,emp,small,other
2240,adult,F,high,emp,small,car
2241,old,M,high,emp,big,car
2242,adult,F,high,emp,big,car
2243,young,M,high,emp,small,other
2244,young,F,high,emp,big,train
2245,young,M,high,emp,big,car
2246,adult,M,high,emp,big,train
2247,adult,M,high,self,big,car
2248,adult,M,high,emp,big,train
2249,adult,M,uni,emp,big,train
2250,adult,F,high,emp,big,train
2251,old,F,high,emp,big,train
2252,young,F,high,emp,big,other
2253,adult,F,high,emp,big,car
2254,adult,F,high,emp,big,car
2255,adult,M,high,emp,big,car
2256,adult,M,high,emp,big,car
2257,young,F,high,self,small,train
2258,adult,F,high,emp,small,other
2259,adult,M,uni,emp,small,car
2260,old,F,high,emp,big,other
2261,adult,M,high,emp,big,car
2262,adult,M,high,emp,big,car
2263,adult,M,high,emp,small,car
2264,adult,F,high,emp,big,car
2265,old,M,high,emp,big,car
2266,old,M,high,emp,big,train
2267,adult,M,high,emp,big,car
2268,young,M,high,emp,big,car
2269,young,F,high,emp,big,car
2270,adult,M,high,emp,small,train
2271,adult,M,high,emp,big,other
2272,young,F,high,emp,big,train
2273,young,M,high,emp,big,train
2274,adult,M,high,emp,big,car
2275,adult,F,high,emp,big,car
2276,old,F,high,emp,big,car
2277,adult,M,uni,emp,big,car
2278,young,M,high,emp,small,train
2279,young,M,high,emp,small,train
2280,adult,F,uni,emp,big,car
2281,young,M,uni,emp,small,car
2282,young,M,high,emp,big,train
2283,adult,F,uni,emp,big,car
2284,young,M,uni,emp,big,train
2285,adult,F,uni,emp,big,car
2286,old,M,high,emp,big,other
2287,adult,M,high,emp,small,train
2288,young,M,high,emp,big,car
2289,young,F,high,emp,big,car
2290,adult,F,high,emp,big,car
2291,old,M,high,emp,big,car
2292,adult,F,uni,emp,big,car
2293,adult,M,high,emp,big,car
2294,young,F,uni,emp,big,car
2295,adult,F,uni,self,big,car
2296,adult,M,high,emp,big,other
2297,adult,M,high,emp,big,car
2298,old,M,high,emp,small,train
2299,adult,M,high,emp,big,train
2300,adult,F,high,emp,big,car
2301,adult,M,uni,emp,big,car
2302,adult,F,high,emp,big,train
2303,old,F,high,emp,big,train
2304,young,M,high,emp,big,car
2305,adult,M,high,emp,big,other
2306,adult,F,high,emp,big,train
2307,adult,F,uni,emp,small,train
2308,adult,M,high,emp,big,train
2309,old,F,high,emp,big,car
2310,young,M,uni,emp,big,car
2311,young,M,high,emp,big,train
2312,old,M,high,emp,small,car
2313,young,F,uni,self,big,train
2314,adult,F,high,emp,big,other
2315,young,F,high,emp,big,other
2316,adult,F,high,emp,big,car
2317,adult,F,high,emp,small,car
2318,adult,M,high,emp,big,car
2319,adult,F,uni,emp,big,car
2320,adult,M,uni,emp,big,car
2321,adult,F,high,emp,small,train
2322,adult,F,high,emp,big,car
2323,young,M,uni,emp,big,car
2324,adult,M,uni,emp,big,train
2325,young,M,uni,emp,big,car
2326,adult,M,high,emp,big,other
2327,old,M,high,emp,big,other
2328,young,M,high,emp,big,car
2329,young,F,uni,emp,big,other
2330,adult,M,high,emp,big,other
2331,adult,F,high,emp,big,car
2332,young,M,uni,emp,small,train
2333,young,M,high,emp,big,car
2334,adult,M,uni,emp,big,car
2335,adult,F,uni,emp,big,car
2336,old,M,high,emp,big,train
2337,young,F,uni,emp,big,train
2338,adult,F,high,emp,big,car
2339,adult,F,uni,emp,big,train
2340,adult,F,uni,emp,big,train
2341,young,F,high,emp,small,train
2342,adult,F,high,emp,small,train
2343,adult,M,uni,emp,big,car
2344,old,M,uni,emp,small,train
2345,young,M,high,emp,big,train
2346,adult,F,uni,emp,big,car
2347,adult,F,high,emp,big,other
2348,young,M,high,emp,big,car
2349,old,F,high,emp,small,train
2350,adult,M,uni,emp,big,car
2351,adult,M,high,emp,big,other
2352,young,F,uni,emp,big,other
2353,adult,F,high,emp,big,car
2354,young,F,high,emp,big,car
2355,old,M,high,emp,big,train
2356,young,M,high,emp,big,car
2357,old,F,high,emp,big,car
2358,adult,M,uni,emp,small,car
2359,adult,F,high,emp,small,train
2360,young,F,high,emp,big,car
2361,adult,M,high,emp,big,train
2362,old,M,uni,self,big,car
2363,young,M,high,emp,big,car
2364,old,M,high,self,big,train
2365,young,F,high,emp,small,car
2366,adult,M,high,emp,big,car
2367,young,M,high,emp,small,other
2368,adult,F,high,emp,small,other
2369,young,M,high,emp,big,train
2370,old,M,high,emp,big,car
2371,young,M,high,emp,big,other
2372,adult,F,high,emp,big,car
2373,young,M,uni,emp,big,train
2374,old,F,high,emp,small,car
2375,adult,F,high,emp,big,train
2376,young,M,high,emp,small,car
2377,old,M,high,emp,small,train
2378,adult,M,high,emp,big,car
2379,adult,M,high,emp,big,other
2380,young,F,high,emp,big,car
2381,old,F,high,emp,big,car
2382,adult,M,high,emp,big,car
2383,adult,M,uni,emp,big,car
2384,old,M,high,emp,big,car
2385,young,F,uni,emp,big,car
2386,young,M,uni,self,big,car
2387,adult,M,high,emp,big,other
2388,young,F,high,self,big,car
2389,adult,F,high,emp,big,car
2390,adult,M,high,self,big,car
2391,adult,M,high,emp,small,car
2392,adult,F,high,emp,big,train
2393,adult,M,high,emp,big,train
2394,adult,M,uni,emp,big,car
2395,adult,M,uni,emp,big,car
2396,young,M,uni,emp,big,car
2397,adult,M,high,emp,big,other
2398,adult,M,high,emp,big,car
2399,adult,F,high,emp,big,car
2400,adult,M,uni,self,big,train
2401,adult,M,uni,emp,big,other
2402,old,M,high,emp,small,train
2403,adult,F,uni,emp,big,other
2404,adult,F,high,emp,small,car
2405,adult,F,high,emp,big,train
2406,adult,M,uni,emp,big,car
2407,adult,M,high,emp,big,car
2408,adult,M,high,emp,big,other
2409,adult,F,high,emp,big,car
2410,old,M,high,self,big,train
2411,old,F,high,emp,small,car
2412,adult,M,high,emp,big,car
2413,young,F,high,emp,big,car
2414,adult,M,high,emp,big,car
2415,young,F,high,emp,small,train
2416,old,M,high,self,big,car
2417,adult,M,high,emp,big,car
2418,adult,M,high,emp,small,car
2419,young,F,uni,emp,big,car
2420,young,F,high,emp,big,car
2421,old,M,high,emp,big,car
2422,old,M,high,emp,big,car
2423,young,F,high,emp,big,other
2424,adult,M,high,emp,big,car
2425,adult,F,high,emp,big,car
2426,adult,F,high,emp,small,car
2427,young,F,uni,emp,big,car
2428,adult,M,high,emp,big,car
2429,old,F,high,emp,small,other
2430,adult,F,high,emp,small,train
2431,adult,F,high,emp,small,car
2432,adult,M,high,emp,big,train
2433,young,M,high,emp,big,train
2434,adult,F,uni,emp,big,car
2435,adult,F,high,emp,big,car
2436,young,M,high,emp,small,other
2437,adult,M,high,emp,big,car
2438,adult,M,high,emp,big,car
2439,young,F,high,emp,big,other
2440,young,F,high,emp,big,other
2441,adult,F,uni,emp,small,car
2442,adult,F,high,emp,big,car
2443,adult,F,high,emp,big,car
2444,young,M,high,emp,big,other
2445,adult,M,high,emp,small,train
2446,adult,M,high,emp,small,car
2447,adult,M,uni,emp,big,car
2448,young,M,high,emp,small,car
2449,adult,F,high,emp,big,car
2450,young,M,high,emp,big,train
2451,old,M,high,emp,big,car
2452,adult,M,high,emp,small,car
2453,young,F,high,emp,big,other
2454,adult,M,high,emp,big,car
2455,young,M,uni,emp,big,car
2456,adult,M,high,emp,big,car
2457,adult,M,high,emp,big,other
2458,young,F,uni,emp,big,car
2459,young,F,high,emp,big,car
2460,adult,M,high,emp,big,car
2461,young,F,high,emp,big,car
2462,young,F,high,emp,small,car
2463,young,F,uni,emp,big,car
2464,adult,M,high,emp,big,car
2465,young,F,high,emp,small,car
2466,adult,M,high,emp,small,other
2467,young,M,high,emp,small,train
2468,young,M,high,emp,small,train
2469,old,F,high,emp,big,train
2470,young,M,high,emp,small,car
2471,adult,F,uni,emp,big,car
2472,old,M,high,emp,big,car
2473,adult,M,high,emp,big,car
2474,adult,F,high,emp,small,car
2475,adult,M,high,emp,big,car
2476,adult,F,high,emp,small,car
2477,old,M,uni,emp,small,train
2478,young,M,high,emp,big,car
2479,young,M,uni,emp,big,car
2480,adult,M,uni,emp,small,train
2481,old,F,high,emp,big,other
2482,adult,M,uni,emp,big,car
2483,old,F,high,emp,small,car
2484,young,F,high,emp,big,other
2485,young,M,high,emp,big,car
2486,young,M,high,emp,big,car
2487,adult,M,uni,emp,small,car
2488,young,F,high,emp,big,car
2489,adult,F,high,emp,big,train
2490,adult,F,high,emp,big,car
2491,old,M,high,emp,big,car
2492,old,M,high,emp,big,car
2493,adult,M,high,emp,big,car
2494,young,F,uni,emp,big,car
2495,young,F,high,emp,big,car
2496,adult,M,high,emp,small,train
2497,adult,M,high,emp,big,car
2498,young,F,high,emp,small,train
2499,adult,M,high,emp,big,train
2500,adult,M,high,emp,small,train
2501,young,M,high,emp,small,train
2502,young,M,high,emp,big,train
2503,young,F,high,emp,big,train
2504,old,F,uni,emp,small,car
2505,young,F,uni,emp,big,other
2506,adult,M,uni,emp,big,train
2507,adult,F,uni,emp,big,other
2508,adult,F,high,emp,small,car
2509,young,M,high,emp,big,car
2510,adult,M,high,emp,big,car
2511,young,F,high,emp,big,other
2512,adult,F,uni,emp,big,train
2513,adult,M,uni,emp,big,car
2514,old,F,high,emp,small,train
2515,old,M,high,emp,big,car
2516,young,M,high,emp,big,car
2517,old,F,uni,emp,big,train
2518,young,M,uni,self,small,train
2519,old,F,high,emp,big,car
2520,adult,M,high,emp,big,car
2521,adult,M,uni,emp,big,other
2522,young,M,high,emp,big,car
2523,adult,M,uni,emp,big,car
2524,old,M,high,emp,small,car
2525,adult,M,high,emp,small,car
2526,young,F,high,emp,small,train
2527,old,M,high,emp,big,car
2528,adult,M,uni,emp,big,car
2529,adult,M,high,emp,small,train
2530,adult,M,high,emp,small,car
2531,old,M,high,emp,big,other
2532,adult,M,high,emp,big,train
2533,young,M,uni,emp,big,car
2534,adult,F,high,emp,big,train
2535,adult,M,high,emp,big,other
2536,young,M,high,emp,big,car
2537,adult,F,high,emp,big,other
2538,young,M,high,emp,big,car
2539,young,M,uni,emp,big,car
2540,young,M,high,emp,small,train
2541,young,M,high,emp,big,car
2542,old,M,high,emp,big,other
2543,adult,M,high,emp,big,car
2544,adult,F,high,emp,small,car
2545,young,F,high,emp,big,car
2546,young,M,high,emp,big,other
2547,young,M,high,emp,big,car
2548,adult,F,high,emp,big,train
2549,adult,M,high,emp,big,other
2550,old,M,high,emp,big,train
2551,adult,M,high,emp,big,car
2552,adult,F,high,emp,big,car
2553,young,F,uni,emp,big,train
2554,young,M,high,emp,big,other
2555,young,M,high,emp,big,train
2556,adult,M,uni,emp,big,other
2557,old,M,high,emp,small,train
2558,adult,M,high,emp,small,train
2559,young,F,uni,emp,small,train
2560,adult,F,uni,emp,big,car
2561,old,M,uni,emp,big,car
2562,adult,F,uni,emp,big,car
2563,old,F,high,emp,big,car
2564,adult,M,high,emp,small,train
2565,adult,M,high,emp,big,car
2566,old,M,high,emp,big,car
2567,adult,F,high,emp,big,train
2568,young,F,high,emp,big,car
2569,old,F,high,emp,big,train
2570,young,M,high,emp,big,train
2571,adult,F,high,emp,big,train
2572,adult,F,high,emp,big,other
2573,young,M,high,emp,big,other
2574,young,M,uni,emp,small,car
2575,adult,M,high,self,big,car
2576,old,M,uni,emp,big,car
2577,adult,F,high,emp,small,train
2578,adult,F,uni,emp,big,train
2579,young,M,high,emp,small,train
2580,adult,F,high,emp,big,car
2581,old,F,high,self,big,train
2582,adult,M,high,emp,big,car
2583,young,M,uni,emp,big,other
2584,young,F,high,emp,small,car
2585,adult,M,uni,emp,big,car
2586,old,M,high,emp,big,other
2587,adult,M,high,emp,small,car
2588,young,F,high,emp,big,train
2589,old,M,high,emp,small,train
2590,adult,F,high,emp,small,car
2591,young,F,high,emp,big,car
2592,adult,F,high,emp,big,car
2593,adult,M,high,emp,big,other
2594,young,M,high,emp,big,car
2595,young,F,uni,emp,big,car
2596,adult,F,uni,emp,big,car
2597,adult,M,high,emp,big,car
2598,adult,M,uni,emp,big,other
2599,young,F,high,emp,small,car
2600,adult,F,high,emp,small,train
2601,adult,F,high,emp,small,train
2602,old,F,uni,emp,big,car
2603,old,F,high,emp,big,train
2604,old,F,high,emp,big,other
2605,old,M,high,emp,small,train
2606,young,M,high,emp,small,train
2607,old,M,high,emp,small,car
2608,old,M,high,emp,big,train
2609,adult,M,high,emp,small,other
2610,adult,F,uni,emp,big,car
2611,young,F,uni,emp,big,train
2612,adult,F,high,emp,big,car
2613,adult,M,high,emp,big,other
2614,old,M,high,emp,big,train
2615,adult,F,high,emp,big,train
2616,adult,M,high,emp,big,car
2617,adult,M,high,emp,big,train
2618,young,F,high,emp,big,other
2619,adult,F,uni,emp,big,car
2620,old,M,high,emp,big,train
2621,old,M,high,emp,big,car
2622,adult,M,high,emp,big,car
2623,adult,M,high,emp,big,car
2624,young,F,uni,emp,small,car
2625,old,M,high,emp,big,car
2626,adult,F,high,emp,small,car
2627,adult,F,high,self,big,car
2628,adult,F,high,emp,big,train
2629,young,F,uni,emp,big,car
2630,old,M,high,emp,big,other
2631,young,M,uni,emp,big,car
2632,adult,M,uni,emp,big,car
2633,old,M,uni,emp,big,car
2634,adult,M,high,emp,small,car
2635,young,M,uni,emp,big,car
2636,adult,M,high,emp,big,car
2637,young,M,high,emp,small,car
2638,adult,F,uni,emp,big,train
2639,adult,F,uni,emp,big,train
2640,adult,M,uni,emp,big,car
2641,adult,M,uni,emp,big,car
2642,young,M,high,emp,big,other
2643,old,F,uni,emp,big,other
2644,adult,M,high,emp,small,train
2645,adult,M,high,emp,big,other
2646,adult,M,high,emp,big,other
2647,adult,F,high,emp,big,train
2648,young,F,uni,emp,big,car
2649,adult,M,high,emp,big,other
2650,adult,M,high,emp,big,car
2651,old,M,high,emp,big,car
2652,old,F,high,emp,small,train
2653,old,M,high,emp,big,other
2654,young,M,high,emp,big,other
2655,adult,F,uni,emp,big,train
2656,adult,F,uni,emp,big,train
2657,adult,F,uni,emp,big,car
2658,old,F,high,emp,big,car
2659,adult,F,uni,emp,big,train
2660,young,F,uni,emp,big,car
2661,young,M,uni,emp,big,car
2662,adult,F,high,emp,small,train
2663,adult,M,high,emp,small,car
2664,young,F,high,emp,small,car
2665,adult,M,uni,emp,big,car
2666,young,F,uni,emp,big,other
2667,young,F,uni,emp,big,train
2668,old,F,high,emp,big,car
2669,old,F,high,emp,small,car
2670,young,M,high,emp,big,car
2671,adult,M,high,emp,big,car
2672,adult,M,high,emp,big,other
2673,adult,M,high,emp,big,car
2674,old,M,high,emp,big,train
2675,young,M,high,emp,big,car
2676,young,M,high,emp,big,other
2677,adult,M,high,emp,big,train
2678,young,F,uni,self,big,train
2679,adult,M,high,emp,big,car
2680,adult,F,high,emp,big,train
2681,young,M,high,emp,big,train
2682,young,M,high,emp,small,train
2683,adult,M,uni,emp,big,car
2684,adult,M,uni,emp,big,other
2685,adult,F,high,emp,big,train
2686,adult,M,high,emp,small,train
2687,old,F,high,emp,small,train
2688,old,F,high,emp,big,other
2689,young,M,high,emp,big,car
2690,adult,M,uni,emp,big,car
2691,adult,F,high,emp,big,car
2692,young,F,high,emp,small,train
2693,old,M,high,emp,big,car
2694,young,M,high,emp,big,train
2695,adult,M,high,emp,big,car
2696,old,M,high,emp,big,car
2697,adult,F,high,emp,big,car
2698,adult,F,uni,emp,big,car
2699,young,F,high,emp,big,car
2700,adult,M,high,emp,big,car
2701,young,M,high,emp,big,car
2702,young,M,high,emp,big,train
2703,young,M,high,emp,big,car
2704,adult,F,high,emp,small,train
2705,young,F,high,emp,big,car
2706,adult,M,high,emp,big,car
2707,old,F,high,emp,big,car
2708,adult,F,uni,emp,big,car
2709,old,F,high,emp,big,car
2710,adult,F,high,emp,big,car
2711,old,M,high,emp,big,other
2712,young,M,high,emp,big,car
2713,old,M,high,emp,big,other
2714,young,M,high,emp,big,car
2715,old,F,high,emp,small,car
2716,adult,M,high,emp,big,train
2717,young,F,uni,emp,big,train
2718,young,M,high,emp,big,other
2719,young,M,high,emp,small,train
2720,young,M,uni,emp,big,car
2721,young,F,high,emp,big,other
2722,old,M,high,emp,big,train
2723,young,M,uni,emp,big,car
2724,young,M,uni,emp,big,car
2725,old,M,high,emp,big,train
2726,young,F,uni,self,big,car
2727,adult,F,high,emp,big,car
2728,young,M,high,emp,small,train
2729,adult,F,uni,emp,big,car
2730,adult,M,high,emp,small,other
2731,adult,M,high,emp,big,train
2732,adult,F,high,emp,big,car
2733,adult,F,uni,emp,big,train
2734,adult,F,high,emp,big,car
2735,adult,F,uni,self,big,car
2736,young,M,uni,emp,big,train
2737,adult,F,uni,emp,big,car
2738,young,M,high,emp,big,train
2739,old,M,high,emp,big,car
2740,adult,F,high,emp,big,other
2741,adult,M,high,emp,big,car
2742,adult,F,uni,emp,big,car
2743,adult,F,uni,emp,big,train
2744,young,M,high,emp,big,train
2745,adult,M,high,emp,big,car
2746,young,F,high,emp,big,car
2747,adult,M,high,emp,big,car
2748,old,M,high,emp,big,other
2749,old,M,high,emp,big,car
2750,adult,F,high,emp,big,car
2751,adult,F,uni,emp,big,car
2752,adult,M,high,self,small,train
2753,young,F,uni,emp,big,car
2754,adult,M,uni,self,big,train
2755,adult,M,high,emp,small,train
2756,adult,M,high,emp,big,train
2757,adult,M,uni,emp,small,train
2758,adult,M,uni,emp,big,train
2759,young,M,high,emp,big,car
2760,young,M,uni,emp,big,car
2761,adult,F,uni,self,big,car
2762,young,M,uni,emp,big,car
2763,adult,M,high,emp,big,car
2764,adult,M,high,emp,big,train
2765,adult,M,high,emp,big,train
2766,young,M,high,emp,big,car
2767,young,F,high,emp,big,train
2768,adult,F,high,emp,small,train
2769,adult,F,uni,emp,big,other
2770,young,M,high,emp,big,train
2771,adult,F,high,emp,big,car
2772,adult,M,high,emp,small,car
2773,adult,F,high,emp,big,train
2774,old,F,high,emp,big,car
2775,adult,F,high,emp,small,car
2776,adult,F,uni,emp,big,other
2777,adult,M,uni,emp,small,train
2778,adult,M,high,emp,big,car
2779,young,M,high,emp,small,car
2780,old,F,uni,emp,big,car
2781,young,M,uni,emp,small,car
2782,young,M,high,emp,big,train
2783,young,M,uni,emp,big,other
2784,adult,M,high,emp,big,car
2785,adult,F,high,emp,big,train
2786,old,M,uni,emp,big,train
2787,adult,M,uni,emp,small,train
2788,old,M,high,emp,big,car
2789,old,F,high,emp,big,car
2790,old,F,high,emp,small,car
2791,old,M,high,emp,big,car
2792,young,F,high,emp,big,car
2793,old,F,high,emp,small,other
2794,old,F,uni,emp,big,other
2795,adult,M,uni,emp,big,car
2796,old,M,high,emp,big,car
2797,old,M,high,emp,big,other
2798,adult,F,high,emp,small,train
2799,young,F,uni,emp,big,train
2800,young,M,high,emp,big,train
2801,adult,M,uni,emp,small,car
2802,adult,F,high,emp,small,train
2803,old,M,high,emp,big,car
2804,young,M,high,emp,big,other
2805,old,M,high,emp,big,car
2806,young,F,high,emp,big,train
2807,young,M,uni,emp,small,car
2808,young,M,high,emp,big,train
2809,young,M,uni,emp,big,car
2810,young,F,high,emp,big,train
2811,old,M,high,emp,big,other
2812,young,M,uni,emp,small,car
2813,adult,F,high,emp,big,car
2814,adult,M,uni,emp,big,other
2815,adult,F,high,emp,big,car
2816,adult,M,high,self,big,car
2817,young,F,high,emp,big,car
2818,young,M,high,emp,big,train
2819,adult,M,uni,emp,big,train
2820,adult,F,high,emp,big,other
2821,adult,M,high,emp,big,car
2822,young,M,high,self,big,car
2823,adult,M,uni,emp,big,car
2824,adult,F,uni,emp,big,car
2825,old,M,high,emp,big,car
2826,old,F,uni,emp,big,car
2827,adult,F,high,emp,big,car
2828,adult,M,high,emp,big,car
2829,young,F,high,emp,big,other
2830,young,M,high,emp,big,car
2831,young,F,high,emp,big,car
2832,old,M,high,emp,big,train
2833,adult,M,high,emp,big,car
2834,young,M,uni,emp,big,car
2835,young,F,uni,self,big,car
2836,young,M,high,emp,big,car
2837,young,F,uni,emp,big,car
2838,adult,F,uni,self,big,car
2839,old,M,high,self,big,car
2840,young,M,uni,emp,big,other
2841,adult,F,high,emp,big,other
2842,young,F,uni,emp,big,other
2843,young,M,high,emp,big,car
2844,young,F,high,emp,big,train
2845,old,M,high,emp,big,car
2846,young,M,high,emp,big,train
2847,old,M,uni,emp,small,train
2848,old,M,high,emp,big,car
2849,adult,F,uni,emp,small,car
2850,young,M,high,emp,big,other
2851,old,M,high,emp,big,car
2852,young,M,high,emp,big,other
2853,young,F,uni,emp,big,other
2854,adult,M,high,emp,small,train
2855,adult,M,high,emp,big,car
2856,adult,M,uni,emp,big,car
2857,adult,M,uni,self,small,train
2858,adult,F,high,emp,small,car
2859,young,F,high,emp,small,train
2860,adult,F,high,emp,big,car
2861,old,F,high,emp,big,car
2862,adult,F,high,emp,big,car
2863,adult,M,high,emp,big,other
2864,young,M,high,emp,small,car
2865,adult,F,high,emp,small,car
2866,adult,M,uni,emp,big,other
2867,adult,F,high,emp,big,car
2868,adult,M,high,emp,big,car
2869,young,M,high,emp,big,train
2870,adult,F,high,emp,big,car
2871,young,F,uni,self,small,car
2872,adult,F,uni,emp,big,train
2873,old,M,high,emp,big,car
2874,adult,M,high,emp,big,car
2875,old,F,high,emp,small,car
2876,young,M,high,emp,big,car
2877,adult,F,high,emp,small,car
2878,young,M,uni,emp,big,train
2879,young,M,high,emp,big,train
2880,young,M,high,emp,big,car
2881,adult,M,high,emp,big,car
2882,young,M,high,emp,big,car
2883,young,M,uni,emp,big,car
2884,adult,F,high,self,big,car
2885,adult,M,high,emp,small,train
2886,adult,M,high,emp,big,car
2887,old,F,high,emp,big,car
2888,young,F,high,emp,big,car
2889,adult,M,high,emp,small,train
2890,adult,M,uni,emp,small,train
2891,young,M,uni,emp,big,car
2892,young,M,high,emp,big,car
2893,adult,M,high,emp,big,car
2894,old,M,high,emp,big,train
2895,old,F,high,emp,small,train
2896,young,M,high,emp,big,car
2897,adult,M,uni,emp,big,car
2898,adult,F,high,emp,small,train
2899,young,F,high,emp,big,train
2900,adult,M,high,emp,big,car
2901,young,M,high,emp,small,train
2902,old,M,high,emp,big,car
2903,adult,F,high,emp,big,car
2904,adult,M,uni,emp,big,car
2905,old,M,high,emp,big,train
2906,old,M,high,emp,big,car
2907,adult,M,high,emp,big,car
2908,adult,M,high,emp,big,car
2909,adult,F,high,emp,big,car
2910,adult,F,high,emp,big,car
2911,young,F,high,emp,small,car
2912,old,F,high,emp,big,train
2913,adult,F,high,emp,big,car
2914,old,M,high,emp,big,car
2915,adult,F,high,emp,big,other
2916,adult,F,high,emp,big,train
2917,adult,F,uni,emp,big,other
2918,young,F,high,emp,big,car
2919,old,M,uni,emp,big,train
2920,old,M,uni,emp,big,train
2921,adult,F,high,emp,small,train
2922,adult,M,high,emp,big,train
2923,adult,M,uni,emp,small,train
2924,young,M,high,emp,big,car
2925,adult,M,uni,emp,big,train
2926,young,F,high,emp,big,other
2927,adult,F,high,self,big,car
2928,adult,F,high,emp,big,train
2929,adult,M,high,emp,big,other
2930,young,F,high,emp,big,car
2931,young,M,high,emp,big,train
2932,old,M,high,emp,big,car
2933,adult,M,high,emp,big,train
2934,adult,M,high,emp,small,train
2935,adult,M,high,emp,big,car
2936,adult,M,uni,emp,big,other
2937,young,F,uni,emp,big,car
2938,young,M,high,emp,big,other
2939,adult,M,high,emp,big,train
2940,adult,F,high,emp,big,train
2941,young,M,uni,emp,big,other
2942,old,M,high,emp,big,car
2943,adult,M,high,self,big,car
2944,young,M,high,emp,big,car
2945,young,M,uni,emp,big,train
2946,young,M,uni,emp,big,car
2947,young,M,uni,emp,big,car
2948,old,F,high,emp,big,train
2949,young,M,high,emp,small,car
2950,young,F,high,emp,big,car
2951,old,M,high,emp,big,car
2952,young,M,high,emp,big,other
2953,adult,M,high,emp,big,car
2954,adult,M,high,emp,big,car
2955,old,M,uni,emp,small,train
2956,old,M,high,emp,small,train
2957,adult,F,high,emp,big,train
2958,adult,F,high,emp,big,car
2959,adult,F,high,emp,big,other
2960,adult,M,high,emp,small,train
2961,adult,M,uni,self,small,train
2962,young,F,high,emp,big,train
2963,adult,M,high,emp,big,train
2964,young,M,high,emp,big,car
2965,adult,F,uni,emp,big,car
2966,old,M,high,emp,big,train
2967,young,M,high,emp,small,car
2968,old,M,high,emp,big,car
2969,adult,F,high,emp,big,car
2970,young,M,uni,emp,big,car
2971,adult,F,high,emp,big,car
2972,old,F,high,emp,big,train
2973,old,M,high,emp,big,car
2974,adult,F,high,emp,big,car
2975,young,M,high,emp,small,train
2976,adult,F,uni,self,big,car
2977,young,F,uni,self,big,car
2978,young,M,uni,emp,big,car
2979,young,F,high,emp,big,other
2980,young,M,high,emp,big,train
2981,young,M,high,emp,big,car
2982,old,F,high,emp,big,car
2983,young,M,high,emp,big,train
2984,adult,M,uni,emp,big,car
2985,adult,F,high,emp,big,car
2986,adult,M,high,emp,big,train
2987,adult,M,uni,emp,big,car
2988,young,M,high,emp,big,other
2989,adult,M,high,emp,small,other
2990,adult,M,high,emp,small,car
2991,young,M,high,emp,small,other
2992,adult,F,uni,emp,big,car
2993,young,M,uni,self,big,train
2994,young,M,uni,emp,big,train
2995,young,M,high,emp,small,other
2996,adult,M,high,emp,big,car
2997,adult,F,high,emp,big,car
2998,old,F,high,emp,small,car
2999,old,M,high,emp,big,other
3000,adult,M,uni,emp,big,car
3001,old,F,high,emp,small,car
3002,adult,M,high,emp,big,other
3003,young,M,high,emp,small,train
3004,adult,M,high,emp,big,other
3005,old,M,high,emp,big,car
3006,adult,M,high,emp,big,car
3007,young,M,high,emp,big,car
3008,adult,F,uni,emp,big,car
3009,young,F,high,emp,big,train
3010,adult,M,high,emp,small,car
3011,adult,F,high,emp,big,car
3012,adult,M,high,emp,big,car
3013,young,F,high,emp,small,car
3014,adult,M,uni,emp,big,train
3015,adult,M,uni,emp,big,other
3016,old,M,high,emp,big,car
3017,adult,F,high,emp,big,train
3018,adult,M,uni,emp,big,train
3019,adult,M,high,emp,small,car
3020,old,M,high,emp,big,car
3021,young,F,high,emp,big,car
3022,old,F,high,emp,big,car
3023,adult,M,high,emp,big,train
3024,adult,F,high,emp,big,other
3025,young,F,high,emp,big,train
3026,adult,M,high,emp,big,car
3027,old,M,uni,emp,big,train
3028,young,F,high,emp,small,car
3029,adult,F,high,emp,big,car
3030,adult,F,high,emp,big,other
3031,young,F,uni,emp,big,car
3032,adult,M,uni,emp,big,train
3033,old,F,uni,self,big,car
3034,adult,M,uni,emp,big,car
3035,adult,M,uni,self,small,car
3036,old,M,high,self,big,car
3037,adult,M,high,emp,big,car
3038,young,F,uni,emp,small,train
3039,old,M,high,emp,small,car
3040,adult,M,high,emp,small,car
3041,adult,M,uni,emp,big,car
3042,adult,F,uni,emp,big,car
3043,adult,M,high,emp,big,car
3044,adult,M,uni,emp,big,car
3045,young,M,high,emp,small,car
3046,young,F,uni,emp,big,train
3047,adult,M,high,emp,big,train
3048,young,M,uni,emp,small,train
3049,old,M,high,emp,big,other
3050,old,M,high,emp,small,train
3051,adult,M,uni,emp,big,other
3052,adult,F,high,emp,big,train
3053,adult,F,high,emp,small,other
3054,old,M,high,emp,big,other
3055,adult,F,high,emp,big,train
3056,old,M,high,emp,big,train
3057,young,M,high,emp,small,train
3058,young,F,uni,emp,big,car
3059,old,M,high,emp,small,car
3060,old,F,high,emp,big,car
3061,young,M,high,self,big,car
3062,adult,M,high,emp,small,car
3063,adult,F,high,emp,big,train
3064,adult,M,high,emp,small,car
3065,adult,M,high,emp,big,car
3066,young,M,high,emp,small,train
3067,old,F,high,emp,big,car
3068,young,F,high,emp,big,other
3069,adult,F,high,emp,big,car
3070,adult,M,high,emp,big,car
3071,adult,F,high,emp,big,car
3072,adult,F,high,emp,big,car
3073,young,M,high,emp,small,other
3074,adult,F,high,emp,small,train
3075,old,F,high,emp,big,car
3076,adult,F,high,emp,big,car
3077,adult,M,high,emp,big,other
3078,adult,M,uni,emp,small,car
3079,young,M,uni,emp,big,car
3080,young,M,high,emp,big,other
3081,adult,F,high,emp,big,other
3082,young,F,high,emp,big,car
3083,adult,M,high,emp,big,other
3084,young,M,high,emp,big,car
3085,adult,M,high,emp,big,car
3086,adult,M,uni,emp,big,other
3087,adult,M,high,emp,big,car
3088,old,M,high,emp,big,car
3089,old,M,high,emp,big,other
3090,adult,M,uni,emp,big,train
3091,young,M,high,emp,big,car
3092,old,F,high,emp,big,car
3093,adult,F,high,emp,big,car
3094,adult,M,high,emp,big,car
3095,young,M,high,emp,big,car
3096,adult,F,high,emp,big,other
3097,adult,M,high,emp,big,other
3098,young,F,high,emp,big,train
3099,young,M,high,emp,big,car
3100,young,F,high,emp,small,car
3101,young,F,high,self,small,other
3102,adult,M,uni,emp,big,car
3103,adult,F,high,emp,big,car
3104,young,M,high,emp,big,train
3105,old,F,uni,emp,big,car
3106,adult,F,uni,emp,big,car
3107,adult,F,high,emp,big,car
3108,adult,M,high,emp,big,train
3109,adult,F,uni,emp,big,other
3110,old,M,high,emp,big,train
3111,young,M,high,emp,big,car
3112,old,M,high,emp,big,car
3113,adult,M,high,emp,small,train
3114,old,M,high,emp,big,car
3115,young,F,high,emp,small,car
3116,young,M,high,emp,small,train
3117,old,F,high,emp,big,car
3118,adult,M,high,emp,big,other
3119,old,M,high,emp,big,car
3120,young,M,uni,emp,big,other
3121,adult,M,high,emp,big,train
3122,adult,M,high,emp,big,train
3123,young,M,high,emp,small,car
3124,adult,M,high,self,big,car
3125,adult,M,high,emp,big,train
3126,adult,M,high,emp,small,car
3127,young,F,high,emp,small,car
3128,adult,F,high,emp,big,car
3129,adult,F,high,emp,big,car
3130,young,M,high,emp,big,other
3131,adult,M,uni,emp,small,other
3132,adult,M,uni,emp,small,car
3133,adult,M,high,emp,big,car
3134,adult,M,high,emp,small,train
3135,adult,F,uni,emp,big,car
3136,adult,F,uni,emp,big,other
3137,adult,M,high,emp,small,other
3138,old,M,high,emp,big,train
3139,adult,F,high,emp,big,other
3140,adult,M,high,emp,big,other
3141,adult,F,high,emp,big,car
3142,adult,F,high,emp,big,train
3143,young,M,high,emp,big,car
3144,adult,F,uni,emp,big,train
3145,adult,M,high,emp,big,car
3146,adult,M,high,emp,big,other
3147,adult,M,high,emp,small,car
3148,old,M,high,emp,big,other
3149,young,M,uni,emp,big,car
3150,old,M,high,emp,big,other
3151,young,F,high,emp,small,car
3152,adult,M,high,emp,small,car
3153,adult,M,high,emp,big,car
3154,old,M,high,emp,big,other
3155,young,F,high,self,big,other
3156,old,F,uni,emp,big,train
3157,old,M,high,emp,big,car
3158,adult,M,high,emp,big,train
3159,adult,F,uni,emp,big,other
3160,adult,M,uni,self,small,train
3161,old,M,high,emp,big,train
3162,young,F,uni,emp,big,car
3163,old,F,high,emp,big,other
3164,young,M,high,emp,small,car
3165,young,M,high,emp,small,car
3166,adult,F,high,emp,big,train
3167,young,F,uni,self,small,car
3168,adult,M,high,emp,big,car
3169,adult,F,uni,emp,big,car
3170,adult,M,high,emp,small,other
3171,adult,M,high,emp,big,car
3172,old,M,high,emp,small,car
3173,adult,F,high,emp,small,train
3174,adult,F,high,emp,small,train
3175,adult,F,high,emp,big,other
3176,young,M,high,emp,small,train
3177,old,F,high,emp,big,other
3178,young,M,high,emp,big,car
3179,adult,M,uni,emp,big,car
3180,adult,M,high,emp,big,car
3181,adult,F,high,emp,big,car
3182,adult,M,uni,emp,big,other
3183,adult,M,high,emp,big,other
3184,adult,F,high,emp,small,car
3185,young,M,high,emp,big,car
3186,young,M,high,emp,small,train
3187,adult,F,high,emp,big,car
3188,young,M,high,emp,small,car
3189,young,F,high,emp,big,car
3190,adult,M,uni,emp,big,other
3191,young,M,high,emp,small,car
3192,old,M,high,emp,small,car
3193,adult,M,uni,emp,big,car
3194,adult,M,high,self,big,train
3195,young,M,high,emp,big,train
3196,adult,M,high,emp,big,car
3197,young,M,high,emp,big,train
3198,adult,M,high,emp,small,car
3199,young,M,high,emp,big,other
3200,old,M,uni,self,big,car
3201,old,M,high,emp,big,other
3202,adult,M,high,emp,big,train
3203,adult,M,high,emp,small,car
3204,old,F,high,emp,big,train
3205,adult,F,uni,emp,big,car
3206,young,M,high,emp,big,other
3207,adult,F,uni,emp,big,car
3208,adult,M,high,emp,big,train
3209,old,F,high,emp,big,car
3210,young,F,uni,emp,big,car
3211,young,M,uni,emp,small,train
3212,adult,M,high,emp,small,train
3213,young,M,high,emp,small,car
3214,adult,F,high,emp,big,car
3215,adult,M,high,emp,big,car
3216,young,F,uni,emp,big,train
3217,adult,F,high,emp,big,other
3218,adult,M,high,emp,big,car
3219,adult,M,high,emp,big,car
3220,adult,M,high,emp,big,car
3221,old,F,high,emp,big,car
3222,young,M,high,emp,big,other
3223,young,M,high,emp,big,other
3224,adult,M,high,emp,small,car
3225,adult,F,high,emp,big,car
3226,young,M,high,emp,big,other
3227,old,M,high,emp,big,car
3228,adult,F,high,emp,big,other
3229,young,F,uni,emp,big,car
3230,adult,M,high,emp,small,train
3231,adult,M,high,emp,big,car
3232,adult,M,high,emp,big,car
3233,young,M,high,emp,big,train
3234,adult,M,high,emp,big,car
3235,young,M,high,emp,big,train
3236,old,M,high,emp,big,car
3237,old,M,high,emp,big,other
3238,adult,M,high,emp,big,car
3239,adult,M,high,emp,big,car
3240,young,M,high,self,big,car
3241,adult,M,high,emp,big,train
3242,old,M,high,emp,small,train
3243,adult,M,high,emp,big,other
3244,young,F,high,emp,small,train
3245,adult,M,high,emp,small,car
3246,adult,F,high,emp,big,car
3247,adult,M,high,emp,big,train
3248,adult,F,high,emp,big,car
3249,adult,M,uni,emp,big,other
3250,old,M,high,emp,small,other
3251,adult,M,uni,emp,small,car
3252,adult,M,high,emp,big,car
3253,adult,F,uni,emp,big,car
3254,young,M,high,emp,big,other
3255,adult,F,high,emp,big,car
3256,adult,M,uni,emp,big,car
3257,old,M,high,emp,big,car
3258,adult,F,uni,emp,big,other
3259,adult,F,high,emp,big,car
3260,adult,M,uni,emp,big,car
3261,adult,M,uni,emp,small,car
3262,young,M,high,emp,big,car
3263,adult,F,uni,emp,big,train
3264,adult,M,high,emp,big,car
3265,adult,M,high,emp,big,car
3266,young,M,high,emp,big,other
3267,adult,F,uni,emp,big,car
3268,old,M,high,emp,big,other
3269,adult,M,high,emp,big,other
3270,adult,F,high,emp,big,car
3271,adult,F,high,emp,big,car
3272,adult,F,high,emp,big,train
3273,old,F,high,emp,small,car
3274,old,F,high,emp,big,car
3275,adult,F,high,emp,big,other
3276,young,F,high,emp,big,car
3277,old,F,high,emp,big,other
3278,old,F,high,emp,small,car
3279,old,F,high,emp,big,car
3280,old,M,high,emp,big,car
3281,adult,M,high,emp,big,car
3282,young,M,high,emp,big,car
3283,young,M,high,emp,big,car
3284,adult,F,uni,emp,big,car
3285,adult,M,uni,emp,big,train
3286,old,M,high,emp,big,train
3287,adult,M,high,emp,big,car
3288,adult,F,high,emp,big,train
3289,adult,M,high,emp,big,car
3290,young,F,uni,emp,big,train
3291,young,M,high,emp,small,car
3292,young,F,high,emp,small,train
3293,adult,F,high,emp,big,train
3294,young,M,high,emp,big,car
3295,adult,F,high,emp,big,car
3296,young,M,uni,emp,big,car
3297,old,M,high,emp,big,train
3298,young,M,uni,emp,big,car
3299,adult,M,high,emp,small,other
3300,young,M,high,emp,big,car
3301,adult,M,high,emp,big,train
3302,adult,F,high,emp,big,car
3303,young,F,high,emp,small,car
3304,old,M,high,emp,small,train
3305,old,F,high,emp,big,other
3306,adult,F,high,emp,big,train
3307,adult,F,high,emp,big,train
3308,adult,M,uni,self,big,car
3309,young,M,high,emp,small,train
3310,old,M,high,emp,big,car
3311,adult,F,high,emp,small,train
3312,young,F,uni,emp,big,train
3313,young,M,high,emp,small,train
3314,young,M,uni,emp,big,train
3315,young,M,high,emp,big,car
3316,old,M,uni,emp,big,car
3317,old,M,uni,emp,big,car
3318,young,F,uni,emp,big,car
3319,young,M,high,emp,small,train
3320,adult,M,high,emp,small,car
3321,adult,F,high,emp,small,train
3322,adult,M,uni,emp,small,train
3323,adult,F,high,emp,big,car
3324,young,M,high,emp,big,car
3325,young,M,uni,self,big,car
3326,old,M,high,emp,big,car
3327,old,M,high,emp,small,other
3328,old,M,high,emp,big,car
3329,young,M,high,emp,small,train
3330,adult,M,high,emp,big,train
3331,young,M,high,emp,big,car
3332,adult,M,high,emp,big,train
3333,young,M,uni,emp,big,car
3334,adult,M,uni,emp,big,other
3335,adult,M,uni,emp,big,car
3336,adult,M,high,emp,small,train
3337,adult,F,high,emp,big,other
3338,young,F,high,self,big,train
3339,adult,M,high,emp,small,car
3340,young,M,high,emp,big,train
3341,old,M,high,emp,big,car
3342,adult,M,high,emp,small,car
3343,young,M,high,emp,big,other
3344,adult,M,uni,self,big,car
3345,adult,M,high,emp,big,car
3346,young,F,high,emp,big,other
3347,young,M,high,emp,small,train
3348,young,M,high,emp,big,other
3349,adult,F,uni,emp,big,car
3350,young,F,high,emp,big,train
3351,young,M,high,emp,big,other
3352,young,M,high,emp,big,car
3353,adult,F,high,emp,big,train
3354,young,F,high,emp,big,car
3355,adult,F,high,emp,big,car
3356,old,M,high,emp,big,car
3357,young,F,high,emp,big,car
3358,young,M,high,emp,big,car
3359,adult,F,high,emp,big,train
3360,adult,M,high,emp,small,car
3361,old,F,high,emp,big,car
3362,young,M,high,emp,big,car
3363,young,F,uni,emp,big,train
3364,old,M,high,emp,big,other
3365,adult,M,high,emp,small,car
3366,young,M,high,self,big,car
3367,old,M,high,emp,small,car
3368,old,M,high,emp,big,car
3369,old,M,high,emp,small,car
3370,adult,M,high,emp,big,other
3371,adult,M,high,emp,big,car
3372,adult,M,high,emp,big,other
3373,adult,M,high,emp,big,car
3374,young,M,high,emp,big,train
3375,young,F,high,emp,big,train
3376,young,F,high,emp,big,train
3377,young,M,high,emp,big,car
3378,young,F,uni,emp,big,train
3379,young,M,high,emp,big,car
3380,adult,F,high,emp,big,car
3381,young,M,uni,emp,small,car
3382,adult,F,high,emp,big,car
3383,adult,F,high,emp,big,train
3384,adult,M,uni,self,big,car
3385,old,M,uni,emp,big,other
3386,young,M,high,emp,big,train
3387,young,M,uni,emp,big,train
3388,adult,F,high,emp,big,car
3389,adult,F,uni,emp,big,car
3390,adult,M,high,emp,big,car
3391,young,M,high,emp,small,car
3392,adult,M,uni,emp,big,train
3393,adult,F,uni,emp,big,car
3394,young,M,uni,emp,big,train
3395,adult,M,high,emp,big,other
3396,adult,F,high,emp,small,car
3397,adult,M,high,emp,big,car
3398,old,F,high,emp,big,other
3399,adult,M,high,emp,small,train
3400,adult,M,high,emp,big,other
3401,adult,M,high,emp,big,car
3402,old,M,high,emp,big,car
3403,old,F,high,emp,big,car
3404,old,M,high,emp,big,car
3405,young,M,high,emp,big,other
3406,old,M,high,emp,big,car
3407,adult,M,high,emp,big,car
3408,adult,F,high,emp,big,train
3409,adult,F,high,emp,small,train
3410,young,F,high,emp,big,car
3411,adult,M,high,emp,big,train
3412,old,M,uni,emp,big,car
3413,young,F,high,emp,big,car
3414,adult,F,uni,emp,small,train
3415,old,M,high,emp,big,car
3416,young,F,high,emp,big,train
3417,old,M,uni,emp,big,train
3418,young,F,high,emp,big,train
3419,adult,F,high,emp,small,train
3420,adult,F,high,emp,small,other
3421,adult,M,high,self,big,car
3422,adult,M,high,emp,small,train
3423,old,F,high,emp,big,car
3424,young,F,high,emp,big,car
3425,young,M,high,emp,small,car
3426,adult,F,uni,emp,big,car
3427,adult,F,uni,emp,big,car
3428,adult,M,high,emp,small,train
3429,young,F,high,emp,small,train
3430,old,M,high,emp,small,car
3431,adult,F,high,emp,big,car
3432,adult,F,uni,emp,big,car
3433,young,M,high,emp,small,train
3434,adult,M,high,emp,big,car
3435,young,M,uni,emp,big,car
3436,adult,M,uni,emp,big,train
3437,young,F,high,emp,big,car
3438,young,F,uni,emp,small,other
3439,adult,M,uni,emp,big,train
3440,adult,M,high,emp,big,car
3441,old,M,high,emp,small,car
3442,adult,M,high,emp,big,train
3443,old,F,high,emp,small,other
3444,young,M,high,self,small,car
3445,old,F,high,emp,small,train
3446,young,M,uni,emp,big,car
3447,young,M,high,emp,small,car
3448,adult,M,high,emp,big,car
3449,adult,M,high,emp,big,train
3450,adult,F,uni,emp,big,car
3451,young,M,high,emp,big,train
3452,old,M,uni,emp,small,train
3453,young,M,high,emp,big,car
3454,old,M,high,emp,big,car
3455,young,M,high,emp,big,car
3456,young,F,uni,emp,big,car
3457,adult,F,high,emp,big,other
3458,adult,F,uni,emp,big,train
3459,adult,M,high,emp,big,car
3460,adult,F,high,emp,small,train
3461,adult,M,high,emp,big,car
3462,young,M,high,emp,small,train
3463,adult,M,high,emp,small,car
3464,adult,M,high,emp,small,train
3465,adult,M,high,emp,big,car
3466,adult,M,high,emp,small,car
3467,old,M,high,emp,big,car
3468,adult,F,high,emp,big,car
3469,young,M,high,emp,big,car
3470,adult,F,uni,emp,big,other
3471,adult,M,uni,emp,big,train
3472,adult,M,uni,emp,big,train
3473,young,F,high,emp,small,train
3474,adult,M,high,emp,big,other
3475,young,F,uni,emp,big,train
3476,young,M,high,emp,big,car
3477,adult,M,uni,emp,small,car
3478,young,F,high,emp,big,car
3479,adult,F,uni,emp,big,car
3480,young,M,uni,emp,small,car
3481,adult,M,uni,emp,big,car
3482,old,M,uni,emp,big,other
3483,adult,F,high,emp,big,train
3484,adult,F,high,emp,big,car
3485,young,M,uni,emp,big,other
3486,adult,M,high,emp,big,car
3487,adult,M,uni,emp,big,car
3488,old,M,high,emp,big,car
3489,old,M,high,emp,small,train
3490,adult,F,high,emp,big,train
3491,young,F,high,emp,small,train
3492,adult,M,uni,emp,big,other
3493,young,M,uni,emp,small,train
3494,young,M,high,emp,small,car
3495,young,F,uni,emp,big,other
3496,adult,M,high,emp,big,car
3497,adult,M,high,emp,big,car
3498,adult,M,high,emp,big,car
3499,old,F,high,emp,small,train
3500,adult,M,high,emp,big,car
3501,adult,F,uni,emp,big,other
3502,young,M,high,emp,small,train
3503,young,M,uni,emp,big,car
3504,young,F,high,emp,big,other
3505,adult,M,high,emp,small,train
3506,adult,M,high,emp,big,other
3507,adult,F,uni,emp,big,train
3508,young,F,high,emp,big,train
3509,old,F,uni,emp,big,car
3510,adult,F,high,emp,big,car
3511,old,F,high,emp,big,train
3512,old,M,high,emp,big,car
3513,adult,F,uni,emp,big,other
3514,adult,F,high,emp,big,car
3515,adult,F,high,emp,big,car
3516,old,M,high,emp,big,car
3517,adult,M,high,emp,small,train
3518,old,F,high,emp,big,other
3519,old,M,uni,emp,big,other
3520,young,M,high,emp,big,car
3521,adult,M,high,emp,big,car
3522,young,M,high,emp,big,other
3523,adult,M,high,emp,big,car
3524,adult,M,high,emp,big,car
3525,adult,F,high,emp,big,car
3526,adult,M,uni,emp,small,car
3527,adult,F,high,emp,big,car
3528,adult,M,high,emp,big,train
3529,old,M,high,emp,small,car
3530,adult,M,high,emp,small,train
3531,young,M,uni,emp,big,car
3532,adult,M,high,emp,big,car
3533,adult,M,high,emp,big,car
3534,adult,M,high,emp,big,car
3535,young,M,high,self,small,train
3536,old,M,high,emp,big,train
3537,old,M,high,emp,big,car
3538,adult,M,high,emp,big,train
3539,adult,M,uni,emp,big,other
3540,young,M,high,emp,big,train
3541,young,M,high,emp,big,car
3542,adult,M,high,emp,big,car
3543,adult,F,high,emp,small,train
3544,old,M,high,emp,big,car
3545,young,F,uni,emp,big,train
3546,adult,F,high,emp,big,train
3547,adult,M,uni,emp,big,car
3548,adult,M,high,emp,big,train
3549,adult,F,high,emp,small,car
3550,adult,M,high,emp,small,car
3551,old,M,high,emp,big,car
3552,young,F,uni,emp,small,train
3553,adult,M,high,emp,big,car
3554,old,M,high,emp,small,other
3555,young,M,high,emp,big,car
3556,adult,M,high,emp,big,car
3557,adult,F,uni,emp,big,car
3558,young,F,high,emp,small,car
3559,young,F,high,emp,big,car
3560,young,F,uni,emp,small,train
3561,old,M,high,emp,small,train
3562,adult,M,high,emp,small,car
3563,adult,M,high,emp,big,car
3564,old,M,high,emp,big,car
3565,adult,M,high,emp,big,car
3566,adult,M,high,emp,big,car
3567,young,F,uni,emp,big,other
3568,old,M,high,emp,big,train
3569,adult,F,high,emp,big,train
3570,young,M,uni,emp,big,car
3571,old,M,high,emp,big,other
3572,adult,M,high,emp,big,car
3573,adult,M,high,emp,big,car
3574,young,M,high,emp,big,car
3575,old,F,high,emp,big,train
3576,young,M,high,emp,big,train
3577,young,F,uni,emp,big,train
3578,adult,M,high,emp,small,train
3579,old,M,high,emp,small,train
3580,young,M,high,emp,big,car
3581,adult,F,high,emp,small,other
3582,adult,M,high,emp,big,train
3583,adult,M,uni,emp,big,train
3584,adult,M,high,emp,small,car
3585,old,M,uni,emp,big,car
3586,young,F,uni,emp,small,car
3587,adult,M,high,emp,big,car
3588,young,M,high,emp,big,other
3589,adult,F,high,emp,big,car
3590,adult,M,uni,self,big,car
3591,adult,M,high,emp,big,car
3592,young,F,high,emp,big,car
3593,old,M,high,emp,big,car
3594,old,F,high,emp,small,car
3595,adult,M,high,emp,big,car
3596,old,M,high,emp,big,car
3597,adult,F,high,emp,small,train
3598,old,F,high,emp,big,car
3599,adult,F,high,emp,small,train
3600,adult,F,high,emp,big,car
3601,adult,F,high,emp,big,car
3602,adult,M,high,emp,big,car
3603,old,F,uni,emp,small,car
3604,young,M,uni,emp,big,train
3605,adult,M,high,emp,small,train
3606,old,M,high,emp,small,train
3607,adult,F,high,self,small,car
3608,young,M,high,emp,big,car
3609,old,F,high,emp,small,car
3610,adult,M,high,emp,big,car
3611,adult,F,high,emp,small,train
3612,old,F,high,emp,big,other
3613,old,M,high,emp,small,car
3614,old,M,high,emp,small,car
3615,adult,M,high,emp,big,train
3616,adult,M,high,emp,big,car
3617,adult,F,high,emp,big,car
3618,adult,M,high,emp,big,other
3619,young,F,high,emp,small,car
3620,adult,M,high,emp,big,car
3621,adult,F,high,emp,big,car
3622,young,M,high,emp,big,car
3623,young,F,high,emp,big,car
3624,old,M,high,emp,small,other
3625,young,M,high,emp,small,train
3626,young,M,high,emp,big,car
3627,adult,F,uni,emp,small,train
3628,adult,F,high,emp,big,car
3629,adult,M,high,emp,small,car
3630,adult,M,high,emp,small,car
3631,young,M,high,emp,big,other
3632,adult,M,high,emp,big,car
3633,old,F,high,emp,big,train
3634,old,M,high,emp,big,car
3635,adult,F,uni,emp,big,car
3636,old,M,high,emp,big,car
3637,adult,M,high,emp,big,car
3638,old,M,uni,emp,big,other
3639,adult,F,high,emp,big,train
3640,young,F,high,emp,big,car
3641,old,M,high,emp,big,car
3642,young,M,high,emp,big,car
3643,adult,M,uni,emp,big,car
3644,old,M,high,emp,big,train
3645,old,F,high,emp,big,train
3646,adult,F,high,emp,big,train
3647,old,M,high,emp,small,car
3648,adult,M,uni,emp,big,car
3649,adult,F,uni,self,big,car
3650,adult,F,high,emp,small,car
3651,old,M,high,emp,big,car
3652,old,M,high,emp,small,car
3653,adult,M,uni,emp,small,train
3654,adult,M,uni,emp,big,car
3655,young,F,high,emp,big,car
3656,adult,F,uni,emp,big,car
3657,adult,M,high,emp,big,car
3658,old,M,uni,emp,big,car
3659,adult,M,high,emp,big,car
3660,old,M,high,emp,big,other
3661,young,M,high,emp,big,car
3662,adult,F,high,emp,small,other
3663,young,M,uni,emp,small,car
3664,young,M,uni,emp,big,other
3665,adult,M,high,emp,big,car
3666,adult,M,high,emp,small,train
3667,adult,F,high,emp,big,car
3668,adult,F,high,emp,big,train
3669,adult,M,high,emp,big,car
3670,young,M,high,emp,big,other
3671,adult,M,uni,emp,small,train
3672,adult,M,uni,emp,big,train
3673,young,M,high,emp,big,car
3674,old,M,uni,emp,big,train
3675,young,F,uni,emp,big,car
3676,adult,M,high,emp,big,other
3677,young,F,high,emp,big,car
3678,young,M,high,emp,small,car
3679,adult,F,high,emp,big,car
3680,old,M,high,emp,small,train
3681,young,M,high,emp,big,car
3682,adult,M,high,emp,big,car
3683,old,M,high,emp,big,car
3684,adult,M,high,emp,big,car
3685,young,F,high,emp,big,car
3686,adult,M,uni,emp,small,car
3687,adult,M,high,emp,big,car
3688,adult,M,uni,emp,big,car
3689,adult,F,high,emp,big,car
3690,adult,F,high,emp,big,car
3691,adult,M,high,emp,small,car
3692,adult,M,uni,emp,big,train
3693,adult,M,high,emp,big,train
3694,adult,M,high,emp,big,car
3695,adult,F,high,emp,big,train
3696,adult,M,high,emp,big,train
3697,adult,F,high,emp,small,train
3698,young,F,high,emp,big,train
3699,old,M,high,emp,big,train
3700,adult,M,uni,emp,big,car
3701,young,M,uni,emp,big,train
3702,adult,F,high,emp,big,other
3703,young,M,high,emp,big,train
3704,young,M,high,emp,big,car
3705,adult,F,high,emp,big,car
3706,adult,M,uni,emp,small,car
3707,adult,F,uni,emp,big,car
3708,adult,M,uni,emp,big,car
3709,adult,M,high,emp,big,car
3710,young,F,uni,emp,small,car
3711,old,M,high,emp,big,other
3712,adult,M,high,emp,big,train
3713,adult,F,high,emp,big,other
3714,old,M,high,emp,big,train
3715,young,M,high,emp,big,car
3716,adult,F,high,emp,big,train
3717,young,F,uni,emp,big,car
3718,old,M,uni,emp,big,car
3719,adult,M,high,emp,big,train
3720,adult,M,high,emp,big,car
3721,adult,M,high,emp,big,other
3722,adult,M,high,emp,big,car
3723,young,M,high,emp,big,train
3724,old,M,high,emp,big,car
3725,young,M,high,emp,small,car
3726,old,F,high,emp,big,other
3727,adult,F,high,emp,big,train
3728,old,F,high,emp,big,train
3729,adult,M,high,emp,big,other
3730,adult,M,high,emp,big,train
3731,young,F,high,emp,small,train
3732,young,M,uni,emp,big,car
3733,young,M,high,emp,small,car
3734,young,M,high,emp,big,car
3735,old,M,high,emp,big,car
3736,young,M,high,self,small,car
3737,young,M,high,emp,big,other
3738,adult,M,high,emp,big,car
3739,adult,F,high,emp,big,train
3740,adult,F,high,emp,small,train
3741,young,M,uni,emp,big,car
3742,young,M,high,emp,big,car
3743,young,M,high,emp,big,car
3744,adult,M,high,emp,big,car
3745,young,F,high,emp,small,car
3746,young,F,uni,emp,big,car
3747,old,F,uni,emp,big,train
3748,young,F,high,emp,big,car
3749,adult,F,uni,emp,small,car
3750,young,M,uni,emp,big,train
3751,adult,M,high,emp,big,train
3752,adult,M,high,emp,big,car
3753,adult,M,high,emp,big,car
3754,old,F,high,emp,big,car
3755,adult,F,uni,self,big,car
3756,young,F,high,emp,big,car
3757,adult,F,high,emp,big,car
3758,young,F,uni,emp,big,car
3759,adult,F,high,emp,big,car
3760,adult,F,high,emp,big,train
3761,adult,M,high,emp,big,train
3762,young,M,uni,emp,big,car
3763,young,M,high,emp,big,train
3764,young,F,uni,emp,big,car
3765,young,M,high,emp,big,car
3766,adult,M,high,emp,big,train
3767,old,M,high,emp,small,train
3768,young,M,high,emp,small,train
3769,old,M,high,emp,small,train
3770,young,M,high,emp,big,other
3771,adult,M,high,emp,small,car
3772,young,F,uni,emp,big,car
3773,young,M,high,emp,big,car
3774,young,M,uni,emp,big,car
3775,adult,M,high,emp,small,train
3776,young,M,high,emp,big,car
3777,adult,M,uni,emp,big,train
3778,adult,M,uni,emp,big,car
3779,adult,M,high,emp,big,car
3780,old,M,high,emp,small,other
3781,young,M,high,emp,big,car
3782,adult,F,uni,emp,big,car
3783,adult,M,uni,emp,big,car
3784,young,M,high,emp,big,car
3785,adult,M,high,emp,big,car
3786,young,M,high,emp,big,train
3787,young,M,high,emp,big,car
3788,young,F,high,emp,small,car
3789,young,M,high,emp,big,car
3790,adult,M,high,emp,big,other
3791,old,M,high,emp,small,train
3792,old,M,high,emp,big,other
3793,adult,F,high,emp,small,car
3794,adult,M,high,emp,big,car
3795,young,M,high,emp,small,train
3796,old,M,high,emp,big,car
3797,adult,M,high,emp,big,car
3798,young,M,high,emp,big,car
3799,adult,F,high,emp,big,train
3800,young,M,high,emp,big,train
3801,young,F,uni,emp,big,car
3802,adult,M,uni,emp,big,car
3803,adult,M,uni,emp,small,train
3804,old,M,high,emp,big,other
3805,young,M,high,emp,big,car
3806,adult,M,high,emp,big,car
3807,adult,M,high,emp,small,car
3808,young,F,high,emp,big,train
3809,adult,F,uni,emp,big,train
3810,adult,M,high,emp,big,car
3811,old,M,high,emp,big,car
3812,adult,M,uni,emp,big,car
3813,young,F,high,emp,small,car
3814,adult,M,high,emp,big,car
3815,adult,M,uni,emp,small,car
3816,young,M,uni,emp,small,car
3817,adult,F,uni,emp,big,train
3818,old,F,high,emp,big,car
3819,adult,M,high,emp,big,car
3820,adult,M,uni,emp,big,other
3821,young,M,uni,emp,big,car
3822,young,M,uni,emp,big,car
3823,adult,M,high,emp,big,train
3824,old,M,high,emp,small,train
3825,adult,F,high,emp,big,car
3826,young,M,uni,emp,big,other
3827,adult,M,high,emp,big,train
3828,young,M,high,emp,big,car
3829,old,F,high,emp,big,car
3830,old,F,uni,emp,big,other
3831,young,F,uni,emp,small,train
3832,adult,M,high,emp,big,other
3833,adult,M,uni,emp,big,car
3834,adult,F,high,emp,big,car
3835,adult,F,high,emp,big,train
3836,adult,M,high,emp,big,train
3837,adult,M,uni,emp,small,train
3838,young,M,uni,emp,big,car
3839,adult,M,uni,emp,big,train
3840,adult,F,uni,emp,big,car
3841,young,F,high,emp,big,car
3842,young,M,uni,emp,big,car
3843,adult,M,uni,emp,big,car
3844,old,M,high,emp,big,car
3845,adult,M,high,emp,big,car
3846,young,F,uni,emp,big,train
3847,young,M,high,emp,big,car
3848,adult,M,high,emp,big,train
3849,old,F,high,emp,small,train
3850,young,M,high,emp,big,car
3851,old,M,high,emp,big,train
3852,adult,M,high,emp,big,car
3853,old,M,high,emp,small,train
3854,young,M,high,emp,big,car
3855,old,M,uni,emp,small,car
3856,young,F,high,emp,big,train
3857,old,F,high,emp,big,car
3858,young,M,high,emp,big,other
3859,young,M,uni,emp,big,car
3860,young,F,high,emp,big,train
3861,young,M,high,emp,big,car
3862,adult,M,high,emp,big,train
3863,young,M,high,emp,small,train
3864,young,M,high,emp,small,car
3865,adult,F,high,emp,big,other
3866,adult,M,uni,emp,small,car
3867,adult,F,high,emp,small,other
3868,adult,M,high,emp,big,car
3869,young,F,uni,emp,big,train
3870,adult,M,uni,emp,big,car
3871,old,F,high,emp,big,car
3872,adult,F,high,emp,big,car
3873,adult,M,high,emp,small,train
3874,young,M,high,emp,small,car
3875,adult,M,high,emp,big,car
3876,young,M,uni,emp,big,train
3877,old,F,high,emp,big,car
3878,adult,M,uni,emp,big,train
3879,adult,M,high,emp,big,other
3880,adult,M,uni,emp,big,train
3881,adult,M,uni,emp,big,car
3882,adult,M,high,emp,big,car
3883,young,F,high,emp,big,train
3884,old,M,high,self,big,car
3885,adult,M,high,emp,small,car
3886,adult,M,uni,emp,big,car
3887,adult,M,uni,self,big,car
3888,young,M,high,emp,big,car
3889,old,M,uni,emp,big,car
3890,adult,F,uni,emp,big,other
3891,young,F,high,emp,big,car
3892,young,F,high,emp,big,car
3893,old,M,high,emp,big,car
3894,old,M,high,emp,small,car
3895,old,M,high,emp,big,car
3896,young,F,high,emp,big,train
3897,adult,M,high,emp,big,car
3898,young,M,uni,emp,big,train
3899,adult,F,uni,emp,big,car
3900,adult,M,high,emp,big,train
3901,adult,M,high,emp,small,train
3902,adult,M,high,emp,big,train
3903,old,M,high,emp,big,car
3904,young,M,high,emp,small,car
3905,adult,M,high,emp,big,train
3906,adult,M,high,emp,big,other
3907,adult,F,high,emp,big,car
3908,young,F,uni,emp,big,other
3909,young,F,high,emp,big,car
3910,adult,M,high,emp,big,train
3911,adult,M,high,emp,big,train
3912,old,M,high,emp,big,car
3913,adult,F,uni,emp,big,other
3914,adult,F,high,emp,big,car
3915,old,F,high,emp,small,train
3916,adult,M,high,emp,big,car
3917,old,F,high,emp,big,car
3918,old,M,high,emp,big,car
3919,old,M,high,emp,big,car
3920,young,M,uni,emp,small,car
3921,young,M,high,emp,big,car
3922,old,F,high,emp,big,car
3923,adult,M,high,emp,big,car
3924,young,M,high,emp,big,car
3925,adult,F,high,emp,big,train
3926,adult,M,uni,emp,big,car
3927,young,M,high,emp,small,car
3928,adult,M,high,emp,small,train
3929,adult,M,high,emp,small,car
3930,old,M,high,emp,big,car
3931,adult,M,high,emp,big,car
3932,young,F,uni,emp,big,train
3933,adult,M,uni,emp,big,car
3934,adult,M,high,emp,big,other
3935,adult,M,high,emp,big,other
3936,young,M,high,emp,big,car
3937,young,F,high,emp,big,other
3938,young,F,uni,emp,big,other
3939,young,M,high,emp,big,train
3940,old,F,uni,emp,big,train
3941,young,M,high,emp,big,car
3942,adult,F,uni,self,big,car
3943,young,M,high,emp,big,car
3944,adult,M,high,emp,big,car
3945,young,F,uni,emp,big,other
3946,adult,M,high,emp,big,car
3947,adult,F,high,emp,big,car
3948,adult,M,uni,self,small,car
3949,old,F,high,emp,small,car
3950,young,M,uni,emp,small,car
3951,young,F,high,emp,big,train
3952,adult,M,high,emp,big,car
3953,young,F,uni,emp,big,car
3954,adult,M,high,emp,small,train
3955,adult,F,high,emp,small,car
3956,adult,F,uni,emp,big,other
3957,young,M,high,emp,big,car
3958,young,M,high,self,big,car
3959,young,M,uni,emp,small,train
3960,adult,M,uni,emp,small,car
3961,adult,F,high,emp,small,train
3962,young,M,high,emp,big,train
3963,old,M,high,emp,small,train
3964,adult,M,high,emp,big,other
3965,young,M,high,emp,big,car
3966,young,M,high,emp,big,other
3967,young,M,high,emp,small,car
3968,young,M,high,emp,big,car
3969,adult,F,high,emp,small,car
3970,adult,F,uni,emp,big,car
3971,young,M,high,emp,big,train
3972,young,F,high,emp,small,car
3973,adult,F,uni,emp,big,train
3974,adult,F,uni,emp,small,other
3975,young,M,uni,emp,big,car
3976,old,M,high,emp,big,car
3977,young,M,high,self,small,train
3978,adult,F,high,emp,big,car
3979,young,M,high,emp,big,train
3980,adult,F,uni,emp,small,other
3981,adult,F,high,emp,big,car
3982,old,M,high,self,big,car
3983,old,F,high,emp,big,car
3984,adult,M,high,emp,big,train
3985,young,F,uni,emp,big,train
3986,old,M,high,emp,big,other
3987,young,F,high,self,small,car
3988,adult,M,high,emp,small,car
3989,adult,M,high,emp,big,train
3990,young,F,high,emp,big,car
3991,adult,M,high,emp,big,other
3992,young,M,high,emp,big,car
3993,old,M,high,emp,small,train
3994,adult,M,high,emp,big,train
3995,old,F,high,emp,small,train
3996,old,F,high,emp,small,car
3997,young,M,high,emp,big,other
3998,young,M,high,emp,big,train
3999,young,M,high,emp,big,car
4000,adult,M,high,self,big,car
4001,young,M,high,emp,big,car
4002,old,M,high,emp,small,other
4003,young,F,high,emp,big,car
4004,old,F,high,emp,big,other
4005,young,M,high,emp,big,car
4006,young,F,uni,emp,big,train
4007,adult,F,uni,self,big,car
4008,old,M,high,emp,big,car
4009,old,M,uni,self,big,car
4010,adult,M,high,emp,big,car
4011,adult,M,high,emp,big,car
4012,young,M,uni,emp,big,other
4013,young,M,high,emp,small,car
4014,adult,M,uni,emp,big,car
4015,adult,M,high,emp,small,train
4016,adult,M,uni,emp,big,car
4017,adult,F,high,emp,small,car
4018,adult,M,uni,emp,big,other
4019,adult,F,high,emp,big,car
4020,young,M,high,emp,big,train
4021,young,F,uni,emp,big,car
4022,young,F,high,emp,big,train
4023,old,F,high,emp,small,train
4024,young,M,uni,emp,big,car
4025,adult,F,high,emp,big,car
4026,old,F,high,emp,big,train
4027,old,F,high,emp,big,train
4028,old,F,high,emp,small,train
4029,young,M,high,emp,big,other
4030,adult,F,uni,emp,big,car
4031,adult,M,high,emp,big,car
4032,adult,M,high,emp,big,train
4033,adult,F,high,emp,big,train
4034,young,M,uni,emp,big,train
4035,adult,F,high,emp,small,car
4036,adult,M,high,emp,big,train
4037,young,M,high,emp,small,car
4038,old,F,high,emp,big,car
4039,adult,F,high,emp,big,car
4040,young,F,uni,emp,big,train
4041,adult,F,high,emp,small,train
4042,young,M,high,self,big,train
4043,old,F,high,emp,big,other
4044,adult,F,uni,emp,big,car
4045,young,M,uni,emp,big,other
4046,young,M,high,emp,big,car
4047,adult,M,uni,emp,big,car
4048,young,M,high,emp,small,car
4049,young,M,high,emp,big,car
4050,old,M,uni,emp,big,car
4051,old,F,high,emp,big,car
4052,adult,M,high,emp,big,car
4053,adult,F,high,emp,big,car
4054,old,M,high,emp,small,car
4055,adult,M,high,emp,big,train
4056,adult,M,high,emp,big,other
4057,adult,F,uni,emp,big,car
4058,young,F,high,emp,small,car
4059,adult,M,high,emp,big,other
4060,adult,M,high,emp,small,train
4061,adult,M,high,emp,small,train
4062,young,M,high,emp,small,car
4063,adult,M,high,emp,big,car
4064,adult,M,high,emp,big,car
4065,old,M,high,emp,small,train
4066,old,F,high,emp,big,car
4067,young,F,high,emp,small,car
4068,adult,M,high,emp,small,train
4069,old,M,high,emp,big,car
4070,adult,M,high,emp,big,car
4071,old,M,high,emp,big,other
4072,young,M,high,emp,small,car
4073,young,M,uni,emp,big,other
4074,adult,M,high,emp,small,train
4075,old,F,high,emp,big,car
4076,adult,M,high,emp,big,other
4077,old,F,high,emp,big,car
4078,young,M,high,emp,big,other
4079,young,M,high,emp,big,train
4080,young,F,high,emp,big,other
4081,adult,F,high,emp,big,other
4082,adult,F,high,emp,big,car
4083,adult,M,high,emp,big,car
4084,young,F,high,emp,big,car
4085,young,F,high,emp,big,car
4086,adult,M,high,emp,small,car
4087,young,M,high,emp,big,car
4088,young,M,uni,emp,big,train
4089,young,M,high,emp,small,train
4090,adult,F,high,self,big,car
4091,old,F,high,emp,big,train
4092,adult,F,high,emp,big,car
4093,young,F,high,emp,big,car
4094,young,F,uni,emp,small,other
4095,adult,M,high,emp,big,train
4096,adult,M,high,emp,small,other
4097,old,M,high,emp,big,car
4098,old,F,high,emp,big,car
4099,old,M,high,emp,big,car
4100,young,M,high,emp,small,other
4101,adult,F,high,emp,big,car
4102,adult,M,high,emp,big,other
4103,adult,M,high,emp,big,other
4104,old,M,high,emp,big,train
4105,adult,M,uni,self,big,train
4106,old,F,high,emp,big,train
4107,adult,F,uni,emp,big,car
4108,young,M,high,self,big,car
4109,old,F,high,emp,small,train
4110,adult,F,high,emp,big,train
4111,young,M,high,emp,big,other
4112,adult,M,high,emp,small,car
4113,adult,F,uni,emp,big,car
4114,adult,F,high,emp,big,car
4115,young,M,high,emp,big,train
4116,adult,F,high,emp,big,car
4117,young,F,high,emp,big,car
4118,adult,M,uni,emp,big,car
4119,adult,F,high,emp,small,car
4120,old,F,high,emp,big,car
4121,old,M,high,self,big,other
4122,adult,M,high,emp,small,train
4123,adult,M,high,emp,big,train
4124,old,M,high,emp,big,car
4125,adult,M,uni,emp,big,train
4126,old,M,high,emp,big,car
4127,adult,F,high,emp,big,car
4128,adult,F,uni,emp,big,car
4129,old,M,high,emp,big,train
4130,young,F,high,emp,big,car
4131,adult,M,high,emp,big,car
4132,adult,M,high,emp,big,car
4133,adult,M,high,self,big,train
4134,adult,F,high,emp,big,train
4135,adult,F,uni,emp,small,train
4136,young,M,high,emp,big,train
4137,adult,M,uni,emp,small,car
4138,adult,F,high,emp,small,car
4139,young,M,uni,emp,big,car
4140,young,M,high,emp,big,car
4141,adult,M,uni,emp,big,car
4142,adult,F,high,emp,big,car
4143,young,M,high,emp,big,train
4144,adult,M,uni,emp,small,car
4145,young,M,uni,emp,big,car
4146,young,M,uni,emp,big,other
4147,young,M,high,emp,big,car
4148,adult,M,high,emp,big,train
4149,old,M,high,emp,big,train
4150,adult,F,uni,emp,big,train
4151,old,F,high,emp,small,car
4152,old,M,high,emp,big,car
4153,young,M,high,emp,big,car
4154,old,M,high,emp,big,car
4155,young,M,high,emp,big,train
4156,adult,M,uni,emp,big,car
4157,young,M,uni,self,big,car
4158,adult,M,high,emp,big,car
4159,adult,M,high,emp,big,car
4160,young,M,high,emp,big,car
4161,adult,M,high,emp,big,car
4162,young,F,high,self,small,car
4163,old,M,high,emp,big,car
4164,young,M,high,emp,big,train
4165,adult,F,uni,emp,big,other
4166,adult,F,high,emp,big,car
4167,adult,F,high,emp,big,other
4168,adult,M,high,emp,big,train
4169,adult,F,uni,emp,big,train
4170,young,F,high,emp,big,train
4171,old,M,high,emp,big,train
4172,adult,M,high,emp,big,car
4173,adult,M,high,emp,big,train
4174,adult,M,uni,emp,big,train
4175,adult,M,uni,self,big,car
4176,adult,M,high,emp,big,car
4177,adult,F,uni,emp,big,car
4178,adult,M,high,emp,big,train
4179,young,M,high,self,big,train
4180,adult,F,high,emp,small,car
4181,old,F,high,emp,big,other
4182,adult,F,high,self,big,other
4183,young,M,high,emp,big,other
4184,young,F,high,emp,big,car
4185,young,M,uni,emp,small,train
4186,old,M,high,emp,big,train
4187,adult,F,high,emp,big,car
4188,young,M,high,emp,big,other
4189,old,M,high,emp,big,other
4190,young,F,high,emp,big,other
4191,young,F,uni,emp,big,car
4192,adult,M,high,emp,small,train
4193,old,F,high,emp,big,car
4194,young,M,high,emp,big,other
4195,young,F,high,emp,big,train
4196,young,M,uni,emp,big,train
4197,adult,F,high,emp,big,train
4198,adult,M,uni,emp,big,train
4199,adult,M,high,emp,big,car
4200,young,M,high,emp,small,car
4201,young,F,uni,emp,small,train
4202,young,M,high,emp,big,car
4203,adult,M,high,emp,big,other
4204,adult,M,uni,emp,big,car
4205,young,F,uni,emp,big,car
4206,young,M,high,emp,big,train
4207,old,F,high,emp,big,car
4208,adult,M,uni,emp,big,car
4209,young,M,uni,emp,small,car
4210,adult,M,high,emp,big,train
4211,old,M,high,emp,big,car
4212,adult,M,high,emp,small,train
4213,adult,F,high,emp,big,car
4214,adult,M,high,emp,big,car
4215,adult,M,high,emp,big,train
4216,adult,M,high,emp,big,car
4217,adult,F,uni,emp,big,car
4218,adult,F,uni,emp,big,car
4219,adult,M,uni,emp,big,train
4220,old,M,high,emp,big,car
4221,old,M,high,emp,big,car
4222,young,M,uni,emp,big,other
4223,adult,F,high,emp,big,train
4224,adult,F,high,emp,big,car
4225,old,M,uni,emp,big,car
4226,adult,F,high,emp,small,car
4227,adult,M,uni,emp,big,car
4228,adult,M,uni,emp,big,train
4229,adult,M,high,emp,big,other
4230,old,M,high,emp,big,train
4231,adult,F,high,emp,big,other
4232,young,M,high,emp,small,train
4233,adult,M,high,emp,big,train
4234,old,M,high,emp,big,other
4235,adult,F,uni,emp,big,car
4236,young,M,uni,emp,big,other
4237,young,F,uni,emp,big,car
4238,adult,M,uni,emp,small,train
4239,old,M,high,emp,big,car
4240,young,F,uni,emp,big,car
4241,adult,F,uni,emp,small,car
4242,young,F,uni,emp,big,car
4243,adult,F,uni,emp,big,other
4244,young,F,high,emp,big,train
4245,young,F,high,emp,big,train
4246,young,M,high,emp,small,car
4247,adult,M,high,self,small,car
4248,young,F,high,emp,big,car
4249,young,F,uni,emp,big,car
4250,adult,M,uni,self,big,car
4251,old,M,high,emp,big,train
4252,adult,M,high,emp,big,train
4253,young,F,high,emp,small,train
4254,adult,F,high,emp,big,other
4255,old,F,high,emp,big,train
4256,adult,F,uni,emp,big,train
4257,young,M,high,emp,small,car
4258,old,M,high,emp,big,train
4259,young,F,high,emp,big,car
4260,young,M,uni,emp,small,car
4261,young,M,high,emp,big,car
4262,young,M,high,emp,big,car
4263,adult,F,uni,emp,big,train
4264,adult,M,high,emp,big,other
4265,adult,M,high,emp,big,car
4266,old,M,high,emp,big,train
4267,young,M,uni,emp,big,other
4268,adult,F,high,emp,small,car
4269,adult,F,high,emp,small,car
4270,adult,F,high,emp,big,car
4271,young,M,uni,emp,big,other
4272,adult,M,high,emp,small,train
4273,young,F,uni,emp,big,car
4274,adult,M,high,emp,big,train
4275,adult,M,high,emp,big,other
4276,adult,M,high,emp,big,train
4277,adult,F,high,emp,big,car
4278,old,F,high,emp,big,car
4279,adult,F,uni,emp,big,train
4280,young,M,high,emp,big,car
4281,adult,F,high,emp,big,car
4282,old,M,high,emp,big,car
4283,old,M,high,emp,big,other
4284,adult,F,high,emp,small,car
4285,adult,F,high,emp,big,train
4286,young,F,high,emp,big,train
4287,old,M,uni,emp,big,car
4288,old,M,uni,emp,small,train
4289,adult,F,high,emp,big,train
4290,young,F,high,emp,big,train
4291,old,M,high,emp,small,train
4292,young,F,uni,emp,big,car
4293,adult,M,high,emp,big,train
4294,old,M,high,emp,small,car
4295,young,M,high,emp,big,other
4296,adult,F,high,emp,big,train
4297,young,F,high,self,big,car
4298,adult,M,high,emp,small,other
4299,adult,M,high,emp,big,car
4300,adult,F,high,emp,big,train
4301,adult,M,high,emp,big,other
4302,adult,M,high,emp,big,train
4303,adult,M,high,emp,big,other
4304,young,M,high,emp,big,car
4305,adult,M,high,emp,big,car
4306,old,F,high,emp,small,car
4307,young,M,high,emp,big,other
4308,old,F,high,emp,small,car
4309,adult,F,high,emp,big,train
4310,adult,M,high,emp,small,train
4311,young,F,uni,emp,big,train
4312,adult,M,high,emp,big,car
4313,adult,F,uni,emp,big,train
4314,old,F,high,emp,big,other
4315,young,F,high,emp,big,car
4316,adult,M,high,emp,big,car
4317,young,F,uni,emp,big,car
4318,adult,M,uni,emp,small,train
4319,old,M,uni,emp,big,other
4320,young,F,high,emp,big,train
4321,old,F,high,emp,big,car
4322,adult,F,high,emp,big,train
4323,adult,M,high,emp,big,car
4324,old,F,high,emp,big,car
4325,adult,M,high,emp,big,other
4326,adult,F,high,emp,big,other
4327,young,M,uni,emp,big,car
4328,adult,M,high,emp,small,train
4329,old,M,high,emp,big,train
4330,adult,M,high,emp,big,other
4331,adult,F,uni,emp,big,car
4332,adult,F,high,emp,big,train
4333,young,F,uni,emp,big,other
4334,young,F,high,emp,big,train
4335,old,F,high,emp,big,car
4336,adult,M,high,emp,small,train
4337,adult,F,uni,emp,big,car
4338,young,M,uni,emp,big,train
4339,adult,M,high,emp,small,car
4340,adult,M,uni,emp,big,car
4341,old,F,high,emp,small,car
4342,young,M,high,emp,small,car
4343,young,F,high,emp,big,other
4344,adult,F,high,emp,small,train
4345,young,M,high,emp,big,other
4346,adult,M,high,emp,small,train
4347,adult,M,high,emp,big,car
4348,young,M,high,emp,small,train
4349,old,M,high,emp,big,car
4350,adult,M,high,emp,big,train
4351,adult,M,high,emp,small,car
4352,adult,M,high,emp,small,other
4353,adult,M,uni,emp,big,other
4354,adult,M,uni,emp,big,car
4355,old,M,high,emp,small,car
4356,old,F,high,emp,big,train
4357,adult,M,high,emp,big,car
4358,old,M,high,emp,big,car
4359,adult,M,high,emp,big,other
4360,adult,M,high,emp,big,train
4361,adult,M,high,emp,small,car
4362,adult,M,high,emp,big,car
4363,adult,F,uni,emp,big,train
4364,young,M,high,emp,big,other
4365,young,F,high,emp,big,train
4366,adult,M,high,emp,big,car
4367,young,M,high,emp,big,car
4368,adult,M,uni,emp,big,other
4369,adult,F,high,emp,big,car
4370,old,M,high,emp,small,train
4371,adult,M,high,emp,big,train
4372,old,M,high,emp,big,car
4373,adult,F,high,emp,big,train
4374,adult,M,high,emp,big,train
4375,adult,F,high,emp,big,car
4376,adult,M,high,emp,big,car
4377,adult,M,uni,emp,big,car
4378,adult,M,uni,emp,small,train
4379,young,M,high,emp,big,train
4380,old,M,high,emp,big,car
4381,adult,M,high,emp,big,car
4382,adult,M,high,emp,big,car
4383,adult,M,high,emp,small,other
4384,adult,M,high,emp,big,other
4385,adult,F,high,emp,big,car
4386,old,M,high,emp,big,train
4387,old,F,high,emp,big,car
4388,young,M,uni,emp,big,other
4389,old,M,high,emp,big,car
4390,adult,F,high,emp,big,car
4391,young,F,high,emp,big,car
4392,adult,M,high,emp,big,car
4393,young,F,uni,emp,big,car
4394,young,F,high,emp,big,car
4395,young,M,high,emp,small,train
4396,adult,M,uni,self,big,train
4397,adult,F,uni,emp,big,train
4398,adult,M,high,emp,big,other
4399,old,M,high,emp,small,train
4400,old,F,high,emp,big,car
4401,adult,F,high,emp,big,car
4402,adult,M,high,emp,big,other
4403,adult,M,high,emp,big,car
4404,young,M,high,emp,big,other
4405,adult,M,high,emp,big,car
4406,adult,M,high,emp,small,train
4407,adult,F,uni,emp,small,car
4408,adult,M,high,emp,small,train
4409,adult,M,high,emp,big,car
4410,adult,F,uni,emp,big,car
4411,old,M,high,emp,big,car
4412,adult,M,uni,emp,big,car
4413,adult,M,high,emp,big,train
4414,young,F,high,emp,small,car
4415,young,M,high,emp,big,car
4416,adult,F,high,emp,big,car
4417,adult,M,high,emp,small,train
4418,adult,M,high,emp,big,car
4419,adult,M,high,emp,big,car
4420,old,F,high,emp,big,train
4421,adult,F,high,emp,big,car
4422,young,F,uni,emp,big,car
4423,old,M,high,emp,big,car
4424,adult,M,high,emp,small,car
4425,young,M,high,emp,small,train
4426,adult,M,high,emp,big,train
4427,old,M,high,emp,big,other
4428,adult,F,high,emp,small,train
4429,young,F,uni,emp,big,car
4430,old,M,high,emp,big,train
4431,young,F,uni,emp,big,car
4432,adult,M,high,emp,big,car
4433,adult,F,high,emp,small,train
4434,young,F,high,emp,big,other
4435,adult,M,high,emp,big,car
4436,young,M,uni,emp,big,train
4437,adult,M,high,emp,big,car
4438,adult,F,uni,emp,small,car
4439,young,M,high,emp,big,car
4440,adult,M,high,emp,big,car
4441,young,M,high,emp,big,car
4442,young,M,high,emp,big,car
4443,old,M,high,emp,big,train
4444,old,F,high,emp,small,train
4445,young,F,high,emp,small,train
4446,young,F,high,emp,small,car
4447,young,M,high,emp,small,car
4448,adult,M,high,emp,small,car
4449,adult,M,uni,self,big,car
4450,old,F,high,emp,big,other
4451,adult,F,uni,emp,big,train
4452,adult,M,high,emp,big,train
4453,old,F,uni,emp,big,car
4454,young,M,high,emp,big,car
4455,adult,M,uni,emp,big,other
4456,adult,F,high,emp,big,car
4457,adult,M,uni,emp,big,train
4458,adult,M,uni,emp,small,train
4459,young,F,uni,self,big,car
4460,young,F,high,emp,small,car
4461,adult,M,uni,emp,big,car
4462,adult,M,uni,emp,big,car
4463,adult,F,uni,emp,big,train
4464,adult,F,uni,emp,big,car
4465,young,M,high,emp,big,other
4466,adult,F,uni,emp,big,train
4467,old,F,high,emp,big,train
4468,adult,F,high,emp,big,train
4469,adult,F,high,emp,big,other
4470,adult,M,high,emp,big,train
4471,old,M,uni,emp,small,car
4472,adult,F,high,emp,big,other
4473,adult,M,uni,emp,big,car
4474,adult,M,uni,emp,big,car
4475,young,M,high,emp,small,train
4476,adult,M,uni,emp,big,car
4477,old,M,high,emp,big,car
4478,adult,F,high,emp,small,train
4479,young,F,uni,emp,small,other
4480,old,M,high,emp,big,other
4481,adult,M,uni,emp,big,car
4482,young,F,high,emp,big,car
4483,adult,M,high,emp,small,train
4484,adult,F,high,emp,small,train
4485,young,M,high,emp,big,car
4486,old,F,high,emp,big,car
4487,adult,F,high,emp,big,car
4488,adult,F,high,emp,big,car
4489,young,F,high,emp,small,train
4490,adult,F,uni,self,big,car
4491,adult,M,high,emp,big,train
4492,old,M,uni,emp,big,car
4493,adult,M,high,emp,big,other
4494,adult,M,uni,emp,small,train
4495,old,F,high,emp,big,train
4496,adult,M,high,emp,big,car
4497,adult,F,high,emp,big,other
4498,adult,M,high,emp,big,train
4499,old,F,high,emp,big,train
4500,young,F,high,emp,small,train
4501,young,F,high,emp,small,car
4502,adult,M,uni,emp,small,car
4503,young,F,uni,emp,big,car
4504,adult,F,high,emp,big,car
4505,young,F,high,emp,big,train
4506,old,M,high,emp,big,other
4507,old,M,uni,self,small,train
4508,old,F,high,emp,big,car
4509,adult,F,high,emp,big,other
4510,old,M,high,emp,big,train
4511,adult,F,high,emp,small,other
4512,young,F,uni,emp,big,train
4513,old,F,uni,emp,big,train
4514,adult,F,high,emp,big,car
4515,adult,M,uni,emp,big,car
4516,adult,F,high,emp,big,car
4517,young,M,uni,emp,big,other
4518,adult,M,high,emp,big,car
4519,adult,M,high,emp,small,car
4520,young,M,high,emp,big,car
4521,adult,M,high,emp,big,train
4522,adult,M,high,emp,big,train
4523,young,F,uni,emp,small,train
4524,old,M,high,emp,big,car
4525,young,M,high,emp,big,train
4526,young,F,high,emp,big,other
4527,old,M,high,emp,big,train
4528,old,M,high,emp,big,car
4529,young,M,high,emp,big,other
4530,old,M,high,emp,small,train
4531,adult,M,high,emp,big,train
4532,young,M,high,emp,big,car
4533,young,M,high,emp,big,other
4534,adult,F,high,emp,small,train
4535,adult,M,high,emp,big,other
4536,adult,F,uni,emp,big,car
4537,adult,F,high,emp,small,train
4538,adult,M,uni,emp,big,other
4539,adult,F,high,emp,big,car
4540,young,M,high,emp,small,car
4541,adult,M,uni,emp,big,train
4542,old,F,high,emp,small,other
4543,adult,F,high,emp,big,train
4544,old,M,high,emp,big,car
4545,young,M,uni,self,big,car
4546,adult,M,high,emp,big,other
4547,adult,M,uni,emp,big,car
4548,young,M,high,emp,big,other
4549,young,M,uni,emp,big,train
4550,adult,M,high,emp,big,car
4551,young,M,uni,emp,big,car
4552,young,M,high,emp,small,car
4553,young,F,high,emp,big,train
4554,adult,M,high,emp,small,train
4555,adult,F,high,emp,big,train
4556,young,F,high,emp,big,other
4557,adult,F,high,self,big,train
4558,old,F,high,emp,big,car
4559,old,M,high,emp,big,train
4560,old,F,high,emp,big,train
4561,adult,M,high,emp,big,other
4562,adult,M,high,emp,small,train
4563,adult,F,high,emp,big,other
4564,adult,F,uni,emp,big,car
4565,old,F,uni,emp,big,train
4566,old,M,high,emp,small,train
4567,adult,M,uni,emp,big,train
4568,adult,F,high,emp,big,car
4569,adult,F,high,emp,big,car
4570,adult,M,high,emp,big,train
4571,adult,F,high,emp,big,train
4572,adult,M,high,self,small,car
4573,young,M,high,emp,big,other
4574,adult,F,high,emp,big,car
4575,adult,M,high,emp,big,car
4576,old,M,uni,emp,big,car
4577,young,M,uni,self,small,car
4578,old,F,high,emp,small,car
4579,adult,M,high,emp,big,car
4580,young,F,high,emp,big,other
4581,old,F,high,emp,big,car
4582,adult,M,high,emp,big,car
4583,old,M,high,emp,big,car
4584,adult,M,high,emp,big,other
4585,adult,M,uni,emp,small,car
4586,old,F,high,emp,big,train
4587,adult,F,high,emp,big,car
4588,young,F,high,emp,small,car
4589,old,M,high,emp,small,other
4590,adult,F,high,emp,big,car
4591,adult,F,high,emp,big,car
4592,adult,M,high,emp,big,car
4593,adult,F,high,emp,big,train
4594,adult,F,high,emp,big,car
4595,adult,M,uni,emp,big,car
4596,old,M,high,emp,big,car
4597,young,F,uni,emp,big,train
4598,adult,M,high,emp,big,other
4599,adult,M,uni,emp,big,train
4600,adult,M,high,emp,big,car
4601,old,M,high,emp,big,car
4602,young,M,high,emp,big,car
4603,old,F,high,emp,big,car
4604,adult,F,high,emp,big,car
4605,young,F,high,emp,big,car
4606,old,M,high,emp,big,other
4607,adult,M,high,emp,big,other
4608,adult,F,high,emp,big,car
4609,adult,F,high,emp,big,car
4610,adult,F,uni,emp,big,car
4611,young,M,high,emp,big,other
4612,young,M,high,emp,small,car
4613,adult,M,high,emp,big,train
4614,old,F,uni,emp,big,other
4615,young,M,high,emp,big,other
4616,young,F,high,emp,big,car
4617,adult,M,uni,emp,big,train
4618,adult,F,uni,emp,big,train
4619,young,F,high,emp,big,train
4620,adult,M,high,emp,small,car
4621,young,M,uni,emp,small,car
4622,adult,M,high,emp,small,other
4623,young,F,high,emp,big,car
4624,young,M,high,emp,small,train
4625,adult,M,high,emp,big,car
4626,young,M,high,emp,big,car
4627,adult,M,uni,self,small,car
4628,adult,F,uni,emp,big,car
4629,young,F,high,emp,big,car
4630,old,M,high,emp,big,train
4631,old,M,uni,emp,small,train
4632,young,M,high,emp,big,car
4633,adult,M,high,emp,big,train
4634,old,M,high,emp,big,car
4635,young,M,high,emp,small,car
4636,adult,F,high,emp,small,train
4637,adult,M,high,emp,big,other
4638,young,M,high,emp,small,train
4639,old,F,high,emp,big,other
4640,old,M,high,emp,big,train
4641,adult,F,high,emp,big,train
4642,old,M,high,emp,big,other
4643,adult,M,uni,emp,big,car
4644,young,F,uni,emp,big,train
4645,adult,F,high,emp,big,train
4646,old,F,high,emp,big,car
4647,adult,M,high,emp,small,car
4648,old,M,uni,emp,small,train
4649,adult,M,high,emp,big,car
4650,adult,M,high,emp,big,train
4651,adult,F,high,emp,small,train
4652,young,F,uni,emp,big,car
4653,young,M,high,emp,big,car
4654,young,M,uni,self,big,car
4655,adult,M,uni,emp,big,other
4656,young,M,high,emp,big,car
4657,young,M,high,emp,big,car
4658,young,M,high,emp,small,train
4659,old,M,high,emp,big,other
4660,old,F,high,emp,big,car
4661,old,M,high,emp,small,car
4662,adult,F,uni,emp,big,train
4663,young,M,high,emp,small,train
4664,adult,M,high,emp,small,car
4665,old,F,high,emp,small,train
4666,young,F,uni,emp,small,train
4667,young,M,high,emp,small,train
4668,young,F,uni,emp,big,car
4669,young,F,high,emp,big,car
4670,old,M,high,emp,big,car
4671,adult,F,uni,emp,big,car
4672,old,M,high,emp,big,train
4673,old,F,high,emp,big,other
4674,adult,M,uni,emp,big,train
4675,old,F,high,emp,small,other
4676,old,F,high,emp,big,train
4677,adult,M,uni,emp,big,other
4678,adult,F,high,emp,small,train
4679,young,M,high,emp,big,car
4680,young,F,high,emp,big,train
4681,adult,M,high,emp,big,train
4682,young,M,high,emp,big,car
4683,young,F,high,emp,big,car
4684,adult,F,high,emp,big,car
4685,adult,M,high,emp,big,car
4686,adult,F,high,emp,small,train
4687,old,F,uni,emp,big,car
4688,adult,M,uni,emp,big,car
4689,old,F,high,emp,big,car
4690,adult,M,high,emp,big,other
4691,young,M,uni,emp,big,train
4692,old,M,high,emp,big,car
4693,young,F,high,emp,big,train
4694,old,F,high,emp,big,car
4695,adult,F,high,self,big,car
4696,adult,M,high,self,small,car
4697,young,F,high,emp,big,car
4698,adult,M,high,emp,big,train
4699,young,F,uni,emp,big,other
4700,adult,M,uni,emp,small,other
4701,young,M,high,emp,small,car
4702,adult,F,uni,emp,big,car
4703,adult,M,high,emp,big,other
4704,old,M,high,emp,small,car
4705,old,M,high,emp,big,car
4706,adult,F,uni,emp,small,car
4707,young,M,high,emp,big,car
4708,old,F,high,emp,big,other
4709,adult,F,high,emp,big,other
4710,adult,M,high,emp,big,other
4711,young,M,high,emp,big,train
4712,adult,F,high,emp,small,car
4713,adult,M,high,emp,small,car
4714,young,M,uni,emp,big,car
4715,young,F,high,emp,big,car
4716,adult,M,high,emp,big,train
4717,old,M,high,emp,big,car
4718,young,F,high,emp,small,car
4719,old,M,high,emp,big,car
4720,old,F,high,emp,small,train
4721,adult,F,high,emp,big,car
4722,young,F,high,emp,big,train
4723,old,M,high,emp,big,car
4724,adult,F,high,emp,big,other
4725,old,M,high,emp,big,other
4726,young,F,high,emp,big,other
4727,young,M,uni,emp,small,train
4728,young,F,high,emp,big,car
4729,young,M,high,emp,big,car
4730,adult,F,uni,emp,big,car
4731,adult,F,high,emp,small,car
4732,young,M,high,emp,big,train
4733,adult,M,high,emp,big,car
4734,adult,M,high,emp,big,car
4735,young,F,high,emp,big,other
4736,adult,F,high,emp,big,car
4737,adult,M,high,emp,big,car
4738,adult,M,high,emp,big,other
4739,adult,M,uni,emp,big,car
4740,young,M,high,emp,big,car
4741,young,M,uni,emp,big,other
4742,young,M,uni,emp,big,train
4743,young,M,uni,emp,big,car
4744,adult,M,uni,emp,big,car
4745,adult,M,high,emp,big,train
4746,adult,F,uni,emp,big,car
4747,young,F,uni,emp,big,train
4748,young,F,high,emp,small,train
4749,adult,M,uni,emp,big,train
4750,old,F,high,emp,small,train
4751,adult,M,high,emp,big,car
4752,adult,M,uni,self,big,car
4753,adult,F,high,emp,big,train
4754,adult,M,uni,emp,small,other
4755,young,M,high,emp,big,car
4756,old,F,high,emp,big,car
4757,adult,M,high,emp,big,car
4758,old,M,high,emp,small,train
4759,adult,F,high,emp,big,car
4760,old,M,uni,emp,big,train
4761,adult,F,uni,emp,big,train
4762,adult,F,high,emp,big,train
4763,adult,F,uni,emp,small,car
4764,young,M,high,emp,big,car
4765,old,F,high,emp,big,train
4766,adult,M,high,emp,big,car
4767,adult,M,high,emp,big,car
4768,young,F,uni,emp,small,other
4769,adult,M,high,emp,small,car
4770,young,F,high,emp,big,car
4771,adult,F,high,emp,big,train
4772,old,M,high,emp,small,other
4773,old,M,high,emp,big,car
4774,young,M,high,emp,big,car
4775,old,M,high,emp,big,train
4776,young,M,high,self,big,train
4777,old,M,high,emp,big,train
4778,young,M,uni,emp,big,car
4779,adult,M,high,emp,big,car
4780,adult,M,uni,emp,small,car
4781,adult,F,high,emp,big,car
4782,young,M,high,emp,small,train
4783,old,F,high,emp,big,other
4784,old,M,high,emp,big,car
4785,adult,F,uni,emp,big,car
4786,old,M,high,emp,big,car
4787,old,M,high,emp,big,car
4788,old,F,high,emp,big,car
4789,young,F,high,emp,big,car
4790,old,M,high,emp,small,car
4791,young,M,high,emp,big,car
4792,adult,F,uni,self,big,train
4793,adult,M,high,emp,small,car
4794,adult,M,high,emp,big,train
4795,adult,M,high,emp,big,other
4796,adult,M,high,emp,big,car
4797,adult,F,high,emp,big,car
4798,young,M,uni,emp,big,car
4799,adult,F,high,emp,small,car
4800,adult,M,uni,emp,big,car
4801,adult,F,uni,emp,big,other
4802,young,M,high,emp,big,other
4803,young,M,high,emp,small,car
4804,adult,F,high,emp,big,car
4805,adult,F,high,emp,big,car
4806,adult,M,high,emp,small,train
4807,young,F,high,emp,big,train
4808,adult,M,uni,emp,big,train
4809,young,M,high,emp,big,other
4810,adult,M,uni,emp,big,car
4811,adult,M,high,emp,small,other
4812,adult,F,high,emp,big,train
4813,young,F,uni,emp,big,car
4814,young,F,high,emp,big,train
4815,young,M,uni,emp,big,other
4816,young,M,high,emp,big,train
4817,adult,F,high,emp,big,car
4818,adult,F,high,emp,small,other
4819,old,M,uni,emp,small,train
4820,adult,M,uni,emp,small,car
4821,adult,F,high,emp,big,car
4822,young,M,high,emp,big,car
4823,adult,M,high,emp,big,car
4824,adult,F,high,emp,big,other
4825,adult,F,high,emp,big,train
4826,adult,M,uni,emp,big,other
4827,young,F,uni,emp,big,other
4828,old,M,high,emp,big,train
4829,adult,M,high,emp,big,train
4830,adult,F,high,emp,big,car
4831,adult,F,uni,emp,small,car
4832,adult,M,high,emp,big,car
4833,adult,M,uni,emp,small,train
4834,adult,F,high,emp,big,car
4835,adult,F,high,emp,big,car
4836,adult,F,uni,emp,small,car
4837,adult,M,uni,self,big,train
4838,young,F,high,emp,big,train
4839,adult,F,high,emp,big,other
4840,adult,M,uni,emp,big,car
4841,young,M,high,emp,big,other
4842,adult,M,high,emp,big,train
4843,young,M,high,emp,big,car
4844,old,M,uni,emp,big,train
4845,old,F,high,emp,big,car
4846,adult,M,high,emp,big,car
4847,young,F,uni,emp,big,train
4848,young,M,high,emp,big,car
4849,old,M,high,emp,big,car
4850,old,F,uni,emp,big,train
4851,young,M,high,emp,big,car
4852,young,M,high,emp,big,car
4853,adult,M,high,emp,big,train
4854,adult,M,high,emp,big,car
4855,adult,F,high,emp,small,train
4856,adult,M,uni,emp,small,car
4857,old,F,high,self,small,other
4858,adult,M,high,emp,big,train
4859,young,F,uni,emp,big,train
4860,adult,M,high,emp,small,train
4861,adult,F,high,emp,big,train
4862,old,F,high,emp,small,car
4863,adult,M,high,emp,small,car
4864,adult,M,uni,emp,big,car
4865,old,M,uni,emp,big,car
4866,adult,M,high,emp,big,train
4867,old,M,high,emp,big,car
4868,adult,M,uni,emp,big,other
4869,young,F,high,emp,small,car
4870,adult,F,uni,emp,big,car
4871,adult,F,high,emp,small,train
4872,old,M,uni,emp,big,car
4873,adult,M,high,emp,big,other
4874,young,M,high,emp,big,car
4875,young,M,high,emp,big,car
4876,adult,F,uni,emp,big,car
4877,adult,M,high,emp,small,train
4878,old,F,high,emp,big,car
4879,adult,M,uni,emp,big,car
4880,adult,F,high,emp,small,train
4881,old,M,high,emp,small,other
4882,adult,F,uni,emp,big,car
4883,adult,M,high,self,big,car
4884,adult,M,uni,emp,big,other
4885,old,M,high,emp,big,car
4886,adult,F,uni,emp,small,car
4887,young,M,uni,emp,big,other
4888,adult,F,high,emp,small,car
4889,adult,F,uni,emp,small,train
4890,old,M,high,emp,big,car
4891,adult,M,high,emp,big,car
4892,young,M,high,emp,big,other
4893,adult,M,high,emp,big,other
4894,adult,F,high,emp,small,train
4895,old,M,high,emp,big,other
4896,young,F,high,emp,big,train
4897,young,F,high,self,big,car
4898,adult,F,high,emp,big,car
4899,adult,M,high,emp,big,car
4900,adult,M,high,emp,small,train
4901,adult,F,high,emp,small,train
4902,young,M,uni,emp,big,car
4903,adult,M,high,emp,small,car
4904,old,M,high,emp,small,train
4905,young,M,uni,emp,big,car
4906,adult,M,uni,emp,big,car
4907,adult,M,high,emp,small,car
4908,young,M,high,emp,big,car
4909,young,M,uni,emp,big,train
4910,old,M,uni,emp,small,train
4911,adult,F,uni,emp,big,train
4912,adult,M,high,emp,big,train
4913,adult,F,uni,self,big,car
4914,adult,F,uni,emp,big,car
4915,adult,F,high,emp,big,car
4916,young,F,uni,emp,big,car
4917,adult,M,high,emp,small,other
4918,old,M,high,emp,small,train
4919,young,F,high,emp,big,train
4920,old,M,high,emp,big,train
4921,adult,F,uni,emp,big,car
4922,old,F,high,emp,big,train
4923,adult,F,high,emp,big,car
4924,old,M,high,emp,big,train
4925,adult,M,high,emp,small,car
4926,young,M,high,emp,big,car
4927,young,M,high,emp,big,car
4928,young,M,high,emp,small,car
4929,adult,M,uni,emp,big,car
4930,adult,M,high,emp,big,car
4931,adult,M,high,emp,big,car
4932,young,M,high,emp,big,train
4933,young,F,high,emp,small,train
4934,old,M,high,emp,small,car
4935,adult,F,high,emp,big,car
4936,adult,M,high,emp,big,train
4937,adult,M,high,emp,big,train
4938,adult,M,high,emp,big,other
4939,adult,F,high,emp,big,car
4940,young,F,high,emp,big,train
4941,adult,F,high,emp,small,train
4942,adult,F,high,emp,big,other
4943,adult,M,high,emp,big,car
4944,adult,F,high,emp,big,other
4945,adult,F,high,emp,small,train
4946,young,M,high,emp,big,train
4947,adult,M,uni,emp,small,car
4948,adult,M,uni,emp,big,train
4949,young,M,uni,emp,small,train
4950,young,M,high,emp,big,train
4951,young,M,high,emp,big,train
4952,adult,M,high,emp,big,car
4953,young,M,high,emp,big,car
4954,old,F,high,emp,big,car
4955,young,M,high,emp,big,car
4956,old,M,high,emp,big,car
4957,young,M,high,emp,big,car
4958,adult,F,high,emp,small,car
4959,young,F,high,emp,big,train
4960,young,M,high,emp,small,train
4961,adult,F,high,emp,big,car
4962,old,F,high,emp,big,car
4963,adult,M,high,emp,big,train
4964,adult,M,uni,emp,small,train
4965,adult,F,high,self,big,car
4966,young,F,high,emp,big,other
4967,old,M,high,emp,big,car
4968,adult,M,high,emp,big,car
4969,young,M,high,self,big,car
4970,old,M,high,emp,big,other
4971,young,M,high,emp,big,car
4972,old,F,uni,self,big,car
4973,adult,F,high,emp,small,train
4974,young,M,high,emp,big,train
4975,old,M,high,emp,big,train
4976,adult,M,uni,emp,small,train
4977,adult,F,high,emp,big,train
4978,young,F,uni,emp,big,other
4979,adult,M,high,emp,small,car
4980,old,M,high,emp,big,car
4981,young,F,high,emp,big,car
4982,old,F,high,emp,big,other
4983,young,F,uni,self,big,other
4984,adult,M,high,emp,small,train
4985,adult,M,high,emp,big,car
4986,young,M,high,emp,big,car
4987,adult,F,high,emp,small,train
4988,young,M,high,emp,big,car
4989,old,M,high,emp,big,car
4990,young,M,high,emp,big,car
4991,old,F,high,emp,big,car
4992,young,F,high,emp,big,other
4993,young,M,high,emp,big,other
4994,old,M,high,emp,small,other
4995,adult,F,high,emp,big,car
4996,young,F,high,emp,big,car
4997,young,M,high,emp,big,train
4998,adult,F,high,emp,big,train
4999,young,M,high,emp,big,car
5000,adult,M,high,emp,big,train
5001,young,M,high,emp,big,car
5002,old,F,high,emp,big,car
5003,adult,M,high,emp,small,car
5004,adult,F,uni,emp,small,train
5005,old,M,high,emp,big,other
5006,adult,M,high,emp,big,train
5007,adult,M,high,emp,big,train
5008,old,M,high,emp,small,car
5009,adult,M,high,emp,big,other
5010,adult,F,high,emp,big,car
5011,adult,M,uni,self,big,car
5012,old,M,high,emp,big,car
5013,adult,F,high,emp,big,car
5014,adult,F,high,emp,big,other
5015,adult,M,high,emp,big,car
5016,adult,F,high,emp,big,train
5017,adult,M,high,emp,big,other
5018,adult,M,high,emp,small,other
5019,adult,F,high,emp,big,car
5020,old,F,high,emp,big,car
5021,adult,M,uni,emp,small,other
5022,adult,M,high,emp,big,other
5023,adult,F,uni,emp,big,train
5024,old,F,high,emp,big,other
5025,young,M,high,emp,big,car
5026,adult,M,uni,emp,big,car
5027,young,F,uni,emp,big,car
5028,adult,M,high,emp,big,car
5029,adult,F,high,emp,big,other
5030,old,M,high,emp,small,car
5031,adult,M,uni,emp,big,car
5032,old,F,high,emp,big,car
5033,old,M,high,self,big,car
5034,young,M,high,emp,small,train
5035,adult,F,uni,emp,big,car
5036,adult,F,high,emp,small,train
5037,young,M,high,emp,small,car
5038,young,F,high,emp,big,car
5039,adult,F,uni,emp,small,train
5040,young,F,high,emp,big,other
5041,adult,M,high,emp,big,car
5042,young,F,high,emp,big,train
5043,young,M,high,emp,big,other
5044,old,M,uni,emp,big,car
5045,young,M,high,emp,big,car
5046,adult,F,high,emp,small,car
5047,adult,M,uni,emp,big,car
5048,adult,M,high,emp,big,train
5049,young,F,uni,emp,small,train
5050,adult,M,high,emp,small,train
5051,adult,M,uni,emp,big,car
5052,young,M,high,emp,big,car
5053,young,F,high,emp,small,car
5054,young,F,high,emp,big,other
5055,adult,F,high,self,small,train
5056,young,M,high,emp,big,car
5057,young,M,uni,emp,big,car
5058,adult,M,high,emp,big,train
5059,young,F,high,emp,big,train
5060,adult,M,high,emp,big,train
5061,adult,M,high,emp,big,car
5062,old,M,high,emp,big,car
5063,old,M,high,emp,small,car
5064,young,M,uni,emp,big,train
5065,adult,M,high,emp,big,train
5066,old,M,high,emp,big,car
5067,old,M,high,emp,small,train
5068,adult,F,high,emp,big,car
5069,adult,F,high,emp,small,other
5070,adult,M,high,emp,big,car
5071,young,M,uni,emp,big,car
5072,young,M,high,emp,big,train
5073,young,M,high,emp,big,car
5074,adult,F,uni,emp,small,car
5075,young,M,high,emp,big,car
5076,old,M,uni,emp,big,car
5077,adult,M,uni,emp,big,car
5078,young,M,uni,emp,big,car
5079,adult,M,high,emp,big,train
5080,adult,M,high,emp,big,train
5081,old,M,uni,emp,big,car
5082,adult,F,high,emp,big,train
5083,old,M,high,emp,big,car
5084,young,M,high,emp,big,car
5085,adult,M,high,emp,small,car
5086,adult,M,uni,emp,big,train
5087,adult,F,high,emp,big,train
5088,young,F,high,emp,big,car
5089,adult,M,high,emp,small,other
5090,young,F,uni,emp,big,train
5091,adult,M,high,emp,big,car
5092,young,F,uni,emp,big,car
5093,adult,M,high,emp,big,other
5094,adult,M,high,emp,big,car
5095,young,F,high,emp,big,car
5096,old,M,uni,emp,big,train
5097,adult,F,high,emp,big,car
5098,adult,M,high,emp,big,car
5099,adult,M,high,emp,big,car
5100,adult,M,high,emp,small,train
5101,old,M,high,emp,big,other
5102,young,M,high,emp,big,car
5103,adult,F,high,emp,big,car
5104,adult,M,uni,emp,big,other
5105,adult,M,high,emp,small,train
5106,young,M,high,emp,big,train
5107,old,F,high,emp,big,train
5108,young,M,uni,emp,big,car
5109,adult,M,uni,emp,big,car
5110,adult,F,uni,emp,big,car
5111,young,M,high,emp,big,car
5112,adult,M,high,emp,small,car
5113,old,F,high,emp,big,other
5114,adult,F,uni,emp,big,car
5115,young,M,high,emp,big,car
5116,old,F,high,emp,big,other
5117,adult,M,high,emp,big,car
5118,old,M,high,emp,big,car
5119,old,F,high,emp,small,train
5120,young,F,uni,emp,big,car
5121,old,F,high,emp,big,train
5122,young,M,high,emp,big,other
5123,adult,F,high,emp,big,car
5124,young,F,uni,emp,small,train
5125,adult,M,uni,emp,small,train
5126,old,M,high,emp,small,train
5127,young,F,uni,emp,big,other
5128,adult,M,high,self,big,car
5129,old,F,high,emp,big,car
5130,old,F,high,emp,big,car
5131,adult,F,high,emp,small,car
5132,old,M,high,emp,small,car
5133,old,F,high,emp,big,car
5134,young,M,high,emp,small,other
5135,old,M,high,emp,small,train
5136,adult,M,high,emp,big,train
5137,young,F,uni,emp,big,car
5138,adult,M,high,emp,big,other
5139,adult,M,high,emp,big,car
5140,adult,F,high,emp,big,train
5141,old,M,high,emp,big,car
5142,young,M,uni,emp,small,train
5143,adult,M,high,emp,small,car
5144,young,F,high,emp,big,train
5145,adult,F,high,emp,big,car
5146,adult,F,high,emp,big,car
5147,young,F,uni,emp,small,car
5148,old,M,high,emp,small,train
5149,adult,F,high,emp,big,car
5150,adult,M,uni,emp,big,car
5151,adult,F,high,emp,small,other
5152,young,F,uni,emp,big,car
5153,adult,F,high,emp,big,train
5154,old,M,high,emp,big,car
5155,young,F,high,emp,big,other
5156,adult,M,uni,emp,big,car
5157,adult,M,high,emp,big,car
5158,old,F,high,emp,big,car
5159,old,F,high,emp,big,car
5160,young,F,high,emp,big,other
5161,young,M,uni,emp,big,train
5162,adult,F,uni,emp,big,other
5163,young,M,high,emp,big,car
5164,young,F,high,emp,small,car
5165,old,M,high,emp,big,train
5166,old,F,high,emp,big,train
5167,young,M,high,emp,big,car
5168,adult,F,high,emp,big,train
5169,adult,F,uni,emp,big,car
5170,adult,M,uni,emp,big,car
5171,adult,M,high,self,big,car
5172,adult,F,high,emp,big,car
5173,young,M,high,emp,big,car
5174,old,F,high,emp,big,car
5175,adult,M,uni,emp,big,car
5176,old,F,uni,emp,big,other
5177,old,M,high,emp,big,car
5178,old,M,high,emp,big,train
5179,adult,F,uni,emp,big,car
5180,adult,F,high,emp,big,train
5181,adult,M,uni,emp,big,car
5182,adult,F,uni,emp,big,car
5183,young,F,uni,emp,big,car
5184,adult,M,high,emp,big,car
5185,old,M,high,emp,big,car
5186,old,M,high,emp,big,other
5187,adult,F,uni,emp,big,other
5188,adult,F,high,emp,big,car
5189,young,M,high,emp,big,car
5190,old,M,high,emp,big,other
5191,adult,F,high,emp,big,car
5192,old,M,high,emp,small,car
5193,adult,M,high,emp,big,train
5194,adult,F,high,emp,small,car
5195,young,F,uni,emp,big,train
5196,adult,M,high,emp,big,train
5197,adult,M,uni,emp,small,other
5198,adult,M,uni,emp,big,car
5199,young,F,high,emp,big,car
5200,adult,M,high,emp,small,car
5201,adult,F,high,emp,big,car
5202,adult,F,high,emp,big,car
5203,young,M,high,emp,big,other
5204,old,F,high,self,big,car
5205,young,F,high,emp,small,other
5206,adult,M,uni,emp,small,car
5207,young,M,uni,emp,big,other
5208,old,M,high,emp,small,train
5209,young,M,uni,emp,big,other
5210,old,F,high,emp,big,car
5211,adult,F,high,emp,small,other
5212,old,M,high,emp,small,train
5213,adult,M,high,emp,big,car
5214,young,M,high,emp,small,car
5215,young,M,high,emp,big,train
5216,old,M,high,emp,big,car
5217,adult,F,uni,emp,small,train
5218,young,M,high,emp,small,train
5219,old,F,uni,emp,big,car
5220,adult,F,uni,emp,big,train
5221,old,M,high,emp,big,car
5222,young,M,high,emp,big,other
5223,old,F,high,emp,big,car
5224,old,F,high,emp,big,car
5225,adult,F,high,emp,small,car
5226,adult,F,high,emp,big,train
5227,old,M,high,emp,big,car
5228,old,F,high,emp,big,car
5229,young,M,high,emp,big,train
5230,adult,M,high,emp,big,other
5231,adult,F,high,emp,big,car
5232,old,M,high,emp,big,other
5233,young,M,high,emp,small,car
5234,adult,F,uni,emp,big,car
5235,young,M,high,emp,big,train
5236,adult,M,high,emp,small,car
5237,adult,F,high,emp,big,train
5238,young,M,high,emp,big,car
5239,old,F,high,emp,big,train
5240,old,M,high,emp,big,other
5241,old,F,high,emp,big,car
5242,young,F,uni,emp,big,car
5243,adult,F,high,emp,big,car
5244,adult,M,high,emp,small,train
5245,adult,M,uni,emp,big,car
5246,old,M,high,emp,big,car
5247,young,F,high,emp,big,car
5248,adult,F,high,emp,big,car
5249,young,M,high,emp,big,car
5250,adult,M,high,emp,big,car
5251,adult,M,high,emp,big,other
5252,adult,M,uni,emp,big,car
5253,adult,F,uni,emp,small,car
5254,young,F,uni,emp,big,car
5255,young,F,high,emp,small,car
5256,adult,F,high,emp,big,car
5257,old,F,high,emp,big,car
5258,adult,F,high,emp,big,car
5259,young,F,uni,emp,big,car
5260,adult,F,uni,emp,big,car
5261,old,M,high,emp,small,car
5262,old,M,uni,emp,big,car
5263,old,F,high,emp,small,train
5264,old,M,high,emp,big,car
5265,young,F,high,emp,big,train
5266,young,M,high,emp,big,car
5267,young,M,high,emp,small,train
5268,old,M,high,emp,big,train
5269,adult,M,high,emp,big,other
5270,old,M,high,emp,big,other
5271,old,M,high,emp,big,car
5272,old,M,high,emp,big,other
5273,adult,F,uni,emp,big,train
5274,old,M,high,emp,small,train
5275,young,M,uni,emp,big,train
5276,young,M,uni,emp,big,car
5277,adult,M,high,emp,big,train
5278,adult,F,high,emp,big,car
5279,young,F,high,emp,big,other
5280,old,F,high,emp,big,train
5281,old,M,high,self,small,car
5282,adult,M,high,emp,small,car
5283,adult,F,uni,emp,big,car
5284,adult,F,high,emp,small,train
5285,old,F,high,emp,big,car
5286,adult,M,high,emp,big,car
5287,adult,M,high,emp,big,car
5288,adult,M,high,emp,big,car
5289,adult,F,uni,emp,big,car
5290,old,F,high,emp,big,car
5291,young,M,high,emp,big,car
5292,young,M,high,emp,big,car
5293,adult,M,high,emp,big,car
5294,young,M,high,emp,small,other
5295,adult,F,high,emp,big,car
5296,young,F,high,emp,big,other
5297,adult,M,high,emp,small,other
5298,adult,M,high,emp,small,train
5299,young,F,high,emp,big,car
5300,young,F,high,emp,big,car
5301,adult,F,high,emp,big,car
5302,adult,F,high,emp,small,car
5303,young,M,uni,emp,big,other
5304,old,M,high,emp,big,train
5305,adult,F,uni,emp,big,other
5306,adult,F,high,emp,big,car
5307,young,M,high,emp,big,train
5308,adult,M,high,emp,big,train
5309,adult,M,high,emp,big,train
5310,old,F,high,emp,big,other
5311,adult,F,high,emp,big,car
5312,adult,F,high,emp,big,car
5313,adult,M,high,emp,small,other
5314,adult,F,high,emp,big,train
5315,old,M,high,emp,big,other
5316,adult,F,high,emp,big,car
5317,young,F,high,emp,big,car
5318,adult,F,high,emp,big,car
5319,old,F,uni,emp,big,train
5320,young,F,uni,emp,small,train
5321,young,F,high,emp,big,car
5322,old,F,high,emp,big,train
5323,adult,M,uni,emp,big,other
5324,young,M,uni,emp,big,other
5325,young,M,high,emp,big,car
5326,adult,M,high,self,big,car
5327,adult,M,high,emp,big,car
5328,adult,F,uni,emp,small,car
5329,old,M,high,emp,small,other
5330,adult,F,uni,emp,big,other
5331,young,M,high,emp,big,car
5332,adult,M,uni,emp,big,train
5333,old,F,high,emp,small,train
5334,young,F,high,emp,big,car
5335,young,M,high,emp,small,car
5336,old,F,uni,emp,small,car
5337,young,F,high,emp,small,train
5338,adult,M,high,emp,small,train
5339,young,M,high,emp,small,train
5340,old,M,high,emp,big,train
5341,adult,F,high,emp,big,car
5342,adult,M,high,emp,big,car
5343,adult,F,uni,emp,big,car
5344,adult,M,uni,emp,small,car
5345,adult,M,high,emp,big,other
5346,young,F,high,emp,big,car
5347,adult,M,uni,emp,big,train
5348,adult,F,high,emp,big,car
5349,young,M,high,emp,big,car
5350,young,F,uni,emp,big,car
5351,adult,M,high,emp,small,train
5352,adult,F,uni,emp,small,car
5353,adult,F,high,emp,big,other
5354,young,F,high,emp,big,train
5355,old,M,high,emp,big,car
5356,adult,M,uni,emp,big,car
5357,young,M,high,emp,big,car
5358,young,M,high,emp,big,car
5359,adult,F,high,emp,small,car
5360,adult,F,high,emp,small,car
5361,adult,F,high,emp,big,car
5362,young,F,high,emp,big,car
5363,young,M,high,emp,small,train
5364,adult,M,high,emp,big,train
5365,young,M,high,emp,big,car
5366,young,M,uni,emp,big,train
5367,adult,M,high,emp,big,car
5368,old,F,high,emp,big,car
5369,adult,F,high,emp,small,car
5370,old,F,high,emp,big,train
5371,adult,M,high,emp,big,car
5372,adult,M,high,emp,big,car
5373,adult,M,high,emp,big,car
5374,adult,F,uni,emp,big,car
5375,young,M,uni,emp,small,car
5376,young,F,high,emp,big,car
5377,adult,F,uni,emp,big,other
5378,young,M,high,emp,big,car
5379,old,F,high,emp,big,train
5380,adult,M,high,emp,big,other
5381,old,F,high,emp,small,car
5382,adult,M,uni,emp,big,car
5383,adult,F,high,emp,big,train
5384,old,F,high,emp,small,train
5385,old,F,high,emp,big,train
5386,young,F,high,emp,big,car
5387,old,F,uni,emp,small,car
5388,old,F,high,emp,small,train
5389,adult,M,high,emp,big,car
5390,old,M,high,emp,big,other
5391,young,M,high,self,big,other
5392,young,F,high,emp,big,car
5393,adult,M,high,emp,big,train
5394,adult,M,high,emp,big,car
5395,adult,M,uni,emp,big,other
5396,young,F,high,emp,big,other
5397,young,F,uni,self,small,other
5398,young,M,high,emp,big,car
5399,adult,M,high,emp,small,train
5400,adult,M,high,emp,big,train
5401,old,F,high,emp,big,train
5402,adult,F,uni,emp,big,car
5403,adult,M,high,emp,small,car
5404,young,M,uni,emp,big,other
5405,young,F,uni,emp,big,train
5406,adult,F,high,emp,big,car
5407,adult,M,uni,self,big,train
5408,adult,F,uni,emp,big,other
5409,adult,F,high,emp,small,train
5410,adult,F,high,emp,big,train
5411,adult,F,high,emp,big,car
5412,adult,M,uni,emp,big,car
5413,young,M,high,emp,small,train
5414,adult,M,high,emp,big,car
5415,adult,M,uni,emp,big,train
5416,adult,M,high,emp,big,car
5417,old,F,high,emp,big,train
5418,adult,F,uni,emp,small,car
5419,old,M,uni,emp,small,train
5420,old,M,high,emp,big,car
5421,adult,M,high,emp,big,other
5422,adult,M,uni,emp,big,car
5423,adult,M,high,emp,big,car
5424,young,F,high,emp,big,car
5425,young,F,high,emp,small,train
5426,young,F,high,emp,big,car
5427,adult,M,uni,emp,big,train
5428,adult,M,uni,emp,big,car
5429,old,F,high,emp,big,car
5430,adult,M,uni,self,big,car
5431,young,F,uni,emp,big,car
5432,adult,M,high,emp,big,car
5433,adult,F,high,emp,big,other
5434,young,F,high,emp,small,car
5435,adult,F,high,emp,big,car
5436,old,M,high,emp,big,car
5437,old,M,high,emp,small,other
5438,adult,M,uni,emp,big,car
5439,adult,F,high,emp,small,other
5440,adult,F,uni,emp,big,car
5441,adult,F,high,emp,big,other
5442,old,F,high,emp,big,car
5443,adult,F,high,emp,big,train
5444,adult,M,high,emp,big,other
5445,adult,M,high,emp,big,other
5446,adult,M,uni,emp,big,car
5447,old,F,high,emp,small,other
5448,young,M,high,emp,big,other
5449,adult,F,high,self,big,car
5450,adult,F,high,emp,small,car
5451,young,M,high,emp,big,car
5452,old,M,uni,emp,big,car
5453,young,M,high,emp,big,car
5454,old,M,high,emp,big,car
5455,adult,F,uni,self,small,car
5456,young,M,uni,emp,small,train
5457,young,M,uni,emp,big,car
5458,young,M,high,emp,big,car
5459,old,F,high,emp,small,train
5460,adult,M,high,emp,big,train
5461,adult,F,high,emp,small,train
5462,old,F,high,emp,big,other
5463,young,F,high,emp,big,train
5464,old,F,high,emp,small,car
5465,young,M,high,emp,big,car
5466,young,F,uni,emp,big,car
5467,old,F,high,emp,big,car
5468,adult,M,high,emp,big,car
5469,adult,F,high,emp,big,car
5470,young,F,high,emp,small,train
5471,adult,F,high,emp,big,other
5472,old,F,high,emp,big,train
5473,adult,M,high,emp,small,car
5474,old,M,high,emp,small,car
5475,old,M,high,emp,small,train
5476,young,F,high,self,big,car
5477,young,M,high,emp,big,train
5478,adult,M,high,emp,small,car
5479,old,M,high,emp,big,car
5480,adult,F,high,emp,big,car
5481,adult,F,uni,emp,big,car
5482,young,M,high,emp,big,train
5483,adult,M,high,emp,big,train
5484,young,F,high,emp,big,car
5485,young,F,high,emp,big,train
5486,young,F,uni,emp,big,car
5487,adult,M,high,emp,big,car
5488,adult,M,high,emp,small,train
5489,adult,F,high,emp,big,car
5490,old,M,high,emp,small,car
5491,adult,F,high,emp,small,car
5492,adult,F,high,emp,big,car
5493,adult,F,high,emp,big,car
5494,adult,M,high,emp,big,other
5495,young,M,high,emp,big,car
5496,young,M,high,emp,big,car
5497,adult,M,high,emp,big,car
5498,old,F,high,emp,big,car
5499,young,M,high,emp,small,car
5500,young,F,high,emp,small,train
5501,adult,M,high,emp,big,car
5502,adult,F,high,emp,big,car
5503,young,M,high,emp,big,other
5504,adult,M,high,emp,big,train
5505,young,M,high,emp,big,car
5506,adult,M,uni,emp,big,train
5507,adult,M,high,emp,big,train
5508,old,M,high,emp,small,car
5509,adult,F,high,emp,small,other
5510,adult,M,high,emp,big,car
5511,adult,F,uni,emp,big,train
5512,old,M,high,emp,big,car
5513,adult,M,high,emp,big,train
5514,adult,M,uni,emp,small,train
5515,adult,M,high,emp,big,train
5516,adult,M,high,emp,big,train
5517,old,F,high,emp,big,train
5518,adult,M,high,emp,big,train
5519,adult,M,high,emp,big,car
5520,adult,M,uni,emp,big,car
5521,young,F,high,emp,big,car
5522,young,M,high,self,big,train
5523,adult,M,high,emp,big,car
5524,adult,F,high,emp,small,car
5525,adult,F,high,emp,big,car
5526,adult,M,high,self,big,car
5527,young,F,high,emp,small,train
5528,young,M,high,emp,big,train
5529,adult,F,uni,self,big,other
5530,adult,F,high,emp,small,train
5531,old,F,high,emp,small,car
5532,adult,M,high,emp,big,car
5533,young,F,high,emp,big,car
5534,young,F,uni,emp,big,car
5535,young,M,high,emp,small,train
5536,young,F,high,emp,big,other
5537,young,M,uni,emp,big,car
5538,adult,M,high,emp,big,train
5539,adult,F,uni,emp,big,train
5540,young,M,high,emp,big,other
5541,adult,M,high,emp,big,car
5542,young,F,high,emp,big,car
5543,old,M,high,emp,big,train
5544,old,F,high,self,big,train
5545,adult,M,high,self,big,car
5546,adult,F,high,emp,small,car
5547,old,F,high,emp,small,car
5548,young,M,high,emp,big,train
5549,young,M,high,emp,big,other
5550,young,M,high,emp,big,car
5551,adult,M,high,emp,small,other
5552,adult,F,high,emp,small,car
5553,old,F,uni,emp,big,other
5554,adult,M,uni,emp,big,car
5555,adult,M,uni,emp,big,train
5556,adult,M,high,emp,small,train
5557,adult,F,uni,emp,big,car
5558,adult,F,high,emp,big,train
5559,adult,M,uni,self,big,car
5560,adult,M,uni,emp,big,train
5561,adult,F,uni,emp,big,car
5562,young,M,high,emp,big,other
5563,old,M,high,emp,big,train
5564,adult,M,high,emp,big,car
5565,young,F,uni,emp,big,car
5566,adult,M,high,self,big,car
5567,young,F,uni,emp,big,train
5568,adult,M,high,emp,big,other
5569,adult,F,high,emp,big,other
5570,young,M,high,emp,big,car
5571,young,F,uni,emp,big,car
5572,adult,M,high,emp,big,car
5573,adult,F,high,emp,big,car
5574,adult,F,high,self,small,car
5575,adult,F,high,emp,small,car
5576,young,F,uni,emp,big,car
5577,adult,F,uni,emp,big,other
5578,adult,F,high,emp,small,train
5579,adult,F,high,emp,big,car
5580,young,F,uni,emp,big,car
5581,old,M,high,emp,big,train
5582,old,F,high,emp,small,car
5583,adult,M,uni,emp,big,car
5584,old,M,uni,emp,big,car
5585,adult,M,high,self,big,car
5586,adult,M,uni,self,big,other
5587,adult,M,high,emp,big,car
5588,young,F,uni,self,big,car
5589,young,F,uni,emp,big,other
5590,adult,F,high,emp,big,train
5591,old,F,uni,emp,big,car
5592,young,M,high,emp,big,car
5593,old,F,high,emp,big,train
5594,adult,M,high,emp,small,car
5595,adult,M,uni,emp,big,train
5596,adult,M,high,emp,small,car
5597,adult,M,high,emp,big,other
5598,adult,M,high,emp,big,train
5599,young,M,high,emp,big,other
5600,young,M,high,emp,small,train
5601,young,F,high,emp,small,train
5602,young,M,high,emp,big,other
5603,adult,M,high,emp,big,car
5604,young,M,high,emp,small,car
5605,adult,M,high,emp,big,car
5606,old,F,high,emp,big,car
5607,old,M,high,emp,big,other
5608,adult,M,high,self,big,car
5609,adult,M,high,emp,big,other
5610,adult,M,high,emp,big,other
5611,adult,F,high,emp,small,car
5612,young,M,high,emp,big,car
5613,adult,M,uni,emp,big,car
5614,adult,M,high,emp,small,train
5615,adult,M,uni,emp,small,car
5616,young,F,uni,emp,big,car
5617,young,M,high,emp,small,car
5618,adult,F,high,self,small,car
5619,adult,M,uni,emp,small,car
5620,young,F,uni,emp,big,other
5621,adult,F,high,emp,small,car
5622,adult,M,high,emp,big,car
5623,adult,M,uni,emp,big,car
5624,young,M,high,emp,big,car
5625,adult,F,uni,emp,big,car
5626,young,M,uni,emp,big,car
5627,old,M,high,emp,big,train
5628,young,M,uni,emp,big,car
5629,old,F,high,emp,big,other
5630,young,F,uni,emp,big,car
5631,old,M,high,emp,big,car
5632,young,M,high,emp,big,train
5633,adult,M,high,emp,big,car
5634,young,M,high,emp,big,car
5635,adult,M,high,emp,big,other
5636,adult,F,high,emp,big,other
5637,young,M,high,emp,big,car
5638,old,M,high,emp,big,other
5639,adult,F,uni,emp,big,other
5640,adult,M,high,emp,big,train
5641,young,M,high,emp,big,car
5642,old,M,high,emp,big,car
5643,young,M,high,emp,big,car
5644,adult,F,high,emp,big,other
5645,adult,F,uni,emp,big,car
5646,adult,M,high,emp,big,car
5647,old,M,high,emp,big,train
5648,adult,M,high,emp,big,car
5649,young,M,high,emp,big,train
5650,old,M,uni,emp,big,car
5651,old,F,high,emp,small,car
5652,adult,F,uni,emp,big,car
5653,adult,F,high,emp,small,car
5654,old,M,high,emp,big,car
5655,adult,F,uni,emp,big,car
5656,young,M,uni,emp,big,car
5657,adult,M,high,emp,big,car
5658,old,M,high,emp,big,car
5659,adult,M,high,emp,big,train
5660,adult,F,uni,emp,big,car
5661,adult,F,high,emp,big,train
5662,adult,M,high,emp,big,train
5663,young,M,high,emp,small,car
5664,young,M,high,emp,small,train
5665,young,F,high,emp,big,car
5666,old,F,high,emp,big,train
5667,young,F,high,emp,small,train
5668,old,F,high,emp,big,train
5669,young,M,uni,emp,big,train
5670,old,F,high,emp,big,other
5671,adult,M,high,emp,big,other
5672,young,M,uni,emp,big,other
5673,adult,F,high,emp,big,car
5674,young,F,uni,emp,big,car
5675,adult,M,high,emp,big,car
5676,adult,F,high,emp,big,car
5677,old,M,high,emp,big,other
5678,adult,M,high,emp,big,car
5679,adult,M,high,emp,small,other
5680,old,M,high,emp,big,car
5681,young,F,high,emp,big,car
5682,adult,M,uni,emp,big,other
5683,old,F,high,emp,big,car
5684,young,M,high,emp,small,train
5685,young,M,uni,emp,big,train
5686,young,F,uni,emp,small,car
5687,adult,M,high,emp,small,train
5688,young,M,high,self,big,car
5689,adult,F,uni,emp,small,car
5690,adult,M,uni,emp,big,train
5691,adult,M,high,emp,big,car
5692,old,M,high,emp,big,other
5693,adult,F,uni,emp,small,other
5694,old,M,high,emp,big,train
5695,adult,F,uni,emp,big,car
5696,young,M,high,emp,small,car
5697,adult,M,high,emp,small,train
5698,adult,M,high,emp,big,car
5699,adult,M,high,emp,big,car
5700,old,M,high,emp,small,train
5701,old,F,high,emp,big,other
5702,old,F,uni,emp,big,other
5703,old,M,uni,emp,big,train
5704,young,M,high,emp,big,car
5705,young,M,high,emp,big,other
5706,young,F,high,emp,big,car
5707,adult,F,high,emp,small,car
5708,old,M,high,emp,big,car
5709,old,M,high,emp,small,car
5710,adult,F,high,emp,big,car
5711,young,M,high,emp,big,car
5712,young,M,high,emp,big,car
5713,old,M,high,emp,big,car
5714,young,F,high,emp,big,car
5715,old,M,high,emp,big,other
5716,old,F,high,emp,big,train
5717,adult,M,high,emp,big,train
5718,young,F,high,emp,big,car
5719,adult,M,high,self,big,car
5720,adult,F,high,emp,big,car
5721,adult,F,high,emp,big,car
5722,young,F,high,emp,big,train
5723,adult,M,high,emp,small,car
5724,adult,M,high,emp,big,other
5725,old,M,high,emp,small,train
5726,young,M,uni,self,big,car
5727,old,F,high,emp,big,other
5728,adult,M,high,emp,small,train
5729,adult,F,uni,emp,small,car
5730,old,M,high,emp,small,car
5731,adult,F,uni,emp,small,car
5732,young,M,uni,emp,big,other
5733,young,M,high,emp,small,other
5734,old,M,high,emp,big,train
5735,adult,M,uni,self,big,car
5736,young,M,high,emp,big,car
5737,old,F,high,emp,big,other
5738,old,M,high,emp,small,train
5739,adult,M,high,emp,big,car
5740,young,M,high,emp,big,train
5741,young,F,uni,emp,big,car
5742,young,F,uni,emp,big,train
5743,adult,M,uni,emp,big,car
5744,young,M,high,emp,small,car
5745,adult,M,high,emp,big,other
5746,young,M,high,emp,big,car
5747,old,M,uni,emp,big,train
5748,adult,M,uni,emp,big,car
5749,adult,F,high,emp,big,other
5750,adult,M,high,emp,big,other
5751,adult,F,high,self,big,car
5752,adult,M,high,emp,big,car
5753,adult,M,uni,emp,small,car
5754,adult,F,high,emp,big,car
5755,adult,F,high,emp,big,car
5756,adult,M,uni,emp,big,car
5757,adult,F,high,emp,big,car
5758,adult,F,uni,emp,big,car
5759,adult,F,high,emp,big,car
5760,adult,F,high,emp,big,car
5761,adult,F,uni,self,big,car
5762,young,M,high,emp,small,car
5763,young,M,high,emp,big,train
5764,old,M,high,emp,small,train
5765,adult,F,uni,emp,small,train
5766,adult,F,high,self,small,train
5767,old,M,high,emp,small,train
5768,young,F,high,emp,big,car
5769,old,M,high,emp,big,car
5770,adult,F,high,emp,small,train
5771,adult,M,high,emp,big,car
5772,young,M,uni,emp,big,car
5773,adult,M,high,emp,big,other
5774,young,F,high,emp,small,train
5775,adult,M,high,emp,big,car
5776,adult,M,high,emp,small,train
5777,adult,M,high,emp,big,car
5778,young,M,uni,emp,big,train
5779,adult,F,high,emp,small,train
5780,young,M,uni,emp,big,other
5781,young,M,high,emp,big,car
5782,young,F,high,emp,big,car
5783,old,F,high,emp,small,car
5784,young,M,high,emp,big,train
5785,adult,M,high,emp,small,car
5786,adult,M,high,emp,big,other
5787,adult,F,high,emp,small,car
5788,adult,M,high,emp,small,train
5789,young,M,high,emp,big,train
5790,old,M,high,self,small,train
5791,adult,M,high,emp,big,car
5792,young,M,uni,emp,big,train
5793,young,M,high,emp,big,car
5794,adult,F,high,emp,big,car
5795,young,F,uni,emp,big,other
5796,adult,F,uni,emp,big,other
5797,old,M,high,emp,big,train
5798,young,M,uni,emp,big,car
5799,young,M,high,emp,big,car
5800,old,F,high,emp,big,train
5801,young,M,high,emp,big,car
5802,young,F,uni,emp,big,train
5803,adult,F,high,emp,big,other
5804,old,F,high,emp,small,train
5805,adult,M,high,emp,big,other
5806,young,M,high,emp,big,car
5807,young,F,uni,emp,small,car
5808,adult,F,high,emp,big,train
5809,young,M,uni,emp,big,other
5810,adult,F,high,self,small,train
5811,young,M,high,emp,big,train
5812,adult,M,high,emp,small,car
5813,adult,M,high,emp,big,car
5814,adult,M,uni,emp,big,car
5815,adult,F,high,emp,big,car
5816,young,M,high,emp,big,other
5817,adult,M,high,emp,big,car
5818,young,M,high,emp,small,train
5819,old,F,high,emp,small,car
5820,adult,M,uni,emp,big,car
5821,adult,F,high,emp,small,train
5822,old,F,high,emp,small,train
5823,young,M,high,emp,small,train
5824,young,F,high,emp,big,car
5825,young,F,high,emp,big,other
5826,adult,M,uni,emp,big,car
5827,adult,M,high,emp,big,car
5828,adult,M,high,emp,big,car
5829,young,F,uni,emp,big,other
5830,adult,M,uni,emp,big,car
5831,adult,M,high,emp,big,car
5832,adult,M,high,emp,big,other
5833,adult,M,uni,emp,big,car
5834,adult,F,high,emp,small,car
5835,adult,M,high,emp,big,train
5836,young,F,uni,emp,small,train
5837,old,M,uni,emp,big,other
5838,old,F,high,self,small,car
5839,young,M,high,emp,big,car
5840,young,M,high,emp,small,car
5841,adult,M,high,emp,small,car
5842,old,F,high,emp,big,car
5843,young,M,high,emp,big,car
5844,adult,M,high,emp,big,other
5845,old,F,high,emp,big,other
5846,adult,M,uni,emp,big,car
5847,young,M,high,emp,small,car
5848,adult,F,high,emp,big,other
5849,adult,F,high,emp,big,car
5850,adult,M,high,emp,big,other
5851,young,F,uni,emp,big,train
5852,old,F,high,emp,big,car
5853,old,F,high,emp,big,car
5854,adult,F,uni,emp,small,car
5855,adult,M,high,self,big,train
5856,old,F,high,emp,small,train
5857,adult,M,high,emp,big,car
5858,young,F,high,emp,big,car
5859,old,M,high,emp,big,car
5860,old,M,high,emp,big,car
5861,old,F,high,emp,big,car
5862,young,M,uni,emp,big,other
5863,adult,F,high,emp,big,car
5864,adult,F,uni,emp,small,other
5865,young,F,high,emp,small,train
5866,old,M,high,emp,big,car
5867,old,F,high,emp,big,car
5868,adult,M,high,emp,big,other
5869,adult,M,high,emp,big,car
5870,young,F,high,emp,small,train
5871,adult,M,high,emp,big,car
5872,adult,F,high,emp,big,car
5873,young,M,high,emp,big,other
5874,adult,M,uni,emp,big,car
5875,adult,F,uni,emp,big,car
5876,old,M,high,emp,big,other
5877,young,F,high,self,big,car
5878,old,M,uni,self,big,car
5879,adult,F,high,emp,small,train
5880,old,M,uni,emp,big,car
5881,young,F,high,emp,big,car
5882,adult,F,high,emp,small,train
5883,adult,M,high,emp,big,other
5884,adult,M,uni,emp,small,train
5885,adult,F,high,emp,big,other
5886,young,F,uni,emp,small,train
5887,young,M,high,emp,small,car
5888,adult,F,high,emp,big,car
5889,old,M,uni,emp,big,train
5890,young,F,high,emp,big,train
5891,old,F,high,emp,big,car
5892,adult,M,uni,emp,small,car
5893,adult,M,uni,emp,big,train
5894,adult,M,uni,emp,small,car
5895,young,M,uni,emp,big,car
5896,old,M,high,emp,small,car
5897,adult,M,high,emp,big,car
5898,young,M,uni,emp,big,car
5899,young,M,high,emp,big,train
5900,young,M,high,emp,small,train
5901,adult,M,high,emp,small,train
5902,old,M,high,emp,small,other
5903,young,F,high,emp,small,car
5904,adult,F,uni,self,big,car
5905,young,F,high,emp,big,other
5906,young,M,high,emp,big,train
5907,adult,M,uni,emp,big,train
5908,young,F,high,emp,big,car
5909,young,M,high,self,small,car
5910,adult,F,uni,emp,big,car
5911,adult,F,high,emp,small,other
5912,young,M,high,emp,big,train
5913,adult,F,uni,emp,big,car
5914,young,M,high,emp,small,train
5915,adult,F,uni,emp,big,car
5916,young,M,high,emp,big,train
5917,adult,M,high,emp,big,car
5918,old,M,high,emp,big,car
5919,old,M,high,emp,big,car
5920,young,M,high,emp,big,car
5921,old,M,high,emp,big,car
5922,adult,F,high,emp,big,train
5923,adult,F,uni,emp,big,car
5924,adult,M,high,emp,small,train
5925,adult,M,high,emp,big,car
5926,adult,F,high,emp,big,car
5927,old,M,uni,emp,big,car
5928,young,F,high,emp,small,car
5929,adult,F,high,emp,small,train
5930,old,M,high,emp,small,train
5931,young,M,high,self,small,car
5932,adult,M,uni,emp,big,train
5933,young,F,high,emp,big,car
5934,adult,F,uni,emp,small,other
5935,young,M,high,emp,big,other
5936,adult,M,high,emp,big,car
5937,adult,F,high,emp,big,train
5938,young,M,high,self,big,car
5939,adult,F,high,emp,small,train
5940,young,M,high,emp,big,train
5941,adult,M,high,emp,big,car
5942,adult,M,high,emp,big,train
5943,young,F,high,emp,big,car
5944,old,F,high,self,big,other
5945,old,F,high,emp,big,car
5946,adult,M,high,emp,big,car
5947,young,M,uni,emp,small,car
5948,adult,M,uni,emp,big,car
5949,adult,M,uni,self,big,car
5950,adult,M,uni,emp,big,car
5951,adult,M,uni,emp,big,train
5952,adult,M,high,emp,small,car
5953,adult,F,uni,self,big,train
5954,young,M,uni,emp,big,car
5955,adult,M,high,emp,big,car
5956,adult,M,uni,emp,small,train
5957,adult,M,high,emp,big,car
5958,adult,M,high,emp,small,train
5959,old,F,high,emp,small,train
5960,young,M,uni,emp,small,train
5961,adult,F,uni,emp,big,car
5962,adult,M,uni,emp,big,train
5963,young,M,high,emp,big,other
5964,adult,F,high,emp,small,train
5965,adult,M,high,emp,big,train
5966,young,F,high,emp,big,car
5967,adult,F,high,emp,big,car
5968,old,M,uni,emp,big,car
5969,young,F,uni,emp,big,car
5970,young,M,high,emp,big,car
5971,adult,M,high,emp,small,train
5972,old,F,high,emp,big,train
5973,adult,F,uni,emp,big,car
5974,old,M,high,emp,big,car
5975,adult,F,uni,emp,big,car
5976,young,M,high,emp,small,car
5977,adult,M,high,emp,big,car
5978,adult,F,high,emp,big,car
5979,young,F,uni,emp,big,car
5980,old,M,high,emp,big,car
5981,old,M,high,emp,small,car
5982,old,M,uni,emp,big,train
5983,adult,M,high,emp,small,train
5984,old,F,high,emp,big,train
5985,old,F,high,emp,big,car
5986,young,F,high,emp,small,train
5987,adult,F,high,emp,big,car
5988,young,F,high,emp,small,car
5989,old,M,high,emp,big,train
5990,young,M,high,emp,big,train
5991,young,M,uni,emp,big,train
5992,old,M,high,emp,big,car
5993,adult,M,high,emp,small,car
5994,old,F,high,emp,big,car
5995,adult,F,high,emp,big,train
5996,adult,M,high,emp,big,other
5997,adult,M,uni,emp,small,train
5998,adult,M,high,emp,big,car
5999,young,M,high,emp,big,other
6000,adult,M,high,emp,big,car
6001,young,M,uni,emp,big,train
6002,adult,F,high,emp,small,car
6003,old,F,high,emp,big,car
6004,adult,F,uni,emp,big,train
6005,adult,M,uni,emp,small,train
6006,adult,F,high,emp,big,car
6007,old,M,uni,emp,big,other
6008,old,F,high,emp,big,car
6009,young,F,high,emp,big,train
6010,adult,F,uni,emp,big,other
6011,adult,F,high,emp,small,car
6012,adult,F,high,emp,big,car
6013,adult,M,uni,emp,big,train
6014,adult,M,uni,emp,big,train
6015,old,F,high,self,big,car
6016,young,F,high,emp,big,train
6017,adult,F,high,emp,big,train
6018,young,F,uni,emp,big,other
6019,young,F,uni,emp,big,other
6020,old,F,high,self,small,car
6021,old,M,high,emp,small,car
6022,young,M,high,emp,big,car
6023,old,F,high,emp,big,other
6024,young,M,high,emp,big,car
6025,young,M,high,emp,big,other
6026,young,F,uni,emp,big,car
6027,old,F,high,emp,small,train
6028,adult,M,high,emp,big,car
6029,adult,M,high,emp,big,train
6030,adult,F,uni,emp,big,car
6031,adult,M,uni,emp,big,other
6032,young,M,uni,emp,big,car
6033,adult,F,high,emp,small,train
6034,adult,M,high,emp,big,train
6035,young,M,high,emp,big,car
6036,young,M,uni,emp,small,car
6037,old,M,high,emp,big,train
6038,old,F,high,emp,big,car
6039,young,F,uni,emp,big,other
6040,adult,M,high,emp,big,car
6041,adult,M,uni,emp,big,car
6042,young,M,high,emp,big,other
6043,adult,F,high,emp,small,train
6044,adult,F,uni,emp,small,car
6045,adult,M,uni,emp,big,car
6046,adult,M,high,emp,big,other
6047,adult,F,uni,emp,big,train
6048,old,M,high,emp,big,car
6049,adult,M,uni,emp,small,train
6050,adult,M,high,emp,big,train
6051,young,M,high,emp,big,car
6052,young,M,high,emp,small,train
6053,adult,F,high,emp,big,train
6054,adult,M,high,emp,big,car
6055,adult,M,high,emp,small,car
6056,adult,F,high,emp,big,other
6057,young,F,high,emp,small,train
6058,adult,M,high,emp,big,other
6059,old,F,high,emp,big,car
6060,adult,M,high,emp,big,car
6061,adult,M,high,emp,small,car
6062,adult,F,high,emp,big,car
6063,young,F,high,emp,big,other
6064,young,M,high,emp,big,car
6065,adult,F,uni,emp,small,other
6066,old,M,high,emp,big,car
6067,young,F,uni,self,big,car
6068,old,F,high,emp,big,car
6069,adult,M,high,emp,big,car
6070,adult,M,high,emp,big,car
6071,adult,M,high,emp,big,car
6072,adult,M,uni,emp,big,other
6073,adult,M,high,emp,small,train
6074,adult,M,high,self,big,train
6075,adult,M,uni,emp,big,train
6076,young,M,uni,emp,big,other
6077,adult,F,high,emp,small,car
6078,adult,F,high,emp,big,car
6079,adult,M,high,emp,small,car
6080,young,M,high,emp,big,other
6081,adult,M,uni,emp,big,car
6082,young,M,uni,emp,big,car
6083,young,F,high,emp,small,train
6084,adult,M,uni,emp,big,car
6085,adult,M,uni,emp,big,other
6086,adult,M,high,emp,big,car
6087,old,F,high,emp,big,train
6088,adult,F,high,emp,big,car
6089,adult,F,high,emp,big,other
6090,adult,M,high,emp,big,car
6091,adult,M,high,emp,big,car
6092,young,F,high,emp,big,train
6093,adult,M,high,emp,big,train
6094,young,F,high,emp,big,car
6095,young,F,uni,emp,big,train
6096,adult,M,high,emp,small,train
6097,old,M,uni,emp,big,other
6098,old,M,high,emp,small,car
6099,adult,M,uni,emp,big,car
6100,adult,M,uni,emp,big,car
6101,young,F,high,emp,small,train
6102,adult,F,high,emp,big,other
6103,adult,F,high,emp,big,car
6104,adult,F,high,emp,big,car
6105,old,M,high,emp,small,other
6106,old,M,high,emp,big,train
6107,adult,F,high,emp,small,train
6108,young,M,high,emp,small,car
6109,old,F,high,emp,small,other
6110,old,F,high,emp,big,other
6111,adult,M,high,emp,big,car
6112,adult,F,uni,emp,big,car
6113,young,F,uni,emp,big,train
6114,young,M,high,emp,big,other
6115,adult,M,uni,emp,big,car
6116,adult,M,high,emp,big,train
6117,old,F,high,emp,big,car
6118,adult,M,high,emp,big,train
6119,young,F,uni,emp,big,car
6120,old,M,high,emp,big,car
6121,adult,M,high,emp,big,car
6122,young,M,high,emp,big,car
6123,adult,M,uni,emp,big,car
6124,young,F,high,emp,small,car
6125,young,M,high,emp,big,other
6126,young,F,high,emp,big,other
6127,old,F,high,emp,big,car
6128,adult,M,high,emp,big,other
6129,young,M,uni,emp,big,train
6130,adult,M,uni,emp,big,train
6131,adult,M,uni,emp,small,train
6132,old,F,high,emp,big,car
6133,old,M,high,self,big,car
6134,adult,M,uni,emp,big,car
6135,old,F,high,emp,small,car
6136,young,F,uni,emp,big,car
6137,young,F,high,emp,big,train
6138,adult,M,high,emp,big,car
6139,old,M,high,emp,big,train
6140,adult,M,high,emp,small,car
6141,adult,F,high,emp,big,car
6142,old,F,high,emp,small,train
6143,adult,F,uni,emp,big,car
6144,young,F,high,emp,big,train
6145,young,M,uni,emp,big,train
6146,young,M,high,emp,big,other
6147,old,F,high,emp,big,car
6148,old,M,high,self,small,train
6149,old,F,high,emp,big,car
6150,adult,M,uni,self,big,car
6151,young,F,uni,self,big,train
6152,young,M,high,self,big,car
6153,young,M,high,emp,small,train
6154,young,M,uni,emp,small,car
6155,adult,M,uni,emp,big,car
6156,adult,F,high,emp,big,train
6157,old,F,high,emp,big,train
6158,adult,F,high,emp,small,train
6159,adult,M,high,emp,big,car
6160,young,M,high,emp,big,car
6161,adult,F,high,emp,big,car
6162,adult,F,uni,emp,small,train
6163,young,M,high,emp,big,car
6164,old,F,high,emp,small,other
6165,young,M,high,emp,big,car
6166,old,M,high,emp,big,car
6167,old,M,high,emp,small,car
6168,old,F,high,emp,big,car
6169,adult,M,uni,emp,big,other
6170,young,M,high,emp,small,car
6171,adult,M,high,emp,big,other
6172,young,M,high,emp,big,train
6173,old,M,high,emp,big,train
6174,adult,M,high,emp,big,car
6175,young,M,high,emp,big,other
6176,adult,M,high,emp,big,car
6177,adult,M,high,emp,big,car
6178,adult,F,uni,emp,big,car
6179,old,M,uni,emp,big,car
6180,adult,F,uni,emp,big,car
6181,young,F,high,self,big,car
6182,adult,F,high,emp,small,other
6183,adult,M,high,emp,big,other
6184,old,F,high,emp,big,car
6185,adult,F,high,emp,small,train
6186,young,M,uni,emp,big,car
6187,young,M,uni,emp,big,car
6188,adult,F,uni,emp,big,car
6189,adult,F,high,emp,big,car
6190,adult,M,uni,emp,big,car
6191,old,M,high,emp,small,train
6192,old,M,high,emp,big,car
6193,old,F,high,emp,big,other
6194,young,M,high,emp,big,other
6195,adult,M,uni,self,big,train
6196,adult,M,high,emp,small,car
6197,young,M,high,emp,small,car
6198,adult,F,high,emp,big,car
6199,old,M,high,emp,small,car
6200,adult,F,high,emp,big,car
6201,adult,M,high,emp,small,car
6202,adult,M,high,emp,small,car
6203,adult,F,high,emp,big,other
6204,adult,M,high,emp,big,car
6205,adult,F,uni,emp,big,car
6206,adult,M,uni,emp,small,train
6207,young,M,uni,emp,big,other
6208,young,M,high,emp,big,car
6209,old,M,high,emp,small,train
6210,adult,F,high,emp,big,other
6211,adult,M,uni,emp,big,car
6212,young,M,high,emp,big,car
6213,young,M,high,emp,big,train
6214,old,M,high,emp,big,car
6215,old,M,high,emp,big,train
6216,young,M,high,emp,big,car
6217,adult,M,high,emp,big,car
6218,adult,F,high,emp,big,other
6219,adult,M,high,emp,big,other
6220,young,F,high,emp,big,car
6221,young,F,high,emp,big,car
6222,adult,F,uni,emp,big,car
6223,young,F,high,emp,small,other
6224,adult,M,uni,emp,small,car
6225,adult,M,uni,emp,small,other
6226,adult,F,high,emp,big,other
6227,adult,M,high,emp,small,train
6228,young,M,high,emp,small,car
6229,adult,M,high,emp,big,car
6230,young,F,high,self,big,other
6231,young,M,high,emp,big,car
6232,young,F,uni,emp,big,other
6233,adult,M,high,emp,big,car
6234,adult,M,high,emp,small,car
6235,adult,M,uni,emp,small,train
6236,old,F,high,emp,big,train
6237,old,M,high,emp,big,train
6238,old,M,high,emp,big,train
6239,young,M,high,emp,small,train
6240,adult,F,high,emp,big,train
6241,adult,F,high,emp,big,car
6242,young,M,uni,emp,big,train
6243,adult,F,high,self,small,other
6244,young,M,high,emp,small,car
6245,adult,F,high,emp,small,train
6246,young,F,high,emp,small,car
6247,old,F,high,emp,big,car
6248,adult,F,high,emp,big,car
6249,old,M,high,emp,big,car
6250,adult,F,high,emp,big,train
6251,old,F,high,emp,big,train
6252,adult,M,high,emp,big,car
6253,adult,F,high,emp,small,car
6254,young,F,high,emp,big,train
6255,adult,M,uni,emp,small,other
6256,adult,F,uni,emp,small,car
6257,young,F,uni,emp,small,car
6258,adult,F,high,emp,big,car
6259,young,M,uni,emp,big,car
6260,adult,M,high,emp,small,car
6261,young,M,uni,emp,small,car
6262,adult,F,high,emp,small,car
6263,adult,F,high,emp,small,train
6264,adult,M,high,emp,big,car
6265,young,F,high,emp,big,car
6266,adult,F,high,emp,big,car
6267,adult,F,high,emp,small,train
6268,adult,F,high,emp,small,train
6269,young,F,high,emp,big,train
6270,old,M,high,emp,small,other
6271,adult,F,high,emp,big,car
6272,adult,M,high,emp,small,car
6273,adult,F,high,emp,small,car
6274,young,F,high,emp,big,other
6275,young,M,high,self,big,other
6276,adult,M,high,emp,big,car
6277,adult,M,high,emp,small,train
6278,adult,F,high,emp,small,car
6279,old,F,high,emp,big,other
6280,adult,F,high,emp,big,car
6281,old,F,high,emp,big,train
6282,adult,F,uni,emp,small,train
6283,adult,F,high,emp,small,car
6284,old,F,high,emp,big,car
6285,young,M,high,emp,big,car
6286,adult,F,uni,emp,small,car
6287,adult,M,uni,emp,small,car
6288,adult,M,high,emp,big,car
6289,adult,M,high,emp,big,train
6290,adult,M,high,self,small,car
6291,adult,M,high,emp,big,car
6292,adult,M,high,emp,big,train
6293,adult,M,high,emp,small,train
6294,young,F,high,emp,big,car
6295,adult,M,high,emp,small,car
6296,adult,M,high,emp,small,car
6297,adult,M,high,emp,big,car
6298,young,F,uni,emp,big,car
6299,adult,F,high,emp,big,car
6300,adult,M,uni,emp,big,other
6301,adult,M,high,self,big,car
6302,adult,M,high,emp,big,car
6303,adult,M,high,emp,small,car
6304,old,F,high,emp,big,other
6305,young,M,high,emp,small,train
6306,young,F,high,emp,small,train
6307,adult,M,uni,self,big,car
6308,young,M,uni,emp,big,other
6309,adult,F,high,emp,small,car
6310,young,M,high,emp,small,other
6311,young,F,uni,emp,small,car
6312,young,F,uni,emp,big,car
6313,old,F,high,emp,big,train
6314,adult,F,high,emp,big,car
6315,old,F,high,emp,big,train
6316,young,M,high,emp,big,car
6317,young,M,uni,emp,big,car
6318,old,M,high,emp,big,car
6319,adult,M,uni,emp,big,car
6320,young,M,high,emp,big,train
6321,adult,M,high,emp,big,car
6322,adult,F,high,emp,small,other
6323,adult,M,uni,self,big,train
6324,young,M,high,emp,big,other
6325,adult,F,high,emp,big,car
6326,young,M,high,emp,big,car
6327,young,M,high,emp,small,other
6328,young,M,high,emp,big,car
6329,adult,M,high,emp,big,other
6330,young,M,high,emp,small,car
6331,adult,M,high,emp,big,car
6332,adult,F,high,emp,big,car
6333,adult,M,high,emp,small,car
6334,young,M,uni,emp,big,car
6335,adult,M,high,emp,big,other
6336,old,M,high,emp,big,other
6337,adult,M,high,emp,small,train
6338,young,F,high,emp,big,car
6339,young,F,high,emp,big,car
6340,young,M,high,emp,big,train
6341,old,M,high,emp,big,car
6342,old,F,high,emp,big,train
6343,young,M,high,emp,big,train
6344,young,M,uni,emp,small,train
6345,old,M,high,emp,big,car
6346,old,F,high,emp,small,train
6347,adult,M,high,emp,big,car
6348,young,M,uni,emp,big,other
6349,young,M,high,emp,small,train
6350,young,F,uni,emp,big,car
6351,adult,M,high,emp,big,car
6352,adult,M,high,emp,big,car
6353,old,M,high,emp,small,train
6354,adult,M,uni,emp,big,train
6355,old,F,high,emp,big,car
6356,young,F,uni,emp,big,car
6357,adult,F,uni,emp,big,car
6358,adult,M,high,emp,big,car
6359,young,M,uni,emp,big,car
6360,adult,M,high,emp,big,car
6361,young,M,uni,emp,big,car
6362,old,F,high,emp,small,other
6363,young,F,uni,emp,big,car
6364,young,F,high,emp,small,train
6365,old,M,high,emp,big,car
6366,adult,M,uni,emp,small,car
6367,adult,M,high,self,big,car
6368,young,F,high,emp,big,car
6369,young,M,high,emp,big,other
6370,young,M,high,emp,big,car
6371,young,M,high,emp,small,train
6372,adult,M,high,emp,big,car
6373,young,M,high,self,big,car
6374,adult,M,high,emp,small,car
6375,young,M,high,emp,big,car
6376,adult,F,high,emp,big,other
6377,old,M,high,emp,big,car
6378,adult,M,uni,emp,big,car
6379,adult,M,uni,emp,big,car
6380,old,M,high,emp,small,car
6381,old,F,high,emp,big,car
6382,adult,F,high,emp,big,car
6383,young,M,uni,emp,big,train
6384,young,M,high,emp,small,car
6385,young,F,high,emp,big,car
6386,adult,F,high,emp,small,train
6387,young,M,high,emp,big,train
6388,adult,M,uni,emp,big,car
6389,young,M,high,emp,small,train
6390,adult,M,high,emp,big,car
6391,old,M,high,emp,big,car
6392,adult,M,high,emp,big,train
6393,old,F,high,emp,big,car
6394,old,F,high,emp,small,train
6395,young,M,high,self,small,car
6396,adult,F,high,emp,small,car
6397,young,M,high,emp,big,car
6398,young,M,high,self,big,train
6399,young,M,high,emp,small,train
6400,old,F,high,emp,small,other
6401,young,M,uni,emp,big,other
6402,adult,F,high,emp,small,car
6403,old,F,high,emp,small,car
6404,young,F,high,emp,big,train
6405,adult,F,high,emp,big,car
6406,adult,F,high,emp,small,car
6407,adult,M,high,emp,small,car
6408,adult,M,high,emp,big,car
6409,old,F,high,emp,small,train
6410,adult,M,uni,emp,big,train
6411,young,F,high,emp,big,car
6412,young,F,uni,emp,big,car
6413,young,F,high,emp,big,other
6414,old,M,high,emp,big,car
6415,old,M,uni,emp,small,car
6416,adult,M,high,emp,big,car
6417,old,M,high,emp,big,car
6418,adult,F,high,emp,big,car
6419,adult,F,uni,self,big,other
6420,adult,M,high,emp,big,car
6421,old,M,high,emp,big,train
6422,young,M,high,self,big,car
6423,old,M,high,emp,big,other
6424,adult,F,uni,emp,big,car
6425,adult,F,uni,emp,big,car
6426,adult,M,high,emp,big,train
6427,adult,M,high,self,big,car
6428,adult,M,high,emp,big,car
6429,young,M,high,emp,small,train
6430,young,M,high,emp,big,car
6431,young,F,uni,emp,big,car
6432,adult,M,high,emp,big,car
6433,young,F,high,emp,big,car
6434,young,M,high,emp,small,car
6435,adult,M,uni,self,big,car
6436,old,M,high,emp,small,car
6437,adult,M,high,emp,big,car
6438,young,M,uni,emp,big,other
6439,young,M,uni,self,big,car
6440,adult,M,high,emp,big,car
6441,old,F,high,emp,big,other
6442,young,F,high,emp,small,train
6443,young,M,high,emp,big,other
6444,young,M,high,emp,big,other
6445,adult,M,high,emp,big,car
6446,adult,M,uni,emp,big,car
6447,young,F,high,emp,big,car
6448,adult,F,high,emp,big,train
6449,young,M,high,emp,big,train
6450,adult,M,high,emp,big,car
6451,old,M,high,self,small,car
6452,adult,F,high,emp,big,car
6453,old,M,high,emp,big,car
6454,young,M,high,emp,small,other
6455,young,F,high,emp,small,train
6456,adult,M,high,emp,small,other
6457,old,F,high,emp,small,train
6458,young,M,high,emp,big,car
6459,adult,M,high,emp,big,car
6460,adult,F,high,emp,small,car
6461,young,F,high,emp,big,train
6462,young,M,high,emp,big,car
6463,adult,M,high,emp,big,car
6464,adult,F,high,emp,big,car
6465,adult,M,high,emp,big,car
6466,old,F,high,self,big,car
6467,old,M,high,emp,big,train
6468,young,M,high,emp,small,car
6469,young,M,high,emp,big,car
6470,young,M,high,self,big,car
6471,adult,M,high,emp,big,other
6472,adult,F,high,emp,big,train
6473,old,M,high,emp,small,car
6474,adult,F,high,emp,small,train
6475,young,M,uni,emp,big,other
6476,old,M,high,emp,big,car
6477,young,F,high,emp,small,train
6478,old,F,uni,self,big,train
6479,old,F,high,emp,big,train
6480,adult,F,high,emp,big,train
6481,adult,M,uni,emp,big,car
6482,young,F,high,emp,small,train
6483,adult,M,uni,emp,small,train
6484,adult,M,high,emp,small,train
6485,adult,M,high,emp,big,car
6486,old,M,high,emp,big,train
6487,adult,M,uni,emp,big,car
6488,adult,F,uni,emp,small,train
6489,old,M,high,emp,small,train
6490,young,M,uni,emp,small,train
6491,old,M,high,emp,big,train
6492,adult,F,high,emp,big,car
6493,young,F,uni,emp,small,train
6494,adult,M,high,emp,small,other
6495,young,M,uni,emp,big,car
6496,adult,F,high,emp,big,car
6497,young,M,high,emp,big,car
6498,young,M,uni,emp,small,car
6499,young,M,high,emp,big,car
6500,young,M,high,emp,big,car
6501,young,F,uni,emp,small,train
6502,old,M,high,emp,big,train
6503,adult,F,high,emp,big,train
6504,young,M,high,emp,big,other
6505,young,F,uni,emp,small,car
6506,adult,F,high,emp,big,train
6507,old,F,uni,emp,small,car
6508,adult,F,high,emp,big,train
6509,young,F,high,emp,big,car
6510,adult,M,high,emp,big,other
6511,adult,F,uni,emp,big,other
6512,old,M,high,emp,big,train
6513,adult,M,high,self,small,train
6514,adult,M,high,emp,big,car
6515,adult,M,uni,emp,big,car
6516,young,F,high,emp,big,car
6517,old,F,high,emp,big,car
6518,adult,M,high,emp,big,car
6519,adult,F,high,emp,big,other
6520,adult,M,high,emp,big,car
6521,young,F,high,emp,small,train
6522,adult,F,high,emp,small,train
6523,adult,M,uni,emp,big,car
6524,young,M,uni,emp,big,car
6525,adult,M,high,emp,big,train
6526,adult,M,uni,emp,small,car
6527,young,F,uni,emp,big,car
6528,adult,M,high,emp,small,train
6529,adult,M,high,emp,big,train
6530,young,F,high,emp,small,train
6531,old,M,high,emp,big,car
6532,adult,F,high,emp,big,other
6533,old,F,high,emp,big,train
6534,adult,M,high,emp,small,car
6535,adult,M,high,emp,big,car
6536,adult,M,high,emp,big,other
6537,adult,M,high,emp,big,car
6538,adult,M,uni,emp,small,train
6539,adult,F,high,emp,big,train
6540,young,M,high,emp,big,other
6541,adult,M,uni,emp,small,car
6542,adult,F,high,emp,big,other
6543,old,M,high,emp,big,car
6544,adult,M,high,emp,big,car
6545,adult,M,uni,emp,big,train
6546,adult,M,high,emp,big,train
6547,adult,M,uni,emp,big,other
6548,young,M,uni,emp,big,other
6549,old,F,uni,emp,big,train
6550,adult,F,uni,emp,big,car
6551,young,M,uni,emp,big,car
6552,adult,F,high,emp,big,car
6553,adult,M,uni,emp,small,car
6554,young,M,high,emp,big,car
6555,adult,F,high,emp,big,train
6556,young,F,high,emp,big,train
6557,young,M,high,emp,big,car
6558,old,F,high,emp,small,car
6559,adult,M,high,emp,big,car
6560,adult,M,high,emp,small,train
6561,adult,F,high,emp,big,other
6562,young,F,high,emp,big,other
6563,adult,F,high,emp,big,car
6564,young,F,high,emp,big,other
6565,adult,M,high,emp,big,train
6566,young,M,high,emp,big,train
6567,young,F,high,emp,big,other
6568,adult,M,high,emp,big,train
6569,adult,F,high,emp,big,car
6570,adult,M,uni,emp,big,train
6571,adult,M,high,self,big,train
6572,old,M,high,emp,big,car
6573,adult,F,high,emp,big,car
6574,old,M,high,emp,big,car
6575,young,M,high,emp,big,train
6576,young,M,high,emp,big,car
6577,adult,F,high,emp,big,car
6578,adult,F,high,emp,big,other
6579,old,M,high,emp,big,train
6580,old,M,high,emp,big,train
6581,adult,M,high,emp,big,car
6582,adult,F,uni,emp,big,train
6583,young,M,uni,emp,big,other
6584,young,M,high,emp,small,car
6585,adult,M,high,emp,small,train
6586,old,M,high,emp,big,train
6587,young,F,uni,self,big,train
6588,adult,M,high,emp,big,train
6589,young,F,uni,emp,small,car
6590,young,M,uni,emp,big,car
6591,young,M,high,emp,small,train
6592,old,F,high,emp,big,train
6593,young,F,uni,emp,big,train
6594,old,M,high,emp,small,car
6595,adult,F,high,emp,big,car
6596,adult,F,high,emp,big,car
6597,adult,F,high,emp,big,car
6598,young,F,high,emp,small,train
6599,young,M,uni,self,big,car
6600,adult,M,high,emp,big,car
6601,adult,M,high,emp,big,other
6602,old,F,high,emp,small,train
6603,adult,F,high,emp,big,train
6604,adult,M,high,emp,big,car
6605,adult,F,uni,emp,small,car
6606,old,M,high,emp,big,car
6607,adult,M,high,emp,big,car
6608,adult,F,high,emp,big,car
6609,young,M,high,emp,big,car
6610,adult,F,high,emp,big,car
6611,old,F,uni,emp,big,car
6612,adult,F,high,emp,big,car
6613,adult,F,high,emp,big,car
6614,adult,F,high,emp,small,train
6615,young,M,high,emp,big,train
6616,adult,F,high,emp,small,train
6617,young,F,high,emp,big,other
6618,adult,F,uni,emp,big,other
6619,old,M,high,emp,big,car
6620,adult,M,high,emp,small,car
6621,young,M,high,emp,big,other
6622,adult,F,high,emp,big,train
6623,young,M,high,emp,big,car
6624,young,F,high,emp,small,car
6625,old,M,high,emp,big,other
6626,old,M,high,emp,big,other
6627,young,M,high,emp,big,car
6628,young,F,high,self,small,train
6629,adult,M,high,emp,big,car
6630,young,F,high,emp,big,car
6631,young,M,high,self,big,car
6632,adult,F,high,emp,small,other
6633,adult,M,uni,emp,big,other
6634,young,M,high,emp,small,train
6635,old,M,uni,emp,big,car
6636,young,M,high,emp,small,train
6637,old,M,high,emp,big,car
6638,young,M,uni,emp,big,train
6639,adult,M,high,emp,big,car
6640,adult,F,high,emp,big,car
6641,adult,F,high,emp,small,train
6642,old,F,uni,emp,big,other
6643,young,M,high,emp,big,car
6644,young,M,uni,emp,big,car
6645,young,F,uni,emp,small,train
6646,old,F,high,emp,big,car
6647,old,M,high,emp,small,car
6648,adult,M,high,emp,big,car
6649,old,M,high,emp,big,train
6650,adult,F,high,emp,big,car
6651,old,M,high,emp,big,car
6652,old,F,high,emp,big,train
6653,adult,F,high,emp,big,car
6654,young,F,high,emp,big,car
6655,adult,M,high,emp,small,train
6656,adult,M,uni,emp,small,train
6657,adult,M,high,emp,big,car
6658,adult,M,high,emp,big,car
6659,old,M,high,emp,small,car
6660,old,F,high,emp,big,train
6661,old,F,high,emp,small,car
6662,adult,F,uni,emp,big,other
6663,young,F,uni,emp,big,car
6664,adult,F,uni,emp,big,train
6665,old,M,high,emp,big,car
6666,old,F,high,emp,big,car
6667,young,F,high,emp,big,car
6668,adult,F,high,emp,big,train
6669,adult,F,high,emp,small,train
6670,adult,F,high,emp,big,car
6671,young,F,high,emp,small,car
6672,adult,M,uni,emp,big,car
6673,old,F,high,emp,small,train
6674,adult,M,high,emp,big,other
6675,young,F,high,emp,big,car
6676,adult,M,high,emp,big,train
6677,old,M,high,emp,big,car
6678,young,M,uni,emp,big,car
6679,young,M,uni,emp,big,other
6680,adult,M,high,self,big,car
6681,old,M,high,emp,big,car
6682,adult,F,uni,emp,big,car
6683,adult,M,high,emp,big,other
6684,adult,M,high,emp,big,car
6685,old,F,high,emp,big,car
6686,old,F,uni,emp,big,other
6687,young,F,high,emp,big,train
6688,young,M,high,emp,big,car
6689,adult,M,high,emp,big,car
6690,old,F,high,emp,big,other
6691,adult,F,high,emp,big,car
6692,adult,M,high,emp,big,other
6693,adult,M,high,emp,big,other
6694,adult,M,uni,emp,big,other
6695,young,F,uni,emp,big,train
6696,old,M,high,emp,small,car
6697,adult,F,high,emp,small,train
6698,old,M,uni,emp,small,car
6699,adult,M,high,emp,big,car
6700,adult,F,high,emp,big,train
6701,adult,F,high,emp,big,other
6702,young,F,uni,emp,big,car
6703,young,M,uni,emp,small,car
6704,adult,F,uni,emp,big,car
6705,adult,M,high,emp,small,car
6706,young,M,high,emp,big,car
6707,young,M,high,emp,big,train
6708,young,M,high,emp,big,car
6709,young,F,uni,emp,big,other
6710,adult,M,high,emp,big,car
6711,young,F,uni,emp,big,car
6712,adult,M,high,emp,small,car
6713,young,F,high,emp,small,car
6714,adult,M,high,emp,big,car
6715,adult,M,high,emp,big,train
6716,adult,M,high,emp,big,other
6717,young,F,uni,emp,big,train
6718,adult,M,uni,emp,big,car
6719,young,M,high,emp,small,other
6720,young,F,high,emp,big,car
6721,young,M,high,emp,big,car
6722,adult,M,high,emp,big,other
6723,adult,M,high,emp,small,car
6724,adult,M,high,emp,big,other
6725,adult,F,high,emp,big,car
6726,old,M,high,emp,big,car
6727,young,F,high,emp,big,car
6728,adult,F,high,self,big,car
6729,adult,M,high,emp,big,car
6730,adult,M,uni,emp,big,car
6731,adult,M,high,emp,big,car
6732,old,M,high,emp,big,train
6733,adult,F,uni,emp,big,car
6734,young,M,uni,emp,big,train
6735,adult,F,uni,emp,big,other
6736,young,M,high,emp,big,other
6737,adult,M,uni,emp,big,train
6738,adult,F,high,emp,big,car
6739,adult,M,high,emp,big,train
6740,adult,M,uni,emp,big,other
6741,adult,F,high,emp,small,car
6742,young,M,uni,emp,big,train
6743,adult,M,high,emp,small,car
6744,young,F,uni,emp,big,car
6745,adult,F,high,emp,big,car
6746,old,M,uni,emp,small,car
6747,adult,F,high,emp,big,car
6748,old,M,high,emp,big,car
6749,old,M,high,emp,big,car
6750,old,M,high,emp,big,car
6751,young,F,high,emp,big,train
6752,adult,M,high,emp,big,car
6753,young,F,high,emp,small,car
6754,old,M,high,emp,big,train
6755,young,M,uni,emp,small,car
6756,adult,F,high,emp,big,train
6757,adult,F,high,emp,big,train
6758,old,M,uni,emp,big,other
6759,adult,M,high,emp,small,train
6760,adult,M,high,emp,big,car
6761,adult,F,high,emp,big,car
6762,young,F,high,emp,big,car
6763,old,F,high,emp,big,car
6764,adult,M,high,emp,small,other
6765,young,F,uni,emp,big,train
6766,adult,M,high,emp,big,train
6767,adult,M,high,emp,big,car
6768,young,M,high,emp,small,car
6769,old,M,high,emp,big,car
6770,adult,M,uni,emp,big,train
6771,adult,M,high,emp,small,train
6772,old,F,high,emp,big,train
6773,old,F,high,emp,big,car
6774,old,M,high,emp,small,car
6775,young,M,high,emp,big,train
6776,young,M,high,emp,small,car
6777,old,M,high,emp,small,train
6778,young,F,uni,emp,big,train
6779,adult,F,high,emp,big,car
6780,adult,F,uni,emp,big,car
6781,adult,M,high,emp,small,car
6782,adult,M,uni,emp,big,car
6783,young,F,high,emp,big,car
6784,old,F,high,self,big,car
6785,adult,F,high,emp,big,other
6786,adult,M,high,emp,small,car
6787,old,F,high,emp,big,train
6788,young,F,high,emp,big,other
6789,adult,M,high,emp,big,car
6790,adult,F,uni,emp,small,other
6791,old,F,uni,emp,big,car
6792,young,M,high,emp,big,car
6793,young,F,high,emp,big,car
6794,adult,F,high,emp,big,car
6795,young,M,high,emp,small,train
6796,adult,F,high,emp,big,car
6797,young,M,high,emp,big,car
6798,young,F,high,emp,big,other
6799,old,M,high,emp,small,train
6800,old,M,high,emp,big,car
6801,adult,F,uni,emp,small,train
6802,adult,M,high,emp,small,other
6803,adult,M,high,emp,big,train
6804,adult,F,high,emp,small,car
6805,young,M,high,emp,small,car
6806,young,F,high,emp,small,car
6807,old,M,high,emp,big,car
6808,adult,M,high,emp,big,car
6809,young,M,high,emp,small,car
6810,adult,F,uni,emp,big,train
6811,old,M,uni,emp,big,other
6812,adult,F,high,emp,big,car
6813,young,F,high,emp,big,car
6814,adult,F,high,emp,big,train
6815,adult,M,high,emp,small,train
6816,adult,M,high,emp,big,car
6817,young,M,high,emp,big,car
6818,old,F,high,emp,big,car
6819,adult,M,high,emp,big,other
6820,adult,M,uni,emp,big,car
6821,adult,M,high,self,small,car
6822,old,F,high,emp,big,car
6823,adult,F,high,emp,big,other
6824,young,F,uni,emp,small,car
6825,adult,M,uni,emp,big,car
6826,adult,F,uni,emp,big,other
6827,young,M,high,emp,big,train
6828,old,M,high,emp,small,train
6829,young,F,uni,emp,small,car
6830,old,M,uni,emp,big,car
6831,adult,F,high,emp,small,car
6832,young,M,high,emp,big,other
6833,adult,M,uni,emp,big,car
6834,old,F,high,emp,big,car
6835,adult,F,high,emp,small,car
6836,old,F,high,emp,big,car
6837,old,M,high,emp,small,other
6838,old,M,high,emp,small,car
6839,adult,F,high,emp,big,car
6840,adult,F,high,emp,big,train
6841,adult,M,high,emp,big,car
6842,adult,F,high,emp,big,car
6843,adult,F,high,emp,big,car
6844,adult,M,high,emp,small,train
6845,young,M,high,emp,big,train
6846,young,M,high,emp,big,car
6847,old,M,high,emp,big,car
6848,adult,M,high,emp,small,car
6849,adult,M,uni,self,big,car
6850,young,M,high,emp,big,car
6851,young,M,high,emp,big,train
6852,young,F,high,emp,big,car
6853,adult,M,high,emp,big,car
6854,adult,M,high,emp,big,car
6855,adult,F,high,emp,big,train
6856,old,M,high,emp,big,other
6857,young,M,uni,emp,big,car
6858,adult,F,uni,emp,big,other
6859,adult,F,high,emp,small,car
6860,young,F,uni,self,small,car
6861,old,F,uni,emp,big,train
6862,adult,F,uni,emp,big,car
6863,adult,F,uni,self,big,train
6864,old,M,high,emp,small,train
6865,old,F,high,emp,big,other
6866,young,F,high,emp,big,car
6867,old,M,high,emp,big,car
6868,old,M,high,emp,small,train
6869,young,F,uni,emp,small,car
6870,adult,F,uni,emp,big,car
6871,adult,F,high,emp,small,train
6872,young,F,high,emp,small,car
6873,adult,M,uni,emp,big,train
6874,adult,F,uni,emp,big,train
6875,young,F,uni,emp,big,other
6876,adult,F,high,emp,big,car
6877,old,M,uni,emp,big,train
6878,old,F,high,emp,big,other
6879,young,M,high,emp,small,car
6880,old,F,high,emp,big,train
6881,old,M,uni,emp,big,car
6882,adult,F,high,emp,small,car
6883,young,M,high,emp,big,car
6884,adult,F,high,emp,small,car
6885,young,M,high,emp,big,car
6886,young,F,high,emp,big,other
6887,adult,M,uni,emp,small,car
6888,adult,F,high,emp,big,other
6889,adult,F,high,emp,big,train
6890,young,M,high,emp,big,train
6891,old,M,high,emp,small,train
6892,adult,F,high,emp,big,other
6893,young,F,uni,self,small,car
6894,adult,M,high,emp,big,train
6895,old,M,high,emp,big,train
6896,adult,M,high,emp,big,other
6897,adult,M,uni,emp,small,car
6898,young,F,high,emp,big,car
6899,adult,M,high,emp,big,car
6900,adult,F,high,emp,big,car
6901,adult,M,high,emp,big,car
6902,adult,F,high,emp,big,car
6903,old,M,high,emp,big,car
6904,adult,M,high,emp,small,car
6905,young,M,high,emp,big,car
6906,young,M,uni,self,big,car
6907,adult,F,high,emp,big,car
6908,young,F,uni,emp,big,car
6909,young,M,high,emp,big,other
6910,adult,F,uni,emp,big,other
6911,old,F,high,self,big,car
6912,young,M,high,emp,big,car
6913,young,M,high,emp,big,other
6914,adult,M,uni,emp,small,car
6915,old,M,high,emp,small,car
6916,young,F,uni,emp,big,car
6917,adult,F,high,emp,small,car
6918,young,M,uni,emp,big,car
6919,young,F,uni,emp,small,train
6920,adult,M,high,emp,big,car
6921,old,F,high,emp,small,train
6922,old,F,high,emp,big,car
6923,young,F,uni,emp,big,train
6924,young,M,high,emp,big,train
6925,adult,M,high,emp,small,car
6926,adult,M,uni,emp,big,train
6927,adult,M,uni,emp,big,other
6928,adult,F,high,emp,big,other
6929,adult,M,high,emp,big,car
6930,adult,M,high,emp,big,car
6931,young,M,high,emp,big,other
6932,adult,F,high,emp,big,car
6933,young,M,high,emp,big,car
6934,adult,M,high,emp,big,car
6935,young,F,high,emp,big,car
6936,young,M,high,emp,small,train
6937,adult,M,high,emp,big,train
6938,young,M,uni,emp,big,car
6939,old,F,high,emp,small,train
6940,old,M,high,emp,big,car
6941,young,M,high,emp,small,train
6942,young,F,high,emp,big,other
6943,adult,M,high,emp,big,train
6944,old,M,high,emp,big,other
6945,old,M,high,emp,big,train
6946,young,F,high,emp,big,car
6947,adult,M,uni,emp,small,train
6948,adult,F,high,emp,big,car
6949,adult,M,high,emp,big,car
6950,young,F,uni,emp,small,car
6951,young,F,high,emp,big,car
6952,adult,F,high,emp,big,other
6953,adult,F,uni,emp,big,train
6954,adult,M,uni,emp,small,car
6955,old,F,high,emp,small,train
6956,old,F,high,emp,small,car
6957,young,M,high,emp,big,train
6958,adult,M,high,emp,small,car
6959,adult,M,high,emp,big,car
6960,old,F,high,emp,big,car
6961,young,M,high,emp,big,train
6962,young,F,high,emp,big,car
6963,young,F,high,emp,small,car
6964,old,M,high,emp,big,car
6965,old,M,high,emp,big,train
6966,young,M,high,emp,big,train
6967,old,F,high,emp,big,other
6968,adult,M,uni,emp,big,car
6969,old,M,high,emp,big,train
6970,adult,M,high,emp,big,car
6971,adult,F,high,emp,big,train
6972,young,M,high,emp,big,train
6973,adult,M,uni,emp,big,car
6974,adult,M,high,emp,big,other
6975,adult,M,uni,emp,small,train
6976,adult,M,high,emp,big,car
6977,adult,M,high,emp,big,train
6978,adult,M,high,emp,big,car
6979,old,F,high,emp,big,train
6980,adult,M,uni,emp,big,car
6981,young,M,high,emp,small,car
6982,adult,M,high,emp,big,car
6983,adult,F,high,emp,big,other
6984,young,F,high,emp,big,car
6985,old,M,high,emp,big,train
6986,young,M,uni,emp,big,other
6987,young,M,high,emp,big,train
6988,old,M,high,emp,small,car
6989,adult,F,high,emp,big,car
6990,old,F,high,emp,big,other
6991,old,F,high,emp,big,car
6992,adult,F,uni,emp,big,car
6993,adult,M,uni,emp,big,car
6994,adult,M,high,emp,big,car
6995,old,M,high,emp,big,car
6996,young,M,high,emp,big,car
6997,adult,M,uni,self,big,car
6998,young,F,high,emp,big,train
6999,old,M,high,emp,big,other
7000,young,F,high,emp,big,car
7001,adult,F,uni,emp,small,car
7002,adult,M,uni,emp,small,train
7003,young,M,uni,emp,big,car
7004,young,M,high,emp,big,car
7005,adult,F,high,emp,small,train
7006,young,F,uni,emp,small,train
7007,old,M,high,emp,big,other
7008,adult,M,uni,emp,big,car
7009,old,M,high,emp,big,car
7010,adult,M,uni,emp,big,car
7011,adult,F,high,emp,small,car
7012,old,M,high,emp,big,car
7013,adult,F,high,emp,big,train
7014,old,M,uni,emp,small,train
7015,young,M,high,emp,big,car
7016,old,M,high,emp,small,car
7017,young,F,uni,emp,small,train
7018,old,M,high,self,big,car
7019,adult,M,high,emp,big,other
7020,adult,F,uni,emp,big,train
7021,old,F,high,emp,small,car
7022,adult,M,uni,emp,small,car
7023,adult,M,high,emp,big,train
7024,old,F,high,emp,small,other
7025,old,M,high,emp,big,car
7026,adult,M,uni,emp,big,car
7027,adult,M,uni,emp,big,train
7028,young,F,high,emp,big,car
7029,young,F,high,emp,big,other
7030,adult,F,high,emp,big,car
7031,young,M,high,emp,big,car
7032,old,M,high,emp,big,car
7033,young,F,uni,emp,big,other
7034,adult,M,high,emp,big,other
7035,old,M,high,emp,big,train
7036,adult,F,high,emp,big,other
7037,adult,M,high,emp,big,car
7038,young,F,high,emp,big,other
7039,adult,M,high,emp,big,car
7040,old,M,high,emp,big,other
7041,young,M,high,emp,small,train
7042,young,F,uni,emp,big,car
7043,old,M,high,emp,big,car
7044,adult,M,uni,self,small,car
7045,old,M,high,emp,big,car
7046,old,F,high,emp,big,other
7047,old,F,high,emp,big,other
7048,young,M,high,emp,big,train
7049,young,F,high,emp,big,car
7050,young,F,uni,emp,big,car
7051,adult,M,high,emp,big,car
7052,old,F,high,emp,big,other
7053,adult,F,high,emp,small,car
7054,adult,M,high,self,big,car
7055,old,M,high,emp,big,car
7056,old,M,high,emp,small,car
7057,young,F,high,emp,big,car
7058,old,M,high,emp,small,other
7059,old,M,high,emp,small,car
7060,adult,M,high,emp,big,other
7061,young,F,uni,emp,small,car
7062,young,F,uni,self,big,car
7063,old,M,high,emp,big,car
7064,adult,M,uni,emp,big,other
7065,adult,M,uni,self,small,train
7066,adult,M,high,emp,big,car
7067,adult,M,high,self,big,train
7068,young,M,high,emp,big,train
7069,young,M,high,emp,big,car
7070,adult,M,uni,emp,big,train
7071,young,M,high,emp,big,train
7072,adult,M,uni,emp,big,other
7073,old,M,high,emp,small,train
7074,adult,M,high,emp,big,train
7075,adult,M,high,emp,big,other
7076,adult,M,high,emp,big,car
7077,adult,M,uni,emp,small,train
7078,adult,F,uni,emp,big,car
7079,adult,M,high,emp,big,car
7080,young,M,high,emp,big,other
7081,adult,M,high,emp,big,train
7082,adult,M,high,emp,big,train
7083,young,F,high,emp,small,other
7084,adult,F,high,emp,small,other
7085,young,M,uni,emp,big,train
7086,young,F,uni,emp,small,train
7087,adult,M,high,emp,big,train
7088,adult,M,high,emp,small,car
7089,young,F,high,emp,small,train
7090,old,F,high,emp,small,train
7091,young,F,high,emp,big,other
7092,adult,M,high,emp,big,car
7093,old,F,high,emp,big,car
7094,young,F,uni,emp,big,train
7095,old,M,high,emp,big,train
7096,young,M,high,emp,big,other
7097,old,M,uni,self,big,car
7098,adult,M,uni,emp,big,car
7099,young,F,uni,emp,big,other
7100,young,M,high,emp,small,train
7101,young,M,high,emp,big,car
7102,adult,M,high,emp,small,car
7103,adult,F,high,emp,big,car
7104,adult,M,high,emp,big,car
7105,young,M,uni,emp,big,car
7106,adult,F,high,emp,small,car
7107,adult,M,high,emp,big,car
7108,young,F,high,emp,big,other
7109,young,M,high,emp,small,car
7110,adult,M,high,emp,big,other
7111,adult,M,high,emp,big,car
7112,young,F,uni,emp,big,car
7113,adult,M,high,emp,big,car
7114,young,M,high,emp,big,other
7115,young,F,uni,emp,big,car
7116,adult,F,high,emp,small,train
7117,adult,M,uni,emp,big,train
7118,adult,M,uni,emp,big,car
7119,adult,M,high,emp,big,car
7120,young,F,high,emp,big,car
7121,old,M,high,emp,big,car
7122,adult,M,high,emp,small,train
7123,young,F,high,emp,small,car
7124,adult,F,high,emp,big,car
7125,adult,F,high,emp,big,car
7126,young,M,uni,emp,big,car
7127,young,F,high,emp,big,train
7128,old,M,high,emp,big,car
7129,old,M,high,emp,big,car
7130,adult,F,high,emp,big,car
7131,young,M,high,emp,big,train
7132,young,M,high,emp,big,car
7133,young,M,high,emp,big,car
7134,young,F,high,emp,big,car
7135,adult,M,high,emp,big,car
7136,adult,M,uni,emp,big,car
7137,old,M,high,emp,big,train
7138,old,M,high,emp,small,car
7139,young,M,high,emp,big,train
7140,adult,M,high,emp,big,car
7141,young,M,high,emp,big,train
7142,adult,F,high,emp,big,car
7143,old,M,high,self,big,car
7144,adult,F,uni,emp,big,car
7145,adult,F,uni,emp,big,car
7146,adult,M,uni,emp,big,car
7147,adult,M,uni,emp,big,train
7148,young,F,high,emp,big,car
7149,old,M,high,self,big,train
7150,old,M,high,emp,small,car
7151,adult,M,high,emp,small,train
7152,old,M,high,emp,big,car
7153,adult,M,high,emp,big,train
7154,adult,F,high,emp,big,train
7155,young,F,uni,emp,big,car
7156,adult,M,uni,emp,big,car
7157,old,F,high,emp,small,car
7158,adult,M,uni,emp,big,other
7159,young,F,uni,emp,small,car
7160,young,M,high,emp,small,car
7161,adult,F,high,emp,small,train
7162,adult,F,high,emp,big,train
7163,young,M,high,emp,big,train
7164,adult,M,high,emp,big,car
7165,young,M,high,emp,small,train
7166,adult,M,uni,emp,big,train
7167,adult,M,high,emp,big,car
7168,adult,M,high,emp,big,other
7169,old,F,high,emp,big,other
7170,young,M,high,emp,big,car
7171,young,F,high,emp,big,train
7172,young,M,uni,emp,big,car
7173,adult,M,high,emp,small,train
7174,adult,F,high,emp,big,car
7175,adult,M,high,emp,big,car
7176,old,F,high,emp,big,car
7177,old,M,high,emp,big,car
7178,young,F,uni,emp,big,car
7179,young,F,high,emp,big,train
7180,adult,M,high,emp,big,train
7181,adult,F,uni,emp,big,car
7182,young,M,high,emp,small,car
7183,old,F,high,emp,small,car
7184,young,M,high,emp,big,car
7185,old,F,high,emp,big,car
7186,adult,F,high,emp,big,other
7187,young,M,high,emp,big,train
7188,adult,M,high,emp,big,car
7189,adult,F,high,emp,big,car
7190,adult,F,uni,emp,small,car
7191,adult,M,high,emp,small,car
7192,adult,M,uni,emp,small,train
7193,old,M,high,emp,big,car
7194,adult,M,high,emp,small,other
7195,adult,M,high,emp,big,car
7196,adult,F,high,emp,big,car
7197,young,M,high,emp,big,car
7198,old,M,high,emp,big,car
7199,young,F,high,emp,big,car
7200,old,M,high,emp,big,other
7201,young,M,uni,emp,big,other
7202,adult,M,high,emp,big,car
7203,adult,M,high,emp,big,car
7204,adult,M,high,emp,small,car
7205,old,F,high,emp,big,other
7206,adult,M,high,emp,big,train
7207,old,F,high,emp,big,train
7208,young,F,high,emp,big,car
7209,old,M,high,emp,big,car
7210,young,M,high,emp,small,car
7211,old,F,high,emp,big,train
7212,old,F,uni,emp,big,car
7213,adult,M,high,emp,big,car
7214,adult,M,high,emp,small,car
7215,adult,M,high,emp,big,car
7216,adult,F,uni,emp,big,car
7217,adult,M,high,emp,big,other
7218,adult,F,uni,emp,big,car
7219,young,M,uni,emp,big,other
7220,adult,M,high,emp,big,train
7221,adult,M,high,emp,big,car
7222,adult,M,high,emp,big,car
7223,adult,M,high,emp,big,train
7224,adult,M,uni,emp,big,car
7225,old,M,high,emp,small,train
7226,adult,F,high,emp,big,car
7227,adult,M,high,emp,big,car
7228,adult,M,uni,emp,big,train
7229,young,M,high,emp,big,car
7230,adult,M,high,emp,big,car
7231,young,F,high,emp,big,car
7232,adult,M,uni,emp,small,train
7233,old,M,high,emp,big,other
7234,adult,F,high,emp,big,car
7235,old,F,high,emp,small,car
7236,adult,F,high,emp,big,car
7237,young,F,high,emp,big,car
7238,adult,M,high,emp,big,car
7239,young,M,uni,emp,big,train
7240,adult,M,high,emp,big,car
7241,adult,M,high,emp,big,train
7242,adult,M,high,emp,big,car
7243,adult,M,high,emp,big,other
7244,old,M,high,emp,big,car
7245,adult,F,high,emp,big,train
7246,young,M,high,emp,big,car
7247,adult,M,high,emp,big,car
7248,young,F,high,emp,big,car
7249,adult,M,uni,emp,big,car
7250,old,M,high,self,small,car
7251,adult,F,high,emp,big,train
7252,young,F,high,emp,big,car
7253,adult,M,high,emp,small,train
7254,adult,F,uni,emp,big,car
7255,adult,F,high,emp,big,car
7256,adult,M,high,emp,big,other
7257,young,F,high,emp,small,car
7258,old,F,high,emp,big,other
7259,adult,M,high,emp,small,train
7260,young,F,uni,emp,big,other
7261,adult,M,high,emp,big,car
7262,adult,F,uni,emp,big,car
7263,adult,M,uni,emp,big,train
7264,old,M,high,emp,small,car
7265,adult,M,high,emp,big,other
7266,young,M,high,emp,big,other
7267,adult,M,high,emp,small,car
7268,adult,F,uni,emp,big,car
7269,adult,M,uni,emp,big,car
7270,young,F,high,emp,big,car
7271,adult,M,high,emp,big,car
7272,adult,M,high,emp,big,car
7273,adult,M,uni,emp,big,train
7274,adult,M,high,emp,big,car
7275,adult,F,high,emp,small,train
7276,old,M,high,emp,big,other
7277,old,F,high,emp,big,train
7278,adult,M,high,emp,big,car
7279,old,M,uni,emp,small,car
7280,adult,M,high,emp,big,train
7281,young,M,high,emp,big,car
7282,young,F,uni,emp,small,train
7283,old,M,high,emp,big,car
7284,adult,M,high,emp,small,other
7285,old,F,high,emp,big,car
7286,old,F,high,emp,big,car
7287,young,M,high,emp,big,car
7288,young,F,high,self,big,car
7289,old,M,high,emp,small,train
7290,old,F,high,emp,big,car
7291,adult,M,high,emp,big,train
7292,adult,F,high,emp,big,car
7293,adult,M,high,emp,big,other
7294,adult,M,uni,emp,big,train
7295,old,M,high,emp,big,car
7296,young,F,high,emp,big,car
7297,adult,F,uni,emp,big,train
7298,adult,M,high,emp,big,other
7299,young,M,high,emp,big,train
7300,adult,F,high,emp,small,car
7301,adult,F,uni,emp,big,car
7302,adult,M,uni,emp,big,train
7303,adult,M,high,emp,big,car
7304,adult,M,uni,emp,small,car
7305,adult,M,uni,emp,big,train
7306,adult,M,high,emp,big,train
7307,young,F,high,emp,small,car
7308,old,F,high,emp,big,car
7309,young,F,high,emp,big,other
7310,adult,M,high,emp,small,car
7311,young,F,uni,self,big,car
7312,young,F,high,emp,small,car
7313,adult,M,high,emp,small,car
7314,old,M,high,self,big,car
7315,adult,M,high,emp,small,train
7316,young,F,uni,emp,big,car
7317,young,M,high,emp,big,car
7318,old,M,high,self,big,car
7319,young,M,high,emp,big,train
7320,young,M,high,emp,small,train
7321,adult,M,uni,emp,big,other
7322,young,F,uni,emp,small,other
7323,adult,M,high,emp,big,other
7324,adult,F,high,emp,big,car
7325,young,F,high,emp,big,car
7326,adult,F,high,emp,small,train
7327,adult,F,high,emp,big,car
7328,old,M,high,emp,big,car
7329,young,M,high,emp,big,car
7330,young,M,high,emp,big,other
7331,adult,M,high,emp,big,train
7332,adult,M,uni,emp,small,other
7333,young,F,high,emp,big,train
7334,adult,M,high,emp,big,other
7335,adult,F,high,emp,small,other
7336,adult,F,high,self,small,train
7337,old,F,high,emp,big,other
7338,young,M,high,emp,big,car
7339,adult,M,high,emp,big,other
7340,adult,F,high,emp,big,other
7341,adult,M,high,emp,big,train
7342,young,M,uni,emp,small,car
7343,young,M,uni,emp,big,car
7344,adult,M,high,emp,big,car
7345,adult,M,uni,self,big,train
7346,adult,F,uni,emp,big,train
7347,old,M,high,emp,big,car
7348,adult,M,high,emp,small,train
7349,young,M,high,emp,big,car
7350,adult,M,uni,emp,big,train
7351,young,M,uni,emp,big,car
7352,adult,M,high,emp,big,car
7353,adult,F,high,emp,big,car
7354,old,F,high,emp,big,car
7355,old,M,high,emp,big,car
7356,old,F,high,emp,big,car
7357,young,M,uni,emp,big,train
7358,adult,M,uni,emp,big,other
7359,adult,M,high,emp,big,car
7360,young,M,high,emp,big,car
7361,young,M,high,emp,big,other
7362,young,M,high,emp,small,car
7363,adult,F,high,emp,small,train
7364,old,F,uni,emp,small,train
7365,adult,M,high,emp,small,train
7366,adult,M,high,emp,big,train
7367,old,F,high,self,small,other
7368,adult,F,high,emp,big,car
7369,adult,M,high,emp,big,car
7370,old,F,uni,emp,small,car
7371,adult,M,high,emp,big,car
7372,adult,F,high,emp,big,car
7373,adult,M,uni,emp,big,train
7374,adult,F,high,emp,big,car
7375,young,M,high,emp,small,train
7376,adult,F,high,emp,big,car
7377,adult,F,uni,emp,small,train
7378,old,F,uni,emp,big,car
7379,adult,M,uni,emp,big,car
7380,old,M,high,emp,small,other
7381,young,M,high,emp,small,car
7382,young,M,high,emp,small,car
7383,adult,M,high,emp,big,car
7384,young,M,high,emp,big,car
7385,young,F,high,emp,big,other
7386,young,M,high,emp,small,train
7387,old,M,high,emp,big,car
7388,adult,F,uni,emp,big,car
7389,old,M,high,emp,big,car
7390,adult,M,high,emp,big,car
7391,adult,M,high,emp,small,car
7392,old,F,high,emp,big,train
7393,old,M,high,emp,big,car
7394,old,F,high,emp,big,other
7395,young,M,high,emp,big,train
7396,adult,F,uni,emp,small,car
7397,adult,F,uni,emp,big,car
7398,adult,M,high,emp,small,car
7399,old,M,high,emp,big,train
7400,old,F,high,emp,big,car
7401,adult,F,uni,emp,big,car
7402,adult,M,high,emp,big,other
7403,young,M,high,emp,big,train
7404,adult,M,high,emp,big,car
7405,adult,F,high,emp,small,car
7406,old,M,high,emp,big,car
7407,old,M,high,emp,big,car
7408,young,M,high,emp,big,train
7409,adult,M,uni,emp,small,train
7410,adult,M,uni,emp,big,car
7411,old,F,high,emp,big,other
7412,young,M,high,emp,big,other
7413,adult,F,high,emp,big,other
7414,young,M,high,emp,big,car
7415,adult,M,uni,emp,big,other
7416,adult,M,uni,emp,big,other
7417,adult,F,high,emp,big,other
7418,old,F,high,emp,big,other
7419,young,F,uni,emp,big,car
7420,adult,M,high,emp,big,car
7421,adult,M,high,emp,small,car
7422,old,M,high,emp,small,train
7423,adult,M,high,emp,big,train
7424,adult,F,high,emp,big,car
7425,adult,F,high,emp,big,train
7426,adult,F,uni,emp,big,car
7427,old,F,uni,emp,big,car
7428,adult,F,uni,emp,big,other
7429,adult,F,high,emp,big,car
7430,young,F,uni,emp,big,car
7431,adult,F,high,emp,big,train
7432,old,M,high,self,big,car
7433,adult,M,uni,emp,big,other
7434,adult,M,uni,emp,big,other
7435,adult,F,high,emp,small,car
7436,young,M,high,emp,big,train
7437,adult,M,high,emp,big,other
7438,young,M,high,emp,small,car
7439,adult,M,high,emp,big,car
7440,adult,M,uni,emp,small,car
7441,adult,M,high,emp,big,other
7442,adult,M,high,emp,big,other
7443,adult,M,high,emp,big,car
7444,adult,F,high,emp,big,train
7445,adult,M,high,emp,big,train
7446,adult,M,high,emp,big,car
7447,adult,F,high,emp,big,car
7448,young,F,high,emp,big,car
7449,adult,M,high,emp,small,train
7450,adult,M,uni,emp,small,train
7451,adult,M,high,emp,big,car
7452,young,F,high,emp,big,other
7453,adult,F,high,emp,big,car
7454,adult,F,high,emp,big,car
7455,adult,M,uni,emp,big,train
7456,young,F,high,emp,big,car
7457,adult,M,high,emp,big,other
7458,young,M,high,emp,big,car
7459,old,F,high,emp,small,car
7460,adult,M,high,emp,big,car
7461,adult,F,uni,emp,big,car
7462,old,F,high,emp,small,car
7463,young,F,uni,emp,big,train
7464,young,M,high,emp,big,car
7465,young,M,high,emp,big,other
7466,young,F,high,emp,big,other
7467,young,M,high,emp,big,other
7468,adult,M,uni,emp,big,car
7469,young,F,high,emp,big,other
7470,old,M,high,emp,big,car
7471,adult,F,high,emp,big,other
7472,young,F,high,emp,big,car
7473,adult,M,high,emp,big,train
7474,old,F,high,emp,big,train
7475,old,F,high,emp,big,car
7476,adult,M,high,emp,big,other
7477,old,F,high,self,small,car
7478,adult,F,high,emp,big,car
7479,young,F,high,emp,big,car
7480,adult,M,high,emp,small,car
7481,young,M,high,emp,big,other
7482,adult,M,high,emp,big,other
7483,young,M,high,emp,small,car
7484,adult,F,high,emp,big,car
7485,adult,M,high,emp,small,car
7486,adult,F,high,emp,big,car
7487,young,F,uni,emp,small,train
7488,old,M,uni,emp,big,car
7489,adult,F,uni,emp,big,other
7490,adult,M,high,emp,big,other
7491,adult,F,high,emp,small,car
7492,adult,F,high,self,small,train
7493,adult,M,high,emp,big,car
7494,young,F,uni,emp,big,car
7495,adult,M,high,emp,big,car
7496,adult,M,high,emp,big,car
7497,young,F,high,emp,big,car
7498,old,F,high,emp,big,car
7499,young,M,high,emp,small,car
7500,old,M,high,emp,big,train
7501,adult,M,high,emp,small,train
7502,old,M,high,emp,big,car
7503,adult,F,high,emp,small,other
7504,adult,M,high,emp,big,car
7505,young,F,high,emp,small,other
7506,young,M,high,emp,small,car
7507,old,M,high,self,big,car
7508,old,F,high,emp,big,car
7509,adult,M,high,emp,big,other
7510,adult,M,high,emp,big,train
7511,old,F,uni,emp,big,car
7512,old,M,high,emp,big,other
7513,adult,F,high,emp,big,train
7514,adult,M,high,emp,big,train
7515,young,M,high,emp,big,train
7516,old,M,high,emp,big,other
7517,young,F,high,emp,big,train
7518,adult,M,high,emp,big,car
7519,young,F,high,emp,big,car
7520,adult,F,uni,self,big,car
7521,old,M,high,emp,small,train
7522,old,M,uni,emp,small,car
7523,old,F,high,emp,big,car
7524,adult,M,high,emp,big,car
7525,young,M,high,emp,small,car
7526,adult,F,high,emp,small,other
7527,adult,M,high,emp,big,car
7528,young,F,high,emp,big,car
7529,old,F,high,emp,big,car
7530,young,F,high,self,big,car
7531,young,M,high,emp,small,train
7532,adult,F,uni,emp,big,car
7533,young,F,uni,emp,big,other
7534,young,F,high,emp,small,car
7535,adult,M,uni,emp,big,car
7536,adult,F,uni,emp,big,car
7537,old,M,high,emp,big,car
7538,adult,F,uni,emp,big,car
7539,adult,M,uni,self,big,car
7540,old,F,high,emp,big,train
7541,old,M,high,emp,big,car
7542,young,F,high,emp,big,car
7543,adult,F,high,emp,small,car
7544,young,M,high,emp,small,train
7545,old,F,high,emp,big,car
7546,adult,F,high,self,big,train
7547,adult,M,high,emp,big,car
7548,adult,M,high,emp,big,car
7549,adult,M,high,emp,big,car
7550,adult,F,high,emp,big,car
7551,young,M,high,emp,small,car
7552,adult,M,uni,emp,small,train
7553,adult,M,uni,self,big,car
7554,adult,F,high,emp,big,car
7555,young,M,high,emp,big,car
7556,old,M,high,emp,big,car
7557,adult,F,uni,emp,big,other
7558,adult,M,uni,emp,big,car
7559,young,M,uni,emp,big,train
7560,adult,M,high,emp,small,car
7561,old,M,high,emp,big,train
7562,adult,M,high,emp,big,car
7563,young,M,uni,self,big,car
7564,adult,M,high,emp,small,car
7565,young,M,high,emp,small,car
7566,adult,M,uni,emp,big,car
7567,adult,F,high,emp,small,car
7568,adult,M,high,emp,big,train
7569,old,M,high,emp,big,train
7570,adult,M,high,emp,small,train
7571,adult,M,uni,self,big,train
7572,adult,M,high,emp,big,other
7573,adult,M,high,emp,small,train
7574,young,F,high,emp,big,car
7575,young,F,high,emp,small,train
7576,young,F,high,emp,big,car
7577,old,F,high,emp,big,car
7578,adult,F,high,emp,big,car
7579,young,F,high,emp,big,car
7580,young,M,high,emp,big,car
7581,old,F,high,emp,big,car
7582,adult,M,uni,emp,big,car
7583,young,M,high,self,big,car
7584,adult,M,high,emp,big,car
7585,young,M,high,emp,big,other
7586,young,M,high,emp,big,train
7587,adult,F,high,emp,small,car
7588,adult,F,high,emp,big,car
7589,adult,M,high,emp,big,car
7590,adult,M,uni,emp,big,car
7591,adult,F,high,emp,big,other
7592,old,F,high,emp,big,other
7593,adult,F,high,emp,big,car
7594,old,F,uni,self,big,car
7595,old,M,high,emp,small,car
7596,young,F,high,emp,big,car
7597,adult,F,high,emp,big,car
7598,old,M,uni,emp,small,car
7599,old,F,high,emp,big,car
7600,adult,F,high,emp,big,car
7601,young,M,high,emp,big,other
7602,old,M,high,emp,big,car
7603,adult,F,high,emp,big,train
7604,adult,M,uni,emp,big,other
7605,young,M,uni,emp,small,train
7606,young,M,uni,emp,big,train
7607,adult,M,high,emp,big,car
7608,old,M,high,emp,big,car
7609,young,M,high,emp,big,car
7610,adult,F,high,emp,big,car
7611,adult,M,high,emp,big,car
7612,adult,F,high,emp,big,train
7613,young,F,high,self,small,car
7614,adult,M,high,emp,small,car
7615,adult,F,high,emp,big,other
7616,adult,M,uni,emp,big,train
7617,adult,F,uni,emp,small,train
7618,young,M,uni,emp,small,car
7619,old,F,high,emp,big,car
7620,old,F,high,emp,big,car
7621,adult,M,high,emp,big,car
7622,adult,M,high,emp,big,other
7623,old,F,uni,self,big,other
7624,old,M,high,emp,big,car
7625,old,F,high,emp,small,car
7626,young,M,high,emp,big,car
7627,adult,F,high,emp,big,other
7628,adult,F,uni,emp,big,other
7629,adult,M,high,emp,big,car
7630,young,M,high,emp,big,car
7631,young,F,high,emp,big,train
7632,old,M,high,self,big,car
7633,adult,F,high,emp,big,other
7634,adult,F,high,emp,big,train
7635,old,M,high,emp,big,car
7636,adult,M,uni,emp,big,car
7637,adult,M,high,emp,big,train
7638,old,F,high,emp,big,car
7639,young,M,uni,emp,big,train
7640,adult,M,uni,emp,big,car
7641,adult,M,uni,emp,big,car
7642,old,F,high,emp,small,train
7643,old,F,high,emp,big,train
7644,adult,M,uni,emp,big,car
7645,adult,M,uni,emp,big,other
7646,adult,F,uni,emp,big,other
7647,young,M,uni,emp,big,other
7648,adult,M,uni,emp,small,car
7649,adult,F,high,emp,small,train
7650,old,M,high,emp,big,car
7651,young,F,high,self,small,train
7652,young,M,high,emp,big,car
7653,young,M,high,emp,big,car
7654,old,F,high,emp,big,train
7655,old,F,high,emp,big,other
7656,adult,F,high,emp,big,other
7657,adult,M,high,emp,small,car
7658,adult,M,high,emp,big,car
7659,adult,F,high,emp,small,car
7660,old,M,uni,emp,big,car
7661,adult,M,high,emp,big,car
7662,adult,M,high,emp,big,other
7663,adult,F,uni,emp,big,car
7664,adult,M,high,emp,big,other
7665,old,F,high,emp,small,train
7666,adult,M,high,emp,big,car
7667,adult,F,high,emp,small,other
7668,old,M,high,emp,small,train
7669,adult,M,high,emp,big,car
7670,old,F,high,emp,big,car
7671,adult,M,uni,self,small,car
7672,young,F,uni,emp,big,other
7673,adult,F,high,emp,big,car
7674,young,F,uni,emp,big,train
7675,young,F,high,emp,big,car
7676,young,M,high,emp,small,train
7677,young,M,high,emp,small,train
7678,adult,M,uni,emp,big,car
7679,adult,M,high,emp,big,train
7680,young,F,uni,emp,big,car
7681,adult,F,high,emp,big,train
7682,young,F,uni,self,big,other
7683,old,F,high,emp,small,car
7684,young,F,high,emp,big,car
7685,adult,M,high,emp,small,car
7686,old,M,uni,self,small,train
7687,adult,F,uni,emp,big,car
7688,adult,F,uni,emp,big,car
7689,young,M,high,emp,big,other
7690,adult,M,high,emp,big,other
7691,young,F,uni,emp,big,car
7692,old,M,high,emp,big,train
7693,old,M,high,emp,big,car
7694,adult,F,uni,emp,big,car
7695,adult,M,high,emp,small,other
7696,young,M,high,emp,small,car
7697,adult,F,high,emp,big,car
7698,old,M,uni,emp,big,other
7699,adult,F,high,emp,big,car
7700,young,M,uni,emp,big,car
7701,old,F,high,emp,big,car
7702,adult,F,high,emp,small,car
7703,adult,F,uni,emp,big,car
7704,adult,F,high,emp,small,car
7705,adult,M,high,emp,big,car
7706,old,M,high,emp,big,train
7707,adult,M,high,emp,big,car
7708,adult,M,high,emp,big,car
7709,adult,F,high,emp,small,train
7710,adult,M,high,emp,big,car
7711,old,F,high,emp,small,car
7712,old,F,high,emp,big,other
7713,young,F,high,emp,big,car
7714,young,M,high,emp,big,car
7715,young,F,uni,emp,small,car
7716,young,M,high,emp,big,car
7717,adult,M,high,emp,big,car
7718,old,M,high,emp,big,car
7719,adult,M,high,emp,big,train
7720,adult,M,high,emp,big,train
7721,young,M,high,emp,big,train
7722,adult,M,high,emp,big,other
7723,young,F,high,emp,big,car
7724,adult,F,high,emp,small,car
7725,old,M,high,emp,big,train
7726,adult,M,high,emp,big,car
7727,young,M,high,emp,big,car
7728,adult,M,high,emp,small,car
7729,adult,F,high,emp,small,train
7730,young,M,high,emp,small,car
7731,young,M,uni,emp,big,car
7732,adult,M,high,emp,big,train
7733,young,M,uni,emp,small,train
7734,young,M,uni,emp,big,other
7735,young,M,high,emp,big,car
7736,young,M,high,emp,big,car
7737,adult,M,high,emp,big,car
7738,adult,M,uni,emp,big,car
7739,adult,M,high,emp,big,other
7740,adult,M,high,emp,big,train
7741,adult,F,high,emp,big,car
7742,adult,M,high,emp,small,car
7743,adult,M,uni,emp,big,car
7744,adult,F,high,emp,big,train
7745,old,M,high,emp,big,car
7746,old,F,high,emp,small,other
7747,adult,M,uni,emp,big,train
7748,adult,F,high,emp,big,car
7749,old,M,high,emp,big,car
7750,old,M,high,emp,big,car
7751,young,F,uni,emp,big,other
7752,old,M,high,emp,small,other
7753,adult,M,high,emp,big,car
7754,adult,F,uni,self,big,car
7755,adult,F,uni,emp,big,car
7756,adult,M,high,emp,big,train
7757,old,M,high,emp,big,other
7758,adult,M,high,emp,big,other
7759,adult,M,high,emp,small,car
7760,old,F,high,emp,big,car
7761,adult,M,high,emp,big,train
7762,old,M,high,emp,big,car
7763,old,M,high,emp,big,car
7764,adult,F,uni,emp,big,car
7765,adult,F,uni,emp,big,other
7766,old,M,high,emp,big,car
7767,adult,M,high,emp,big,train
7768,young,F,high,emp,small,train
7769,adult,M,high,emp,big,car
7770,adult,M,high,emp,big,car
7771,adult,M,high,emp,small,train
7772,adult,M,high,emp,small,train
7773,young,M,high,emp,big,car
7774,young,M,high,emp,big,train
7775,adult,M,high,emp,small,other
7776,young,M,high,emp,big,car
7777,adult,M,high,emp,big,train
7778,young,F,uni,self,big,car
7779,young,F,high,emp,big,train
7780,young,M,high,emp,small,other
7781,young,M,high,emp,big,train
7782,young,M,uni,emp,small,train
7783,adult,F,uni,self,big,other
7784,old,M,high,emp,small,car
7785,young,F,high,emp,big,train
7786,adult,M,high,emp,big,train
7787,adult,F,high,emp,small,car
7788,young,M,high,emp,small,train
7789,adult,M,uni,emp,big,car
7790,old,F,uni,emp,big,car
7791,adult,M,uni,emp,big,train
7792,adult,F,uni,emp,big,car
7793,adult,F,high,emp,big,train
7794,young,M,uni,emp,big,other
7795,adult,M,high,emp,big,train
7796,adult,M,high,emp,small,train
7797,adult,M,high,emp,big,car
7798,young,F,uni,emp,big,car
7799,adult,M,high,emp,big,other
7800,adult,M,uni,emp,big,train
7801,old,M,high,emp,big,car
7802,adult,F,uni,emp,big,car
7803,young,M,high,emp,big,other
7804,young,M,high,emp,big,car
7805,young,M,uni,emp,small,train
7806,old,F,high,emp,small,car
7807,old,M,high,emp,big,other
7808,young,F,uni,emp,big,other
7809,young,M,high,emp,small,train
7810,adult,M,uni,self,small,train
7811,young,F,high,emp,big,car
7812,adult,M,high,emp,big,car
7813,adult,F,uni,emp,big,train
7814,adult,F,high,emp,big,car
7815,old,F,high,emp,big,train
7816,young,M,high,emp,small,train
7817,adult,F,high,emp,big,train
7818,adult,F,high,emp,small,train
7819,adult,M,high,emp,big,car
7820,adult,F,high,emp,big,car
7821,adult,F,high,emp,big,train
7822,young,F,uni,emp,big,train
7823,young,M,high,emp,big,train
7824,adult,M,high,emp,big,car
7825,adult,M,high,emp,big,car
7826,young,M,high,emp,big,other
7827,adult,F,high,emp,big,train
7828,adult,M,high,emp,big,car
7829,adult,F,high,emp,big,car
7830,young,M,high,emp,big,other
7831,adult,F,high,emp,big,car
7832,young,M,high,self,big,car
7833,young,M,uni,emp,big,car
7834,young,M,uni,emp,big,train
7835,adult,M,uni,emp,small,train
7836,old,F,high,self,big,train
7837,old,F,high,emp,big,car
7838,old,M,high,emp,big,train
7839,adult,M,high,emp,big,train
7840,adult,M,high,emp,big,car
7841,young,M,uni,emp,small,car
7842,old,F,high,emp,small,train
7843,young,M,high,emp,big,car
7844,adult,M,high,emp,big,car
7845,young,F,uni,emp,big,car
7846,adult,M,high,emp,big,train
7847,old,F,high,emp,small,train
7848,young,M,high,emp,big,car
7849,adult,M,high,emp,big,other
7850,adult,M,high,emp,small,train
7851,adult,M,high,emp,big,other
7852,young,M,high,emp,big,car
7853,young,M,uni,self,small,car
7854,old,F,high,emp,big,train
7855,young,F,uni,emp,big,train
7856,adult,F,uni,emp,small,car
7857,old,M,high,emp,small,train
7858,adult,M,high,emp,big,other
7859,young,M,uni,emp,small,car
7860,young,M,high,emp,small,car
7861,young,F,uni,emp,small,car
7862,young,M,high,emp,big,car
7863,old,F,high,emp,big,other
7864,old,F,high,emp,big,car
7865,adult,F,high,emp,small,train
7866,old,M,high,emp,big,train
7867,young,M,high,emp,small,car
7868,adult,M,uni,emp,big,car
7869,young,F,high,emp,big,car
7870,adult,M,uni,emp,big,train
7871,adult,M,uni,emp,big,car
7872,old,F,high,emp,small,car
7873,adult,M,high,emp,small,car
7874,adult,M,uni,self,big,train
7875,old,M,high,emp,small,train
7876,young,M,high,emp,big,other
7877,young,F,high,emp,big,other
7878,young,M,high,emp,big,train
7879,old,M,uni,emp,big,car
7880,young,M,uni,self,big,car
7881,young,F,uni,emp,big,other
7882,adult,M,uni,emp,big,car
7883,adult,M,high,emp,small,car
7884,young,F,high,emp,small,car
7885,adult,M,uni,emp,big,other
7886,adult,F,high,emp,big,car
7887,old,M,high,emp,big,car
7888,old,M,high,emp,small,car
7889,adult,M,uni,emp,big,other
7890,young,M,high,emp,big,car
7891,adult,F,uni,emp,big,train
7892,young,M,high,emp,big,other
7893,adult,F,high,emp,big,train
7894,adult,M,high,emp,big,car
7895,young,F,uni,emp,small,train
7896,young,M,high,emp,big,car
7897,young,F,uni,emp,big,train
7898,young,M,uni,emp,big,car
7899,adult,F,high,emp,big,train
7900,adult,M,high,emp,small,train
7901,adult,M,high,emp,big,other
7902,young,M,high,emp,big,car
7903,adult,F,high,emp,big,car
7904,adult,M,high,emp,big,train
7905,old,M,high,emp,big,train
7906,adult,F,uni,emp,big,car
7907,old,M,high,emp,big,car
7908,adult,F,high,self,small,car
7909,adult,F,high,emp,small,train
7910,young,M,high,emp,big,other
7911,adult,M,high,emp,big,train
7912,young,M,high,emp,big,car
7913,adult,F,high,emp,big,car
7914,young,F,high,emp,big,car
7915,adult,M,high,emp,small,train
7916,adult,F,uni,emp,big,car
7917,old,F,high,emp,big,car
7918,adult,F,high,emp,big,car
7919,old,F,high,emp,big,other
7920,adult,F,high,emp,big,car
7921,old,F,high,emp,big,train
7922,adult,F,high,self,big,car
7923,young,F,high,emp,big,car
7924,adult,M,high,emp,big,car
7925,adult,F,high,emp,big,car
7926,adult,M,high,emp,big,car
7927,adult,M,high,emp,big,other
7928,adult,F,high,emp,big,car
7929,young,M,high,emp,big,other
7930,old,M,high,emp,big,car
7931,adult,F,uni,emp,big,other
7932,old,M,uni,emp,big,car
7933,adult,M,high,emp,small,other
7934,young,M,uni,emp,big,car
7935,young,M,uni,emp,big,car
7936,young,M,high,emp,big,car
7937,young,M,high,emp,big,car
7938,adult,M,uni,emp,big,train
7939,adult,F,uni,emp,small,train
7940,old,M,high,emp,big,car
7941,old,F,high,emp,big,other
7942,young,F,high,emp,big,car
7943,adult,F,high,emp,big,train
7944,adult,M,high,emp,small,car
7945,adult,M,high,emp,big,car
7946,adult,F,high,emp,small,train
7947,adult,M,high,emp,big,car
7948,young,M,high,emp,big,other
7949,adult,F,uni,emp,big,other
7950,adult,M,high,emp,big,car
7951,adult,M,uni,emp,big,train
7952,young,M,high,emp,small,train
7953,adult,M,high,emp,big,train
7954,young,F,high,emp,big,car
7955,adult,F,high,emp,big,train
7956,young,M,high,emp,small,car
7957,young,F,uni,self,big,car
7958,adult,F,high,emp,big,other
7959,adult,F,high,emp,big,car
7960,young,F,high,emp,big,car
7961,adult,M,high,emp,big,other
7962,young,F,high,emp,big,car
7963,adult,M,uni,emp,big,other
7964,old,F,high,emp,big,car
7965,old,M,high,emp,big,car
7966,adult,M,high,emp,big,car
7967,old,M,high,emp,big,car
7968,adult,M,high,emp,small,train
7969,old,F,high,emp,big,car
7970,young,F,high,emp,big,car
7971,young,M,uni,self,big,car
7972,adult,F,high,emp,big,car
7973,old,M,high,emp,big,car
7974,old,M,uni,self,small,car
7975,old,F,high,emp,big,car
7976,old,F,high,emp,small,car
7977,young,F,high,emp,big,car
7978,old,M,high,emp,small,car
7979,old,M,high,emp,big,car
7980,adult,M,high,emp,small,car
7981,adult,M,high,emp,big,train
7982,young,F,high,self,big,car
7983,young,F,high,emp,big,car
7984,adult,M,uni,emp,big,other
7985,old,M,high,emp,big,car
7986,adult,M,high,emp,big,car
7987,adult,M,uni,emp,big,car
7988,adult,F,high,emp,big,car
7989,old,M,uni,emp,small,other
7990,adult,M,high,emp,big,car
7991,young,M,high,emp,big,car
7992,adult,M,high,emp,small,car
7993,adult,F,uni,emp,big,other
7994,old,F,high,emp,big,car
7995,adult,M,high,emp,big,car
7996,adult,M,high,emp,big,car
7997,young,M,high,emp,small,train
7998,adult,F,uni,emp,big,train
7999,adult,M,high,emp,big,car
8000,old,M,high,emp,small,train
8001,adult,M,high,emp,small,train
8002,adult,M,high,emp,big,train
8003,young,M,uni,emp,big,car
8004,adult,F,high,emp,big,train
8005,young,F,high,emp,big,train
8006,adult,F,uni,emp,small,car
8007,old,M,high,emp,big,train
8008,young,M,high,emp,small,car
8009,old,F,high,emp,big,car
8010,adult,M,high,emp,small,car
8011,young,F,high,emp,big,car
8012,adult,M,high,emp,big,car
8013,young,M,high,emp,small,train
8014,adult,M,high,emp,big,car
8015,adult,F,high,emp,big,train
8016,old,M,high,emp,big,car
8017,young,M,high,emp,big,car
8018,old,M,high,self,big,car
8019,adult,M,high,emp,small,car
8020,adult,F,uni,emp,small,car
8021,young,F,uni,emp,big,car
8022,adult,M,uni,emp,big,car
8023,young,F,high,emp,big,car
8024,young,M,uni,emp,big,train
8025,old,M,high,emp,small,car
8026,adult,M,uni,emp,big,other
8027,adult,F,high,emp,big,car
8028,adult,F,high,emp,small,car
8029,old,M,high,emp,big,car
8030,adult,F,high,emp,big,other
8031,old,M,high,emp,big,train
8032,adult,F,high,emp,big,other
8033,adult,M,high,emp,big,car
8034,adult,F,high,emp,small,train
8035,young,F,high,emp,big,train
8036,adult,F,high,emp,big,car
8037,adult,M,high,emp,big,car
8038,adult,M,high,emp,big,other
8039,old,F,high,emp,small,train
8040,old,F,high,emp,big,other
8041,young,M,high,self,small,car
8042,old,F,high,emp,big,car
8043,adult,M,high,emp,big,other
8044,adult,M,high,emp,small,train
8045,adult,F,high,emp,small,train
8046,adult,F,high,emp,big,train
8047,adult,M,uni,emp,big,other
8048,adult,M,high,emp,big,other
8049,old,M,high,emp,big,car
8050,young,M,high,emp,big,other
8051,old,M,uni,emp,big,car
8052,adult,F,high,emp,big,car
8053,adult,M,high,emp,small,car
8054,adult,F,high,emp,big,car
8055,old,M,high,emp,small,car
8056,old,F,high,self,small,car
8057,old,M,high,emp,big,other
8058,adult,F,high,emp,big,car
8059,adult,M,high,emp,small,other
8060,old,M,high,emp,small,train
8061,adult,M,high,emp,small,car
8062,young,F,high,emp,small,car
8063,old,F,high,emp,small,car
8064,adult,F,uni,emp,big,car
8065,adult,M,high,emp,big,other
8066,adult,M,high,emp,big,train
8067,young,M,high,emp,small,car
8068,old,F,high,emp,small,train
8069,young,M,high,emp,big,car
8070,adult,M,high,emp,big,car
8071,adult,M,high,emp,big,train
8072,adult,F,high,emp,small,train
8073,old,M,high,self,big,train
8074,old,M,high,emp,big,car
8075,old,M,high,emp,small,train
8076,old,F,high,emp,big,car
8077,adult,F,high,emp,small,car
8078,adult,F,uni,emp,big,other
8079,adult,M,high,emp,big,car
8080,young,F,high,emp,big,car
8081,young,M,uni,emp,big,car
8082,adult,M,high,emp,big,car
8083,young,F,high,self,big,car
8084,adult,M,uni,emp,small,other
8085,adult,M,high,emp,big,train
8086,old,M,high,emp,small,train
8087,young,M,high,emp,big,other
8088,adult,M,high,emp,small,car
8089,adult,F,uni,emp,big,train
8090,young,M,high,emp,big,car
8091,adult,M,high,emp,small,train
8092,old,M,high,emp,big,other
8093,adult,F,high,emp,big,car
8094,adult,F,high,emp,big,other
8095,young,M,high,emp,big,train
8096,adult,F,high,emp,big,train
8097,adult,M,high,emp,big,car
8098,adult,M,high,emp,big,car
8099,adult,F,high,emp,big,car
8100,adult,M,high,emp,big,car
8101,young,M,high,emp,small,train
8102,young,M,uni,emp,small,train
8103,adult,M,high,emp,small,train
8104,adult,M,high,emp,big,train
8105,old,M,high,emp,big,other
8106,young,M,high,emp,big,train
8107,adult,F,high,emp,small,car
8108,adult,M,uni,emp,big,car
8109,adult,F,high,emp,small,train
8110,young,M,high,emp,big,train
8111,young,M,high,emp,big,car
8112,adult,M,uni,emp,big,car
8113,adult,M,uni,emp,big,car
8114,adult,M,high,emp,big,car
8115,adult,F,high,emp,big,train
8116,old,F,high,emp,small,car
8117,young,M,high,emp,big,car
8118,young,F,high,emp,big,train
8119,old,F,high,emp,small,train
8120,old,M,high,emp,small,train
8121,young,M,high,emp,big,other
8122,young,F,uni,emp,small,train
8123,adult,F,high,emp,big,train
8124,adult,M,high,emp,big,car
8125,adult,F,high,emp,big,car
8126,adult,M,high,emp,big,other
8127,adult,M,uni,emp,big,train
8128,adult,F,uni,emp,big,other
8129,young,M,uni,emp,big,car
8130,adult,F,high,emp,big,car
8131,old,F,high,emp,big,train
8132,adult,M,high,emp,big,train
8133,adult,F,high,emp,small,train
8134,adult,M,uni,emp,small,train
8135,adult,F,high,emp,big,train
8136,adult,F,uni,self,small,car
8137,young,F,high,emp,big,car
8138,adult,M,high,emp,big,other
8139,young,M,high,emp,big,train
8140,young,F,high,emp,small,car
8141,adult,F,high,emp,big,car
8142,old,M,uni,emp,big,car
8143,young,M,uni,emp,big,car
8144,adult,M,high,emp,big,train
8145,adult,M,uni,emp,big,car
8146,adult,M,high,emp,small,car
8147,adult,M,high,emp,big,car
8148,adult,F,uni,self,big,car
8149,adult,F,uni,emp,small,train
8150,young,F,uni,emp,small,train
8151,adult,F,high,emp,big,car
8152,old,F,high,self,big,car
8153,young,M,high,emp,big,car
8154,old,M,high,emp,big,train
8155,adult,M,high,emp,big,car
8156,young,F,uni,emp,small,train
8157,old,M,high,emp,small,train
8158,adult,M,uni,emp,big,car
8159,adult,M,high,emp,big,car
8160,old,F,high,emp,big,other
8161,old,F,high,emp,small,train
8162,young,F,uni,self,big,car
8163,young,M,high,emp,big,other
8164,old,F,high,emp,big,train
8165,young,M,high,emp,big,car
8166,young,M,high,emp,big,car
8167,young,M,uni,emp,small,car
8168,old,F,high,emp,big,train
8169,adult,F,uni,emp,big,train
8170,adult,F,high,emp,big,train
8171,young,F,high,emp,big,other
8172,adult,M,high,emp,big,car
8173,adult,M,high,emp,small,car
8174,old,M,high,emp,big,car
8175,young,M,high,emp,small,car
8176,young,M,high,emp,big,car
8177,old,M,high,emp,big,car
8178,old,F,uni,emp,big,train
8179,young,F,high,emp,small,car
8180,young,M,uni,emp,small,train
8181,old,M,high,emp,small,car
8182,adult,M,uni,emp,small,other
8183,adult,M,high,emp,big,train
8184,young,F,uni,emp,big,train
8185,young,F,high,emp,big,car
8186,young,F,uni,emp,big,car
8187,adult,F,high,emp,big,car
8188,old,F,high,emp,small,car
8189,young,M,high,emp,big,other
8190,adult,M,high,emp,big,car
8191,young,M,uni,emp,big,car
8192,old,M,high,emp,big,car
8193,young,M,high,emp,big,other
8194,adult,M,uni,emp,big,other
8195,young,F,high,self,big,car
8196,old,M,high,emp,small,train
8197,adult,M,high,emp,big,other
8198,old,F,high,emp,big,car
8199,adult,F,high,emp,big,car
8200,adult,M,high,emp,small,car
8201,adult,M,high,emp,big,train
8202,adult,M,high,emp,big,car
8203,old,M,uni,emp,big,train
8204,young,F,uni,emp,big,car
8205,adult,M,uni,emp,big,car
8206,adult,F,uni,emp,big,train
8207,young,M,high,emp,small,car
8208,adult,F,uni,emp,big,other
8209,adult,F,high,emp,small,other
8210,old,M,high,emp,small,car
8211,old,F,high,emp,small,car
8212,young,F,high,emp,big,car
8213,adult,M,high,emp,big,other
8214,young,M,uni,emp,big,car
8215,old,F,high,emp,small,train
8216,adult,F,uni,emp,big,train
8217,old,F,high,emp,small,other
8218,adult,M,uni,emp,big,car
8219,adult,M,high,emp,small,car
8220,adult,M,high,emp,big,other
8221,adult,F,high,self,big,other
8222,adult,F,uni,emp,big,other
8223,adult,M,high,emp,small,train
8224,adult,M,uni,self,small,car
8225,old,M,high,emp,small,train
8226,old,F,high,emp,big,other
8227,adult,M,high,emp,small,car
8228,adult,M,uni,emp,small,car
8229,adult,M,high,emp,small,train
8230,adult,F,high,emp,small,train
8231,adult,F,uni,self,big,car
8232,adult,M,uni,self,big,car
8233,old,M,high,emp,big,train
8234,adult,M,high,self,big,car
8235,adult,F,high,emp,big,car
8236,adult,M,high,self,big,car
8237,adult,F,uni,emp,big,car
8238,adult,M,uni,emp,big,train
8239,young,F,uni,emp,big,car
8240,adult,M,high,emp,small,train
8241,old,F,high,emp,big,car
8242,old,M,high,emp,big,train
8243,old,F,high,emp,small,train
8244,adult,F,high,emp,big,car
8245,old,F,high,emp,big,train
8246,old,M,uni,emp,big,car
8247,young,M,high,emp,big,car
8248,young,M,high,emp,big,car
8249,young,F,high,emp,big,other
8250,adult,M,uni,emp,big,train
8251,adult,F,uni,emp,big,car
8252,adult,M,high,emp,big,car
8253,adult,F,high,emp,big,car
8254,adult,F,uni,emp,big,other
8255,adult,M,high,self,big,car
8256,young,M,high,emp,small,train
8257,adult,M,uni,emp,small,train
8258,adult,M,high,emp,big,other
8259,adult,M,high,emp,big,train
8260,young,M,high,emp,big,car
8261,adult,F,uni,emp,big,train
8262,adult,M,uni,emp,small,train
8263,young,M,high,emp,big,other
8264,young,F,uni,emp,big,train
8265,old,M,high,emp,small,car
8266,adult,M,high,emp,small,car
8267,old,M,high,emp,big,car
8268,adult,F,high,self,small,car
8269,old,M,high,emp,small,train
8270,adult,M,high,emp,big,car
8271,old,M,high,emp,big,train
8272,young,M,high,emp,big,car
8273,adult,M,high,emp,big,other
8274,adult,M,high,emp,big,car
8275,adult,M,high,emp,big,car
8276,young,F,high,emp,big,car
8277,adult,F,uni,emp,big,car
8278,adult,F,high,emp,big,car
8279,adult,M,high,emp,big,other
8280,adult,M,high,emp,big,train
8281,adult,M,high,emp,big,train
8282,adult,M,uni,emp,big,train
8283,adult,F,high,emp,small,train
8284,adult,F,uni,self,big,train
8285,old,F,high,emp,big,train
8286,old,M,high,emp,small,other
8287,young,M,high,emp,small,train
8288,young,F,high,emp,big,car
8289,adult,F,high,emp,big,car
8290,old,M,high,self,big,car
8291,adult,M,uni,emp,big,train
8292,young,F,high,emp,big,car
8293,old,M,high,emp,big,car
8294,adult,M,high,emp,small,train
8295,old,M,high,emp,big,car
8296,young,F,uni,emp,big,train
8297,young,M,uni,emp,small,train
8298,old,F,high,emp,big,car
8299,adult,M,uni,emp,big,train
8300,adult,M,high,emp,big,other
8301,old,F,uni,self,big,car
8302,adult,M,high,emp,big,other
8303,adult,M,high,emp,small,train
8304,old,F,high,emp,big,car
8305,adult,F,uni,emp,big,train
8306,adult,M,uni,emp,big,train
8307,young,M,high,emp,small,car
8308,young,M,high,emp,small,train
8309,adult,F,high,emp,big,car
8310,old,M,high,emp,big,other
8311,young,M,high,emp,big,train
8312,adult,M,high,emp,big,train
8313,young,M,uni,emp,big,car
8314,adult,F,uni,emp,big,car
8315,old,F,high,emp,small,train
8316,old,F,high,emp,big,car
8317,adult,M,high,emp,big,car
8318,adult,F,high,emp,big,train
8319,young,M,high,emp,big,car
8320,young,M,high,emp,big,car
8321,young,M,high,emp,big,other
8322,young,F,uni,emp,small,car
8323,adult,F,uni,emp,big,car
8324,adult,F,high,emp,big,train
8325,adult,M,high,emp,big,car
8326,young,F,high,emp,big,car
8327,adult,M,high,emp,big,car
8328,adult,F,high,emp,big,train
8329,old,M,high,emp,big,other
8330,adult,M,high,self,big,car
8331,adult,M,high,emp,big,other
8332,young,F,high,emp,big,other
8333,adult,M,high,emp,big,car
8334,old,F,high,emp,big,car
8335,adult,M,high,emp,big,car
8336,old,F,high,emp,big,train
8337,adult,F,uni,emp,big,car
8338,old,M,high,emp,small,car
8339,adult,M,high,emp,big,train
8340,old,M,high,emp,small,train
8341,adult,M,high,emp,big,train
8342,old,M,uni,emp,big,car
8343,young,M,uni,emp,big,car
8344,adult,F,uni,emp,small,car
8345,adult,M,uni,emp,big,car
8346,young,F,high,emp,big,car
8347,young,F,high,emp,small,train
8348,old,F,high,self,big,train
8349,adult,F,uni,emp,big,car
8350,young,F,uni,emp,big,car
8351,adult,F,high,emp,small,train
8352,adult,M,high,emp,big,train
8353,adult,F,high,emp,big,car
8354,young,M,high,emp,small,car
8355,adult,F,high,self,big,car
8356,adult,M,high,emp,big,car
8357,young,M,high,emp,big,train
8358,old,F,high,emp,small,car
8359,old,M,high,emp,big,car
8360,young,M,high,emp,big,train
8361,adult,M,high,emp,big,car
8362,old,F,high,emp,small,car
8363,adult,F,high,emp,small,car
8364,adult,M,uni,emp,big,train
8365,adult,M,uni,emp,big,train
8366,adult,M,high,emp,big,other
8367,young,M,high,emp,big,train
8368,adult,M,uni,emp,big,train
8369,adult,M,high,emp,big,train
8370,adult,M,uni,self,big,train
8371,adult,F,high,emp,big,car
8372,adult,F,high,emp,small,car
8373,adult,M,high,emp,big,car
8374,young,M,high,emp,big,car
8375,young,F,high,emp,big,other
8376,adult,M,uni,self,big,car
8377,old,M,high,emp,small,train
8378,young,M,high,emp,big,car
8379,young,F,high,emp,big,other
8380,young,M,high,emp,small,car
8381,adult,M,high,self,big,car
8382,adult,M,uni,emp,big,car
8383,adult,F,uni,emp,small,car
8384,old,M,high,emp,big,train
8385,young,F,high,emp,small,train
8386,adult,M,uni,emp,big,car
8387,adult,M,high,emp,big,car
8388,young,M,high,emp,big,car
8389,adult,M,high,emp,small,car
8390,adult,M,high,emp,small,car
8391,young,F,high,emp,big,train
8392,adult,F,high,emp,small,car
8393,old,M,high,emp,big,other
8394,old,M,high,emp,big,car
8395,adult,M,high,emp,big,train
8396,adult,M,high,emp,big,car
8397,adult,F,high,emp,big,car
8398,young,F,uni,emp,big,car
8399,adult,M,high,emp,small,car
8400,adult,F,high,emp,small,car
8401,young,F,uni,emp,big,other
8402,adult,M,high,emp,big,car
8403,old,M,high,emp,small,train
8404,old,F,high,emp,big,car
8405,young,M,high,emp,big,car
8406,young,F,high,emp,small,train
8407,young,F,high,emp,big,car
8408,young,M,high,emp,big,car
8409,young,M,high,emp,small,car
8410,adult,F,uni,emp,small,car
8411,old,F,high,self,big,car
8412,adult,F,high,emp,big,car
8413,adult,F,uni,emp,big,car
8414,adult,F,uni,emp,big,other
8415,young,M,uni,emp,big,car
8416,adult,M,high,emp,big,car
8417,old,M,high,emp,big,car
8418,young,M,high,emp,big,car
8419,adult,F,high,self,small,train
8420,old,M,high,emp,big,car
8421,old,M,high,emp,big,car
8422,adult,F,high,emp,big,train
8423,adult,F,high,emp,small,train
8424,adult,F,uni,self,big,car
8425,old,M,uni,emp,small,other
8426,young,F,uni,emp,big,train
8427,young,F,high,emp,big,car
8428,adult,F,high,emp,big,train
8429,young,M,uni,emp,small,other
8430,adult,F,high,emp,big,other
8431,adult,M,high,emp,big,train
8432,young,F,high,emp,big,car
8433,adult,M,uni,emp,small,car
8434,adult,M,uni,emp,big,other
8435,young,M,uni,emp,big,train
8436,adult,F,high,emp,big,car
8437,adult,M,high,emp,big,car
8438,old,M,high,emp,big,train
8439,young,M,high,emp,big,car
8440,adult,F,uni,emp,big,train
8441,old,M,high,emp,big,car
8442,young,M,high,emp,big,car
8443,young,M,uni,emp,big,car
8444,old,F,high,emp,big,car
8445,old,M,high,emp,big,car
8446,adult,M,high,emp,big,car
8447,adult,F,high,emp,big,car
8448,adult,F,high,emp,big,car
8449,adult,F,uni,emp,small,train
8450,young,M,high,emp,small,train
8451,young,M,high,emp,big,train
8452,adult,M,high,self,small,car
8453,young,M,high,self,small,other
8454,old,F,high,emp,small,car
8455,adult,M,uni,self,big,car
8456,adult,M,high,emp,big,train
8457,old,M,high,emp,big,train
8458,old,M,uni,emp,big,train
8459,adult,M,uni,emp,small,car
8460,old,M,high,emp,big,car
8461,young,F,uni,self,big,train
8462,adult,F,high,emp,big,car
8463,old,F,high,emp,big,train
8464,adult,M,high,emp,big,train
8465,young,M,high,emp,big,car
8466,adult,M,high,emp,big,car
8467,adult,F,high,emp,big,car
8468,adult,F,high,emp,big,other
8469,young,F,uni,emp,big,car
8470,adult,M,uni,emp,big,car
8471,adult,F,uni,emp,small,train
8472,adult,M,uni,emp,small,car
8473,adult,M,uni,emp,big,car
8474,adult,F,high,emp,small,car
8475,adult,M,high,emp,big,car
8476,adult,F,high,emp,big,train
8477,young,M,high,emp,big,train
8478,adult,M,high,emp,big,car
8479,adult,M,uni,emp,big,train
8480,young,M,uni,emp,small,train
8481,young,F,high,emp,big,car
8482,old,F,high,emp,big,car
8483,adult,M,high,self,big,car
8484,adult,F,high,emp,big,car
8485,adult,M,uni,emp,big,train
8486,adult,M,uni,emp,big,car
8487,old,F,high,emp,big,train
8488,young,M,high,emp,big,other
8489,old,F,uni,emp,small,train
8490,adult,M,high,emp,big,other
8491,adult,F,high,emp,small,train
8492,young,M,high,emp,big,other
8493,adult,F,high,emp,big,car
8494,adult,M,high,emp,big,other
8495,young,F,high,emp,big,other
8496,adult,M,high,emp,big,train
8497,adult,F,high,emp,big,car
8498,young,F,uni,emp,big,train
8499,young,M,high,emp,big,train
8500,old,F,uni,emp,big,car
8501,young,M,high,emp,small,car
8502,old,F,high,self,big,train
8503,adult,M,uni,emp,big,car
8504,adult,F,high,emp,big,car
8505,old,M,uni,emp,big,train
8506,young,F,high,emp,big,car
8507,young,F,high,emp,big,other
8508,young,M,high,emp,small,train
8509,young,F,uni,emp,big,train
8510,adult,F,uni,emp,big,car
8511,adult,M,uni,emp,big,car
8512,old,F,high,emp,big,car
8513,young,M,high,emp,big,other
8514,adult,F,high,self,small,train
8515,old,M,high,emp,big,other
8516,adult,M,high,emp,small,train
8517,adult,M,high,emp,big,car
8518,young,M,high,emp,big,car
8519,old,M,high,emp,big,train
8520,adult,F,high,emp,small,train
8521,adult,M,high,emp,big,train
8522,adult,F,high,emp,big,other
8523,old,F,high,emp,big,car
8524,old,F,uni,emp,big,train
8525,old,F,high,emp,small,other
8526,adult,M,high,emp,big,car
8527,adult,F,high,emp,big,car
8528,young,M,high,emp,big,train
8529,young,F,high,emp,small,train
8530,adult,M,high,emp,big,other
8531,old,M,high,emp,big,car
8532,adult,F,high,emp,big,car
8533,adult,M,high,emp,small,car
8534,adult,M,uni,emp,big,car
8535,adult,F,high,emp,big,car
8536,adult,M,uni,emp,big,car
8537,young,F,high,emp,big,car
8538,adult,M,high,emp,big,other
8539,adult,F,high,emp,big,car
8540,adult,M,high,emp,small,car
8541,old,M,high,emp,small,car
8542,old,M,high,emp,big,car
8543,adult,F,high,emp,big,car
8544,adult,F,high,emp,big,train
8545,adult,F,high,emp,small,other
8546,old,M,high,emp,big,car
8547,young,M,high,emp,big,other
8548,young,M,high,emp,big,car
8549,adult,M,high,emp,small,other
8550,adult,M,high,emp,big,car
8551,adult,M,high,emp,big,train
8552,adult,F,uni,self,small,train
8553,adult,F,uni,emp,big,car
8554,old,M,high,emp,small,car
8555,adult,F,high,emp,big,car
8556,adult,F,uni,emp,big,train
8557,young,M,uni,emp,big,car
8558,adult,M,uni,emp,small,car
8559,adult,M,high,emp,small,car
8560,adult,M,high,emp,small,other
8561,young,F,high,emp,big,car
8562,adult,F,high,emp,big,other
8563,adult,M,high,emp,small,train
8564,young,M,uni,emp,big,car
8565,young,F,high,emp,big,car
8566,old,M,high,emp,small,train
8567,adult,F,high,emp,big,car
8568,old,M,high,emp,big,car
8569,young,F,uni,emp,small,train
8570,adult,M,high,emp,big,car
8571,young,F,high,emp,big,other
8572,young,F,high,emp,small,train
8573,adult,M,high,emp,big,train
8574,adult,M,high,emp,small,car
8575,adult,M,uni,emp,small,train
8576,young,M,uni,emp,big,other
8577,young,M,high,emp,big,train
8578,young,F,high,emp,big,car
8579,young,F,high,emp,big,train
8580,old,F,high,emp,big,car
8581,adult,F,uni,emp,big,car
8582,old,F,high,emp,big,train
8583,young,F,uni,emp,big,other
8584,young,M,high,emp,big,car
8585,young,F,high,emp,big,car
8586,old,M,high,emp,big,other
8587,young,F,high,emp,big,car
8588,young,F,uni,emp,big,train
8589,adult,F,high,emp,big,car
8590,adult,M,high,emp,small,train
8591,old,M,high,emp,small,car
8592,young,F,high,emp,big,car
8593,young,F,high,emp,small,car
8594,adult,F,high,emp,big,train
8595,adult,M,high,emp,big,car
8596,adult,M,high,emp,big,car
8597,adult,M,high,emp,small,other
8598,young,F,high,emp,big,other
8599,adult,M,high,emp,big,train
8600,adult,M,high,emp,big,other
8601,adult,F,high,emp,small,car
8602,adult,M,uni,emp,big,train
8603,adult,F,high,emp,small,train
8604,adult,M,high,self,small,other
8605,old,F,high,emp,big,car
8606,young,F,uni,emp,big,train
8607,young,F,high,emp,big,car
8608,adult,F,uni,emp,big,car
8609,adult,M,uni,emp,big,other
8610,adult,M,high,emp,big,car
8611,young,M,high,emp,big,train
8612,young,M,high,emp,big,car
8613,adult,M,high,emp,small,car
8614,adult,M,high,emp,small,car
8615,adult,M,high,emp,big,train
8616,old,F,high,emp,big,train
8617,old,M,high,emp,big,car
8618,adult,M,high,emp,big,car
8619,young,M,high,emp,big,train
8620,old,M,high,emp,big,car
8621,old,M,high,emp,big,train
8622,adult,M,high,emp,big,other
8623,adult,M,high,emp,big,car
8624,adult,F,high,emp,big,car
8625,young,F,high,emp,small,car
8626,old,M,high,emp,big,car
8627,adult,F,high,emp,small,train
8628,young,M,uni,emp,small,car
8629,old,F,uni,emp,big,train
8630,young,M,high,emp,big,train
8631,adult,F,high,emp,small,car
8632,young,M,uni,emp,big,train
8633,adult,F,high,emp,big,car
8634,young,M,uni,emp,big,train
8635,old,F,high,emp,small,car
8636,old,M,high,emp,big,car
8637,young,M,uni,emp,big,car
8638,adult,M,uni,emp,big,other
8639,adult,M,uni,emp,big,other
8640,old,M,high,emp,small,car
8641,young,M,high,emp,big,train
8642,young,M,high,emp,big,train
8643,old,M,uni,emp,big,car
8644,young,M,high,emp,big,other
8645,young,F,high,emp,big,car
8646,adult,M,high,emp,big,car
8647,young,F,high,emp,big,car
8648,young,F,uni,emp,big,car
8649,young,F,high,emp,big,train
8650,adult,M,uni,emp,big,train
8651,young,M,high,emp,small,car
8652,young,M,uni,emp,big,car
8653,young,F,high,emp,small,other
8654,adult,M,high,emp,big,car
8655,young,F,uni,emp,small,train
8656,old,F,high,emp,big,car
8657,young,M,high,emp,big,car
8658,adult,M,uni,emp,big,car
8659,adult,M,high,emp,big,car
8660,adult,F,high,emp,big,car
8661,adult,M,high,emp,big,car
8662,adult,F,high,emp,big,car
8663,adult,M,high,emp,big,car
8664,adult,M,high,emp,big,car
8665,adult,M,high,emp,big,other
8666,adult,M,high,emp,big,car
8667,old,F,high,emp,big,car
8668,old,F,high,emp,small,train
8669,young,M,uni,emp,big,other
8670,young,F,uni,emp,big,car
8671,adult,M,uni,self,big,car
8672,young,M,high,emp,big,car
8673,adult,M,uni,emp,big,car
8674,old,F,high,emp,small,train
8675,young,M,uni,emp,big,car
8676,adult,F,high,emp,big,car
8677,adult,F,high,emp,big,car
8678,young,M,uni,emp,big,car
8679,old,M,uni,emp,big,car
8680,adult,F,high,emp,small,car
8681,young,M,uni,emp,big,car
8682,young,M,high,emp,small,train
8683,young,M,high,emp,big,train
8684,young,M,uni,emp,big,train
8685,adult,F,high,emp,big,car
8686,young,F,high,emp,big,other
8687,adult,M,high,emp,big,car
8688,adult,M,high,emp,big,car
8689,young,F,uni,emp,big,car
8690,adult,M,high,emp,big,car
8691,adult,F,uni,emp,big,other
8692,adult,F,uni,emp,big,other
8693,old,F,uni,emp,big,other
8694,old,F,uni,emp,small,car
8695,young,M,uni,self,small,train
8696,young,F,high,emp,big,car
8697,young,F,uni,emp,big,car
8698,adult,F,high,emp,big,car
8699,adult,M,high,emp,big,train
8700,young,M,high,emp,small,car
8701,adult,M,high,emp,big,car
8702,old,M,high,emp,big,car
8703,adult,M,high,emp,big,car
8704,adult,M,uni,emp,big,car
8705,young,M,high,emp,big,car
8706,adult,F,uni,emp,big,train
8707,old,M,high,emp,big,other
8708,young,M,high,emp,small,train
8709,adult,M,uni,self,big,car
8710,old,M,high,emp,big,car
8711,adult,F,high,self,big,car
8712,old,M,high,emp,big,car
8713,young,M,high,emp,small,car
8714,young,F,high,emp,big,car
8715,adult,M,high,emp,big,car
8716,adult,M,high,emp,big,car
8717,old,M,high,emp,big,other
8718,adult,M,high,emp,small,other
8719,old,F,high,emp,big,train
8720,old,F,high,emp,small,train
8721,adult,F,uni,emp,big,car
8722,young,F,high,emp,small,car
8723,adult,F,high,emp,big,train
8724,adult,F,high,emp,big,other
8725,adult,F,high,emp,big,other
8726,adult,M,high,emp,big,car
8727,adult,F,uni,emp,big,other
8728,young,M,high,emp,small,train
8729,young,M,high,emp,big,car
8730,young,M,high,emp,big,train
8731,adult,F,high,emp,small,car
8732,young,M,high,emp,big,car
8733,young,M,high,emp,big,car
8734,old,F,high,emp,big,car
8735,adult,F,high,emp,small,other
8736,adult,M,high,emp,small,train
8737,old,F,high,emp,big,other
8738,adult,M,high,emp,big,car
8739,adult,F,high,emp,small,car
8740,old,M,high,emp,big,other
8741,old,M,uni,emp,small,car
8742,old,F,uni,emp,big,car
8743,adult,F,high,emp,big,car
8744,old,F,high,emp,small,car
8745,old,M,high,emp,big,other
8746,old,M,high,emp,big,train
8747,adult,F,high,emp,big,car
8748,old,F,high,emp,big,train
8749,adult,F,uni,emp,big,other
8750,adult,M,high,emp,big,car
8751,adult,M,high,emp,big,train
8752,adult,M,high,emp,big,train
8753,old,M,uni,emp,big,train
8754,old,M,high,emp,big,car
8755,old,F,high,emp,big,car
8756,young,F,high,emp,big,other
8757,adult,M,high,emp,big,other
8758,adult,M,high,emp,small,car
8759,young,F,high,emp,small,train
8760,adult,M,high,emp,small,train
8761,adult,F,uni,emp,big,car
8762,adult,F,high,emp,big,other
8763,young,F,high,emp,big,car
8764,adult,M,high,emp,big,other
8765,adult,F,high,emp,small,other
8766,young,F,high,emp,big,car
8767,adult,F,uni,emp,big,other
8768,adult,M,high,emp,small,car
8769,old,M,high,emp,big,car
8770,old,M,high,emp,big,car
8771,old,F,high,emp,big,car
8772,adult,M,high,emp,big,train
8773,adult,M,uni,emp,big,other
8774,adult,M,high,emp,big,train
8775,old,M,uni,emp,big,car
8776,adult,F,uni,emp,big,train
8777,young,F,high,emp,big,car
8778,adult,M,high,emp,big,car
8779,adult,M,high,emp,big,train
8780,old,M,uni,emp,big,car
8781,adult,M,high,emp,big,other
8782,adult,M,high,emp,big,other
8783,adult,M,high,emp,big,car
8784,old,M,high,emp,big,car
8785,young,M,high,emp,small,car
8786,young,F,uni,emp,big,car
8787,adult,M,uni,self,big,other
8788,adult,F,high,emp,big,car
8789,adult,M,high,emp,small,car
8790,adult,M,high,emp,big,car
8791,young,F,high,emp,big,other
8792,adult,M,high,emp,small,car
8793,old,M,high,emp,big,car
8794,adult,M,high,emp,big,car
8795,adult,F,uni,self,big,train
8796,young,F,high,emp,big,train
8797,young,M,high,emp,big,car
8798,adult,M,high,emp,big,car
8799,adult,M,high,emp,big,car
8800,adult,F,high,emp,big,car
8801,adult,M,uni,emp,big,other
8802,young,M,high,emp,big,car
8803,adult,M,high,emp,big,car
8804,young,M,high,emp,small,train
8805,young,M,high,emp,big,train
8806,adult,M,high,emp,big,car
8807,adult,M,high,emp,big,car
8808,adult,M,high,emp,big,train
8809,adult,F,high,emp,big,car
8810,young,M,high,emp,small,train
8811,adult,F,high,emp,big,car
8812,adult,F,high,emp,big,car
8813,old,F,high,emp,big,car
8814,adult,M,uni,emp,big,train
8815,adult,M,high,emp,big,train
8816,adult,M,high,self,small,car
8817,adult,M,high,emp,small,car
8818,old,M,high,emp,small,car
8819,adult,F,high,emp,big,car
8820,adult,M,high,emp,big,other
8821,young,M,high,emp,big,car
8822,old,F,high,emp,big,train
8823,young,M,uni,emp,big,train
8824,adult,F,high,emp,big,car
8825,adult,F,high,emp,big,car
8826,adult,F,high,emp,big,car
8827,adult,M,high,emp,big,car
8828,adult,M,high,emp,big,car
8829,old,M,high,emp,big,car
8830,adult,M,uni,emp,big,other
8831,young,F,uni,emp,big,train
8832,old,F,high,emp,big,train
8833,adult,F,high,emp,big,other
8834,old,M,high,emp,big,car
8835,adult,M,high,emp,big,other
8836,adult,F,uni,emp,big,car
8837,adult,M,high,emp,big,other
8838,adult,M,high,emp,big,train
8839,adult,F,uni,emp,big,car
8840,adult,M,uni,emp,big,car
8841,young,M,high,emp,big,train
8842,young,M,high,emp,small,car
8843,adult,F,uni,emp,big,train
8844,adult,F,high,emp,big,car
8845,adult,F,high,emp,big,car
8846,adult,M,uni,emp,big,train
8847,adult,M,high,emp,big,car
8848,adult,M,uni,emp,small,car
8849,young,M,high,emp,big,car
8850,adult,F,uni,emp,big,train
8851,young,F,uni,self,big,car
8852,young,M,high,emp,big,car
8853,young,M,uni,emp,small,train
8854,adult,F,high,emp,big,train
8855,young,F,high,emp,big,car
8856,adult,F,high,emp,small,train
8857,adult,M,uni,emp,big,car
8858,adult,F,high,emp,big,car
8859,old,M,high,emp,big,car
8860,old,M,high,emp,big,car
8861,young,M,uni,emp,big,car
8862,adult,M,high,emp,big,train
8863,young,M,uni,self,big,car
8864,adult,F,high,emp,small,train
8865,young,F,high,emp,small,train
8866,old,M,high,emp,big,other
8867,young,M,uni,emp,big,car
8868,old,M,high,emp,small,car
8869,old,F,high,emp,small,other
8870,adult,F,high,emp,big,train
8871,young,F,high,emp,big,car
8872,old,M,high,emp,big,car
8873,adult,F,uni,emp,big,car
8874,adult,M,high,emp,big,car
8875,young,M,high,emp,big,car
8876,old,M,high,emp,big,other
8877,young,M,high,emp,big,car
8878,adult,F,high,emp,big,car
8879,young,M,high,emp,big,car
8880,young,M,high,emp,big,train
8881,adult,F,high,emp,small,car
8882,young,F,high,emp,small,car
8883,young,M,high,emp,big,car
8884,adult,M,high,emp,small,car
8885,adult,M,high,emp,small,car
8886,old,M,high,emp,big,train
8887,young,F,high,emp,big,car
8888,old,F,high,emp,small,car
8889,old,F,high,emp,big,car
8890,young,F,uni,emp,big,car
8891,old,F,uni,emp,small,train
8892,young,F,high,emp,big,train
8893,adult,M,high,emp,big,other
8894,adult,M,uni,emp,big,other
8895,adult,F,high,emp,big,car
8896,young,M,high,emp,big,other
8897,young,M,uni,emp,big,car
8898,adult,F,uni,emp,big,car
8899,young,M,uni,emp,small,car
8900,adult,M,high,emp,big,other
8901,adult,F,high,emp,big,car
8902,young,M,high,emp,big,train
8903,adult,M,high,emp,small,car
8904,adult,M,high,emp,big,car
8905,adult,M,high,emp,big,car
8906,adult,F,high,emp,small,train
8907,young,M,high,emp,small,other
8908,adult,M,high,emp,big,car
8909,adult,M,high,emp,big,train
8910,adult,M,uni,emp,big,car
8911,young,F,uni,emp,big,train
8912,young,M,high,emp,big,train
8913,young,F,uni,emp,big,car
8914,adult,M,high,emp,big,train
8915,adult,M,high,emp,big,other
8916,adult,M,high,emp,small,train
8917,adult,M,high,emp,big,train
8918,adult,F,uni,emp,big,car
8919,adult,F,uni,self,big,train
8920,adult,M,uni,emp,small,train
8921,young,M,high,emp,small,car
8922,young,M,high,emp,big,car
8923,adult,M,uni,emp,big,train
8924,adult,M,high,emp,big,car
8925,adult,F,high,emp,big,car
8926,adult,F,high,emp,small,car
8927,adult,M,high,emp,big,other
8928,adult,M,high,emp,big,other
8929,adult,F,high,emp,big,train
8930,adult,M,uni,emp,big,car
8931,adult,M,uni,emp,small,car
8932,old,F,high,emp,big,train
8933,young,M,uni,emp,big,car
8934,old,M,high,emp,big,car
8935,young,M,high,emp,small,other
8936,adult,M,uni,emp,big,car
8937,young,F,uni,emp,big,car
8938,adult,M,uni,emp,big,car
8939,young,M,uni,emp,big,train
8940,adult,F,uni,emp,big,car
8941,adult,M,high,emp,big,car
8942,young,F,uni,emp,big,car
8943,adult,F,uni,emp,big,car
8944,adult,F,high,emp,big,car
8945,adult,F,high,emp,big,other
8946,adult,F,uni,emp,big,car
8947,adult,M,uni,self,big,car
8948,young,M,uni,emp,small,other
8949,adult,M,high,self,big,car
8950,young,F,uni,emp,big,other
8951,adult,F,high,emp,big,train
8952,young,F,uni,emp,big,car
8953,young,M,high,emp,big,car
8954,young,F,uni,emp,big,car
8955,young,F,high,emp,big,car
8956,adult,F,high,emp,small,train
8957,old,F,high,emp,big,other
8958,adult,M,uni,emp,big,car
8959,young,M,high,emp,big,car
8960,young,F,high,emp,big,car
8961,young,F,uni,emp,big,car
8962,old,M,high,emp,big,train
8963,old,F,high,emp,big,car
8964,old,M,high,emp,big,car
8965,adult,M,high,emp,small,car
8966,adult,M,high,emp,big,car
8967,young,M,high,emp,big,car
8968,adult,M,high,emp,small,train
8969,young,M,high,emp,big,car
8970,adult,F,high,emp,big,car
8971,young,F,high,emp,big,other
8972,adult,M,high,emp,small,train
8973,adult,M,high,emp,big,train
8974,young,F,high,emp,big,car
8975,old,M,high,emp,big,train
8976,adult,M,high,emp,big,other
8977,old,F,high,emp,big,other
8978,old,M,high,emp,small,car
8979,old,M,high,emp,small,car
8980,adult,M,uni,emp,big,train
8981,young,F,high,emp,big,car
8982,old,F,high,emp,big,car
8983,young,M,high,emp,big,car
8984,adult,F,uni,emp,big,car
8985,adult,M,high,emp,big,train
8986,young,M,high,emp,small,train
8987,adult,M,high,emp,small,car
8988,young,F,high,emp,big,other
8989,adult,M,high,emp,small,car
8990,old,F,high,emp,big,car
8991,young,M,high,emp,big,car
8992,adult,F,high,emp,small,train
8993,adult,F,uni,emp,big,car
8994,adult,M,uni,emp,big,train
8995,adult,F,high,emp,big,other
8996,adult,M,high,emp,big,car
8997,adult,F,uni,emp,big,other
8998,old,M,high,emp,small,other
8999,young,M,high,emp,big,car
9000,young,M,high,emp,big,car
9001,adult,M,high,emp,big,train
9002,young,M,high,emp,big,car
9003,adult,M,high,emp,big,car
9004,adult,F,uni,emp,big,other
9005,adult,F,high,emp,big,car
9006,young,M,high,emp,big,car
9007,adult,M,uni,emp,big,train
9008,young,F,uni,emp,big,other
9009,young,M,high,emp,big,train
9010,young,M,uni,emp,big,car
9011,young,F,high,self,small,other
9012,old,M,uni,emp,small,car
9013,young,F,high,emp,big,car
9014,old,M,uni,emp,small,car
9015,old,F,high,emp,big,train
9016,adult,M,uni,emp,small,car
9017,young,F,uni,emp,big,other
9018,young,F,high,emp,small,car
9019,young,F,high,emp,big,car
9020,young,F,high,emp,big,car
9021,old,F,high,emp,big,other
9022,old,M,high,emp,big,car
9023,young,F,uni,emp,small,car
9024,young,M,high,emp,big,car
9025,adult,F,high,emp,big,car
9026,old,M,high,emp,small,car
9027,adult,M,uni,emp,small,train
9028,young,F,high,emp,big,car
9029,adult,M,high,emp,small,train
9030,young,M,high,emp,big,car
9031,adult,M,high,emp,big,other
9032,adult,M,high,emp,big,car
9033,adult,F,uni,emp,big,car
9034,young,M,uni,emp,big,car
9035,young,M,high,emp,big,car
9036,young,F,uni,emp,big,car
9037,adult,F,uni,emp,big,other
9038,adult,F,high,self,big,car
9039,old,F,uni,emp,big,other
9040,adult,M,high,self,big,other
9041,adult,M,high,emp,small,train
9042,old,F,high,emp,big,car
9043,adult,F,high,emp,big,car
9044,old,M,high,emp,small,car
9045,young,F,high,emp,big,train
9046,old,F,high,emp,big,car
9047,old,M,high,emp,small,train
9048,adult,F,high,emp,small,other
9049,young,M,high,emp,small,train
9050,adult,M,high,emp,big,car
9051,adult,M,high,emp,big,car
9052,old,M,high,self,big,car
9053,young,F,high,self,big,train
9054,young,M,high,emp,small,train
9055,adult,M,uni,emp,big,car
9056,old,M,high,emp,big,car
9057,young,F,uni,emp,big,other
9058,adult,F,high,emp,small,car
9059,adult,M,high,self,big,other
9060,adult,F,high,emp,big,train
9061,adult,M,high,emp,big,train
9062,young,M,uni,emp,big,car
9063,young,M,high,emp,small,other
9064,young,F,uni,emp,big,other
9065,young,M,uni,emp,big,car
9066,young,M,uni,emp,big,car
9067,adult,M,high,emp,big,car
9068,young,M,high,emp,big,train
9069,young,M,uni,emp,small,car
9070,young,M,high,emp,big,car
9071,young,M,high,emp,big,car
9072,old,M,high,emp,big,car
9073,young,F,high,emp,big,car
9074,adult,F,high,emp,big,car
9075,adult,M,high,emp,small,car
9076,young,F,high,emp,big,car
9077,adult,M,uni,emp,big,train
9078,young,M,high,emp,small,car
9079,adult,M,uni,emp,big,other
9080,adult,M,uni,emp,small,car
9081,young,M,uni,emp,big,other
9082,adult,M,high,emp,big,car
9083,adult,M,uni,emp,big,other
9084,adult,M,high,emp,big,train
9085,old,M,high,emp,small,train
9086,old,M,high,emp,small,car
9087,old,M,high,emp,big,train
9088,old,M,high,emp,big,train
9089,adult,F,high,emp,big,train
9090,old,M,uni,emp,big,car
9091,adult,M,uni,emp,big,train
9092,old,M,high,emp,big,car
9093,young,M,high,emp,big,train
9094,young,M,high,emp,small,other
9095,adult,F,high,emp,big,car
9096,adult,M,high,emp,big,other
9097,adult,M,high,emp,small,car
9098,young,F,high,emp,small,other
9099,adult,F,uni,self,small,car
9100,adult,M,high,emp,big,other
9101,adult,M,uni,emp,big,other
9102,adult,M,high,emp,big,car
9103,adult,M,high,emp,big,train
9104,adult,M,high,emp,big,car
9105,young,M,high,emp,small,car
9106,young,M,high,emp,small,car
9107,adult,F,high,emp,big,car
9108,young,M,high,emp,big,other
9109,old,M,uni,emp,big,train
9110,adult,F,high,emp,big,train
9111,adult,M,uni,emp,small,car
9112,young,M,high,emp,small,train
9113,adult,F,uni,emp,big,car
9114,adult,M,high,emp,big,car
9115,adult,F,uni,emp,small,car
9116,young,F,uni,emp,small,train
9117,adult,F,high,emp,big,train
9118,adult,F,high,emp,big,train
9119,young,M,high,emp,big,train
9120,adult,M,high,emp,small,train
9121,adult,M,high,emp,small,car
9122,adult,M,high,emp,big,car
9123,adult,M,high,emp,small,train
9124,old,F,uni,emp,big,car
9125,adult,M,high,emp,big,car
9126,young,F,high,emp,big,car
9127,young,M,high,emp,big,car
9128,old,F,uni,emp,big,car
9129,adult,M,high,emp,small,train
9130,young,F,uni,emp,big,other
9131,old,M,high,emp,big,other
9132,adult,M,high,emp,small,train
9133,adult,F,uni,self,big,other
9134,adult,M,high,emp,big,train
9135,adult,M,uni,emp,big,car
9136,young,F,uni,emp,big,car
9137,adult,M,high,emp,big,car
9138,adult,F,high,emp,big,car
9139,old,F,high,emp,small,train
9140,adult,M,uni,self,big,car
9141,young,F,high,emp,big,car
9142,young,M,high,emp,big,car
9143,adult,M,high,emp,small,train
9144,old,F,high,emp,big,car
9145,old,F,high,emp,big,car
9146,adult,F,high,emp,big,car
9147,adult,M,high,emp,big,train
9148,old,F,high,emp,big,car
9149,adult,M,high,emp,big,car
9150,adult,M,uni,emp,big,car
9151,adult,F,high,emp,big,train
9152,adult,M,high,emp,big,car
9153,young,M,high,emp,big,other
9154,adult,M,high,emp,big,car
9155,young,M,high,emp,small,car
9156,young,F,high,emp,big,car
9157,adult,M,high,emp,big,train
9158,young,M,high,emp,big,car
9159,adult,M,high,emp,small,train
9160,adult,F,uni,emp,big,car
9161,young,M,high,emp,small,train
9162,young,M,high,emp,big,car
9163,adult,F,high,self,big,car
9164,adult,M,high,emp,big,train
9165,old,F,high,emp,big,train
9166,adult,F,uni,emp,big,car
9167,young,M,uni,emp,big,other
9168,adult,M,high,emp,small,train
9169,young,F,high,emp,big,car
9170,young,F,high,emp,big,other
9171,young,M,high,emp,big,other
9172,adult,F,high,emp,big,car
9173,adult,M,high,emp,small,train
9174,young,F,high,emp,big,car
9175,young,M,high,emp,big,other
9176,old,F,high,emp,big,other
9177,old,M,high,emp,big,car
9178,adult,F,high,emp,big,car
9179,adult,M,high,emp,big,car
9180,adult,M,uni,emp,big,train
9181,young,M,high,emp,big,car
9182,adult,M,high,emp,big,car
9183,adult,M,high,emp,big,car
9184,adult,M,high,emp,big,other
9185,adult,F,high,emp,big,other
9186,adult,M,high,emp,big,car
9187,adult,F,uni,emp,small,car
9188,adult,F,uni,emp,big,train
9189,young,M,uni,emp,big,car
9190,young,M,high,emp,small,train
9191,young,F,uni,emp,small,car
9192,young,M,high,emp,small,car
9193,young,M,high,emp,big,other
9194,old,M,high,emp,big,car
9195,adult,F,high,emp,small,train
9196,adult,M,uni,emp,small,train
9197,adult,F,uni,emp,small,car
9198,young,F,uni,emp,big,car
9199,adult,F,uni,emp,big,car
9200,young,F,high,emp,big,other
9201,adult,M,high,emp,small,train
9202,young,F,uni,emp,big,car
9203,adult,M,high,emp,big,car
9204,adult,M,uni,emp,big,car
9205,adult,M,high,emp,big,car
9206,young,M,high,emp,small,train
9207,adult,M,uni,emp,big,car
9208,old,F,high,emp,big,car
9209,adult,M,high,self,big,train
9210,young,M,high,emp,small,car
9211,young,M,high,emp,small,train
9212,adult,F,high,emp,big,other
9213,young,M,uni,emp,big,car
9214,old,F,high,emp,big,car
9215,young,M,uni,emp,big,car
9216,young,F,high,emp,big,car
9217,adult,M,uni,self,small,car
9218,adult,M,high,emp,big,car
9219,adult,M,uni,emp,big,train
9220,young,M,high,emp,small,train
9221,adult,M,uni,emp,big,train
9222,adult,M,uni,emp,big,car
9223,adult,M,uni,emp,big,train
9224,adult,M,high,emp,big,car
9225,adult,F,high,emp,big,train
9226,old,F,uni,emp,big,car
9227,adult,F,high,emp,small,car
9228,adult,M,high,emp,big,other
9229,adult,F,high,emp,big,other
9230,young,M,uni,emp,small,train
9231,adult,F,uni,emp,big,car
9232,young,M,high,emp,small,train
9233,adult,F,uni,emp,big,train
9234,adult,M,high,emp,big,other
9235,old,F,high,emp,big,train
9236,young,M,high,emp,small,other
9237,young,M,uni,emp,small,car
9238,adult,M,uni,emp,big,car
9239,adult,F,high,emp,big,car
9240,old,M,high,emp,big,other
9241,adult,F,high,emp,big,car
9242,adult,M,high,emp,big,other
9243,old,M,high,emp,big,car
9244,adult,M,high,emp,big,car
9245,young,M,high,emp,big,car
9246,adult,M,high,emp,big,car
9247,adult,F,high,emp,big,car
9248,adult,F,high,emp,big,car
9249,old,F,high,self,big,car
9250,young,M,uni,emp,small,train
9251,young,M,high,emp,big,car
9252,young,F,high,emp,small,car
9253,old,M,uni,emp,big,car
9254,adult,M,uni,emp,big,car
9255,adult,M,high,emp,big,car
9256,old,M,high,emp,big,car
9257,old,F,high,emp,big,car
9258,adult,F,high,emp,big,train
9259,old,M,high,emp,small,train
9260,adult,M,uni,emp,big,car
9261,old,M,high,emp,big,car
9262,adult,M,high,emp,big,car
9263,young,F,high,emp,small,train
9264,young,M,high,emp,big,car
9265,adult,M,high,emp,big,car
9266,adult,F,uni,emp,big,car
9267,adult,M,high,emp,small,other
9268,adult,M,high,self,small,train
9269,young,M,uni,emp,big,train
9270,adult,F,uni,emp,big,other
9271,young,M,uni,emp,big,car
9272,young,F,high,emp,big,car
9273,old,F,high,emp,big,car
9274,young,F,high,self,big,car
9275,old,M,high,emp,big,car
9276,adult,M,high,emp,big,car
9277,adult,M,high,emp,small,train
9278,young,F,uni,emp,small,car
9279,adult,M,uni,emp,big,other
9280,young,F,high,emp,big,train
9281,adult,M,uni,emp,small,car
9282,young,M,high,emp,big,car
9283,young,M,high,emp,big,train
9284,young,F,uni,emp,small,train
9285,old,M,high,emp,big,car
9286,young,M,high,emp,small,train
9287,adult,M,high,emp,big,other
9288,adult,M,high,emp,big,car
9289,old,F,high,emp,big,car
9290,adult,M,high,emp,big,car
9291,old,F,high,emp,big,car
9292,old,M,high,emp,big,car
9293,adult,F,uni,self,big,train
9294,young,M,high,emp,big,car
9295,young,M,high,self,small,train
9296,old,M,high,emp,small,train
9297,young,F,high,emp,big,car
9298,adult,M,high,emp,big,other
9299,adult,M,high,emp,small,train
9300,old,F,high,emp,big,car
9301,old,M,high,emp,big,train
9302,adult,F,uni,emp,big,car
9303,adult,M,high,emp,small,car
9304,young,F,uni,emp,big,train
9305,old,M,uni,emp,big,train
9306,adult,M,high,emp,small,car
9307,young,F,high,emp,big,train
9308,adult,F,high,emp,big,car
9309,young,M,high,emp,big,car
9310,young,F,high,emp,big,car
9311,adult,M,uni,emp,big,car
9312,young,M,uni,self,big,train
9313,old,M,high,emp,big,other
9314,young,F,uni,emp,big,other
9315,old,M,high,emp,big,car
9316,adult,M,high,emp,big,car
9317,adult,M,high,emp,big,other
9318,adult,F,high,emp,small,train
9319,old,M,high,emp,big,car
9320,adult,F,high,emp,big,train
9321,adult,F,high,emp,big,train
9322,young,M,high,emp,big,car
9323,old,F,high,emp,big,car
9324,adult,M,uni,emp,big,car
9325,young,F,uni,emp,big,car
9326,adult,M,high,emp,big,car
9327,old,M,high,emp,big,car
9328,young,M,uni,emp,big,car
9329,old,F,high,emp,big,train
9330,adult,M,high,emp,big,car
9331,adult,F,high,emp,small,other
9332,adult,M,high,emp,big,other
9333,old,M,high,emp,big,car
9334,adult,M,high,emp,small,car
9335,adult,F,high,emp,big,train
9336,adult,F,uni,emp,big,other
9337,adult,M,high,emp,small,train
9338,adult,M,uni,emp,small,train
9339,adult,M,high,emp,big,car
9340,young,M,high,emp,big,car
9341,young,F,high,emp,big,other
9342,adult,F,high,emp,big,other
9343,old,M,uni,emp,big,car
9344,old,F,high,emp,big,train
9345,adult,F,uni,emp,big,car
9346,old,M,high,emp,big,car
9347,young,F,high,emp,big,other
9348,adult,F,high,self,big,car
9349,adult,M,high,emp,big,train
9350,adult,M,high,emp,big,other
9351,young,F,uni,emp,big,train
9352,adult,M,uni,emp,small,train
9353,adult,F,uni,emp,small,train
9354,old,F,high,emp,small,train
9355,adult,M,high,emp,big,train
9356,old,F,high,emp,small,car
9357,old,M,high,emp,big,car
9358,young,M,high,emp,big,other
9359,adult,M,uni,emp,big,car
9360,adult,M,high,self,small,train
9361,adult,M,uni,emp,small,car
9362,adult,F,high,emp,small,train
9363,young,M,high,emp,big,car
9364,young,F,high,emp,big,train
9365,adult,M,high,emp,small,train
9366,adult,M,uni,emp,big,car
9367,adult,M,high,emp,big,other
9368,adult,M,high,emp,big,train
9369,young,F,high,emp,big,train
9370,old,M,high,emp,big,car
9371,adult,M,high,emp,big,car
9372,young,M,uni,emp,big,car
9373,adult,M,high,emp,big,train
9374,young,F,uni,emp,big,car
9375,adult,M,uni,emp,big,car
9376,adult,F,high,emp,small,car
9377,adult,M,high,emp,big,train
9378,old,F,high,emp,big,train
9379,young,F,uni,emp,big,car
9380,old,F,high,emp,big,train
9381,adult,F,high,emp,big,car
9382,old,F,high,emp,small,train
9383,adult,M,high,emp,big,other
9384,young,M,uni,emp,big,car
9385,young,F,high,emp,big,train
9386,old,M,high,emp,big,other
9387,adult,M,uni,emp,big,car
9388,young,M,uni,emp,big,train
9389,young,M,high,emp,big,car
9390,adult,F,high,emp,big,car
9391,young,M,high,emp,big,car
9392,adult,M,high,emp,big,car
9393,adult,M,high,emp,big,train
9394,adult,M,uni,emp,small,train
9395,adult,M,high,emp,small,other
9396,adult,M,high,emp,small,car
9397,old,M,uni,self,big,train
9398,adult,F,high,emp,small,car
9399,adult,M,high,emp,big,car
9400,adult,M,high,emp,big,car
9401,adult,M,high,emp,big,car
9402,old,F,high,self,small,other
9403,old,F,high,emp,small,train
9404,adult,F,high,self,big,car
9405,old,F,high,emp,small,train
9406,adult,F,high,emp,big,car
9407,young,M,high,emp,small,car
9408,young,F,uni,emp,big,train
9409,young,F,high,emp,small,train
9410,young,F,high,emp,big,car
9411,adult,F,uni,emp,big,car
9412,young,M,high,emp,big,train
9413,young,F,high,emp,big,other
9414,young,F,uni,emp,big,other
9415,young,M,high,emp,big,other
9416,adult,M,uni,emp,big,train
9417,young,F,uni,emp,small,car
9418,adult,F,high,emp,big,car
9419,adult,M,high,emp,small,car
9420,adult,M,high,emp,big,other
9421,old,M,high,emp,big,train
9422,young,M,uni,emp,small,train
9423,young,M,high,emp,big,car
9424,young,M,high,emp,small,train
9425,adult,F,high,emp,big,train
9426,young,F,uni,emp,big,train
9427,old,F,high,emp,big,car
9428,young,F,high,emp,small,car
9429,old,M,high,emp,big,other
9430,old,M,high,emp,big,car
9431,adult,M,high,emp,big,car
9432,adult,M,uni,emp,big,train
9433,adult,M,high,self,big,other
9434,young,M,high,emp,small,car
9435,adult,F,high,emp,big,train
9436,adult,F,high,emp,big,car
9437,old,M,high,emp,small,train
9438,old,M,uni,emp,big,car
9439,young,M,high,emp,big,train
9440,adult,F,high,emp,big,car
9441,young,F,high,emp,big,car
9442,young,M,high,emp,big,car
9443,adult,M,uni,emp,big,car
9444,old,F,high,emp,big,other
9445,adult,M,uni,emp,big,car
9446,young,F,high,emp,big,other
9447,old,M,high,emp,small,train
9448,adult,M,high,emp,small,car
9449,old,M,high,emp,small,train
9450,adult,M,high,emp,big,car
9451,young,M,high,emp,small,other
9452,adult,M,uni,emp,big,car
9453,old,F,high,emp,big,car
9454,adult,M,high,emp,small,train
9455,adult,M,uni,emp,big,car
9456,old,M,high,emp,big,other
9457,adult,F,high,emp,big,car
9458,old,M,high,emp,small,car
9459,young,F,high,emp,small,train
9460,young,F,uni,emp,big,car
9461,adult,M,uni,emp,big,car
9462,adult,M,high,emp,big,car
9463,adult,F,uni,emp,big,car
9464,adult,M,high,emp,big,car
9465,old,F,uni,emp,big,other
9466,adult,M,high,emp,big,car
9467,adult,M,uni,emp,big,car
9468,old,F,high,emp,big,train
9469,old,M,high,emp,big,car
9470,old,M,uni,emp,big,car
9471,old,M,high,emp,big,car
9472,young,M,high,emp,small,car
9473,old,F,high,emp,big,other
9474,adult,M,high,emp,big,car
9475,adult,M,uni,emp,big,car
9476,old,M,high,emp,big,car
9477,young,M,uni,emp,big,train
9478,young,M,high,emp,big,other
9479,young,F,uni,emp,big,car
9480,adult,M,high,emp,big,car
9481,adult,M,high,emp,big,train
9482,adult,M,high,emp,big,car
9483,young,F,high,emp,small,train
9484,old,M,high,emp,big,train
9485,old,F,high,emp,big,other
9486,adult,F,uni,emp,big,car
9487,adult,F,high,emp,small,car
9488,adult,F,high,emp,big,train
9489,old,M,high,emp,small,car
9490,adult,F,high,emp,big,other
9491,adult,M,high,emp,big,car
9492,young,M,uni,emp,big,car
9493,adult,F,uni,emp,small,car
9494,adult,M,high,emp,big,car
9495,old,F,high,emp,small,train
9496,adult,M,uni,emp,small,car
9497,young,M,high,emp,big,car
9498,old,M,high,emp,big,car
9499,old,M,uni,emp,small,car
9500,old,M,high,emp,small,train
9501,adult,M,high,emp,big,car
9502,adult,M,high,emp,big,train
9503,adult,M,uni,emp,big,car
9504,adult,F,high,emp,big,car
9505,old,M,high,emp,big,train
9506,adult,M,high,emp,big,car
9507,adult,M,uni,emp,small,train
9508,adult,M,high,emp,small,train
9509,adult,M,high,emp,big,other
9510,adult,M,high,emp,small,train
9511,adult,M,high,emp,small,train
9512,adult,M,uni,emp,big,car
9513,adult,F,high,self,big,train
9514,old,M,high,emp,small,train
9515,young,F,high,emp,big,car
9516,adult,M,high,emp,small,train
9517,young,F,high,emp,big,car
9518,young,M,high,emp,big,train
9519,young,F,uni,self,small,train
9520,young,F,high,emp,big,car
9521,adult,F,high,emp,big,train
9522,adult,M,high,emp,small,car
9523,adult,M,high,emp,big,train
9524,adult,M,uni,emp,small,car
9525,old,M,high,emp,small,train
9526,young,M,high,emp,small,other
9527,adult,F,uni,emp,small,train
9528,young,M,high,emp,big,car
9529,old,F,high,emp,big,train
9530,young,M,high,emp,big,car
9531,adult,M,high,emp,big,car
9532,adult,F,uni,emp,small,other
9533,adult,M,high,emp,big,car
9534,young,M,high,emp,big,car
9535,young,F,high,emp,big,car
9536,old,F,high,emp,big,car
9537,old,M,high,emp,small,car
9538,young,M,high,emp,big,car
9539,young,M,high,emp,big,train
9540,old,M,high,emp,big,train
9541,young,M,high,emp,big,car
9542,adult,M,uni,emp,big,car
9543,young,F,high,emp,big,other
9544,adult,M,high,emp,big,car
9545,old,F,high,self,small,car
9546,young,F,uni,emp,big,car
9547,adult,M,high,emp,small,train
9548,adult,F,high,emp,big,other
9549,young,M,uni,emp,big,train
9550,adult,F,high,emp,big,train
9551,young,F,uni,emp,big,train
9552,adult,M,uni,emp,big,car
9553,old,M,high,emp,small,car
9554,young,M,high,emp,big,train
9555,adult,F,uni,self,big,train
9556,old,M,high,emp,big,train
9557,adult,M,high,emp,big,car
9558,young,M,uni,emp,big,car
9559,adult,M,high,emp,small,train
9560,adult,F,high,emp,big,car
9561,adult,M,high,emp,small,car
9562,adult,M,uni,emp,big,train
9563,young,F,high,emp,big,other
9564,old,M,high,emp,big,car
9565,adult,F,high,emp,big,other
9566,young,F,high,emp,big,car
9567,adult,M,high,emp,big,car
9568,adult,M,high,emp,big,train
9569,adult,F,uni,emp,big,car
9570,young,M,high,emp,big,car
9571,adult,M,uni,emp,big,car
9572,adult,M,uni,emp,big,car
9573,adult,M,high,emp,small,train
9574,young,M,uni,emp,big,other
9575,young,F,high,emp,big,car
9576,adult,F,high,self,small,train
9577,young,F,high,emp,small,train
9578,adult,F,high,emp,small,train
9579,adult,F,high,emp,small,other
9580,adult,F,high,emp,big,train
9581,adult,F,high,emp,big,car
9582,young,M,uni,emp,big,train
9583,young,M,uni,emp,big,train
9584,young,M,high,emp,big,car
9585,old,M,high,emp,small,car
9586,adult,F,uni,emp,big,car
9587,young,M,uni,emp,small,train
9588,young,M,high,emp,big,car
9589,old,F,uni,emp,big,car
9590,adult,M,uni,emp,big,other
9591,old,M,high,emp,big,car
9592,young,M,uni,emp,big,car
9593,young,M,high,emp,big,car
9594,adult,F,high,emp,big,car
9595,young,M,high,emp,big,car
9596,young,M,high,emp,big,car
9597,adult,M,high,emp,big,car
9598,adult,M,high,emp,small,train
9599,young,M,uni,emp,big,car
9600,old,M,high,emp,big,car
9601,young,M,high,emp,big,car
9602,adult,M,uni,emp,small,train
9603,adult,M,uni,emp,big,train
9604,adult,F,high,emp,small,car
9605,adult,M,high,emp,small,car
9606,adult,M,high,emp,big,other
9607,young,M,high,emp,small,train
9608,old,M,uni,emp,small,train
9609,adult,M,high,emp,big,car
9610,adult,M,uni,emp,big,car
9611,adult,F,high,emp,small,train
9612,young,F,high,emp,big,car
9613,young,F,uni,emp,small,car
9614,young,F,high,emp,big,car
9615,young,F,high,emp,big,train
9616,young,F,high,emp,big,other
9617,young,M,high,emp,big,car
9618,adult,M,high,emp,small,other
9619,young,M,high,emp,big,train
9620,young,F,uni,emp,big,car
9621,young,F,high,emp,big,car
9622,adult,M,uni,emp,big,car
9623,adult,F,high,emp,big,car
9624,adult,F,high,emp,big,car
9625,adult,F,high,emp,big,car
9626,young,F,uni,emp,big,car
9627,old,F,high,emp,big,other
9628,old,F,uni,emp,big,car
9629,young,M,high,emp,big,car
9630,young,M,high,emp,big,car
9631,adult,M,high,emp,big,car
9632,young,M,high,emp,big,train
9633,adult,M,high,self,big,car
9634,adult,M,uni,emp,small,train
9635,adult,M,high,emp,small,car
9636,young,F,high,emp,small,other
9637,young,M,high,emp,big,car
9638,adult,M,high,emp,big,car
9639,adult,F,uni,emp,small,other
9640,old,F,high,emp,small,train
9641,adult,F,uni,emp,big,train
9642,old,M,high,emp,big,car
9643,old,M,high,emp,big,train
9644,adult,M,high,emp,big,other
9645,adult,M,high,self,big,car
9646,young,F,uni,emp,big,train
9647,adult,M,high,emp,big,train
9648,adult,F,high,emp,big,train
9649,adult,F,high,emp,big,car
9650,adult,M,high,emp,big,other
9651,adult,F,high,emp,big,train
9652,old,F,high,emp,big,other
9653,adult,M,high,emp,big,car
9654,adult,M,uni,emp,big,train
9655,young,M,uni,emp,big,car
9656,young,M,high,emp,big,car
9657,adult,F,uni,emp,small,train
9658,young,M,uni,emp,big,other
9659,young,F,high,emp,big,train
9660,adult,M,uni,emp,big,train
9661,adult,M,high,emp,small,car
9662,adult,M,high,emp,small,car
9663,young,M,high,emp,small,train
9664,old,M,high,emp,big,car
9665,young,M,high,emp,big,train
9666,adult,F,uni,emp,big,car
9667,adult,M,high,emp,big,car
9668,adult,M,uni,emp,small,car
9669,adult,M,high,emp,small,train
9670,adult,F,uni,emp,big,car
9671,adult,F,high,emp,big,train
9672,adult,M,high,emp,small,train
9673,adult,M,high,emp,big,car
9674,young,M,high,emp,big,train
9675,young,M,high,emp,big,car
9676,young,M,high,emp,big,car
9677,adult,M,high,emp,big,train
9678,old,M,high,self,big,train
9679,adult,M,uni,emp,small,car
9680,old,M,high,emp,big,car
9681,adult,M,high,emp,small,car
9682,adult,M,high,emp,small,car
9683,old,M,high,emp,big,car
9684,adult,M,high,emp,small,car
9685,adult,M,uni,emp,big,car
9686,old,F,high,emp,small,car
9687,adult,F,uni,emp,big,train
9688,old,F,high,emp,big,car
9689,young,F,high,emp,small,other
9690,old,F,high,emp,big,car
9691,young,F,high,emp,small,train
9692,adult,M,high,emp,big,car
9693,old,M,high,emp,big,car
9694,adult,M,high,emp,big,car
9695,young,M,high,emp,big,car
9696,young,M,uni,emp,big,car
9697,adult,M,high,emp,big,car
9698,adult,M,uni,emp,small,train
9699,young,M,high,emp,big,car
9700,young,M,high,emp,small,car
9701,young,M,high,emp,small,other
9702,old,F,high,emp,small,car
9703,old,M,high,emp,big,car
9704,adult,F,uni,emp,big,car
9705,adult,M,uni,emp,big,car
9706,old,M,uni,emp,big,car
9707,old,M,uni,emp,big,car
9708,adult,F,high,emp,big,car
9709,old,F,high,emp,big,car
9710,young,F,uni,emp,big,car
9711,adult,M,uni,emp,small,car
9712,young,F,high,emp,big,car
9713,adult,F,high,emp,big,car
9714,young,M,high,emp,big,train
9715,old,M,high,emp,small,car
9716,old,F,high,emp,big,car
9717,adult,M,high,emp,small,car
9718,old,M,uni,emp,big,car
9719,young,F,uni,emp,big,other
9720,old,M,high,emp,big,train
9721,young,F,high,emp,big,train
9722,old,M,high,emp,big,car
9723,adult,F,high,emp,big,car
9724,young,M,high,emp,big,car
9725,adult,F,uni,emp,big,car
9726,young,M,high,emp,big,train
9727,adult,F,high,emp,big,car
9728,adult,M,high,emp,big,car
9729,old,M,high,emp,big,car
9730,young,F,uni,emp,small,car
9731,young,M,high,emp,big,car
9732,adult,M,high,emp,small,car
9733,young,F,high,emp,big,car
9734,adult,F,high,emp,small,other
9735,old,F,high,emp,big,car
9736,old,M,uni,self,small,car
9737,adult,M,high,emp,big,other
9738,adult,F,high,emp,small,train
9739,young,M,high,emp,small,car
9740,young,M,uni,emp,small,train
9741,old,F,high,emp,big,car
9742,adult,M,uni,emp,big,car
9743,young,F,high,emp,small,car
9744,adult,M,high,self,big,car
9745,adult,M,uni,emp,big,car
9746,adult,M,high,emp,small,other
9747,adult,M,high,emp,big,other
9748,adult,M,high,emp,small,train
9749,adult,M,high,self,small,train
9750,old,F,high,emp,small,other
9751,adult,M,uni,emp,big,train
9752,adult,F,high,emp,big,car
9753,adult,M,uni,emp,small,car
9754,young,F,high,emp,big,car
9755,old,M,high,emp,big,train
9756,young,F,uni,emp,big,train
9757,old,F,high,emp,big,car
9758,old,F,high,emp,big,car
9759,young,M,high,emp,big,car
9760,young,M,uni,emp,big,car
9761,young,F,high,emp,big,car
9762,adult,F,uni,emp,big,car
9763,young,F,uni,emp,big,car
9764,adult,M,high,emp,big,car
9765,old,M,high,emp,small,train
9766,old,F,high,emp,big,car
9767,young,M,uni,emp,big,other
9768,old,M,high,emp,small,train
9769,young,M,high,emp,small,car
9770,adult,M,high,emp,big,car
9771,adult,M,high,emp,big,other
9772,old,M,high,emp,big,car
9773,old,M,high,emp,small,car
9774,adult,F,high,emp,big,train
9775,adult,F,uni,emp,big,car
9776,adult,F,uni,self,big,car
9777,young,M,high,emp,big,car
9778,old,M,high,emp,small,other
9779,adult,M,uni,emp,small,car
9780,adult,M,high,emp,big,train
9781,adult,F,high,emp,small,train
9782,young,M,uni,emp,big,car
9783,adult,M,uni,emp,big,other
9784,old,F,high,emp,big,car
9785,adult,M,high,emp,big,car
9786,adult,F,uni,emp,big,car
9787,old,M,high,self,big,car
9788,old,M,high,emp,big,other
9789,adult,M,high,emp,big,car
9790,adult,M,high,emp,small,car
9791,young,F,high,emp,big,car
9792,adult,M,high,emp,big,car
9793,adult,M,high,self,big,other
9794,adult,F,high,emp,big,car
9795,old,F,high,emp,big,car
9796,adult,M,high,emp,big,train
9797,adult,F,high,emp,big,car
9798,adult,F,high,emp,big,car
9799,adult,M,high,emp,big,train
9800,adult,M,uni,emp,big,train
9801,adult,M,uni,emp,big,train
9802,adult,M,uni,emp,small,train
9803,adult,F,uni,self,big,car
9804,old,F,high,self,big,train
9805,old,M,high,emp,big,train
9806,adult,F,high,emp,small,car
9807,old,F,high,emp,big,train
9808,adult,M,high,emp,big,other
9809,old,F,uni,emp,big,car
9810,adult,F,high,emp,big,train
9811,adult,M,uni,emp,big,car
9812,young,M,uni,emp,big,other
9813,old,M,high,emp,big,car
9814,adult,M,high,emp,big,train
9815,adult,M,high,emp,big,car
9816,young,F,high,emp,small,car
9817,adult,M,high,emp,big,train
9818,young,F,uni,emp,big,car
9819,adult,M,high,emp,big,car
9820,young,M,high,emp,big,car
9821,adult,F,high,emp,big,car
9822,adult,M,high,emp,big,car
9823,old,F,high,emp,big,car
9824,old,M,high,emp,big,car
9825,old,M,uni,emp,big,train
9826,adult,M,uni,emp,big,train
9827,adult,F,high,emp,big,car
9828,young,F,uni,emp,big,train
9829,adult,M,high,emp,big,other
9830,old,F,high,emp,big,car
9831,adult,F,high,emp,big,other
9832,adult,M,high,self,big,car
9833,adult,M,uni,self,big,car
9834,young,F,high,emp,big,other
9835,adult,F,high,emp,big,car
9836,young,M,uni,emp,big,car
9837,old,F,high,emp,big,car
9838,adult,M,high,emp,big,train
9839,old,M,high,emp,big,other
9840,adult,F,high,emp,big,other
9841,young,F,high,emp,small,car
9842,adult,M,high,emp,big,car
9843,young,M,high,emp,small,car
9844,young,F,high,emp,big,car
9845,old,M,high,emp,big,train
9846,adult,M,high,emp,big,train
9847,young,M,high,emp,big,car
9848,old,M,high,emp,big,car
9849,old,F,high,emp,big,other
9850,adult,M,high,emp,big,train
9851,young,F,uni,emp,big,train
9852,adult,F,uni,self,big,car
9853,old,M,high,emp,small,car
9854,old,F,high,emp,big,car
9855,adult,F,high,emp,big,other
9856,young,M,high,emp,big,other
9857,old,F,uni,emp,big,car
9858,young,M,high,emp,small,car
9859,old,F,high,emp,big,train
9860,adult,F,high,emp,big,train
9861,young,M,uni,emp,big,other
9862,old,F,high,emp,big,other
9863,young,M,high,emp,big,train
9864,young,M,uni,emp,big,car
9865,young,F,high,emp,big,train
9866,young,M,high,emp,big,car
9867,adult,M,high,emp,small,train
9868,old,F,uni,emp,small,car
9869,young,F,uni,emp,big,car
9870,adult,M,high,emp,small,car
9871,young,F,uni,emp,big,other
9872,adult,M,high,emp,big,train
9873,young,M,high,emp,big,other
9874,young,M,high,emp,small,train
9875,adult,F,high,emp,big,car
9876,adult,M,high,emp,big,other
9877,adult,M,uni,emp,big,other
9878,young,F,uni,emp,big,other
9879,adult,M,high,emp,big,car
9880,adult,F,high,emp,big,car
9881,adult,F,high,emp,big,train
9882,old,M,high,emp,big,train
9883,adult,M,uni,emp,big,car
9884,adult,F,high,emp,big,train
9885,young,F,uni,emp,big,car
9886,adult,F,high,emp,small,other
9887,adult,F,high,emp,small,train
9888,young,M,high,emp,big,other
9889,young,F,uni,emp,small,car
9890,adult,F,high,emp,big,car
9891,adult,F,high,emp,big,car
9892,young,M,high,emp,big,other
9893,adult,F,high,emp,big,car
9894,adult,F,uni,emp,big,car
9895,adult,M,high,emp,small,train
9896,young,M,high,emp,big,car
9897,adult,M,high,emp,small,train
9898,young,M,uni,emp,big,train
9899,adult,M,high,emp,small,car
9900,adult,F,high,emp,big,train
9901,young,F,uni,emp,big,car
9902,adult,F,uni,emp,big,car
9903,adult,M,high,emp,big,car
9904,adult,M,high,emp,big,car
9905,old,F,high,emp,small,other
9906,adult,M,high,emp,big,car
9907,young,M,uni,self,big,car
9908,adult,F,high,emp,big,car
9909,young,F,high,emp,big,car
9910,old,F,high,emp,big,other
9911,young,M,high,emp,big,car
9912,adult,M,high,emp,big,car
9913,adult,M,high,emp,big,car
9914,adult,M,high,emp,small,car
9915,young,F,high,emp,big,car
9916,old,M,high,emp,big,car
9917,young,F,high,emp,big,train
9918,young,M,high,emp,big,car
9919,old,M,high,emp,big,car
9920,young,M,high,emp,big,train
9921,young,M,uni,emp,big,car
9922,adult,F,uni,emp,big,train
9923,young,M,high,emp,big,train
9924,young,M,high,emp,big,car
9925,adult,F,uni,self,small,train
9926,adult,F,high,emp,big,car
9927,old,F,high,emp,big,other
9928,adult,M,uni,emp,big,train
9929,adult,M,high,emp,small,car
9930,adult,M,high,emp,big,car
9931,old,M,high,emp,small,car
9932,old,M,high,emp,big,train
9933,adult,M,high,emp,small,car
9934,adult,M,high,self,big,other
9935,adult,M,high,emp,big,train
9936,old,F,high,emp,small,car
9937,adult,M,high,emp,big,car
9938,adult,F,uni,emp,big,train
9939,old,F,high,emp,big,car
9940,old,F,uni,self,small,other
9941,adult,F,high,emp,small,car
9942,adult,F,high,emp,small,train
9943,young,F,uni,emp,big,train
9944,old,M,high,emp,big,other
9945,young,F,uni,emp,big,car
9946,young,M,uni,emp,big,car
9947,adult,M,high,emp,big,car
9948,old,M,high,emp,big,car
9949,adult,M,high,emp,small,car
9950,adult,F,high,emp,big,car
9951,adult,M,high,emp,small,car
9952,young,M,high,emp,big,train
9953,old,F,uni,self,big,car
9954,young,F,uni,emp,big,car
9955,adult,F,uni,emp,big,other
9956,adult,M,high,emp,big,train
9957,adult,F,uni,emp,big,other
9958,young,F,uni,emp,small,train
9959,adult,M,high,emp,small,train
9960,adult,F,uni,emp,big,car
9961,young,M,high,emp,big,car
9962,adult,M,high,emp,big,train
9963,young,M,high,emp,big,car
9964,adult,M,high,emp,big,car
9965,adult,F,high,emp,big,car
9966,adult,M,uni,emp,big,car
9967,old,M,high,emp,small,car
9968,adult,F,uni,emp,small,train
9969,young,F,uni,emp,big,car
9970,young,M,uni,emp,big,car
9971,young,F,high,emp,big,other
9972,adult,M,high,emp,big,car
9973,adult,M,high,emp,big,car
9974,adult,F,high,emp,big,train
9975,old,F,high,self,big,car
9976,young,M,high,emp,small,train
9977,old,M,high,emp,big,car
9978,adult,M,high,emp,small,train
9979,young,M,uni,emp,big,train
9980,old,F,high,emp,big,train
9981,adult,F,high,emp,big,train
9982,young,M,uni,emp,small,car
9983,old,M,high,emp,big,car
9984,young,F,high,emp,big,train
9985,adult,F,high,emp,small,car
9986,adult,F,uni,emp,big,car
9987,young,F,uni,emp,big,other
9988,adult,M,high,emp,small,car
9989,young,F,uni,emp,big,car
9990,adult,F,high,emp,big,train
9991,adult,F,uni,emp,big,car
9992,young,F,uni,emp,big,car
9993,adult,M,high,emp,big,car
9994,adult,M,high,emp,small,train
9995,young,F,high,emp,big,car
9996,young,F,high,self,big,car
9997,adult,F,high,emp,big,other
9998,adult,F,high,emp,small,car
9999,old,M,high,emp,big,car
